Date,Open,High,Low,Close,Volume,Symbol
2021-10-04,1467.723561700859,1527.5899204378075,1456.8478155039627,1523.2496337890625,3209302,ADANIENT
2021-10-05,1511.6253458285898,1554.3798733294739,1508.9812243293413,1524.2471923828125,2544835,ADANIENT
2021-10-06,1526.3925903476884,1537.5675948811904,1468.7212846626296,1476.2545166015625,1777998,ADANIENT
2021-10-07,1499.5026377564332,1532.3293830687212,1486.6812832638088,1517.36279296875,1919106,ADANIENT
2021-10-08,1518.6099351621247,1565.9541974962685,1508.0833852496173,1544.4522705078125,2646112,ADANIENT
2021-10-11,1549.5410452754606,1560.2171647366736,1528.7375082739145,1536.320556640625,1910095,ADANIENT
2021-10-12,1535.572011081467,1563.4098906128017,1511.1265827049265,1550.987548828125,1900749,ADANIENT
2021-10-13,1564.956519494973,1604.7178584417877,1547.8448153813026,1566.2037353515625,3923958,ADANIENT
2021-10-14,1576.480675061035,1652.3113910766292,1571.292306368806,1642.682861328125,5256882,ADANIENT
2021-10-18,1669.223724037621,1669.223724037621,1604.967262125779,1611.9017333984375,3791222,ADANIENT
2021-10-19,1621.580048401766,1633.353814291961,1558.5708035237396,1565.9542236328125,1822638,ADANIENT
2021-10-20,1570.4940764758974,1603.769768412575,1535.6717882858406,1586.1590576171875,2768997,ADANIENT
2021-10-21,1598.381970899276,1623.2265361550599,1578.1770731825698,1591.4974365234375,3129269,ADANIENT
2021-10-22,1591.49734870285,1605.216722938625,1533.5765963917186,1539.563232421875,2580699,ADANIENT
2021-10-25,1541.558770300504,1547.9445397280997,1490.722301643296,1528.7872314453125,2276050,ADANIENT
2021-10-26,1528.5876735430927,1553.7814325228337,1517.5124216780187,1540.4112548828125,1661783,ADANIENT
2021-10-27,1544.5519390442494,1577.6281241140841,1536.569758480713,1563.0606689453125,2121282,ADANIENT
2021-10-28,1546.547685320717,1563.410068313899,1364.6536733536263,1395.43505859375,7093354,ADANIENT
2021-10-29,1396.881547634819,1451.559531218744,1374.6811087527658,1420.428955078125,3165141,ADANIENT
2021-11-01,1432.8013552143777,1453.7545783755909,1408.0565477141547,1442.0806884765625,1543436,ADANIENT
2021-11-02,1451.7592508788516,1485.683522033409,1449.5641996999848,1469.5196533203125,1667692,ADANIENT
2021-11-03,1470.7169348135997,1497.6567972559112,1461.1881569711165,1482.5904541015625,1710819,ADANIENT
2021-11-04,1491.6701332959174,1508.133382258715,1479.6968613229735,1486.1324462890625,272261,ADANIENT
2021-11-08,1491.6701114118794,1571.6416136509358,1482.3409614961777,1564.7569580078125,2565017,ADANIENT
2021-11-09,1551.5364890563285,1655.3048458806745,1551.4865517038716,1631.8072509765625,4713708,ADANIENT
2021-11-10,1621.9294261567115,1682.2447358490108,1616.7908725030634,1652.161865234375,3728328,ADANIENT
2021-11-11,1646.3248140735504,1700.2045352614123,1637.1951702903689,1661.191650390625,4470709,ADANIENT
2021-11-12,1674.5617487711497,1715.669929833192,1666.3799406385235,1701.4017333984375,5349189,ADANIENT
2021-11-15,1709.9327688815638,1760.0708413170407,1688.0317093430433,1745.653076171875,3997553,ADANIENT
2021-11-16,1755.5309933207911,1762.615276384853,1703.0981150461732,1707.78759765625,2172117,ADANIENT
2021-11-17,1710.182279892509,1725.8472613915278,1678.752442193201,1702.6490478515625,1476385,ADANIENT
2021-11-18,1704.1956484779794,1710.1822842454665,1636.3471097797928,1684.988525390625,2255988,ADANIENT
2021-11-22,1687.6326218061388,1697.6103479350643,1606.463844107013,1672.0174560546875,2552170,ADANIENT
2021-11-23,1656.452292275278,1716.5181571953517,1646.3248754996418,1704.145751953125,2472589,ADANIENT
2021-11-24,1717.765400924404,1784.9155502023339,1708.6357566522258,1751.24072265625,4562858,ADANIENT
2021-11-25,1759.0232942387588,1769.749350528954,1731.6844202959758,1759.1231689453125,2341862,ADANIENT
2021-11-26,1736.1243300226058,1764.6107865707904,1657.1506040989639,1665.831298828125,3510810,ADANIENT
2021-11-29,1651.3136452911967,1693.2200942955656,1606.2641882518178,1661.34130859375,2119826,ADANIENT
2021-11-30,1664.2847937834983,1714.822003278155,1644.4790308790323,1659.146240234375,2952368,ADANIENT
2021-12-01,1690.2269566249222,1701.2024563432658,1648.6696992407813,1689.528564453125,2476360,ADANIENT
2021-12-02,1688.730259632579,1731.135598500753,1683.8910864978955,1728.3917236328125,2159661,ADANIENT
2021-12-03,1730.1378696332495,1741.1133693829413,1697.3111232949404,1704.2955322265625,1544077,ADANIENT
2021-12-06,1706.1911502731116,1724.1011197686014,1636.3470680981889,1641.9345703125,1574680,ADANIENT
2021-12-07,1655.2050439009704,1682.943049996824,1650.3159336435522,1674.71142578125,1476012,ADANIENT
2021-12-08,1676.0585207334937,1722.5547011576286,1675.3101912573593,1711.678955078125,1406394,ADANIENT
2021-12-09,1721.1578152075547,1735.376075420139,1702.7987741523236,1718.4139404296875,1306393,ADANIENT
2021-12-10,1706.789885621528,1784.0175137649987,1706.789885621528,1736.5235595703125,2708578,ADANIENT
2021-12-13,1751.0910862230749,1758.2750009343636,1707.2888403903455,1715.7200927734375,1104594,ADANIENT
2021-12-14,1708.1868643087791,1724.0514746161919,1679.2514559764459,1716.268798828125,1198653,ADANIENT
2021-12-15,1716.1689839599917,1723.1533926156428,1683.2924233645451,1691.5240478515625,866378,ADANIENT
2021-12-16,1703.4973397561287,1716.0193137704455,1683.2425056984791,1698.259033203125,751885,ADANIENT
2021-12-17,1695.1659068115127,1698.209162314114,1636.347253933694,1641.635498046875,1215873,ADANIENT
2021-12-20,1625.371639870494,1625.371639870494,1551.735969897325,1586.4085693359375,1945211,ADANIENT
2021-12-21,1617.489142131719,1642.2339514019368,1599.329729479088,1616.8905029296875,1563851,ADANIENT
2021-12-22,1627.6166881884217,1659.7449198427948,1623.3761542881607,1654.4068603515625,993006,ADANIENT
2021-12-23,1670.9697717217673,1680.4486116896367,1654.5065233565206,1672.4664306640625,979023,ADANIENT
2021-12-24,1676.2580667978084,1700.1546732568972,1654.5065741164212,1694.41748046875,1234386,ADANIENT
2021-12-27,1690.9751996606697,1734.128866800557,1682.2946263195283,1726.34619140625,1672655,ADANIENT
2021-12-28,1736.1244760248608,1756.0799297722729,1724.2509566854658,1747.0999755859375,1552918,ADANIENT
2021-12-29,1747.0999495106885,1751.0910402006043,1705.5926306952474,1714.223388671875,1100579,ADANIENT
2021-12-30,1710.1822333297282,1721.157731910024,1681.2468279816756,1692.6214599609375,1359574,ADANIENT
2021-12-31,1691.1748732554552,1721.1579931010224,1687.2836569706674,1705.642578125,1310960,ADANIENT
2022-01-03,1709.1845365568645,1729.1399894063316,1707.388497081045,1713.3253173828125,1094708,ADANIENT
2022-01-04,1721.9061077976726,1724.1510962041884,1696.21346270088,1715.171142578125,1191189,ADANIENT
2022-01-05,1718.164487838368,1740.76406251718,1698.7578586898744,1711.6290283203125,1583598,ADANIENT
2022-01-06,1706.19110905416,1720.0102349052381,1671.8677079977158,1709.2841796875,1615375,ADANIENT
2022-01-07,1716.0691488466175,1726.944894734824,1685.736836921144,1695.3154296875,1295933,ADANIENT
2022-01-10,1703.7468240390176,1762.0665896837559,1695.3155716378628,1748.6964111328125,1670551,ADANIENT
2022-01-11,1754.084159465573,1845.879234932486,1733.1309357176908,1839.7928466796875,5126019,ADANIENT
2022-01-12,1868.8281521985564,1868.8281521985564,1804.2723111970229,1826.023681640625,2518912,ADANIENT
2022-01-13,1829.9149265381527,1858.8503315924638,1803.9728392480808,1849.2218017578125,1881069,ADANIENT
2022-01-14,1845.87945386124,1886.2393099573776,1827.021525891838,1866.0843505859375,2357616,ADANIENT
2022-01-17,1871.8215141996932,1897.1649641780725,1851.5168648845565,1873.6175537109375,1700525,ADANIENT
2022-01-18,1880.8014206824425,1904.2490776511627,1825.9738630004833,1836.8494873046875,2294146,ADANIENT
2022-01-19,1835.702189996163,1852.8638310419653,1807.2157318119332,1845.1810302734375,1544606,ADANIENT
2022-01-20,1850.8681614438376,1876.1616723362313,1839.5932824148686,1861.6939697265625,1252017,ADANIENT
2022-01-21,1856.7053230357976,1868.8282858219304,1806.7169346246988,1824.2777099609375,1929667,ADANIENT
2022-01-24,1817.9415429920416,1823.3793545412345,1692.7710282820115,1711.9781494140625,2381112,ADANIENT
2022-01-25,1664.284823528348,1746.6510066495543,1664.284823528348,1737.5213623046875,1817963,ADANIENT
2022-01-27,1714.1733525865584,1721.7065845492473,1650.8147915334464,1682.24462890625,3549583,ADANIENT
2022-01-28,1698.707938282309,1740.215256203121,1680.1992068873838,1689.927490234375,1624750,ADANIENT
2022-01-31,1705.1434911596414,1730.1377443168028,1701.2023379816312,1711.130126953125,1024738,ADANIENT
2022-02-01,1724.1011687693417,1761.168446365349,1695.365390079721,1743.009033203125,1574361,ADANIENT
2022-02-02,1751.0909793787027,1782.021931151204,1743.1087982761217,1775.38671875,1405276,ADANIENT
2022-02-03,1768.0033274862374,1783.0198556840896,1742.5103074971753,1747.9481201171875,588866,ADANIENT
2022-02-04,1754.0843784875617,1766.0576506956681,1729.8384535467774,1753.385986328125,855996,ADANIENT
2022-02-07,1761.0686283534972,1761.5675146504814,1718.2641597125883,1727.942626953125,854871,ADANIENT
2022-02-08,1735.5258844005236,1743.1089326729586,1673.3147799953783,1712.177978515625,1480201,ADANIENT
2022-02-09,1720.7587067087725,1787.908855509845,1714.2731844126197,1779.1783447265625,1674022,ADANIENT
2022-02-10,1794.9928726819812,1804.9705984889963,1762.066377518832,1782.12158203125,1747943,ADANIENT
2022-02-11,1760.0709808092993,1770.9467272159343,1739.4669509203,1760.370361328125,1196002,ADANIENT
2022-02-14,1732.4327240440932,1734.029135945723,1649.318212470063,1660.2437744140625,1919476,ADANIENT
2022-02-15,1632.3559835553426,1747.4989666572542,1624.2241124560655,1740.3648681640625,2261554,ADANIENT
2022-02-16,1740.3649639200437,1772.0442459062622,1726.1467035010323,1734.2286376953125,1663614,ADANIENT
2022-02-17,1746.1020997123967,1758.0753712532817,1720.1600113738125,1727.094482421875,1075487,ADANIENT
2022-02-18,1735.1265544929367,1750.691782721,1721.157738068037,1732.4326171875,945100,ADANIENT
2022-02-21,1734.9271222957798,1734.9271222957798,1667.5774688184347,1681.4464111328125,1449291,ADANIENT
2022-02-22,1632.4557610940324,1675.1604779983622,1626.3693724647371,1663.9853515625,1717579,ADANIENT
2022-02-23,1678.253570703124,1713.674499216775,1666.280299092876,1684.9385986328125,1285012,ADANIENT
2022-02-24,1622.3784069908709,1644.9280456065817,1525.394949462078,1540.5111083984375,2798065,ADANIENT
2022-02-25,1590.4496677699524,1634.4514190367763,1575.2835716021807,1615.0946044921875,1741584,ADANIENT
2022-02-28,1600.177932174349,1647.4224441129998,1588.7035463785546,1640.7872314453125,1869037,ADANIENT
2022-03-02,1634.351603680281,1660.5431357905418,1611.901719014343,1638.1431884765625,1249817,ADANIENT
2022-03-03,1666.2805136785134,1674.4622016131307,1631.3085296271452,1640.138916015625,1333325,ADANIENT
2022-03-04,1618.1878573645195,1651.8127495449764,1597.6336417496204,1611.4029541015625,1433490,ADANIENT
2022-03-07,1586.4584344374618,1588.4539796380122,1535.8714123228779,1560.5662841796875,1508821,ADANIENT
2022-03-08,1571.392232758467,1603.819845161134,1549.940119938241,1598.03271484375,1396347,ADANIENT
2022-03-09,1606.0148520136852,1666.2304077913848,1604.4184401145487,1652.8603515625,1498176,ADANIENT
2022-03-10,1678.2535769225085,1745.7029828838483,1674.5119295304398,1738.968017578125,2294474,ADANIENT
2022-03-11,1746.1020353241543,1753.0864434654509,1717.366135966312,1730.2374267578125,1354129,ADANIENT
2022-03-14,1728.142188818258,1748.5465903075135,1718.613411517359,1732.2330322265625,659190,ADANIENT
2022-03-15,1736.1243501427657,1750.2926725567488,1682.8932054908876,1697.6103515625,1085901,ADANIENT
2022-03-16,1720.1599601598052,1760.0708641078286,1714.8219011164397,1754.084228515625,1269866,ADANIENT
2022-03-17,1771.6451114874353,1819.5381991877402,1756.0798823445202,1815.5970458984375,2392329,ADANIENT
2022-03-21,1831.960452926176,1837.7973983465154,1792.1493013489055,1798.93408203125,1081052,ADANIENT
2022-03-22,1798.9341852758612,1832.9083933826437,1786.013077928651,1827.4705810546875,964066,ADANIENT
2022-03-23,1843.9338348025713,1843.9338348025713,1796.8388916154977,1806.96630859375,1553366,ADANIENT
2022-03-24,1810.9574923183222,1835.4528613883351,1796.1405917408579,1828.7178955078125,1030145,ADANIENT
2022-03-25,1831.4616513554593,1873.8170519738385,1817.9417831183885,1862.841552734375,1366115,ADANIENT
2022-03-28,1872.7194208003714,1920.1136193889656,1846.92702340184,1905.4462890625,1895438,ADANIENT
2022-03-29,1914.9752817565543,1926.599358236841,1881.3004526518084,1912.979736328125,1715098,ADANIENT
2022-03-30,1923.406316018466,2010.51191832066,1913.0295777497413,1990.805908203125,3215951,ADANIENT
2022-03-31,2000.5341678121897,2037.4517559463798,1986.565350680334,2010.262451171875,2786973,ADANIENT
2022-04-01,2013.50525114683,2044.4362039642492,2008.566325142127,2039.09814453125,1267111,ADANIENT
2022-04-04,2045.433742682636,2070.8769428964933,2027.473836649325,2061.24853515625,1334265,ADANIENT
2022-04-05,2073.3716461684467,2184.922681433356,2062.994907649461,2135.083984375,4970260,ADANIENT
2022-04-06,2148.9528856630677,2177.988167767061,2119.468654577434,2155.18896484375,2259018,ADANIENT
2022-04-07,2161.125901461075,2210.0167676208857,2076.6145958184907,2094.375,3499044,ADANIENT
2022-04-08,2110.2889326400373,2171.153057884029,2100.5606503264485,2166.1142578125,1924054,ADANIENT
2022-04-11,2176.990465255491,2195.099942341065,2153.692375246904,2175.343994140625,1615715,ADANIENT
2022-04-12,2183.1266238582944,2214.057576938553,2150.200125418018,2192.056640625,2632324,ADANIENT
2022-04-13,2205.0775756589533,2212.211552729702,2168.6089362652256,2194.551025390625,992512,ADANIENT
2022-04-18,2174.9448517489254,2235.010716022667,2151.9461436526285,2228.87451171875,1747434,ADANIENT
2022-04-19,2239.999571574479,2249.9772979512027,2135.333319321381,2163.470458984375,1639219,ADANIENT
2022-04-20,2173.1487508913738,2203.0319919282965,2157.084514384988,2179.08544921875,1119025,ADANIENT
2022-04-21,2211.0644024649514,2288.441727543149,2198.9912548141915,2281.2578125,2243636,ADANIENT
2022-04-22,2291.88398160241,2300.863936253878,2259.9552539527463,2268.23681640625,1786042,ADANIENT
2022-04-25,2254.916075672649,2289.8880530452752,2237.604867704233,2279.112060546875,1683622,ADANIENT
2022-04-26,2291.8837449110188,2408.5232686216527,2289.9880743413373,2389.96484375,3199358,ADANIENT
2022-04-27,2399.5931655972054,2415.55752719685,2319.821294948347,2328.901123046875,2559876,ADANIENT
2022-04-28,2354.593897336524,2384.576770741752,2331.096302591946,2373.252197265625,1679893,ADANIENT
2022-04-29,2383.678951413922,2388.8173833179126,2296.373841221909,2326.805908203125,1916180,ADANIENT
2022-05-02,2319.82160202584,2357.038573650831,2305.8527837770825,2334.289306640625,1006544,ADANIENT
2022-05-04,2353.4465375095065,2357.637134341565,2228.076488867928,2248.7802734375,1744686,ADANIENT
2022-05-05,2264.944043797665,2298.6688099973708,2231.019771776026,2250.37646484375,1636796,ADANIENT
2022-05-06,2205.0776222090744,2256.9618015551705,2195.0998954117485,2242.693603515625,1161579,ADANIENT
2022-05-09,2224.534037936032,2239.201246609651,2175.1442936535323,2192.7548828125,1450886,ADANIENT
2022-05-10,2185.122216137192,2215.0553971801673,2092.828241254685,2104.801513671875,1471866,ADANIENT
2022-05-11,2104.9012440229826,2152.9438988633688,2072.373758748334,2114.57958984375,1397917,ADANIENT
2022-05-12,2098.315837901221,2108.89232520289,2006.5706934227671,2040.64453125,1553685,ADANIENT
2022-05-13,2079.8569583557864,2130.24447401756,2030.766595776948,2049.574462890625,1547617,ADANIENT
2022-05-16,2078.0110154815593,2137.1789795953373,2053.0667003911663,2101.209228515625,1742552,ADANIENT
2022-05-17,2128.299209633721,2187.367307617956,2114.6794654603295,2179.98388671875,1061085,ADANIENT
2022-05-18,2194.800367800573,2211.9620080224913,2167.1621151435684,2176.241943359375,1296983,ADANIENT
2022-05-19,2140.2221711435304,2149.9504537396374,2092.9278485765694,2110.03955078125,986930,ADANIENT
2022-05-20,2154.191022119335,2227.427432797122,2146.2088413981887,2214.606201171875,1444803,ADANIENT
2022-05-23,2226.779445172648,2239.999934765361,2150.8488376957494,2165.8154296875,1455450,ADANIENT
2022-05-24,2156.186694572974,2174.046727552034,2137.7778379175743,2155.388427734375,1008943,ADANIENT
2022-05-25,2163.1708340601704,2176.590825801191,2061.597542302374,2069.52978515625,1382448,ADANIENT
2022-05-26,2072.3738607282976,2083.3493602314325,1901.9542379057057,2041.842041015625,4967514,ADANIENT
2022-05-27,2075.367033109421,2089.635230181414,2043.1389290201348,2075.5166015625,1354005,ADANIENT
2022-05-30,2115.2781883144835,2170.1556884830193,2097.318279168417,2160.826416015625,1384584,ADANIENT
2022-05-31,2155.1889357009827,2220.8424251467973,2145.6102207702424,2162.72216796875,2861556,ADANIENT
2022-06-01,2165.116748874889,2184.4237474097104,2121.2646889031503,2146.109130859375,1448212,ADANIENT
2022-06-02,2150.2000259235056,2213.059701855376,2137.5283621931144,2204.478759765625,1855167,ADANIENT
2022-06-03,2230.021589723352,2237.2554405177566,2171.2029481902787,2185.121826171875,1651685,ADANIENT
2022-06-06,2183.625356533303,2225.0329198397376,2163.370523835127,2220.093994140625,1664487,ADANIENT
2022-06-07,2205.077663470533,2249.678054369775,2202.1342827296144,2222.588623046875,2046676,ADANIENT
2022-06-08,2239.949683630869,2239.949683630869,2153.742223273191,2172.3505859375,1530739,ADANIENT
2022-06-09,2155.488366735423,2219.046437655744,2150.200122818403,2214.257080078125,1440385,ADANIENT
2022-06-10,2185.1221955301357,2210.066512830708,2166.164514381701,2198.193115234375,1305761,ADANIENT
2022-06-13,2167.6610893784186,2167.6610893784186,2062.1466312878465,2075.11767578125,1764172,ADANIENT
2022-06-14,2268.934932401017,2268.934932401017,2048.5270586139864,2191.5576171875,6515102,ADANIENT
2022-06-15,2213.4586500392315,2214.755803145417,2169.357149606719,2179.734130859375,1313510,ADANIENT
2022-06-16,2200.0886102713935,2212.3612621228854,2071.4258806259086,2078.3603515625,2131789,ADANIENT
2022-06-17,2057.407073787477,2132.6390293863697,2055.5610970633425,2091.1318359375,2280135,ADANIENT
2022-06-20,2102.606586994813,2118.5709511633736,2020.4898400834081,2075.2177734375,2603594,ADANIENT
2022-06-21,2095.322704817864,2172.151203994519,2086.99120519568,2156.985107421875,1331500,ADANIENT
2022-06-22,2145.161321068263,2145.161321068263,2072.4737276096216,2084.546630859375,1774137,ADANIENT
2022-06-23,2100.311233441393,2123.260002262843,2075.3669195050343,2105.6494140625,1026783,ADANIENT
2022-06-24,2116.2756458355243,2163.170957176528,2103.9033632608816,2156.635498046875,1156536,ADANIENT
2022-06-27,2184.12414218975,2206.075138593667,2164.5180087495232,2176.74072265625,1202504,ADANIENT
2022-06-28,2165.167146509396,2205.32750487207,2155.1894177236386,2199.690185546875,1282047,ADANIENT
2022-06-29,2180.1331138732703,2242.7932813803886,2172.3504389350446,2215.155029296875,1692493,ADANIENT
2022-06-30,2215.0553013251947,2243.4918220854506,2175.6432813241386,2186.02001953125,1568415,ADANIENT
2022-07-01,2185.0221961597877,2237.006247887066,2133.487336995771,2227.22802734375,2141743,ADANIENT
2022-07-04,2227.2279085085083,2271.9281688952,2223.3866302264405,2256.81201171875,1581159,ADANIENT
2022-07-05,2258.9574935887886,2285.5979771480474,2233.01540223132,2241.446533203125,1356776,ADANIENT
2022-07-06,2239.999532740096,2271.9282565920707,2231.518465466915,2267.78759765625,1045463,ADANIENT
2022-07-07,2274.921630356524,2289.83828267831,2250.975086879087,2269.234375,946131,ADANIENT
2022-07-08,2280.9080376515612,2298.4689318806045,2258.857166970448,2287.9423828125,898576,ADANIENT
2022-07-11,2287.942551891934,2379.2886838477966,2285.9470066546537,2367.9638671875,1967308,ADANIENT
2022-07-12,2359.1336435163494,2384.477215922241,2344.9153827277305,2360.380859375,1273008,ADANIENT
2022-07-13,2368.213264486403,2379.3383315300925,2328.501866314096,2348.2578125,982185,ADANIENT
2022-07-14,2360.704505644708,2399.633670854071,2332.2562695301735,2378.771728515625,933554,ADANIENT
2022-07-15,2410.114791973206,2418.549396367817,2372.6828993664576,2400.881591796875,1169788,ADANIENT
2022-07-18,2419.5974182099726,2437.415095686812,2401.680068576118,2419.1982421875,937204,ADANIENT
2022-07-19,2402.57859286545,2454.833615410512,2400.632183078076,2446.84814453125,843301,ADANIENT
2022-07-20,2457.528543564921,2468.308977467038,2439.5612349604658,2446.6484375,693601,ADANIENT
2022-07-21,2449.3435560369558,2494.4114589470464,2446.7981385047774,2490.9677734375,1314165,ADANIENT
2022-07-22,2500.949614614524,2509.484135197894,2478.590394046172,2494.860595703125,833522,ADANIENT
2022-07-25,2500.450493325617,2557.4966017124198,2495.4595741772628,2545.9677734375,1220351,ADANIENT
2022-07-26,2550.359366575386,2563.9347624438624,2528.3993250627996,2555.05078125,865142,ADANIENT
2022-07-27,2555.3505707901977,2567.827868499134,2523.40868865532,2544.071044921875,953588,ADANIENT
2022-07-28,2555.2505682025653,2560.9901249538716,2527.0021621060814,2545.767822265625,759442,ADANIENT
2022-07-29,2560.341612056054,2617.2380923239666,2555.350692734308,2564.533935546875,1107195,ADANIENT
2022-08-01,2571.1721384639445,2664.5520488826846,2564.534069201728,2655.31884765625,1267039,ADANIENT
2022-08-02,2655.1689293255326,2692.101730222166,2635.2052531651902,2678.77587890625,1096480,ADANIENT
2022-08-03,2680.1236298491594,2712.0655129609554,2666.3486440177517,2706.4755859375,815831,ADANIENT
2022-08-04,2720.0509243298548,2738.916501151822,2679.3749334430872,2718.653564453125,1223799,ADANIENT
2022-08-05,2754.9872419690273,2762.6232504325562,2680.123458219869,2693.4990234375,1639981,ADANIENT
2022-08-08,2695.0965850392745,2802.5509865898125,2690.7543875067017,2786.82958984375,1581696,ADANIENT
2022-08-10,2796.661456621991,2829.751152053613,2776.498192637685,2822.065185546875,1304663,ADANIENT
2022-08-11,2835.8401606647813,2843.226623266472,2809.9872978616477,2828.90283203125,978616,ADANIENT
2022-08-12,2834.8421934788958,2865.9355235798853,2828.90304818623,2859.34765625,843025,ADANIENT
2022-08-16,2873.771115494998,2980.576780433506,2865.7856452192214,2970.4453125,1969492,ADANIENT
2022-08-17,2980.576781626544,3023.0495504122723,2974.5876789173144,3003.185546875,1510171,ADANIENT
2022-08-18,2999.5424332390157,3180.213707919968,2998.5442494009994,3147.92236328125,3502295,ADANIENT
2022-08-19,3172.2283749875887,3252.9813535113676,3069.664981177024,3124.51513671875,6109949,ADANIENT
2022-08-22,3128.3081111231827,3186.0031850135274,3023.698397404252,3046.057861328125,3473580,ADANIENT
2022-08-23,3027.142119629651,3068.41711882072,2922.0832706524616,3025.145751953125,4169136,ADANIENT
2022-08-24,3032.4824192108026,3147.2735575285255,2980.5768610149626,3128.956787109375,3475387,ADANIENT
2022-08-25,3161.2483604397216,3172.028795125727,3050.150445417691,3060.78125,3119494,ADANIENT
2022-08-26,3074.406247723004,3167.1873875309134,3072.4098800296774,3133.84814453125,2897602,ADANIENT
2022-08-29,3049.4515777935053,3160.699116073729,3032.3328227162046,3136.892578125,1924984,ADANIENT
2022-08-30,3159.252033275915,3257.173971027913,3155.2592976888363,3188.548828125,4392183,ADANIENT
2022-09-01,3194.1885583391327,3239.1068349407765,3178.6167916383306,3227.378173828125,1880363,ADANIENT
2022-09-02,3255.077447097227,3363.2804760413187,3219.142829465979,3349.705322265625,4835905,ADANIENT
2022-09-05,3367.971935263087,3425.5670897008326,3306.982809809747,3340.471923828125,3686950,ADANIENT
2022-09-06,3363.8795137112193,3441.3386765503437,3348.9067562317928,3429.56005859375,2580772,ADANIENT
2022-09-07,3429.560133597421,3481.615324093773,3399.9141218792497,3467.441162109375,2188110,ADANIENT
2022-09-08,3492.6451919321917,3495.1406514863015,3443.734184671638,3456.510986328125,1560414,ADANIENT
2022-09-09,3472.681689276014,3501.5790636192173,3408.9475515958343,3444.93212890625,1614634,ADANIENT
2022-09-12,3458.7070492274133,3489.151656731435,3451.619846395126,3457.50927734375,1647756,ADANIENT
2022-09-13,3471.6835306422295,3562.4183477508504,3415.0865534508503,3549.34228515625,3479669,ADANIENT
2022-09-14,3511.6107062642736,3601.4472507679075,3504.623419469546,3565.612548828125,2740337,ADANIENT
2022-09-15,3583.4801133856627,3761.1068853083266,3568.507355251739,3741.891845703125,4716688,ADANIENT
2022-09-16,3748.180228433909,3859.926857876403,3608.035318170555,3695.47607421875,5687429,ADANIENT
2022-09-19,3712.1955853968916,3795.0448405988477,3674.0650130674826,3771.787109375,3092486,ADANIENT
2022-09-20,3812.0643730162838,3877.9445114344758,3805.0770856082936,3827.586181640625,3338704,ADANIENT
2022-09-21,3830.680031975801,3855.7845012188454,3564.763960318179,3633.489013671875,6089846,ADANIENT
2022-09-22,3632.391119017814,3729.1649969034775,3601.4973768439327,3709.55078125,3490772,ADANIENT
2022-09-23,3725.2221122844867,3731.111299495434,3648.361956162861,3667.626953125,3001474,ADANIENT
2022-09-26,3639.677712656335,3651.3564146142626,3525.5852532579484,3579.686767578125,3123908,ADANIENT
2022-09-27,3589.469116976632,3622.9582338124533,3479.519263611537,3552.63623046875,3546332,ADANIENT
2022-09-28,3521.5928595015853,3590.417591845649,3496.638261574278,3542.30517578125,2259832,ADANIENT
2022-09-29,3576.991666354225,3658.0941005362483,3437.3458494692345,3464.396484375,15060223,ADANIENT
2022-09-30,3441.687994099453,3517.4003374198837,3364.977710615456,3449.473876953125,4307707,ADANIENT
2022-10-03,3433.7521775900514,3453.765810969226,3104.5511206618885,3151.565673828125,7578847,ADANIENT
2022-10-04,3224.133857261319,3285.2226605541928,3119.3245523039077,3231.81982421875,5642467,ADANIENT
2022-10-06,3264.061177850314,3312.772598295905,3202.2237373029625,3279.033935546875,2845165,ADANIENT
2022-10-07,3274.043004681547,3304.936745879569,3222.2870749487724,3271.6474609375,1930275,ADANIENT
2022-10-10,3228.1267393867925,3272.795469005704,3208.512523189452,3240.3544921875,1590792,ADANIENT
2022-10-11,3251.633788893041,3331.937629394086,3243.099268394663,3268.00390625,2544394,ADANIENT
2022-10-12,3291.012046512931,3291.012046512931,3139.288106242999,3217.795166015625,2972601,ADANIENT
2022-10-13,3212.1556198815706,3256.874304969896,3183.2082883164476,3227.777099609375,1840193,ADANIENT
2022-10-14,3266.057634683167,3298.997702514629,3189.047846307597,3203.671142578125,1344415,ADANIENT
2022-10-17,3205.1681892967526,3229.1246005527855,3130.4043199807697,3206.765380859375,1985298,ADANIENT
2022-10-18,3243.099025585815,3292.0100296651335,3220.2407150357917,3278.3349609375,1635079,ADANIENT
2022-10-19,3294.0065329639942,3303.988370942673,3253.729719241139,3271.2978515625,1396513,ADANIENT
2022-10-20,3254.079422387922,3358.8887289372265,3239.10666430945,3351.003173828125,2211287,ADANIENT
2022-10-21,3368.7705925901078,3375.8577954349335,3281.030329271031,3305.885009765625,1120790,ADANIENT
2022-10-24,3318.9614087720825,3334.034082874273,3281.429597317299,3303.7890625,248249,ADANIENT
2022-10-25,3315.9166088966217,3338.9247941096755,3288.017420567196,3294.505615234375,879424,ADANIENT
2022-10-27,3313.8208762397626,3348.9069424048403,3291.012276932566,3318.96142578125,1106870,ADANIENT
2022-10-28,3315.9667165653964,3381.796892075646,3291.6608425818795,3317.264404296875,1323334,ADANIENT
2022-10-31,3333.883982718883,3353.8976169403672,3320.059283105482,3341.370361328125,575722,ADANIENT
2022-11-01,3355.79406263932,3600.8981466020086,3345.9121403718827,3569.205810546875,4393335,ADANIENT
2022-11-02,3573.498097404931,3618.5659996740396,3519.5961707960296,3574.19677734375,2534755,ADANIENT
2022-11-03,3543.552379466783,3608.134820572834,3536.0160432724188,3583.87890625,1275216,ADANIENT
2022-11-04,3635.3854324618474,3842.808076716275,3560.272100832865,3826.2880859375,6112097,ADANIENT
2022-11-07,3845.4532547748217,4006.4103976817187,3813.0622381664907,3953.406982421875,5985652,ADANIENT
2022-11-09,3969.77692178442,4040.6479706772275,3935.8886309476547,3989.940185546875,3732472,ADANIENT
2022-11-10,3987.7442730226335,4022.6807059527446,3954.9538377793433,3984.999267578125,2313795,ADANIENT
2022-11-11,4032.6626646975533,4041.596361217773,3967.930345979645,4001.5693359375,1476875,ADANIENT
2022-11-14,3991.7371070014533,4070.59362899523,3982.7534525970987,4015.244384765625,1803092,ADANIENT
2022-11-15,4017.7398992810786,4057.6172948042235,4014.6953898407346,4050.430419921875,1065546,ADANIENT
2022-11-16,4049.9313712971725,4088.5610374378157,3856.5332509349714,3949.414306640625,3059841,ADANIENT
2022-11-17,3962.789840556236,4025.6754224088913,3892.916971831063,4010.852294921875,2266112,ADANIENT
2022-11-18,4021.034032424083,4035.6573284305996,3976.7644809467,4012.49951171875,1440776,ADANIENT
2022-11-21,4012.6490122356486,4012.6490122356486,3914.826997540053,3994.58203125,1492003,ADANIENT
2022-11-22,3994.582071219066,4048.633628319441,3980.7571276474187,4026.673583984375,1705043,ADANIENT
2022-11-23,4042.644454559027,4054.4730302568105,3865.9659191375586,3896.2109375,2861156,ADANIENT
2022-11-24,3902.8988216421744,3927.85341768848,3814.060459717327,3913.978759765625,2797181,ADANIENT
2022-11-25,3921.8643688122324,3942.7263139162305,3838.316428834554,3894.01513671875,2506346,ADANIENT
2022-11-28,3892.3177319521815,3917.8713341839602,3864.3685861287036,3879.091796875,1119166,ADANIENT
2022-11-29,3877.944312154041,3907.8898280780104,3857.0324089399155,3871.356201171875,1513444,ADANIENT
2022-11-30,3890.720831694378,3932.7442231030186,3859.9767221732086,3910.7841796875,1968428,ADANIENT
2022-12-01,3930.3487216462704,3937.7851422341323,3895.3623306354107,3907.989501953125,945838,ADANIENT
2022-12-02,3897.907759968531,3956.601016463711,3877.9440838611376,3915.3759765625,1297832,ADANIENT
2022-12-05,3921.7644429703482,3931.8461973655617,3803.13043824761,3923.26171875,2392866,ADANIENT
2022-12-06,3912.8805402218313,4049.6317223673395,3901.90051829774,4024.4775390625,2962621,ADANIENT
2022-12-07,4023.678999614984,4050.530047035535,3977.3134096711947,3992.03662109375,1257261,ADANIENT
2022-12-08,4002.7169406298526,4037.6533727799883,3996.0791160002113,4017.689697265625,895075,ADANIENT
2022-12-09,4036.65524171467,4086.5644311522897,3934.34140336755,3989.541015625,2129800,ADANIENT
2022-12-12,3989.740856153353,4024.5773751067236,3961.5421623364073,4009.405029296875,802499,ADANIENT
2022-12-13,4020.4851113942113,4064.604790488653,4004.314581153817,4052.826171875,1215308,ADANIENT
2022-12-14,4068.5973469346113,4084.6182463654945,4032.6627285612926,4048.43408203125,1114492,ADANIENT
2022-12-15,4048.4339253091885,4065.6525959465052,4017.6898153738407,4036.40576171875,866138,ADANIENT
2022-12-16,4011.6009709061796,4040.5483025101425,3936.8870560708397,3973.5703125,1598960,ADANIENT
2022-12-19,3980.7571830319002,4096.546509318686,3964.2371916196416,4067.898681640625,1643404,ADANIENT
2022-12-20,4087.562735814663,4164.422889821434,4059.0145811332595,4157.73486328125,3778426,ADANIENT
2022-12-21,4167.417681413921,4182.390439550738,3876.1975356528405,3894.863525390625,3585883,ADANIENT
2022-12-22,3940.8298278239213,3940.8298278239213,3810.1177018030976,3861.524169921875,2879658,ADANIENT
2022-12-23,3815.058711792531,3841.011492144861,3610.23143252051,3635.585205078125,3036157,ADANIENT
2022-12-26,3646.3655365989903,3738.098533238208,3613.4254701583204,3709.999755859375,2162662,ADANIENT
2022-12-27,3725.671078150604,3791.0021591664026,3688.339101483638,3762.803466796875,1804911,ADANIENT
2022-12-28,3749.228474764938,3818.0532020467003,3738.198494552913,3790.802734375,1377950,ADANIENT
2022-12-29,3783.1167587485006,3818.053193196046,3741.2929532744724,3803.679443359375,1531692,ADANIENT
2022-12-30,3822.7441751251718,3890.9201725002627,3815.1081670833673,3851.34228515625,1528747,ADANIENT
2023-01-02,3862.971375509222,3866.964110781066,3815.6076020864148,3834.2236328125,923051,ADANIENT
2023-01-03,3834.9222513923637,3845.8525589819446,3784.114793349882,3823.9921875,799905,ADANIENT
2023-01-04,3832.027857822576,3867.9125190306995,3796.6922464796617,3820.099609375,1028377,ADANIENT
2023-01-05,3820.0994768882633,3835.421452466635,3750.0767349670664,3822.844482421875,997006,ADANIENT
2023-01-06,3822.046060910636,3861.2247780406287,3790.154134814331,3817.3046875,912159,ADANIENT
2023-01-09,3836.020629448768,3872.9534328028158,3804.3282914354977,3848.29833984375,753981,ADANIENT
2023-01-10,3851.9912465786238,3855.035755878332,3548.5433743423187,3640.2763671875,3595798,ADANIENT
2023-01-11,3653.3527770206715,3657.8446042055334,3553.6343109956356,3629.19677734375,2226506,ADANIENT
2023-01-12,3635.88451258661,3672.31822149791,3605.4399065100442,3640.575927734375,1199785,ADANIENT
2023-01-13,3644.568692520628,3729.2646866077316,3635.5850381956548,3714.3916015625,1364712,ADANIENT
2023-01-16,3713.2437998176397,3733.157518230443,3593.461741759006,3613.225830078125,1863848,ADANIENT
2023-01-17,3613.4255236108033,3642.9718629402137,3553.734080862538,3632.740478515625,1668381,ADANIENT
2023-01-18,3641.3746037135415,3641.3746037135415,3520.6942764147534,3590.167724609375,3652240,ADANIENT
2023-01-19,3463.6977582032637,3531.274752181504,3420.476351270679,3457.259521484375,3696319,ADANIENT
2023-01-20,3443.734313620916,3471.0347396440206,3434.700700957334,3449.873046875,1510258,ADANIENT
2023-01-23,3436.7969138377844,3453.7160811606723,3406.352306763969,3430.109130859375,974857,ADANIENT
2023-01-24,3441.188832488623,3501.6289127755485,3423.7705732098434,3435.748779296875,1518123,ADANIENT
2023-01-25,3415.7851915466013,3421.774294746274,3308.9795178191066,3382.795166015625,3686439,ADANIENT
2023-01-27,3328.943225025703,3340.422339594757,2707.074670545639,2756.434814453125,14764368,ADANIENT
2023-01-30,2844.8239167924285,3032.033342933424,2660.159908158534,2887.59619140625,20947906,ADANIENT
2023-01-31,2974.5877981074605,3068.0179015940203,2900.7221950672083,2968.498779296875,11568020,ADANIENT
2023-02-01,2989.5605497534184,3005.2819449649764,1937.6743883828713,2131.471923828125,13525314,ADANIENT
2023-02-02,2344.584166548576,2344.584166548576,1492.0352671485684,1562.4072265625,34474080,ADANIENT
2023-02-03,1487.2939655818348,1676.8491067730283,1015.602190225961,1583.918212890625,43885579,ADANIENT
2023-02-06,1572.1393771813657,1612.0667264431145,1432.593242772113,1569.843505859375,19308603,ADANIENT
2023-02-07,1568.146733739722,1959.1352754559439,1522.8291653141232,1799.6754150390625,19188072,ADANIENT
2023-02-08,1866.4542054138408,2218.114332402401,1837.5068713155315,2160.319580078125,19173006,ADANIENT
2023-02-09,2164.0625006101295,2164.0625006101295,1728.255473427092,1922.2025146484375,18279862,ADANIENT
2023-02-10,1765.7872000356374,1986.3858270610053,1730.0023340032808,1843.5955810546875,11334878,ADANIENT
2023-02-13,1846.6399945305907,1918.209722876469,1659.2309896802562,1714.5303955078125,12210940,ADANIENT
2023-02-14,1731.8489630825375,1885.5692745031201,1608.4235068481717,1746.522216796875,14579030,ADANIENT
2023-02-15,1776.7671642038874,1821.0865492986948,1746.8216502004511,1775.8687744140625,7636578,ADANIENT
2023-02-16,1816.6945620141453,1871.544714473974,1786.7490472556703,1793.3370361328125,5578515,ADANIENT
2023-02-17,1796.7308227299789,1812.5520114381852,1700.1065830792793,1719.5711669921875,5392513,ADANIENT
2023-02-20,1647.0031998992993,1681.9396314123146,1557.665753601731,1618.5050048828125,6762330,ADANIENT
2023-02-21,1623.0468983565534,1641.4633411759517,1558.4644536620071,1568.24658203125,5571915,ADANIENT
2023-02-22,1532.2121055241544,1557.166700076665,1378.6913910976662,1402.2984619140625,10606476,ADANIENT
2023-02-23,1377.4935826234528,1435.3882404438586,1347.5480699577254,1380.1387939453125,8907540,ADANIENT
2023-02-24,1407.439242962737,1424.4083685871103,1259.3087337308361,1313.2606201171875,8736727,ADANIENT
2023-02-27,1297.6389750307656,1311.4139605820753,1128.995866207558,1191.3323974609375,10271008,ADANIENT
2023-02-28,1142.92053127192,1395.4610504088596,1101.7454466300278,1361.373046875,33948366,ADANIENT
2023-03-01,1421.4137469443406,1577.130421469142,1408.4373574006072,1561.458984375,20114340,ADANIENT
2023-03-02,1497.1760386337035,1643.0106803643646,1405.3431208976638,1604.3310546875,26970925,ADANIENT
2023-03-03,1685.782662611212,1902.4883381814263,1682.4387712978435,1876.08642578125,22888891,ADANIENT
2023-03-06,1963.128176257024,2131.1225709907285,1851.6310862706327,1979.298828125,27180456,ADANIENT
2023-03-08,2036.2950186826556,2084.207842651659,1937.4748192465856,2035.9456787109375,13568243,ADANIENT
2023-03-09,2046.0774034108413,2065.09285541231,1901.8896661967403,1949.6029052734375,12627794,ADANIENT
2023-03-10,1866.6037362709521,1936.4766034040895,1817.293431381559,1892.756103515625,9419942,ADANIENT
2023-03-13,1913.518457631462,1981.3949600409244,1854.0267240070093,1870.995849609375,7572604,ADANIENT
2023-03-14,1870.5966357696223,1871.44506771815,1648.350965213075,1735.043212890625,12679663,ADANIENT
2023-03-15,1757.701902666085,1888.0147264912084,1724.961424823273,1835.6600341796875,12296703,ADANIENT
2023-03-16,1857.6202525620001,1871.5948272722999,1791.740114642015,1840.4515380859375,6509495,ADANIENT
2023-03-17,1897.5475143660533,1915.3650718645226,1841.6492183089786,1873.1419677734375,5969594,ADANIENT
2023-03-20,1833.6638400800748,1846.5902729568684,1774.1721034978273,1801.6719970703125,5168139,ADANIENT
2023-03-21,1833.61365289281,1857.6200216323919,1801.6717718115437,1820.936767578125,4094018,ADANIENT
2023-03-22,1830.6690996901038,1846.6400405816207,1802.8697050705293,1812.1029052734375,3248124,ADANIENT
2023-03-23,1790.7418212890625,1830.669175163958,1776.7672474328492,1790.7418212890625,4108804,ADANIENT
2023-03-24,1792.7382221067428,1819.689186470263,1692.1711976762003,1737.48876953125,6187968,ADANIENT
2023-03-27,1737.4886648987506,1754.2082436359242,1678.9451603537912,1719.920654296875,5053055,ADANIENT
2023-03-28,1724.8116409391127,1729.852517846545,1570.143110543921,1597.9425048828125,8144878,ADANIENT
2023-03-29,1600.038809710965,1752.8109020486756,1588.2103550435154,1737.2392578125,9332702,ADANIENT
2023-03-31,1784.7526016957415,1821.6854016189754,1736.839780173708,1747.270751953125,4893249,ADANIENT
2023-04-03,1747.2708777141572,1751.7627050551503,1692.4207237008106,1714.330810546875,3445796,ADANIENT
2023-04-05,1714.33076438471,1734.7935328315614,1668.5142242191853,1694.9161376953125,3690559,ADANIENT
2023-04-06,1701.9034147256023,1790.392434822846,1685.084041712259,1750.8643798828125,6012473,ADANIENT
2023-04-10,1770.778186916426,1809.4078539794966,1757.4024986770971,1793.9859619140625,4197975,ADANIENT
2023-04-11,1806.7127791838352,1825.678272445986,1789.5939016853815,1799.875244140625,2883672,ADANIENT
2023-04-12,1810.705528144666,1855.3742560302635,1793.7863604000704,1843.8951416015625,4809035,ADANIENT
2023-04-13,1851.6309004838051,1881.5764136991766,1822.7335289704135,1867.352294921875,3402280,ADANIENT
2023-04-17,1867.3524198997836,1901.4404224277732,1843.645553684298,1875.337890625,2983032,ADANIENT
2023-04-18,1888.5637505867908,1899.2942264423975,1826.6763549544542,1847.5882568359375,2542401,ADANIENT
2023-04-19,1843.6456191154666,1874.2898153716042,1831.6674126025343,1850.483154296875,2455884,ADANIENT
2023-04-20,1851.6311011889286,1875.4877203394692,1833.5140393601328,1839.5531005859375,2016823,ADANIENT
2023-04-21,1842.647244013883,1849.8840763644253,1792.7880133175215,1799.725341796875,2090833,ADANIENT
2023-04-24,1800.723693828314,1814.0993819992011,1772.5749575533712,1798.6773681640625,1963582,ADANIENT
2023-04-25,1802.7200062630025,1910.2743144993472,1798.5276828948593,1841.2498779296875,5364841,ADANIENT
2023-04-26,1850.6328423767027,1870.5965192092453,1823.0829927175166,1844.5439453125,2422711,ADANIENT
2023-04-27,1844.6436932986196,1861.56286025258,1829.2218020697394,1849.6845703125,1782360,ADANIENT
2023-04-28,1864.657296670377,1940.469307554795,1853.777068878666,1921.453857421875,6159130,ADANIENT
2023-05-02,1931.48554520512,1962.4292412781733,1904.5345841092344,1916.363037109375,3813963,ADANIENT
2023-05-03,1915.5147393098534,1936.476599406522,1782.107448182048,1835.6600341796875,5849432,ADANIENT
2023-05-04,1835.7099861857935,1931.4856741027631,1835.7099861857935,1907.77880859375,4842127,ADANIENT
2023-05-05,1951.24984289876,1951.4494309297418,1899.6936225661107,1916.8125,6137744,ADANIENT
2023-05-08,1916.8125005839204,1923.4004896403148,1872.5929071812914,1884.072021484375,2835197,ADANIENT
2023-05-09,1896.5493134518576,1926.4948289274132,1885.6690851260162,1892.6563720703125,2700563,ADANIENT
2023-05-10,1895.5511581470344,1911.4223059577992,1880.5284422511304,1888.713623046875,1970906,ADANIENT
2023-05-11,1921.5038433096101,2010.0926568647935,1906.5310860890158,1981.0455322265625,8835941,ADANIENT
2023-05-12,2005.3513060908658,2006.3494899166951,1943.014774907277,1961.1317138671875,3816201,ADANIENT
2023-05-15,1956.3404024669037,1961.1316114715557,1876.5854945776332,1912.570068359375,4836782,ADANIENT
2023-05-16,1923.5003519985278,1931.485823101791,1877.5838931547644,1885.7191162109375,3058799,ADANIENT
2023-05-17,1896.5492628097034,1916.4629813297606,1854.3759963077507,1896.0501708984375,3632797,ADANIENT
2023-05-18,1906.5811401158571,1920.5057562934028,1873.7907026711437,1886.5675048828125,2437396,ADANIENT
2023-05-19,1884.5709813840049,1979.3984407227128,1868.6998348723314,1952.4974365234375,7541150,ADANIENT
2023-05-22,2006.3494843354738,2342.737432704158,1979.7978190120002,2321.87548828125,26311368,ADANIENT
2023-05-23,2406.521338285296,2754.4383667566294,2395.6412318362645,2628.916748046875,28432888,ADANIENT
2023-05-24,2704.080013940749,2745.0055512502986,2420.945266106131,2471.10400390625,23465761,ADANIENT
2023-05-25,2435.5685856257746,2554.152875337492,2382.3153799324837,2532.841552734375,8434009,ADANIENT
2023-05-26,2560.341647653377,2595.228125457979,2530.545761409394,2539.729248046875,3963515,ADANIENT
2023-05-29,2565.3321658362293,2578.807646084785,2518.417530896812,2529.447509765625,2779432,ADANIENT
2023-05-30,2524.7064524715424,2549.51117484639,2470.654650948539,2491.916015625,1736953,ADANIENT
2023-05-31,2477.492536299191,2568.3272747372357,2423.5906035996923,2488.822021484375,4268439,ADANIENT
2023-06-01,2495.359459218976,2555.3504000746093,2480.786122686873,2487.62353515625,1704946,ADANIENT
2023-06-02,2530.3962131518706,2534.2890329239763,2420.5959829953795,2440.609619140625,5543791,ADANIENT
2023-06-05,2458.7264187248365,2509.4342072122467,2423.590395827898,2429.529541015625,2956768,ADANIENT
2023-06-06,2470.5049793192975,2502.396903949247,2421.4940557860327,2429.22998046875,6473608,ADANIENT
2023-06-07,2448.544908393852,2462.4695239316575,2430.5775996490133,2435.119384765625,2522516,ADANIENT
2023-06-08,2445.5502664476203,2471.403128928325,2364.747338016069,2424.738037109375,3781621,ADANIENT
2023-06-09,2443.503858790607,2454.433922098983,2423.5901417442983,2446.697998046875,1948506,ADANIENT
2023-06-12,2455.532102850721,2500.45037302482,2428.181964712488,2480.287109375,2804898,ADANIENT
2023-06-13,2494.46138854451,2500.4504915182065,2437.7644983207406,2458.07763671875,2210990,ADANIENT
2023-06-14,2465.4140994607274,2480.2871844759334,2447.8961685201707,2452.687255859375,1364403,ADANIENT
2023-06-15,2464.5158350343404,2522.4104962056617,2458.426816294331,2481.135498046875,3744029,ADANIENT
2023-06-16,2494.661221410469,2522.3108674466084,2482.8826023334036,2505.04248046875,7999982,ADANIENT
2023-06-19,2499.4523336099323,2517.0204666605223,2345.7320223575643,2397.03857421875,11475674,ADANIENT
2023-06-20,2430.5773246260424,2430.5773246260424,2385.6590578465057,2410.4140625,2479711,ADANIENT
2023-06-21,2422.2926366106262,2435.5685302073484,2388.753806347416,2401.580322265625,7418013,ADANIENT
2023-06-22,2420.6957580034023,2445.5004805179146,2355.713891731411,2392.896240234375,8459191,ADANIENT
2023-06-23,2387.9550816892165,2387.9550816892165,2159.3709983612484,2229.493408203125,15213238,ADANIENT
2023-06-26,2206.036232413036,2332.206571628493,2169.1034305325707,2291.430908203125,7847341,ADANIENT
2023-06-27,2324.7204551833966,2339.593542215613,2266.8757441803327,2280.30126953125,3361053,ADANIENT
2023-06-28,2295.822938892069,2414.207645306877,2289.684205469144,2397.6376953125,28353193,ADANIENT
2023-06-30,2433.5219159063045,2433.5219159063045,2345.731707753439,2383.712646484375,5125497,ADANIENT
2023-07-03,2400.632064777759,2413.458824224378,2368.88977085747,2381.16748046875,2662358,ADANIENT
2023-07-04,2392.6466839174855,2409.6158093353397,2368.7402294947183,2383.363525390625,2308684,ADANIENT
2023-07-05,2386.657380269175,2407.669197245616,2369.688256277299,2394.79248046875,2198481,ADANIENT
2023-07-06,2394.7924554544934,2423.1909782079165,2385.65917158609,2398.53564453125,2476366,ADANIENT
2023-07-07,2391.8085806664353,2406.7386105175565,2364.944523361688,2376.42919921875,1823645,ADANIENT
2023-07-10,2389.6113886785215,2459.4181419799293,2351.8617124293382,2407.0380859375,3771285,ADANIENT
2023-07-11,2420.520107393061,2441.691807480642,2384.8177478925754,2419.671142578125,2247776,ADANIENT
2023-07-12,2426.6618040001163,2428.75910305436,2377.277750112664,2384.7177734375,1445282,ADANIENT
2023-07-13,2393.8057200667663,2402.494077546756,2352.411005752322,2358.90234375,1247741,ADANIENT
2023-07-14,2371.8349621361654,2381.821635660949,2336.881604799422,2372.93359375,1353535,ADANIENT
2023-07-17,2396.7017130301756,2456.222385542391,2388.113319975708,2405.34033203125,3090373,ADANIENT
2023-07-18,2411.7818286395177,2506.655233906911,2401.9948391225603,2413.67919921875,5978272,ADANIENT
2023-07-19,2425.413392080727,2439.744366256769,2413.6790505729427,2420.52001953125,1637260,ADANIENT
2023-07-20,2425.712836680992,2430.656190945154,2396.801467739436,2416.525146484375,1564275,ADANIENT
2023-07-21,2406.788424766082,2454.5747571988577,2392.1080628054615,2413.080078125,2280563,ADANIENT
2023-07-24,2426.7616182095676,2436.1489936098683,2408.8355883525132,2414.977294921875,1113193,ADANIENT
2023-07-25,2424.764396295187,2475.6964326259344,2412.780387746776,2463.36279296875,3017555,ADANIENT
2023-07-26,2469.15520537639,2502.6605459659263,2442.7405009707327,2467.45751953125,4021773,ADANIENT
2023-07-27,2467.4572319072627,2481.688240934756,2411.7815299225094,2425.16357421875,2243944,ADANIENT
2023-07-28,2433.7524434629395,2478.342845157434,2427.8604033540782,2459.91748046875,2339800,ADANIENT
2023-07-31,2473.6989675110362,2514.644327893738,2463.7122942469628,2488.878662109375,3359974,ADANIENT
2023-08-01,2501.5120511322098,2510.649760011871,2451.9780522152532,2477.793701171875,1575727,ADANIENT
2023-08-02,2489.6776932232533,2510.649707486265,2447.73366469723,2470.253662109375,2506971,ADANIENT
2023-08-03,2466.608458037906,2546.601812497771,2458.719083282161,2529.22509765625,4720470,ADANIENT
2023-08-04,2541.907933214172,2554.4909949335356,2498.6655902631132,2538.41259765625,3294056,ADANIENT
2023-08-07,2547.5504257628504,2565.5764201795605,2513.0464200837964,2547.10107421875,4684333,ADANIENT
2023-08-08,2559.834190233645,2559.834190233645,2458.0200984741928,2471.25244140625,6127920,ADANIENT
2023-08-09,2485.0342625371686,2513.5460233637523,2468.7059520997104,2503.75927734375,5781400,ADANIENT
2023-08-10,2506.6551355715123,2574.065184038077,2506.6551355715123,2548.99853515625,8140756,ADANIENT
2023-08-11,2546.6517119091736,2564.7274445647163,2514.844059444455,2536.11572265625,7157372,ADANIENT
2023-08-14,2476.6948210377645,2481.6381752441243,2396.8514218403434,2452.726806640625,9786919,ADANIENT
2023-08-16,2446.7351696882615,2461.715180931251,2416.775147202283,2441.841796875,7084828,ADANIENT
2023-08-17,2451.678247910789,2483.8852684479616,2438.795537222024,2476.395263671875,7769452,ADANIENT
2023-08-18,2474.1983187979954,2662.3971290369527,2458.0199567580103,2573.965087890625,14679923,ADANIENT
2023-08-21,2584.5511415764986,2651.4618550562614,2577.061136336227,2636.232177734375,10479200,ADANIENT
2023-08-22,2665.2933094341533,2717.3737113744887,2650.5629668237993,2694.454345703125,10291468,ADANIENT
2023-08-23,2716.37512110303,2718.771825154368,2485.533266701575,2526.927978515625,5251316,ADANIENT
2023-08-24,2576.561817889392,2609.5178411414654,2527.727080960157,2536.165771484375,4558367,ADANIENT
2023-08-25,2545.6031093679567,2545.6031093679567,2482.68706547224,2492.424072265625,2808721,ADANIENT
2023-08-28,2546.6017306933686,2578.5590857452066,2452.377369131606,2469.155029296875,4457038,ADANIENT
2023-08-29,2468.8057842801804,2533.269570086323,2441.741800134984,2503.10986328125,4802150,ADANIENT
2023-08-30,2513.645926161526,2539.611279391641,2489.078609809993,2509.751220703125,6484593,ADANIENT
2023-08-31,2446.6849164230043,2486.6316086442507,2380.5731895598938,2416.02587890625,6230369,ADANIENT
2023-09-01,2377.8271222735902,2462.2645012291014,2376.828454855584,2446.78515625,6764397,ADANIENT
2023-09-04,2450.729641888229,2476.694992617281,2446.784954675138,2467.3076171875,5998454,ADANIENT
2023-09-05,2478.6923281963354,2498.066376990538,2460.7163161465633,2490.726318359375,6489319,ADANIENT
2023-09-06,2490.726409403303,2500.663100997647,2467.707077701751,2493.173095703125,7416248,ADANIENT
2023-09-07,2494.6710869788553,2516.641769089958,2481.688411185931,2506.15576171875,4298988,ADANIENT
2023-09-08,2510.449956695496,2535.2169549838586,2502.7602670978677,2515.942626953125,5640973,ADANIENT
2023-09-11,2561.581703480634,2626.7447468147907,2542.6070241955927,2611.465087890625,9148241,ADANIENT
2023-09-12,2618.955195109431,2623.099810983172,2526.6284455365744,2532.32080078125,5658774,ADANIENT
2023-09-13,2542.307547937047,2563.5292301579984,2492.6738269880416,2515.543212890625,1780068,ADANIENT
2023-09-14,2538.4625571125366,2541.6082615604673,2502.71021924777,2516.44189453125,1218481,ADANIENT
2023-09-15,2516.44202532121,2554.591069146664,2510.849390661708,2536.6650390625,1547001,ADANIENT
2023-09-18,2548.599004783886,2551.5950067487574,2487.6802981648357,2499.114990234375,861677,ADANIENT
2023-09-20,2499.0648856643384,2530.273237936038,2455.622859302133,2467.0078125,1203019,ADANIENT
2023-09-21,2476.4953607312973,2500.4633773000683,2457.720365656039,2475.946044921875,1279908,ADANIENT
2023-09-22,2486.631655472092,2494.670976196065,2456.721617871225,2461.614990234375,865589,ADANIENT
2023-09-25,2476.644955314974,2485.6829432650693,2420.7695678885207,2478.792236328125,1216898,ADANIENT
2023-09-26,2487.6803204445714,2495.6696590891142,2449.3315924768717,2454.67431640625,698863,ADANIENT
2023-09-27,2456.721724228752,2494.671084196513,2441.8416779780296,2479.99072265625,1077373,ADANIENT
2023-09-28,2486.6317776415926,2507.65377461478,2443.439413741916,2471.951416015625,2225560,ADANIENT
2023-09-29,2458.769086392411,2476.2457656468996,2401.8450453920764,2410.68310546875,1689201,ADANIENT
2023-10-03,2414.7776241703973,2421.6683312790196,2368.8389266055347,2384.068603515625,2019899,ADANIENT
2023-10-04,2398.9986627623507,2499.4147137083537,2389.0619713790065,2461.6650390625,2857377,ADANIENT
2023-10-05,2474.6476269986897,2483.186281313817,2443.1396244148245,2463.063232421875,1132455,ADANIENT
2023-10-06,2463.0635092801353,2511.598600005678,2462.7638602885913,2474.7978515625,1510035,ADANIENT
2023-10-09,2436.7485819434296,2456.422281977209,2408.086874845105,2439.34521484375,1408224,ADANIENT
2023-10-10,2439.7445883367764,2514.594665196247,2439.7445883367764,2494.970947265625,1771910,ADANIENT
2023-10-11,2530.522879209809,2534.6175125126233,2479.191479437584,2485.283447265625,1627836,ADANIENT
2023-10-12,2496.5684103070225,2518.3893894268563,2487.3307373211205,2503.010009765625,1804818,ADANIENT
2023-10-13,2485.5831307577773,2491.6750992680704,2419.1220120399425,2451.279052734375,2278682,ADANIENT
2023-10-16,2451.279163175851,2461.4155399571605,2418.6227873228695,2426.11279296875,803856,ADANIENT
2023-10-17,2456.6715763023217,2458.718893030732,2420.2702019739963,2425.16357421875,707543,ADANIENT
2023-10-18,2436.7483698425694,2438.496037730776,2397.8503247509652,2403.143310546875,776977,ADANIENT
2023-10-19,2396.801759780133,2411.4821217957297,2379.3750624147883,2398.998779296875,1168822,ADANIENT
2023-10-20,2394.854377122635,2440.693112678279,2378.8756989242015,2390.56005859375,1240350,ADANIENT
2023-10-23,2394.6048348353092,2409.135494840903,2298.7327606577564,2305.573486328125,1483549,ADANIENT
2023-10-25,2316.908229951263,2344.920897615236,2232.3211549742855,2253.9921875,1540819,ADANIENT
2023-10-26,2246.0029306405468,2246.0029306405468,2164.1621878669225,2200.263916015625,2226073,ADANIENT
2023-10-27,2219.038747839333,2271.968114912009,2209.052074806753,2258.685791015625,1244293,ADANIENT
2023-10-30,2257.0381252055804,2301.928172474072,2247.001469877077,2296.0361328125,996448,ADANIENT
2023-10-31,2316.908110173908,2316.908110173908,2272.9667494637133,2291.591796875,1155280,ADANIENT
2023-11-01,2295.936290452134,2309.168633143953,2204.05889213913,2214.34521484375,1666579,ADANIENT
2023-11-02,2244.0053600068504,2294.887408748183,2201.2623520055745,2212.34765625,2340997,ADANIENT
2023-11-03,2212.34775971966,2275.962819153211,2212.048110761019,2226.87841796875,1853300,ADANIENT
2023-11-06,2250.9461924931034,2256.988178637021,2230.0241605736587,2243.0068359375,770061,ADANIENT
2023-11-07,2253.992164128607,2256.9881661190307,2223.6825131327164,2230.373779296875,641554,ADANIENT
2023-11-08,2242.307853247455,2294.93757391224,2232.02153076321,2256.938232421875,1169180,ADANIENT
2023-11-09,2265.976152784977,2269.571452668961,2207.154745066907,2211.698486328125,1267890,ADANIENT
2023-11-10,2217.2913349512683,2234.0190142038,2195.5703186084284,2202.16162109375,1072597,ADANIENT
2023-11-13,2212.547339008791,2238.912057438381,2192.6239757144162,2210.69970703125,853633,ADANIENT
2023-11-15,2237.014721941435,2247.0013948072447,2217.5407098531055,2222.43408203125,696475,ADANIENT
2023-11-16,2223.0335162958536,2229.824503024232,2193.1734601214916,2202.960205078125,1307584,ADANIENT
2023-11-17,2202.9601637689066,2234.967500430099,2198.066791382349,2205.8564453125,916518,ADANIENT
2023-11-20,2208.053518561546,2215.5435237127044,2139.145471170887,2146.985107421875,1577213,ADANIENT
2023-11-21,2157.1213533392356,2229.574714224862,2155.473649831538,2193.722412109375,1839502,ADANIENT
2023-11-22,2202.211329315299,2222.0349748190115,2150.630255403479,2169.754638671875,1247205,ADANIENT
2023-11-23,2187.0816628925554,2187.0816628925554,2157.720938094908,2172.351318359375,729114,ADANIENT
2023-11-24,2176.0960827685503,2248.9488147480242,2158.0201068128395,2222.484130859375,1946259,ADANIENT
2023-11-28,2297.9335162818174,2509.0516913945535,2271.968165815356,2420.270263671875,11972275,ADANIENT
2023-11-29,2465.410019088193,2474.348043038417,2386.814948014939,2393.40625,4561574,ADANIENT
2023-11-30,2396.851429983781,2405.7894532866985,2339.927395597172,2355.40673828125,2983879,ADANIENT
2023-12-01,2366.841834752949,2400.1474914305477,2350.9631199699643,2359.551513671875,1792983,ADANIENT
2023-12-04,2546.5519182704343,2591.5419339406303,2484.1352050252362,2527.826904296875,5681516,ADANIENT
2023-12-05,2527.8268967184335,2995.9022625204743,2527.8268967184335,2955.406494140625,22879079,ADANIENT
2023-12-06,3075.8954745074757,3150.346175096677,2841.0589418938343,2880.106689453125,19355777,ADANIENT
2023-12-07,2896.1352186403824,2941.973950954137,2849.247836880964,2883.30224609375,6325887,ADANIENT
2023-12-08,2898.8313673348084,2923.099030185148,2756.3216000379257,2818.388671875,6959428,ADANIENT
2023-12-11,2833.2693711792226,2916.008818257171,2807.304019006078,2851.994384765625,5064123,ADANIENT
2023-12-12,2865.2767336523825,2892.0908070418545,2836.764730631404,2853.841796875,2017772,ADANIENT
2023-12-13,2856.188756904283,2895.236749673388,2801.262050040739,2871.21875,2805832,ADANIENT
2023-12-14,2897.0838219993707,2929.0411752334485,2883.1524620869413,2890.193115234375,3224681,ADANIENT
2023-12-15,2908.169268137331,2996.0020116834644,2890.0433096774855,2987.81298828125,4921484,ADANIENT
2023-12-18,2989.960237435831,3023.7152445894835,2957.1541593720126,2976.628173828125,2315922,ADANIENT
2023-12-19,2984.817251270495,2990.3599042472565,2911.1155464765725,2937.33056640625,1741493,ADANIENT
2023-12-20,2942.073946319496,2964.0446275207955,2762.5135121021844,2780.14013671875,3417739,ADANIENT
2023-12-21,2746.3351001972833,2818.1891643284835,2721.368417468217,2796.018798828125,2678577,ADANIENT
2023-12-22,2812.197391900694,2843.805361125997,2787.6800586800678,2804.607666015625,1513956,ADANIENT
2023-12-26,2813.2457226505535,2889.8934362513455,2796.368343175308,2861.631103515625,2048484,ADANIENT
2023-12-27,2876.861116071078,2890.942423866973,2829.824028054805,2839.56103515625,1698325,ADANIENT
2023-12-28,2851.1952681949892,2863.5289074241473,2796.3685285148254,2806.1552734375,4102912,ADANIENT
2023-12-29,2820.1366542359287,2859.484294423398,2799.1149014059306,2845.1533203125,1507086,ADANIENT
2024-01-01,2848.498844345992,2943.072590745336,2838.262504320495,2913.312255859375,2898619,ADANIENT
2024-01-02,2918.106144061623,2944.2711811898785,2837.2140846266498,2928.4921875,2671368,ADANIENT
2024-01-03,3042.939410199176,3194.736847137238,2951.661312092792,2998.998046875,19725411,ADANIENT
2024-01-04,3035.349526239374,3040.3928452531422,2986.0154553723764,2994.304443359375,2975620,ADANIENT
2024-01-05,3005.938650951459,3062.8127060601455,2977.1272450597626,3002.59326171875,3219949,ADANIENT
2024-01-08,3015.9752394365823,3022.965910521369,2949.014548354252,2959.550537109375,1849061,ADANIENT
2024-01-09,2986.7144671402607,3064.710486588346,2976.0287749997933,3010.582763671875,2885706,ADANIENT
2024-01-10,3019.97021676602,3107.8529479417507,3016.025529300166,3094.0712890625,3590297,ADANIENT
2024-01-11,3115.841933738985,3124.8299393170782,3060.915232983971,3076.7939453125,2008103,ADANIENT
2024-01-12,3092.223707043006,3120.8354287274724,3064.111075211868,3099.96337890625,1795933,ADANIENT
2024-01-15,3122.8328385458813,3125.828840629552,3063.362148421967,3085.3828125,1407007,ADANIENT
2024-01-16,3090.875450819463,3100.3627906523498,3030.955409769651,3052.4267578125,2515564,ADANIENT
2024-01-17,3028.9579675976365,3040.941975382395,2942.373560115811,2967.090576171875,2897218,ADANIENT
2024-01-18,2971.5846610320305,2981.022018659708,2881.255248626652,2915.010009765625,2552342,ADANIENT
2024-01-19,2941.4250200800266,2945.5194099860414,2899.1813417910985,2911.764404296875,2014096,ADANIENT
2024-01-23,3010.9318031824855,3010.9318031824855,2881.654375292738,2892.689697265625,1827002,ADANIENT
2024-01-24,2897.1338802480313,2925.1965293201442,2867.423527632596,2899.58056640625,5807940,ADANIENT
2024-01-25,2899.580623439526,2922.450251687542,2800.662575199414,2889.743896484375,2601969,ADANIENT
2024-01-29,2925.096550763232,3088.5783406345054,2919.1545290322447,3060.565673828125,4402976,ADANIENT
2024-01-30,3076.8940752282615,3125.728810639078,3016.8740705547284,3086.980712890625,3115506,ADANIENT
2024-01-31,3088.6283782434493,3147.4997684578275,3068.3054005953627,3137.812744140625,2671051,ADANIENT
2024-02-01,3152.6927346104353,3232.6361015693537,3078.941300028078,3149.29736328125,4686595,ADANIENT
2024-02-02,3180.705539729563,3204.224204674662,3135.8154909392047,3153.2421875,2708695,ADANIENT
2024-02-05,3165.77534969359,3225.0960899503884,3147.250022464666,3169.220703125,2191195,ADANIENT
2024-02-06,3179.6570672877638,3223.8980822875915,3155.7890137290287,3199.480712890625,2078891,ADANIENT
2024-02-07,3215.758909460834,3273.5816525845275,3205.722253641984,3225.5458984375,2095911,ADANIENT
2024-02-08,3241.274826837914,3241.274826837914,3141.907426182712,3164.37744140625,1679004,ADANIENT
2024-02-09,3180.2065033435997,3220.652534953554,3117.0407873107692,3210.91552734375,1572789,ADANIENT
2024-02-12,3224.696920258153,3237.629613866527,3155.7888721015065,3165.52587890625,1083138,ADANIENT
2024-02-13,3175.762094445389,3189.743436999551,3087.929351948545,3174.214111328125,1225207,ADANIENT
2024-02-14,3179.7567481795836,3250.911794758665,3165.6257031219134,3202.92578125,1741264,ADANIENT
2024-02-15,3215.5592794738627,3248.415338938319,3179.8069383016173,3189.5439453125,2035204,ADANIENT
2024-02-16,3209.7168950366504,3247.965903687665,3188.3952493745633,3219.30419921875,2193673,ADANIENT
2024-02-19,3235.682280064234,3304.190959199112,3231.4879258716505,3254.457275390625,1779444,ADANIENT
2024-02-20,3262.646090324618,3265.442407545861,3205.8717564241783,3224.29736328125,1467630,ADANIENT
2024-02-21,3233.6848665001744,3295.602241955088,3200.7288440806237,3218.904541015625,1657021,ADANIENT
2024-02-22,3234.6836607782766,3269.6370192615245,3206.2216402990603,3258.70166015625,1138722,ADANIENT
2024-02-23,3258.701647621958,3315.525724097186,3220.802269261097,3268.93798828125,1975035,ADANIENT
2024-02-26,3267.6394822656075,3339.543529552626,3258.65147635473,3323.315185546875,1695378,ADANIENT
2024-02-27,3334.5502121398135,3335.5488794689954,3268.638168413779,3297.899169921875,1125570,ADANIENT
2024-02-28,3304.7899514371725,3314.3772555394694,3203.2255305337326,3214.710205078125,1358879,ADANIENT
2024-02-29,3215.7587219232923,3300.345794359188,3201.0783612220644,3281.021484375,1352988,ADANIENT
2024-03-01,3305.439106868737,3341.5408327448213,3277.426439947139,3314.3271484375,1161067,ADANIENT
2024-03-04,3330.5555574773207,3345.535567480967,3305.638856267643,3312.729248046875,1061244,ADANIENT
2024-03-05,3320.8687938063244,3329.5571515274573,3290.6591045940554,3305.788818359375,1190416,ADANIENT
2024-03-06,3318.571761355414,3318.571761355414,3178.908028311529,3229.640380859375,1935203,ADANIENT
2024-03-07,3235.6822714736563,3257.6529535639097,3215.7089241188805,3222.250244140625,856328,ADANIENT
2024-03-11,3236.880672352826,3254.6570005296367,3195.7356249447184,3203.075927734375,738851,ADANIENT
2024-03-12,3203.075891176656,3218.405289038436,3106.8541924164333,3118.3388671875,1199487,ADANIENT
2024-03-13,3120.835624269403,3133.8682825994088,2846.3517919175474,2902.3271484375,3407040,ADANIENT
2024-03-14,2923.5486738289983,3097.067125228807,2876.1619570155294,3083.33544921875,3759100,ADANIENT
2024-03-15,3106.8539369956297,3139.210659642674,3057.1702393532214,3128.025634765625,2199094,ADANIENT
2024-03-18,3046.035524007833,3119.836947093175,2972.084154523826,3107.603271484375,3042515,ADANIENT
2024-03-19,3121.8342030248423,3160.58254579857,3037.796441246877,3048.6318359375,1460452,ADANIENT
2024-03-20,3070.902210615007,3079.091234413591,3017.074136059119,3047.383544921875,966481,ADANIENT
2024-03-21,3085.4326605168017,3102.9593207074986,3055.5226231113106,3062.413330078125,1175751,ADANIENT
2024-03-22,3062.463528248982,3124.7802757506443,3043.9881815660683,3103.55859375,951557,ADANIENT
2024-03-26,3096.368062398952,3167.7227944965357,3084.9833523419757,3105.805419921875,937103,ADANIENT
2024-03-27,3110.849060948902,3134.2677635435493,3102.110720890057,3117.939697265625,900231,ADANIENT
2024-03-28,3129.823589981216,3232.6863308134,3092.6232298258874,3192.839599609375,2327053,ADANIENT
2024-04-01,3225.8953950164364,3287.4134045408214,3203.575324858182,3247.766357421875,1292646,ADANIENT
2024-04-02,3254.6070537479977,3280.6223881154397,3235.6823554015295,3264.39404296875,868829,ADANIENT
2024-04-03,3245.668862418456,3255.8052384165167,3217.706176834543,3229.140869140625,1153109,ADANIENT
2024-04-04,3245.6691994950816,3268.6385507530467,3197.433513090296,3206.521484375,1403826,ADANIENT
2024-04-05,3206.8207478041295,3229.690132041708,3174.713446986479,3220.50244140625,755607,ADANIENT
2024-04-08,3236.630977095461,3239.1776276622895,3192.9392794817027,3220.2529296875,577440,ADANIENT
2024-04-09,3236.3811950508025,3246.6675174002057,3180.7554730604907,3194.1875,833679,ADANIENT
2024-04-10,3195.735657001851,3250.2629941755577,3188.245651555753,3237.6796875,1441138,ADANIENT
2024-04-12,3205.7220345686524,3243.172058336978,3201.0283470194076,3205.6220703125,705173,ADANIENT
2024-04-15,3145.802021493249,3176.061689701141,3099.064342696583,3143.25537109375,1035378,ADANIENT
2024-04-16,3096.8675475765363,3145.003266563622,3095.868880195828,3102.26025390625,1134184,ADANIENT
2024-04-18,3120.985159495108,3140.808803843567,3004.291026379144,3015.2763671875,1703646,ADANIENT
2024-04-19,2996.0022219019297,3052.976246251488,2958.5521941281554,3022.916259765625,1727317,ADANIENT
2024-04-22,3048.93151733551,3073.3988681952283,3020.9688306386893,3059.267822265625,993929,ADANIENT
2024-04-23,3054.9234125204607,3086.880767604035,3039.0446992394172,3061.015380859375,1654272,ADANIENT
2024-04-24,3067.856196573903,3083.735154139574,3035.948822677568,3039.494140625,605917,ADANIENT
2024-04-25,3045.935106595077,3116.740516956713,3021.617461578621,3111.09814453125,1515529,ADANIENT
2024-04-26,3115.7420363964934,3125.7287094755106,3061.9639481551417,3076.294677734375,662764,ADANIENT
2024-04-29,3105.855664491254,3106.354998199372,3047.433620641499,3077.093994140625,648544,ADANIENT
2024-04-30,3089.8765793074213,3104.3072728103666,3040.941882350064,3050.62890625,804552,ADANIENT
2024-05-02,3067.8563050093553,3115.692620294018,3011.0322268393647,3035.549560546875,2219085,ADANIENT
2024-05-03,3025.962257853608,3040.942269031101,2971.135514470098,2989.26123046875,1472168,ADANIENT
2024-05-06,2989.260886600831,2996.201575551594,2846.201796312492,2870.81884765625,2377944,ADANIENT
2024-05-07,2886.0984430135436,2901.4780653397756,2818.2390504311666,2832.17041015625,1262311,ADANIENT
2024-05-08,2846.201804193683,2887.047199226008,2816.241785202171,2856.73779296875,951411,ADANIENT
2024-05-09,2860.982236049227,2879.806969064152,2752.327181011133,2762.962890625,1485510,ADANIENT
2024-05-10,2791.225233151836,2805.256558041799,2756.77120992206,2793.522216796875,2354794,ADANIENT
2024-05-13,2799.264676203378,2886.1487385757264,2786.7813339085,2875.7626953125,3784373,ADANIENT
2024-05-14,2891.0918964008524,3041.9406431783814,2870.71918068965,3033.501953125,5725807,ADANIENT
2024-05-15,3042.689545025463,3114.693553668767,3033.5518369104775,3045.685546875,1688836,ADANIENT
2024-05-16,3060.9154156029435,3072.8494416250296,2970.985372329271,3037.596435546875,1835312,ADANIENT
2024-05-17,3036.9975983545955,3086.880987089145,3011.481597077747,3056.421630859375,825436,ADANIENT
2024-05-21,3063.8114609721,3170.7688315237824,3030.4560690579265,3113.345458984375,3091659,ADANIENT
2024-05-22,3125.7785760348656,3140.8085672261363,3069.403857351202,3136.763916015625,3371077,ADANIENT
2024-05-23,3152.493105324326,3401.4609189411767,3131.3713888646403,3382.785888671875,6979082,ADANIENT
2024-05-24,3401.4609611204814,3453.2419602420373,3351.1282246946002,3380.43896484375,3473668,ADANIENT
2024-05-27,3353.5250592174893,3353.5250592174893,3262.6963098459914,3284.6669921875,2582485,ADANIENT
2024-05-28,3305.2392373206144,3325.06288138388,3224.7467966629233,3239.726806640625,1621168,ADANIENT
2024-05-29,3245.668953768136,3318.471707543471,3207.7195936933085,3254.457275390625,1910729,ADANIENT
2024-05-30,3249.663537875675,3269.936533725046,3170.2694840154672,3189.9931640625,1990208,ADANIENT
2024-05-31,3220.9520949137936,3429.873270321255,3220.9520949137936,3406.80419921875,6384589,ADANIENT
2024-06-03,3720.035809524167,3738.9105245618202,3581.271032586983,3640.39208984375,8511359,ADANIENT
2024-06-04,3515.3093391415214,3515.3093391415214,2730.3067602556816,2937.33056640625,20306909,ADANIENT
2024-06-05,3025.9618913842855,3145.8019662905936,2746.3350499362327,3111.1982421875,8778345,ADANIENT
2024-06-06,3179.757081430996,3218.105813027666,3132.9694150402315,3181.40478515625,5873271,ADANIENT
2024-06-07,3166.1751152642123,3229.440794335328,3147.4003626756235,3215.259765625,4740455,ADANIENT
2024-06-10,3262.646486872542,3280.0232025914775,3201.228440058137,3215.80908203125,4935698,ADANIENT
2024-06-11,3219.7036106664727,3260.6489729609284,3190.79223898015,3216.957275390625,4173692,ADANIENT
2024-06-12,3220.602311745659,3240.6756234571276,3203.7249306781096,3214.76025390625,3022477,ADANIENT
2024-06-13,3225.6954627380073,3249.663478560209,3202.9757810732117,3220.50244140625,3202978,ADANIENT
2024-06-14,3221.961383902909,3271.914273575822,3218.065156072659,3258.6767578125,4224855,ADANIENT
2024-06-18,3306.8814292066713,3341.8484533825726,3284.102861818535,3305.932373046875,1755612,ADANIENT
2024-06-19,3310.8776710155767,3310.8776710155767,3223.2603475140327,3258.82666015625,1419264,ADANIENT
2024-06-20,3260.8246646899256,3311.876615972473,3236.9472807694756,3256.37890625,1366545,ADANIENT
2024-06-21,3261.9737961634432,3274.0124917215535,3173.407173743101,3186.295166015625,4697655,ADANIENT
2024-06-24,3182.748328955829,3211.7710063045856,3132.0461465201365,3191.590087890625,3261647,ADANIENT
2024-06-25,3201.7305022794208,3205.426967377771,3153.3762020558997,3168.1123046875,1694962,ADANIENT
2024-06-26,3166.06411031187,3184.696440367119,3160.9188163923063,3167.5126953125,2142889,ADANIENT
2024-06-27,3174.006801859595,3199.233012670723,3147.0322398041308,3172.158447265625,5114980,ADANIENT
2024-06-28,3186.9944848491646,3208.9237554847364,3154.025576385208,3174.156494140625,960905,ADANIENT
2024-07-01,3176.953822849665,3190.141337112732,3154.575025549346,3180.80029296875,832170,ADANIENT
2024-07-02,3176.854040603408,3204.7776573111532,3128.0999712164453,3150.22900390625,1490844,ADANIENT
2024-07-03,3155.02469607994,3191.5403093464574,3144.7843530986797,3187.943603515625,1152522,ADANIENT
2024-07-04,3188.9926092768546,3191.440252190451,3135.093487861455,3141.28759765625,1055391,ADANIENT
2024-07-05,3140.9376068344227,3155.573949424116,3121.0064532237307,3144.933837890625,663988,ADANIENT
2024-07-08,3144.9339917613047,3155.224336016614,3072.102774762873,3110.66650390625,1155112,ADANIENT
2024-07-09,3113.0141436423673,3155.024573461233,3097.5787492136014,3107.819091796875,922403,ADANIENT
2024-07-10,3117.1603988161073,3124.3035646581525,3060.513625346875,3093.0830078125,586710,ADANIENT
2024-07-11,3115.7614955447148,3126.8511346301084,3071.2036642475096,3075.399658203125,899781,ADANIENT
2024-07-12,3087.088686017765,3095.8804436791597,3055.468603351436,3062.561767578125,756036,ADANIENT
2024-07-15,3063.2113706299792,3100.5760366457425,3055.46867229455,3087.48828125,724171,ADANIENT
2024-07-16,3107.0698971779548,3134.793752369816,3093.183090700148,3106.37060546875,988357,ADANIENT
2024-07-18,3103.073422913674,3108.068711746439,3054.269353453324,3089.286376953125,1021653,ADANIENT
2024-07-19,3089.0869062499823,3091.584550902513,2997.173583036852,3002.8681640625,1026941,ADANIENT
2024-07-22,3002.8679890753174,3024.0479657124274,2969.349551009465,2998.022705078125,662085,ADANIENT
2024-07-23,3017.154755001934,3035.1377965880383,2883.630768789355,2992.528076171875,1443331,ADANIENT
2024-07-24,2992.528045535424,3004.6665009175304,2956.5119610565184,2967.901123046875,693702,ADANIENT
2024-07-25,2957.910497197929,3014.806792386343,2942.3253412450763,2970.698486328125,1105721,ADANIENT
2024-07-26,2992.1782114814964,3106.070804506168,2985.284809994245,3077.59765625,1942427,ADANIENT
2024-07-29,3091.3847406790096,3117.4102463411728,3071.1038176295233,3086.439453125,1037474,ADANIENT
2024-07-30,3089.0866288578704,3152.027268449735,3063.760416791194,3125.802001953125,1647048,ADANIENT
2024-07-31,3138.0406732870833,3194.487441208357,3132.0463262511958,3166.413818359375,2414005,ADANIENT
2024-08-01,3177.0038464527156,3254.9303558940087,3148.7304615527937,3214.21875,6149883,ADANIENT
2024-08-02,3196.9851346785977,3211.9710024974033,3108.068985620349,3157.921875,3360209,ADANIENT
2024-08-05,3082.093356830791,3130.0981335855913,2993.4769774926867,3035.33740234375,2238921,ADANIENT
2024-08-06,3081.0943338509283,3139.8389827726187,3054.3695370187256,3069.804931640625,2125201,ADANIENT
2024-08-07,3115.062311474843,3186.9944751779185,3109.067964499587,3182.9482421875,1868169,ADANIENT
2024-08-08,3187.543757973028,3239.594520482156,3153.5757944205084,3164.5654296875,2139376,ADANIENT
2024-08-09,3205.9766169419063,3216.2669615029313,3168.062420596902,3184.546875,760165,ADANIENT
2024-08-12,3097.079034712858,3166.8633163334443,3011.1600679434046,3148.7802734375,10307245,ADANIENT
2024-08-13,3167.063121643512,3175.1055854463816,3078.8462720747634,3089.286376953125,2192588,ADANIENT
2024-08-14,3082.7927310448176,3082.7927310448176,3024.897377943745,3037.23583984375,1232383,ADANIENT
2024-08-16,3067.107600376797,3118.6590830157775,3036.4865748297866,3105.87109375,970067,ADANIENT
2024-08-19,3119.108335347832,3131.3467929351323,3090.0356569027463,3099.626708984375,557265,ADANIENT
2024-08-20,3116.0113780315037,3123.0547845330607,3055.9681486419618,3067.7568359375,662263,ADANIENT
2024-08-21,3067.756800675968,3150.329075933,3065.508920578581,3112.764404296875,1379240,ADANIENT
2024-08-22,3127.800210462521,3147.032073131659,3088.0876628730025,3096.130126953125,1378912,ADANIENT
2024-08-23,3098.07809206292,3120.0573626289906,3064.709660676847,3073.451416015625,1375224,ADANIENT
2024-08-26,3085.0904967008796,3087.088612307551,3052.121589190799,3066.1083984375,1632446,ADANIENT
2024-08-27,3069.305253393934,3092.8331128219234,3061.1130284055153,3064.210205078125,1310440,ADANIENT
2024-08-28,3075.100110072913,3075.100110072913,3019.252872954547,3025.147216796875,1569652,ADANIENT
2024-08-29,3027.1450157285044,3039.083707189937,2978.490951551553,3017.30419921875,1853966,ADANIENT
2024-08-30,3027.1452394702205,3035.687232739955,3000.4704440629503,3016.50537109375,3509174,ADANIENT
2024-09-02,3018.253719134102,3056.267674580156,2994.7758600407615,3039.28369140625,1842658,ADANIENT
2024-09-03,3034.1385564141656,3050.1734829804295,3020.9510421588575,3033.239501953125,1371577,ADANIENT
2024-09-04,3007.1638354670463,3022.1497017567494,2952.4154218398817,3009.51171875,1212270,ADANIENT
2024-09-05,3022.149843403795,3035.0375914527494,2999.1715140159313,3012.509033203125,734273,ADANIENT
2024-09-06,3016.155500378545,3022.149847182875,2965.203552541743,2972.646484375,1251165,ADANIENT
2024-09-09,2969.299882634167,2969.699408203073,2924.542042939515,2961.357177734375,1523581,ADANIENT
2024-09-10,2968.800321005567,3004.5663958997,2944.8229332809096,2983.586181640625,803782,ADANIENT
2024-09-11,2982.1877566287394,2990.130217952211,2925.241457758442,2935.082275390625,888628,ADANIENT
2024-09-12,2947.220514897557,2997.173404980567,2914.4013685487816,2988.181884765625,1314173,ADANIENT
2024-09-13,2969.1999303853595,2999.121664212606,2953.265006458986,2965.553466796875,815948,ADANIENT
2024-09-16,2969.199897923713,3023.54854680868,2969.199897923713,2982.087646484375,695162,ADANIENT
2024-09-17,2987.2328344634584,2993.0771762682134,2949.718165155818,2972.396728515625,698700,ADANIENT
2024-09-18,2973.196038485408,2981.937794310928,2932.234668331543,2953.5146484375,831891,ADANIENT
2024-09-19,2972.247044230204,2972.4468070139696,2887.626894859536,2940.376953125,1655401,ADANIENT
2024-09-20,2945.3720495772955,3022.149736310272,2939.2779435628236,3005.665283203125,1787210,ADANIENT
2024-09-23,3017.154645016181,3067.107536489959,3012.4091203261723,3041.08203125,897314,ADANIENT
2024-09-24,3052.1216120052263,3098.0782713021954,3037.385509295872,3090.98486328125,1021918,ADANIENT
2024-09-25,3105.0717306850106,3120.9566525924206,3077.2978742732107,3102.174560546875,913008,ADANIENT
2024-09-26,3082.0933348000613,3145.033976645249,3082.0933348000613,3119.707763671875,1548019,ADANIENT
2024-09-27,3119.0586011583946,3176.0048984889613,3113.0642540709664,3127.350830078125,2297441,ADANIENT
2024-09-30,3126.0518643005275,3206.8755429657276,3117.459869634025,3132.8955078125,1607429,ADANIENT
2024-10-01,3133.345257783993,3188.9927325619265,3104.072813305108,3183.098388671875,1367116,ADANIENT
2024-10-03,3147.032175321175,3193.3386034651426,3081.1943616620306,3113.064208984375,1309703,ADANIENT
2024-10-04,3116.9605234970636,3146.5327337519116,3067.107633788972,3107.71923828125,987583,ADANIENT
2024-10-07,3107.719103396176,3125.5523830082657,2977.6418242998634,3015.156494140625,1743454,ADANIENT
2024-10-08,3015.655954163325,3167.013210103608,2992.028334876159,3157.721923828125,1776511,ADANIENT
2024-10-09,3172.0085428897887,3176.953830261151,3131.4466982889116,3150.778564453125,897335,ADANIENT
2024-10-10,3137.0415004457554,3207.974604436726,3053.2206483643254,3171.209228515625,2905725,ADANIENT
2024-10-11,3171.209279923758,3186.994442244267,3113.064163646751,3134.244140625,1035260,ADANIENT
2024-10-14,3142.0367622502913,3147.1320545641242,3089.9359958554346,3098.17822265625,437728,ADANIENT
2024-10-15,3121.0565222475284,3125.052753389971,3088.587144215184,3101.774658203125,371613,ADANIENT
2024-10-16,3095.081128836538,3112.4646373542073,3058.1159894669604,3082.992431640625,543476,ADANIENT
2024-10-17,3087.038554846919,3097.0791343711116,2990.179951346044,3010.910400390625,2655289,ADANIENT
2024-10-18,2987.1826936339316,3028.843353321559,2965.303426318372,2999.17138671875,796339,ADANIENT
2024-10-21,3002.318482301283,3012.1092976283944,2914.2016321784763,2934.882080078125,1051690,ADANIENT
2024-10-22,2935.2317538431744,2952.215736081205,2815.344820398252,2821.139404296875,1209732,ADANIENT
2024-10-23,2838.17347313647,2876.2874309704675,2817.44302360794,2832.87841796875,1270530,ADANIENT
2024-10-24,2838.373322383439,2872.4410483483002,2805.2544086729376,2827.533447265625,942066,ADANIENT
2024-10-25,2842.319621502939,2844.31773722983,2652.1988613071053,2690.912353515625,1954174,ADANIENT
2024-10-28,2698.555048804152,2819.740561567059,2669.582373380822,2796.012939453125,1385033,ADANIENT
2024-10-29,2800.359124710551,2860.352596767331,2730.2753148190513,2845.916259765625,1529844,ADANIENT
2024-10-30,2861.3016039051317,2994.3260554190924,2812.3977722713453,2966.50244140625,2884272,ADANIENT
2024-10-31,2965.103590841663,2973.6955856127797,2931.085867377797,2944.47314453125,1156390,ADANIENT
2024-11-01,2957.211054045177,2972.796453110463,2925.6407303634305,2946.720947265625,304673,ADANIENT
2024-11-04,2932.234839375619,2940.2273023108846,2855.057619156959,2894.670166015625,1059384,ADANIENT
2024-11-05,2894.670175963184,2921.245212878513,2867.2960878800727,2912.80322265625,752303,ADANIENT
2024-11-06,2915.2507174548628,3067.107506026877,2915.2507174548628,3043.3798828125,1676755,ADANIENT
2024-11-07,3042.131091699252,3042.131091699252,2940.2771947346605,2967.3017578125,1285585,ADANIENT
2024-11-08,2962.3064132305303,2992.178144217916,2908.5070525390342,2926.34033203125,835641,ADANIENT
2024-11-11,2925.241217318922,2944.023552605684,2885.278905606915,2900.9140625,584144,ADANIENT
2024-11-12,2907.258210610845,2927.688893927348,2852.310031372496,2867.2958984375,597231,ADANIENT
2024-11-13,2857.305147530125,2886.2778221029826,2805.354144847759,2814.0458984375,890146,ADANIENT
2024-11-14,2821.339308047719,2842.1197596653183,2798.3609779892568,2824.13671875,646797,ADANIENT
2024-11-18,2824.1366552472946,2855.9565000272682,2790.6682187407914,2816.044189453125,489692,ADANIENT
2024-11-19,2828.332846696128,2892.072787961194,2807.1528685089966,2818.841796875,536296,ADANIENT
2024-11-21,2536.95759396695,2536.95759396695,2153.0196217526277,2181.592529296875,21796668,ADANIENT
2024-11-22,2099.020532577213,2287.542699167448,2023.0921363488133,2225.90087890625,20939196,ADANIENT
2024-11-25,2312.8188719892028,2331.451202918525,2235.8914192275747,2255.373046875,7466733,ADANIENT
2024-11-26,2263.465274267323,2290.68959721275,2133.9872958323645,2148.4736328125,7723187,ADANIENT
2024-11-27,2177.946162197628,2415.7219358687453,2140.1317241566944,2395.541015625,17502156,ADANIENT
2024-11-28,2437.7011252447064,2523.9198654647857,2397.738811716105,2434.803955078125,14445549,ADANIENT
2024-11-29,2461.728399921204,2517.6256345733627,2397.738699593679,2460.8291015625,8191680,ADANIENT
2024-12-02,2489.0025924676397,2505.6368062366773,2424.3136039493684,2454.73486328125,3807565,ADANIENT
2024-12-03,2461.678402254849,2555.5898348084024,2459.730288340378,2511.8310546875,4070042,ADANIENT
2024-12-04,2525.618085479507,2527.6662027249295,2467.772737177738,2492.3994140625,2344949,ADANIENT
2024-12-05,2502.639826409539,2535.75849541036,2467.9225673405845,2520.17333984375,3333144,ADANIENT
2024-12-06,2517.6256134929586,2532.6114802399406,2500.1421022881464,2504.038330078125,1240437,ADANIENT
2024-12-09,2505.5369866503584,2523.620030593753,2480.810305828032,2493.49853515625,958369,ADANIENT
2024-12-10,2498.6436925241137,2498.6436925241137,2452.687031246181,2464.87548828125,1119816,ADANIENT
2024-12-11,2466.6737437724146,2477.663379730898,2448.6907031130772,2454.934814453125,712674,ADANIENT
2024-12-12,2454.685002935615,2532.4117481883854,2443.94513163665,2501.74072265625,2579624,ADANIENT
2024-12-13,2501.640598308967,2542.6019659330354,2476.714156305218,2525.16845703125,1940935,ADANIENT
2024-12-16,2527.6162296577813,2535.109163144909,2500.6416691041213,2510.03271484375,654321,ADANIENT
2024-12-17,2509.633261067345,2522.621012816499,2478.4127039780315,2485.25634765625,1061891,ADANIENT
2024-12-18,2486.6550431125697,2494.247980503113,2449.689901852961,2455.084716796875,990217,ADANIENT
2024-12-19,2426.711366729306,2431.706655668642,2394.8415208605807,2417.070556640625,1181898,ADANIENT
2024-12-20,2426.7115860994086,2451.5382719364293,2330.802029794121,2342.74072265625,1337016,ADANIENT
2024-12-23,2371.7133630658304,2377.2581829828778,2330.552227927425,2336.746337890625,758920,ADANIENT
2024-12-24,2352.9808527718214,2410.626438339084,2337.7952231811396,2370.214599609375,1156186,ADANIENT
2024-12-26,2375.8094906340834,2407.729339106929,2365.7689107905426,2397.988525390625,895785,ADANIENT
2024-12-27,2412.724734339599,2443.845289145822,2388.247816744849,2407.679443359375,1982291,ADANIENT
2024-12-30,2422.715286092852,2607.540988330863,2419.6681108684274,2589.90771484375,7825097,ADANIENT
2024-12-31,2572.573759214471,2575.3211680835348,2505.0873580304356,2526.267333984375,2745674,ADANIENT
2025-01-01,2533.610534344813,2641.708537540656,2515.877258719963,2552.44287109375,2875721,ADANIENT
2025-01-02,2563.2825912749695,2599.548438799761,2534.6096807205968,2595.25244140625,1167236,ADANIENT
2025-01-03,2577.5692310855757,2616.532486904311,2554.1913751585766,2562.183837890625,932795,ADANIENT
2025-01-06,2555.240216822625,2566.429859890092,2461.1790176498153,2472.11865234375,1121398,ADANIENT
2025-01-07,2472.3181519701366,2522.620807012823,2472.3181519701366,2518.175048828125,1019130,ADANIENT
2025-01-08,2518.1751820657687,2527.6162294767546,2487.653917548268,2512.880126953125,879641,ADANIENT
2025-01-09,2514.6284424676815,2515.1779730310304,2467.1731977250456,2475.565185546875,705838,ADANIENT
2025-01-10,2477.663447445911,2482.2592110820287,2366.0187336345884,2372.162841796875,1418808,ADANIENT
2025-01-13,2362.771804019524,2362.771804019524,2214.811239573551,2223.053466796875,1559903,ADANIENT
2025-01-14,2239.3880910286434,2420.6170810006947,2239.3880910286434,2378.30712890625,4120705,ADANIENT
2025-01-15,2396.7395323099017,2419.6678587951933,2370.4142631423483,2385.899658203125,1421437,ADANIENT
2025-01-16,2497.6446718046623,2567.578722615193,2416.571223322128,2425.562744140625,2841803,ADANIENT
2025-01-17,2447.6917174801247,2447.6917174801247,2377.8076700835786,2397.5390625,1122205,ADANIENT
2025-01-20,2411.4758561837048,2451.687934158389,2387.748232534046,2440.49853515625,1039435,ADANIENT
2025-01-21,2439.4495363703786,2439.4495363703786,2371.4135983528436,2382.0537109375,1206512,ADANIENT
2025-01-22,2396.73983560688,2396.73983560688,2322.9593141745368,2374.31103515625,1147334,ADANIENT
2025-01-23,2380.754814023192,2402.8838474411637,2352.7811947228774,2382.7529296875,826721,ADANIENT
2025-01-24,2385.5001493517107,2403.732953341102,2297.233299323767,2312.918701171875,1388583,ADANIENT
2025-01-27,2307.8737067946563,2315.916171518859,2247.930233934436,2257.571044921875,1032995,ADANIENT
2025-01-28,2272.0570643064502,2313.6679655380944,2239.8874538495147,2283.89599609375,966497,ADANIENT
2025-01-29,2294.835781162571,2324.0582219980106,2280.4494463155165,2316.41552734375,785220,ADANIENT
2025-01-30,2322.809473102372,2349.2845058065495,2199.226067337068,2250.477783203125,2601625,ADANIENT
2025-01-31,2236.7406997030694,2312.768853520974,2211.664250836292,2285.64453125,2013345,ADANIENT
2025-02-01,2294.835890177588,2349.2345415348523,2235.441949551326,2267.861328125,987362,ADANIENT
2025-02-03,2264.6142798216165,2276.8527379346924,2211.8139772552504,2259.718994140625,824942,ADANIENT
2025-02-04,2276.752738964757,2309.821649942972,2265.413579200885,2299.33154296875,691187,ADANIENT
2025-02-05,2312.768857774388,2347.186350982752,2306.874514184961,2322.409912109375,560940,ADANIENT
2025-02-06,2337.7953323525267,2337.7953323525267,2296.0346660950486,2310.271240234375,680544,ADANIENT
2025-02-07,2310.2711649061653,2372.662275844184,2305.1761164635286,2336.596435546875,892884,ADANIENT
2025-02-10,2347.7860235569906,2348.735079763114,2277.951975143946,2288.641845703125,739708,ADANIENT
2025-02-11,2309.8216862280606,2394.7416011629157,2303.8273392914825,2319.5625,4895456,ADANIENT
2025-02-12,2322.809518751094,2376.2091124538088,2278.8509730198903,2351.232666015625,1933098,ADANIENT
2025-02-13,2351.782025606977,2370.514359073473,2231.29555918624,2242.5849609375,2551665,ADANIENT
2025-02-14,2243.5839550585347,2247.1806605462784,2122.5482054190925,2150.62158203125,2549876,ADANIENT
2025-02-17,2150.6216322858177,2238.288952469936,2108.661205531026,2221.604736328125,1400160,ADANIENT
2025-02-18,2237.8896433378573,2237.8896433378573,2164.009362153536,2218.208251953125,1138085,ADANIENT
2025-02-19,2163.9592566831648,2217.308847164575,2124.996001368925,2178.745361328125,1203163,ADANIENT
2025-02-20,2178.7453743686856,2214.261929169058,2154.7679863394865,2176.947021484375,1086670,ADANIENT
2025-02-21,2188.386151624922,2197.527677018384,2114.8556424667245,2131.09033203125,1540308,ADANIENT
2025-02-24,2126.9440286764225,2136.4850793325772,2094.7244150180286,2113.156982421875,1032294,ADANIENT
2025-02-25,2113.1569175595655,2156.2664061287337,2100.01940561673,2127.84326171875,802131,ADANIENT
2025-02-27,2141.7303288655658,2147.0753860843565,2100.519191342205,2108.961181640625,941950,ADANIENT
2025-02-28,2105.0147822722224,2109.3607812616547,2070.04775931089,2094.025146484375,2373922,ADANIENT
2025-03-03,2107.0127594058886,2125.2455630375425,2024.64049808226,2115.105224609375,1592611,ADANIENT
2025-03-04,2083.1355928078365,2151.970580190256,2078.0403002765706,2142.779296875,852978,ADANIENT
2025-03-05,2151.9205696991016,2256.272111529745,2146.026226051133,2243.734130859375,1370106,ADANIENT
2025-03-06,2257.8707050119024,2266.7622221709375,2224.052499764186,2250.7275390625,890270,ADANIENT
2025-03-07,2247.830211364785,2265.513486925248,2224.9018819738944,2245.382568359375,818806,ADANIENT
2025-03-10,2242.8849011139005,2285.8443891975967,2217.908454553612,2226.20068359375,940113,ADANIENT
2025-03-11,2221.0551615474305,2265.713238547249,2206.219300157998,2248.4794921875,947079,ADANIENT
2025-03-12,2267.8611243036007,2277.851701943705,2178.8949816363574,2239.687744140625,1049076,ADANIENT
2025-03-13,2246.8809386096987,2270.858325237815,2213.512506449807,2219.00732421875,750310,ADANIENT
2025-03-17,2197.9270968138385,2284.74511957375,2195.9289812712805,2250.577392578125,927737,ADANIENT
2025-03-18,2250.577392578125,2250.577392578125,2250.577392578125,2250.577392578125,0,ADANIENT
2025-03-19,2317.764155987922,2339.7934298460914,2308.872638895617,2316.46533203125,1030345,ADANIENT
2025-03-20,2345.787701294948,2345.787701294948,2296.833869368435,2337.095947265625,2587050,ADANIENT
2025-03-21,2341.5918751550334,2387.2987725253556,2335.797290750007,2360.573974609375,1101418,ADANIENT
2025-03-24,2367.7670856955565,2392.7435317471973,2358.8755684654147,2366.46826171875,1010184,ADANIENT
2025-03-25,2382.7530572421283,2385.4004630748173,2312.9190086004105,2318.1640625,763065,ADANIENT
2025-03-26,2322.7093582659054,2357.6266231527625,2305.875380851782,2310.421142578125,1078870,ADANIENT
2025-03-27,2307.8234611347066,2371.6631554174437,2289.4408956318957,2361.123291015625,1696042,ADANIENT
2025-03-28,2373.76139645314,2384.7010308743706,2291.538888526199,2313.6181640625,1838836,ADANIENT
2025-04-01,2309.821710068515,2356.7274265492474,2298.8320739046944,2333.0498046875,501942,ADANIENT
2025-04-02,2337.5455139287105,2376.6087719137695,2312.3693058667213,2367.16748046875,573928,ADANIENT
2025-04-03,2337.545459822979,2427.6104218604264,2337.4954581514526,2408.528564453125,1023200,ADANIENT
2025-04-04,2392.693429437376,2407.779299782305,2313.318336005863,2332.4501953125,1219733,ADANIENT
2025-04-07,2148.024358246562,2236.8905043561235,2142.9790673710963,2210.615234375,1567177,ADANIENT
2025-04-08,2267.8612278894757,2298.8320199884065,2222.9036264555434,2283.54638671875,1224337,ADANIENT
2025-04-09,2263.5651489915517,2277.402196720931,2213.1127314218957,2234.792236328125,1001633,ADANIENT
2025-04-11,2300.8803246713483,2341.292167580555,2278.851049392467,2319.212890625,981463,ADANIENT
2025-04-15,2372.7623807578175,2437.701140652242,2356.777455245344,2415.921630859375,1145125,ADANIENT
2025-04-16,2397.7385762991976,2425.7121930226886,2380.6545913788336,2413.323974609375,889949,ADANIENT
2025-04-17,2415.7217739989487,2446.2930404152835,2389.746271052724,2415.82177734375,1054797,ADANIENT
2025-04-21,2423.814224378439,2462.577471861723,2393.242958156473,2440.3984375,782559,ADANIENT
2025-04-22,2456.583322946242,2481.0602410000492,2438.7002844630124,2443.196044921875,766567,ADANIENT
2025-04-23,2457.6822024715357,2471.469248974837,2418.918710821166,2451.288330078125,672262,ADANIENT
2025-04-24,2447.691664134468,2459.0808257421186,2422.8152219285253,2440.19873046875,596626,ADANIENT
2025-04-25,2447.7915714951764,2457.182617090383,2321.310758613338,2352.081787109375,1414809,ADANIENT
2025-04-28,2343.7895150988993,2399.7367499009188,2335.397527442831,2367.567138671875,681421,ADANIENT
2025-04-29,2389.7463506184386,2397.738813329537,2323.4090076805637,2328.404296875,670730,ADANIENT
2025-04-30,2329.203082979205,2337.795076980201,2282.846902093914,2299.131591796875,837464,ADANIENT
2025-05-02,2347.685777949217,2370.164577982858,2287.842314535005,2296.933837890625,1695797,ADANIENT
2025-05-05,2310.421025889198,2494.6471754853583,2295.6349225627555,2453.186279296875,4227194,ADANIENT
2025-05-06,2451.6877590753106,2460.879041745309,2341.2918758732644,2351.781982421875,1524692,ADANIENT
2025-05-07,2312.818856088492,2377.258085556184,2312.818856088492,2350.883056640625,1012640,ADANIENT
2025-05-08,2359.7746616158447,2365.569245976871,2257.870760055804,2283.14697265625,1380069,ADANIENT
2025-05-09,2237.8895143824966,2270.9584257530137,2230.896109650051,2248.879150390625,1006000,ADANIENT
2025-05-12,2347.786029213323,2431.007599796923,2312.8190032463162,2423.01513671875,2147039,ADANIENT
2025-05-13,2422.7149719151266,2452.5867001901797,2402.7338175075793,2438.899658203125,1815174,ADANIENT
2025-05-14,2442.596339513642,2479.5614784444288,2427.8104790698053,2459.580322265625,774441,ADANIENT
2025-05-15,2461.078961661174,2524.4193744502136,2448.390975998153,2517.625732421875,1554800,ADANIENT
2025-05-16,2526.6172696764925,2581.7652134946647,2513.82928058126,2552.5927734375,1641135,ADANIENT
2025-05-19,2568.8775710479663,2576.3705051346124,2533.610779164694,2538.20654296875,680957,ADANIENT
2025-05-20,2542.602176302394,2562.3835701103644,2490.1516402490047,2499.2431640625,628023,ADANIENT
2025-05-21,2507.3352313361606,2522.121335083314,2481.359729370557,2498.0439453125,529234,ADANIENT
2025-05-22,2498.0440927115505,2519.523835988998,2462.9773093351955,2485.25634765625,906909,ADANIENT
2025-05-23,2496.6455618310165,2545.6993997257528,2488.1535701241082,2537.60693359375,968415,ADANIENT
2025-05-26,2546.698387841958,2566.4795375596973,2538.905688059812,2545.299560546875,552912,ADANIENT
2025-05-27,2543.5010712891385,2566.679406610624,2523.71992263219,2537.906494140625,514936,ADANIENT
2025-05-28,2556.5889143653703,2556.5889143653703,2507.6350820856114,2512.63037109375,575989,ADANIENT
2025-05-29,2534.3097714783835,2556.588808312619,2508.634035823754,2538.406005859375,802317,ADANIENT
2025-05-30,2547.5973718961664,2561.584180996773,2511.4315285752887,2517.525634765625,684592,ADANIENT
2025-06-02,2524.618982737723,2561.5841201976737,2512.5302861663145,2516.4267578125,1008716,ADANIENT
2025-06-03,2508.634091988326,2510.132678662154,2449.689682817752,2468.57177734375,962656,ADANIENT
2025-06-04,2477.6633974012075,2500.641727296461,2438.8001457078244,2487.054443359375,552667,ADANIENT
2025-06-05,2492.649237348097,2527.716264063005,2485.1563037688943,2502.040283203125,673209,ADANIENT
2025-06-06,2512.530391324915,2550.894357613754,2501.6407587492313,2531.812255859375,640680,ADANIENT
2025-06-09,2542.602335111715,2601.6467540925055,2522.1216483259427,2579.66748046875,1711167,ADANIENT
2025-06-10,2597.550428103293,2660.6908358812207,2575.271389110901,2610.63818359375,2084054,ADANIENT
2025-06-11,2627.5218893753145,2628.4209437884333,2560.6850232896586,2578.767822265625,745432,ADANIENT
2025-06-12,2589.058233255703,2599.3485771574556,2527.616179871475,2541.30322265625,955097,ADANIENT
2025-06-13,2496.8835749299233,2514.8755302336617,2458.900558177587,2506.779052734375,695869,ADANIENT
2025-06-16,2498.882701561886,2562.1544603717357,2460.8996844981452,2542.863037109375,956459,ADANIENT
2025-06-17,2533.86715953935,2538.465201504575,2477.8921848118534,2487.387939453125,703343,ADANIENT
2025-06-18,2490.786121026434,2494.7843331836457,2444.3069046988467,2458.0009765625,667044,ADANIENT
2025-06-19,2465.197838015502,2467.7965296341154,2404.0252376308704,2419.518310546875,688209,ADANIENT
2025-06-20,2426.9148788380803,2460.2000452165857,2413.920688794878,2447.3056640625,3002549,ADANIENT
2025-06-23,2436.910458265385,2491.4861551484146,2419.9180555621397,2470.895263671875,790533,ADANIENT
2025-06-24,2502.8808421136328,2543.462793635905,2499.0824917098744,2504.480224609375,996372,ADANIENT
2025-06-25,2518.7737701721803,2540.464267762938,2510.9774511830533,2526.070556640625,921346,ADANIENT
2025-06-26,2533.867119320877,2592.4410288436243,2521.072790779935,2585.044189453125,1339627,ADANIENT
2025-06-27,2586.5435220512604,2680.40170506774,2580.8461181567536,2645.117431640625,4049316,ADANIENT
2025-06-30,2648.8156699998563,2652.713829411024,2604.7352814261208,2618.229248046875,694814,ADANIENT
2025-07-01,2623.726886220827,2643.8180015388925,2601.836770512566,2620.62841796875,729197,ADANIENT
2025-07-02,2632.8227645032407,2644.8174012435743,2612.431979657277,2629.0244140625,621409,ADANIENT
2025-07-03,2632.822818060909,2642.8183488811856,2603.9358316029147,2610.032958984375,502724,ADANIENT
2025-07-04,2615.8303788664834,2615.8303788664834,2581.0458832949716,2597.9384765625,370305,ADANIENT
2025-07-07,2600.8370570597776,2604.2354398445623,2570.85046531812,2574.94873046875,412159,ADANIENT
2025-07-08,2584.8441657759377,2598.8379083594114,2571.8499762341407,2590.141845703125,357686,ADANIENT
2025-07-09,2597.8385530088563,2608.7335843796236,2568.8515125943673,2581.845703125,396880,ADANIENT
2025-07-10,2589.841966099168,2602.8361558171496,2573.849117215499,2579.846435546875,306565,ADANIENT
2025-07-11,2573.8491603640496,2590.7415096680093,2550.7593867885676,2557.556396484375,390645,ADANIENT
2025-07-14,2553.8581888498115,2603.635982393775,2542.363328117219,2580.146484375,536585,ADANIENT
2025-07-15,2586.8434255349,2605.734881532265,2574.8487883222188,2597.038818359375,379425,ADANIENT
2025-07-16,2601.3369099911497,2618.329312477163,2594.340038379262,2607.334228515625,686644,ADANIENT
2025-07-17,2610.8326223217637,2653.3136278534157,2604.135665550135,2615.4306640625,785771,ADANIENT
2025-07-18,2610.8327383340356,2625.5261203292284,2583.0451129099342,2594.93994140625,479942,ADANIENT
2025-07-21,2595.139762587187,2623.7268348310395,2583.844763749791,2618.329345703125,369782,ADANIENT
2025-07-22,2624.826434208216,2628.8246465984803,2580.4463742888947,2586.6435546875,387055,ADANIENT
2025-07-23,2599.5376615776436,2624.7263505348947,2592.3409281657882,2613.33154296875,316424,ADANIENT
2025-07-24,2614.2310023512105,2623.0271181758203,2593.8402173304657,2607.234130859375,253782,ADANIENT
2025-07-25,2603.8358166087614,2615.8304537678036,2542.963130639229,2548.96044921875,424612,ADANIENT
2025-07-28,2547.8608707233648,2583.844782589211,2511.4772352271734,2521.1728515625,428409,ADANIENT
2025-07-29,2527.869774605656,2556.256984861298,2506.3793830856794,2546.76123046875,424781,ADANIENT
2025-07-30,2546.7611180128606,2551.4592125721997,2523.871450784683,2531.767822265625,262063,ADANIENT
2025-07-31,2508.778077348053,2518.87366066411,2421.517292185964,2429.613525390625,1457616,ADANIENT
2025-08-01,2423.9163500803693,2443.8073598354285,2331.957461747423,2349.849365234375,976341,ADANIENT
2025-08-04,2358.945212557066,2373.6385936764377,2337.154907126297,2362.543701171875,576426,ADANIENT
2025-08-05,2368.9407912308193,2368.9407912308193,2314.9649251015094,2327.159423828125,576742,ADANIENT
2025-08-06,2332.856809344485,2346.8505523057943,2294.973845654689,2299.27197265625,631582,ADANIENT
2025-08-07,2288.976664701431,2293.9744303448842,2201.815680685918,2248.794677734375,1529410,ADANIENT
2025-08-08,2245.9958200965802,2259.88951060117,2163.832603922048,2177.126708984375,2552736,ADANIENT
2025-08-11,2195.018553362488,2300.9711793444662,2182.024363383566,2282.37939453125,2376286,ADANIENT
2025-08-12,2279.081012786804,2313.6654019869634,2265.9867701854805,2287.17724609375,1075526,ADANIENT
2025-08-13,2297.972510115865,2313.865306331378,2244.396367900298,2279.0810546875,833679,ADANIENT
2025-08-14,2286.9773641331158,2302.9702128333474,2266.686388538396,2280.580322265625,998109,ADANIENT
2025-08-18,2308.567855358492,2358.9452321961794,2298.972048326785,2332.55712890625,988629,ADANIENT
2025-08-19,2338.8541943212863,2394.529497055675,2313.0659196409943,2387.33251953125,1069432,ADANIENT
2025-08-20,2378.936278798334,2404.9246583146187,2371.0399072502205,2386.033203125,780025,ADANIENT
2025-08-21,2386.0331727421258,2395.9286502808714,2370.339994701148,2376.137451171875,441867,ADANIENT
2025-08-22,2368.840728090787,2375.238014171495,2319.962680474945,2323.86083984375,584211,ADANIENT
2025-08-25,2334.655994090531,2347.350268932297,2298.9719992562027,2301.87060546875,542455,ADANIENT
2025-08-26,2302.9703180017605,2308.267998181939,2248.3946217073417,2270.984619140625,1071550,ADANIENT
2025-08-28,2270.8845315177978,2326.8595036694337,2253.992182177498,2274.18310546875,907868,ADANIENT
2025-08-29,2281.979709582827,2288.6766664945285,2238.9989266165276,2243.69677734375,795699,ADANIENT
2025-09-01,2257.9905092761574,2286.977549899889,2251.0936903265692,2283.17919921875,425639,ADANIENT
2025-09-02,2289.9761345072952,2300.971218522826,2262.98820101463,2273.18359375,481894,ADANIENT
2025-09-03,2283.9787044983127,2291.9751288466655,2262.0885904572983,2287.677001953125,443629,ADANIENT
2025-09-04,2308.867694435034,2316.2645340706063,2273.983387552878,2277.78173828125,392697,ADANIENT
2025-09-05,2273.9833287923934,2292.4750613561996,2246.9953947803515,2280.38037109375,443010,ADANIENT
2025-09-08,2288.9766250845446,2332.8569090619844,2284.978412638982,2309.8671875,542811,ADANIENT
2025-09-09,2318.9630424170555,2323.9608075946785,2295.97332259999,2310.56689453125,369431,ADANIENT
2025-09-10,2328.9586601956153,2344.851456444431,2324.0609477502976,2339.154052734375,390490,ADANIENT
2025-09-11,2346.95068100964,2417.61903643987,2339.1541180159957,2397.72802734375,2111888,ADANIENT
2025-09-12,2415.819681666717,2420.5177762516864,2386.0331958449106,2390.930908203125,533971,ADANIENT
2025-09-15,2390.930970910245,2401.726192996577,2377.0372806902196,2382.334716796875,298129,ADANIENT
2025-09-16,2408.922997307066,2414.7204541566816,2386.9328288669185,2398.32763671875,752979,ADANIENT
2025-09-17,2415.9198099687433,2415.9198099687433,2389.931429720838,2400.926513671875,514354,ADANIENT
2025-09-18,2413.4209272525986,2436.9104247843593,2387.3324940834414,2400.926513671875,703730,ADANIENT
2025-09-19,2493.8850298849793,2577.8474918129705,2464.9980423818865,2522.8720703125,7965135,ADANIENT
2025-09-22,2533.867180536491,2657.8117684601693,2520.9730427925247,2628.324951171875,7022985,ADANIENT
2025-09-23,2641.419157384738,2693.795642959921,2591.841225304295,2675.203857421875,5610022,ADANIENT
2025-09-24,2653.813369229093,2674.803983448984,2613.231417458034,2618.629150390625,1720785,ADANIENT
2025-09-25,2623.826913917968,2646.716582525825,2565.8528335342567,2575.24853515625,1489682,ADANIENT
2025-09-26,2571.65032593956,2603.8358877223764,2533.867169050374,2542.563232421875,1037808,ADANIENT
2025-09-29,2542.563084003863,2553.85808245075,2503.880429173827,2508.37841796875,1012402,ADANIENT
2025-09-30,2520.8729319069857,2533.8671222776406,2489.487062008936,2504.780029296875,712592,ADANIENT
2025-10-01,2517.274416024738,2602.236429072377,2470.9953029663557,2591.541259765625,1573485,ADANIENT
2025-10-03,2593.8402499757262,2611.7321525459975,2563.2538280281465,2588.742431640625,917651,ADANIENT
2025-10-06,2587.942979189176,2598.638148347753,2561.4548225471854,2572.349853515625,654955,ADANIENT
2025-10-07,2579.5465132159534,2616.1302525420506,2531.9679343462694,2541.063720703125,1120230,ADANIENT
2025-10-08,2560.8548864007653,2563.8535455183305,2498.8825979710823,2522.971923828125,1063357,ADANIENT
2025-10-09,2533.867076640608,2557.856350738981,2521.0727483151727,2541.263671875,651703,ADANIENT
2025-10-10,2550.859371587424,2563.853561176232,2537.6653201958593,2549.759765625,690142,ADANIENT
2025-10-13,2527.969699070452,2540.9638886315415,2502.880820074515,2526.270263671875,645483,ADANIENT
2025-10-14,2537.765113948781,2537.765113948781,2484.089164542924,2515.875,673048,ADANIENT
2025-10-15,2533.8671809672105,2560.2552859492885,2526.1706706833984,2531.668212890625,759772,ADANIENT
2025-10-16,2543.6627031386624,2578.5470076936936,2539.7642997440025,2556.45703125,1020102,ADANIENT
2025-10-17,2558.8558581973275,2576.0481221882887,2541.963508933551,2548.260498046875,682968,ADANIENT
2025-10-20,2560.155478278593,2577.8475198567253,2535.966341361543,2546.96142578125,747349,ADANIENT
2025-10-21,2553.7580192137502,2560.854943563004,2541.1637970577553,2548.76025390625,101019,ADANIENT
2025-10-23,2558.7559059326,2576.6480530013264,2539.7643968629645,2544.662353515625,852445,ADANIENT
2025-10-24,2553.6582947433294,2553.6582947433294,2496.5837154323494,2503.080810546875,473765,ADANIENT
2025-10-27,2503.080842969023,2513.476341705826,2485.988631249864,2491.68603515625,478055,ADANIENT
2025-10-28,2493.8849857229015,2514.8756008331943,2477.992189037716,2493.28515625,626988,ADANIENT
2025-10-29,2498.882681833008,2598.837989106328,2494.3846930057084,2536.265869140625,1526734,ADANIENT
2025-10-30,2548.860280911002,2558.2559819809735,2510.6774031562054,2525.7705078125,783328,ADANIENT
2025-10-31,2533.8669778992216,2542.36317881131,2463.798211588104,2479.89111328125,848642,ADANIENT
2025-11-03,2482.889863384171,2500.7817659948246,2456.401706629066,2465.8974609375,731108,ADANIENT
2025-11-04,2478.69168852868,2487.787474814622,2389.531605766614,2418.718505859375,2072668,ADANIENT
2025-11-06,2424.0164053051135,2426.0155115751168,2306.5689119424196,2313.265869140625,1978147,ADANIENT
2025-11-07,2313.9654723483477,2401.4263703312768,2290.3759211083425,2368.341064453125,2232889,ADANIENT
2025-11-10,2307.215551504247,2314.0957762481394,2290.838596032777,2297.3310546875,577428,ADANIENT
2025-11-11,2294.7148120582797,2305.2774725648533,2266.1277391204144,2293.5517578125,654132,ADANIENT
2025-11-12,2310.2195672117296,2439.587997516291,2287.9314362909995,2407.609130859375,6895852,ADANIENT
2025-11-13,2424.5675068494074,2446.855636791042,2391.7167170105436,2411.194580078125,2791508,ADANIENT
2025-11-14,2422.6293500664538,2474.667360186821,2404.217417081213,2438.909423828125,4637753,ADANIENT
2025-11-17,2458.9005520632363,2473.7937951928034,2419.9179823354043,2460.899658203125,2672697,ADANIENT
2025-11-18,2460.899625723853,2477.4923040785425,2433.2120548581197,2435.7109375,1245215,ADANIENT
2025-11-19,2445.406608965021,2448.804991822671,2412.8210809611383,2432.0126953125,774785,ADANIENT
2025-11-20,2449.005048174653,2477.7919810569465,2439.30918827435,2445.0068359375,1526556,ADANIENT
2025-11-21,2448.9051014333068,2455.102281863283,2416.91940214928,2421.217529296875,547541,ADANIENT
2025-11-24,2425.1156185360114,2431.212989898014,2392.030558216385,2398.127685546875,691419,ADANIENT
2025-11-25,2399.8267841142433,2406.6237935585305,2324.260721087291,2331.857177734375,2223715,ADANIENT
2025-11-26,2320.1625121919433,2355.9465605173464,2308.9675667352863,2313.96533203125,1026965,ADANIENT
2025-11-27,2308.967606707317,2319.462914010532,2241.99755058204,2253.9921875,1474038,ADANIENT
2025-11-28,2266.0869091361897,2329.958254007972,2246.7954856828023,2279.180908203125,3037620,ADANIENT
2025-12-01,2298.972029816672,2302.9702420424405,2255.991248389665,2260.989013671875,1313265,ADANIENT
2025-12-02,2253.992140538483,2266.1866390113696,2231.2022820628786,2238.59912109375,1035354,ADANIENT
2025-12-03,2238.9988027097847,2243.9965678944045,2171.229058000036,2188.8212890625,1643852,ADANIENT
2025-12-04,2187.0221517531254,2230.702572796736,2182.4241099457918,2216.90869140625,2522821,ADANIENT
2025-12-05,2216.908679843517,2267.5862162549965,2201.9153836345613,2264.387451171875,2400781,ADANIENT
2025-12-08,2264.387435065523,2269.385200432959,2204.0145270394946,2215.20947265625,939764,ADANIENT
2025-12-09,2215.209493795378,2255.9913083891315,2177.4263384507017,2244.196533203125,1227728,ADANIENT
2025-12-10,2254.7920162754185,2266.486739177327,2203.1151678753436,2210.61181640625,935149,ADANIENT
2025-12-11,2224.0057274489336,2292.8748409020445,2191.4201976049358,2276.68212890625,1519832,ADANIENT
2025-12-12,2276.6820320797224,2295.773593776679,2269.1853838790616,2281.3798828125,929199,ADANIENT
2025-12-15,2281.379783330672,2298.97201462037,2271.9840822748265,2277.88134765625,573027,ADANIENT
2025-12-16,2268.985484281227,2275.7824940096057,2231.1025202840265,2246.895263671875,654714,ADANIENT
2025-12-17,2246.5955460221076,2253.9921410230613,2220.0073371229355,2231.502197265625,651509,ADANIENT
2025-12-18,2235.4003913257216,2243.9966453525944,2210.111893843839,2228.3037109375,508238,ADANIENT
2025-12-19,2247.994798027335,2248.994351072256,2209.012229275416,2237.999267578125,880005,ADANIENT
2025-12-22,2258.990089411448,2272.983833328156,2244.896292568438,2262.488525390625,599195,ADANIENT
2025-12-23,2271.4842800820966,2272.5838860370923,2243.9965715222475,2247.794921875,450112,ADANIENT
2025-12-24,2248.9943903783087,2257.790506133646,2216.4088629317794,2221.70654296875,825693,ADANIENT
2025-12-26,2228.303734882108,2249.8939350380156,2217.0087362473137,2228.9033203125,566237,ADANIENT
2025-12-29,2231.002509998829,2237.1996903869663,2195.018598547235,2202.21533203125,690691,ADANIENT
2025-12-30,2203.814726985917,2218.0083322208643,2194.0190577849467,2213.710205078125,935026,ADANIENT
2025-12-31,2215.309530252999,2245.3959314095755,2215.309530252999,2238.698974609375,779141,ADANIENT
2026-01-01,2247.9949062111104,2286.3776473706275,2239.998481466918,2258.989990234375,1046220,ADANIENT
2026-01-02,2258.9900494331746,2282.679409552342,2257.9904963139566,2278.78125,715242,ADANIENT
2026-01-05,2285.977849124842,2302.8701982329253,2273.2835740641194,2278.481201171875,696380,ADANIENT
2026-01-06,2287.877064254638,2289.3763939513483,2247.0954917293307,2258.090576171875,698294,ADANIENT
2026-01-07,2263.9877096602213,2282.979218041477,2241.9975420608725,2273.083740234375,529451,ADANIENT
2026-01-08,2273.9832353462693,2274.8827354970986,2204.0145204125383,2213.010498046875,792800,ADANIENT
2026-01-09,2213.1107049035027,2215.009758256906,2144.0414853163643,2152.737548828125,1570376,ADANIENT
2026-01-12,2155.6363419708764,2179.025787211826,2118.0530472944306,2170.629638671875,1257197,ADANIENT
2026-01-13,2186.822355489005,2186.822355489005,2140.143273788827,2157.535400390625,791556,ADANIENT
2026-01-14,2155.0363909320236,2168.030580673265,2141.0426481337636,2152.337646484375,618139,ADANIENT
2026-01-15,2152.337646484375,2152.337646484375,2152.337646484375,2152.337646484375,0,ADANIENT
2026-01-16,2161.8334795144697,2192.9194343046515,2151.1383102198956,2156.3359375,758469,ADANIENT
2026-01-19,2154.036780299296,2155.8360245601384,2122.0510833296544,2133.64599609375,749495,ADANIENT
2026-01-20,2133.0462813432187,2138.943546926454,2039.0882914433769,2054.181640625,1160975,ADANIENT
2026-01-21,2055.580937028128,2067.2756594171706,2003.204330519324,2031.291748046875,1354644,ADANIENT
2026-01-22,2054.9811591757384,2101.960155755851,2050.0834465065914,2085.467529296875,942721,ADANIENT
2026-01-23,2079.5702034295723,2081.569309609269,1847.1741100398217,1863.3668212890625,7492631,ADANIENT
2026-01-27,1908.1468368495232,1973.017856387056,1892.153987509768,1958.624267578125,5449633,ADANIENT
2026-01-28,1984.1128556498172,2003.1043640918053,1951.1276041453114,1993.8084716796875,2073198,ADANIENT
2026-01-29,1998.906253644305,2028.1930850261886,1971.1186298332548,2018.2974853515625,1391239,ADANIENT
2026-01-30,2004.1039284538922,2037.8888714156772,1991.3096002040932,2019.4970703125,1230915,ADANIENT
2026-02-02,1955.7255912936437,2001.305188722125,1933.1357154030477,1994.50830078125,1229270,ADANIENT
2026-02-03,2149.039132772103,2232.401762449355,2130.147677078015,2201.61572265625,6918581,ADANIENT
2026-02-04,2219.007815195557,2244.996195013163,2188.2215318360913,2227.2041015625,2051918,ADANIENT
2026-02-05,2231.002544013752,2242.69726660752,2209.012375569172,2235.6005859375,992382,ADANIENT
2026-02-06,2225.105114470192,2236.999698004262,2199.416406180329,2225.40478515625,933650,ADANIENT
2026-02-09,2248.9944295012915,2286.977446532869,2238.998898703508,2249.094482421875,1650899,ADANIENT
2026-02-10,2257.990475513299,2267.286368242699,2170.0298018323915,2227.404052734375,1670672,ADANIENT
2026-02-11,2231.902037525309,2236.6999412506248,2214.1101874258557,2233.4013671875,682320,ADANIENT
2026-02-12,2228.00378739169,2228.503563925425,2200.016301502517,2210.8115234375,649585,ADANIENT
2026-02-13,2209.012364032098,2209.012364032098,2123.2506587398416,2135.645263671875,1489548,ADANIENT
2026-02-16,2123.2506262068446,2189.9207685423253,2102.260011304634,2183.623779296875,1824808,ADANIENT
2026-02-17,2169.0301404671295,2250.993491397224,2169.0301404671295,2241.8974609375,1931699,ADANIENT
2026-02-18,2252.9925895501583,2252.9925895501583,2187.122140733589,2210.211669921875,1149398,ADANIENT
2026-02-19,2217.908236902735,2217.908236902735,2150.0386802210546,2155.736083984375,1101633,ADANIENT
2026-02-20,2159.0347813383373,2173.4282489346483,2151.1384091488317,2159.83447265625,738454,ADANIENT
2026-02-23,2179.025668305711,2202.015388659395,2154.3367565582735,2190.020751953125,1103960,ADANIENT
2026-02-24,2167.6309470564634,2203.714667494014,2161.233660807044,2182.0244140625,1152423,ADANIENT
2026-02-25,2192.2198418123044,2236.3002317722962,2179.1258424318817,2230.70263671875,1474187,ADANIENT
2026-02-26,2229.0034437885024,2231.402273649029,2199.1169032982966,2215.409423828125,915342,ADANIENT
2026-02-27,2209.0123959694774,2215.4094383270967,2152.0378681096313,2160.833984375,1433096,ADANIENT
2026-03-02,2092.064658882267,2146.940026999537,2072.773235056169,2123.650634765625,2134522,ADANIENT
2026-03-04,2103.6595613332993,2103.6595613332993,2036.5894504090604,2075.572021484375,1585848,ADANIENT
2026-03-05,2093.064261268337,2099.0615800685327,2039.0883920665747,2088.266357421875,1231524,ADANIENT
2026-03-06,2078.1709582463,2089.06598947834,2029.2926649922251,2038.9884033203125,1696027,ADANIENT
2026-03-09,1984.1129132710926,2005.1035284744644,1939.5328691947025,1998.3065185546875,1305447,ADANIENT
2026-03-10,2029.092817337567,2029.092817337567,1981.314129778191,1995.6077880859375,1680405,ADANIENT
2026-03-11,2005.703149894863,2026.4939023916854,1969.119532227194,1973.8173828125,1088294,ADANIENT
2026-03-12,1959.1239961210663,2025.0944980312656,1946.2297372536493,2001.105224609375,1473773,ADANIENT
2026-03-13,1999.0062188537977,2007.7022817989432,1944.1307306397857,1960.2235107421875,1195448,ADANIENT
2026-03-16,1960.123564655547,1993.9085071310778,1945.729976085624,1977.115966796875,1465828,ADANIENT
2026-03-17,1989.010731818339,1989.110662724872,1944.130773366772,1974.5172119140625,1268988,ADANIENT
2026-03-18,1988.0111086274114,2026.0940558713742,1981.3140299052118,2006.3028564453125,1041095,ADANIENT
2026-03-19,1983.1133046679035,1987.7112244187203,1929.137438512628,1935.9344482421875,1510588,ADANIENT
2026-03-20,1950.1281132094953,1973.5176803338684,1919.0420359617938,1926.23876953125,1175662,ADANIENT
2026-03-23,1909.146372893438,1909.2463037977682,1819.686372697646,1832.1807861328125,2370668,ADANIENT
2026-03-24,1891.8540197731872,1892.1539344962077,1812.8893283705459,1817.0875244140625,11211381,ADANIENT
2026-03-25,1847.074180145487,1910.1459557463081,1838.377995049589,1885.7568359375,2537690,ADANIENT
2026-03-27,1879.1598294792238,1882.3583505954377,1815.6882075792605,1822.185302734375,2585257,ADANIENT
2026-03-30,1809.1911079122908,1836.97873285117,1752.216581309528,1758.0140380859375,2825299,ADANIENT
2026-04-01,1824.1843351159685,1869.1642228311568,1802.993859043115,1841.676513671875,2328166,ADANIENT
2026-04-02,1804.1933472809305,1842.0764342114771,1769.3089196533442,1833.3802490234375,1830598,ADANIENT
2026-04-06,1836.0791094494932,1908.146863385849,1801.29461284548,1901.349853515625,3153437,ADANIENT
2026-04-07,1889.1552826364593,1903.7487329034102,1864.166456146559,1881.2587890625,1566909,ADANIENT
2026-04-08,1999.1061237629763,2098.0618768892436,1974.2172281189764,2042.8865966796875,4197831,ADANIENT
2026-04-09,2038.888374361753,2064.0770625904534,2009.4015591818893,2039.5880126953125,2481188,ADANIENT
2026-04-10,2042.1868885107851,2093.6639945288275,2040.7874897852414,2085.867431640625,1700162,ADANIENT
2026-04-13,2009.3016249961336,2158.035177464662,1999.306093836038,2128.048583984375,3729773,ADANIENT
2026-04-15,2186.0227116597075,2199.0169024468937,2135.045501648439,2143.441650390625,1779015,ADANIENT
2026-04-16,2169.0301976822316,2209.4120447638015,2160.134272825081,2202.715087890625,2188912,ADANIENT
2026-04-17,2238.998846266909,2238.998846266909,2185.1230341412147,2217.30859375,2408901,ADANIENT
2026-04-20,2217.308760572556,2279.0811929100128,2201.2158575416356,2228.603759765625,1795338,ADANIENT
2026-04-21,2228.703424494409,2253.992165893664,2219.007808551634,2225.005126953125,1818221,ADANIENT
2026-04-22,2228.0037154556626,2277.5816436140694,2223.106003195795,2259.78955078125,3517237,ADANIENT
2026-04-23,2242.4974168860394,2332.856921005767,2220.807163064117,2298.97216796875,2948009,ADANIENT
2026-04-24,2309.1673890512893,2320.3623343165,2226.0046247549362,2286.57763671875,2271317,ADANIENT
2026-04-27,2299.172006461715,2335.955609582367,2284.978401157591,2320.762451171875,1500864,ADANIENT
2026-04-28,2320.7624137846105,2418.9184784423737,2319.862669584462,2411.32177734375,4375556,ADANIENT
2026-04-29,2426.5151092575657,2442.7078200445444,2386.9327104169424,2424.815673828125,4656967,ADANIENT
2026-04-30,2393.8295200504303,2418.91839940897,2327.7592093615117,2407.323486328125,3538354,ADANIENT
2026-05-01,2407.323486328125,2407.323486328125,2407.323486328125,2407.323486328125,0,ADANIENT
2026-05-04,2389.3316513455684,2513.8760661938645,2373.938631097586,2484.589111328125,6039537,ADANIENT
2026-05-05,2468.89608276268,2510.7772587807463,2448.905021363792,2460.899658203125,1622580,ADANIENT
2026-05-06,2474.3937050777845,2545.361975350668,2471.0951310334453,2539.164794921875,3169133,ADANIENT
2026-05-07,2539.164871091216,2548.760434743526,2505.080011663105,2512.57666015625,1098088,ADANIENT
2026-05-08,2517.874272590681,2544.962259360577,2498.882763587417,2504.780029296875,1499613,ADANIENT
2026-05-11,2493.884892409484,2512.8764006081938,2458.900535201335,2499.08251953125,1279432,ADANIENT
2026-05-12,2486.5881284410943,2510.577402169413,2399.0274257516394,2404.125,1459022,ADANIENT
2026-05-13,2400.0269509800632,2528.8692428552217,2400.0269509800632,2496.883544921875,2036291,ADANIENT
2026-05-14,2528.969389042316,2718.7844246032996,2528.8693361199807,2711.6875,9539233,ADANIENT
2026-05-15,2779.8571351548885,2801.847302651897,2659.8107140699785,2714.7861328125,6742083,ADANIENT
2026-05-18,2698.7932929131057,2708.7888236275985,2646.3167566620173,2688.597900390625,2033884,ADANIENT
2026-05-19,2733.4778429296475,2773.2601055404243,2695.7947394638763,2723.7822265625,4204144,ADANIENT
2026-05-20,2713.7867015390843,2718.7844671036128,2683.900161075811,2703.59130859375,1187449,ADANIENT
2026-05-21,2726.680794854565,2768.762077837922,2682.8005115223764,2696.39453125,1606690,ADANIENT
2026-05-22,2708.9887687212913,2743.773265483451,2704.8907474212656,2716.085693359375,1094843,ADANIENT
2026-05-25,2738.575487266919,2857.5222998725158,2738.075710743366,2848.42626953125,3277924,ADANIENT
2026-05-26,2844.7279613407154,2978.068239709439,2823.737347430612,2967.972900390625,4899494,ADANIENT
2026-05-27,2980.6674095474245,3026.1470765945096,2942.684390914694,2971.771484375,3826916,ADANIENT
2026-05-28,2971.771484375,2971.771484375,2971.771484375,2971.771484375,0,ADANIENT
2026-05-29,2986.4647805167424,2993.6615139811115,2925.492041834656,2936.087158203125,4040865,ADANIENT
2026-06-01,2948.5815087814062,2954.3789654039347,2889.807983386944,2908.099609375,1629342,ADANIENT
2026-06-02,2883.710720636376,2973.670500482918,2863.9195202638325,2966.773681640625,2066890,ADANIENT
2026-06-03,2958.6770075383506,2963.6747727537872,2886.809241352977,2924.29248046875,1346112,ADANIENT
2026-06-04,2918.694984285008,2981.6668281240336,2916.7959310516744,2971.471435546875,1722991,ADANIENT
2026-06-05,2990.662812253037,3058.4325598129344,2920.494234916237,3046.837646484375,5617327,ADANIENT
2026-06-08,3016.351239886288,3038.4414602679235,2953.7793643440464,2968.672607421875,1653499,ADANIENT
2026-06-09,2984.565433693747,2997.3597618800422,2934.587779865649,2978.568115234375,1841620,ADANIENT
2026-06-10,2975.6694263915747,2993.5613283531775,2916.695796510116,2929.7900390625,1475029,ADANIENT
2026-06-11,2893.806171835952,2965.474077684693,2893.806171835952,2907.5,1204115,ADANIENT
2026-06-12,2958.800048828125,2971.89990234375,2886.199951171875,2921.60009765625,2321009,ADANIENT
2026-06-15,2960.0,2983.0,2935.0,2942.5,1174229,ADANIENT
2026-06-16,2971.39990234375,2997.699951171875,2928.300048828125,2943.60009765625,1851843,ADANIENT
2026-06-17,2958.0,2974.5,2934.60009765625,2951.89990234375,1244567,ADANIENT
2026-06-18,2952.0,3041.0,2938.0,3013.39990234375,1774394,ADANIENT
2026-06-19,3017.0,3051.89990234375,3009.10009765625,3038.39990234375,3620222,ADANIENT
2026-06-22,3040.0,3065.0,3001.0,3059.60009765625,1726452,ADANIENT
2026-06-23,3072.0,3091.699951171875,2943.5,2962.89990234375,1620658,ADANIENT
2026-06-24,2988.300048828125,3077.800048828125,2971.0,3069.699951171875,2527812,ADANIENT
2026-06-25,3086.0,3105.0,3027.699951171875,3038.0,1719600,ADANIENT
2026-06-26,3038.0,3038.0,3038.0,3038.0,0,ADANIENT
2026-06-29,3020.0,3020.0,2955.0,2962.5,1693354,ADANIENT
2026-06-30,2980.0,3054.60009765625,2969.0,3036.0,2099291,ADANIENT
2026-07-01,3041.0,3149.800048828125,3012.800048828125,3143.60009765625,3415655,ADANIENT
2026-07-02,3155.89990234375,3229.60009765625,3147.0,3177.5,3400034,ADANIENT
2026-07-03,3192.0,3224.0,3105.5,3212.10009765625,2848623,ADANIENT
2026-07-06,3230.0,3245.0,3187.699951171875,3206.60009765625,1978869,ADANIENT
2026-07-07,3209.89990234375,3215.199951171875,3096.5,3107.199951171875,2093552,ADANIENT
2026-07-08,3105.0,3146.89990234375,3028.0,3046.89990234375,2321035,ADANIENT
2026-07-09,3060.0,3105.0,3026.800048828125,3083.60009765625,2609306,ADANIENT
2026-07-10,3105.0,3183.0,3100.0,3157.300048828125,2145335,ADANIENT
2026-07-13,3127.300048828125,3195.0,3115.199951171875,3177.5,1599810,ADANIENT
2026-07-14,3169.89990234375,3219.699951171875,3145.0,3188.89990234375,1932879,ADANIENT
2026-07-15,3195.0,3199.89990234375,3142.300048828125,3150.60009765625,1035101,ADANIENT
2026-07-16,3167.60009765625,3190.0,3140.10009765625,3151.39990234375,1151243,ADANIENT
2026-07-17,3156.10009765625,3184.800048828125,3140.0,3160.699951171875,1021302,ADANIENT
2026-07-20,3162.699951171875,3189.0,3133.0,3183.300048828125,994778,ADANIENT
2026-07-21,3175.199951171875,3213.5,3170.0,3182.699951171875,951463,ADANIENT
2026-07-22,3182.0,3201.89990234375,3139.0,3147.699951171875,977224,ADANIENT
2026-07-23,3147.10009765625,3147.10009765625,3001.300048828125,3010.0,1580313,ADANIENT
2026-07-24,3010.0,3041.89990234375,2992.5,3026.39990234375,1280635,ADANIENT
2026-07-27,3045.10009765625,3057.39990234375,3008.10009765625,3036.60009765625,636870,ADANIENT
2026-07-28,3038.0,3038.0,2996.199951171875,3002.300048828125,1096125,ADANIENT
2026-07-29,3017.800048828125,3048.300048828125,2972.699951171875,3024.5,1547208,ADANIENT
2026-07-30,3024.5,3060.89990234375,2994.60009765625,3049.10009765625,1278332,ADANIENT
2026-07-31,3051.0,3067.5,3002.39990234375,3009.5,866401,ADANIENT
2026-08-03,3025.0,3077.0,3024.5,3068.0,891429,ADANIENT
2026-08-04,3063.10009765625,3091.5,3020.89990234375,3050.0,854172,ADANIENT
2026-08-05,3055.0,3085.89990234375,3037.300048828125,3050.0,870914,ADANIENT
2026-08-06,3050.0,3072.39990234375,3025.699951171875,3026.0,843121,ADANIENT
2026-08-07,3025.89990234375,3039.5,3004.5,3020.0,788881,ADANIENT
2026-08-10,3020.0,3021.800048828125,2969.89990234375,3010.0,811593,ADANIENT
2026-08-11,3062.0,3062.0,2980.0,2995.5,1422452,ADANIENT
2026-08-12,3020.0,3020.0,2943.0,2985.699951171875,1160458,ADANIENT
2026-08-13,2986.199951171875,3019.5,2932.800048828125,2964.89990234375,1302957,ADANIENT
2026-08-14,2965.0,3048.0,2950.0,3035.10009765625,1666749,ADANIENT
2026-08-17,3049.0,3058.60009765625,3005.5,3007.300048828125,941404,ADANIENT
2026-08-18,3014.0,3036.0,3002.5,3002.5,721988,ADANIENT
2026-08-19,3012.699951171875,3019.0,2967.300048828125,2990.300048828125,938700,ADANIENT
2026-08-20,3000.0,3011.0,2990.0,2994.89990234375,713687,ADANIENT
2026-08-21,2995.0,3007.5,2981.0,2997.0,803177,ADANIENT
2026-08-24,3010.0,3019.800048828125,2971.5,2998.60009765625,832518,ADANIENT
2026-08-25,2998.0,3110.0,2962.5,3110.0,2025912,ADANIENT
2026-08-26,3122.800048828125,3165.0,3092.800048828125,3112.0,2044729,ADANIENT
2026-08-27,3125.0,3169.0,3125.0,3169.0,1793570,ADANIENT
2026-08-28,3170.0,3173.699951171875,3133.300048828125,3168.5,530795,ADANIENT
2026-08-31,3165.0,3165.0,2859.10009765625,2859.10009765625,12872435,ADANIENT
2026-09-01,2910.0,2942.5,2846.0,2863.89990234375,3862408,ADANIENT
2026-09-02,2859.800048828125,2905.0,2830.5,2891.800048828125,1642492,ADANIENT
2026-09-03,2905.0,2920.5,2885.199951171875,2901.0,816124,ADANIENT
2026-09-04,2900.0,2965.0,2882.800048828125,2938.0,1060844,ADANIENT
2026-09-07,2940.0,2964.39990234375,2918.5,2950.0,981218,ADANIENT
2026-09-08,2933.0,2968.800048828125,2918.0,2953.10009765625,971374,ADANIENT
2026-09-09,2959.89990234375,3142.0,2935.199951171875,3104.699951171875,5320594,ADANIENT
2026-09-10,3114.5,3114.5,3041.10009765625,3077.199951171875,1716315,ADANIENT
2026-09-11,3040.0,3065.0,2999.0,3060.0,1815342,ADANIENT
2026-09-14,3060.0,3060.0,3060.0,3060.0,0,ADANIENT
2026-09-15,3080.0,3083.699951171875,2921.300048828125,2928.60009765625,1783310,ADANIENT
2026-09-16,2957.0,2972.89990234375,2914.300048828125,2920.0,764624,ADANIENT
2026-09-17,2930.10009765625,2945.0,2907.0,2923.199951171875,588066,ADANIENT
2026-09-18,2933.0,3020.0,2924.60009765625,3020.0,1628125,ADANIENT
2026-09-21,2995.60009765625,3015.89990234375,2973.0,2975.0,782730,ADANIENT
2026-09-22,2995.0,3026.10009765625,2979.60009765625,2997.0,793747,ADANIENT
2026-09-23,3015.5,3023.89990234375,2978.199951171875,2993.199951171875,855435,ADANIENT
2026-09-24,2978.0,2978.0,2898.199951171875,2900.0,1082462,ADANIENT
2026-09-25,2920.0,2939.89990234375,2902.5,2916.5,570504,ADANIENT
2026-09-28,2924.0,2924.0,2811.0,2831.10009765625,1259525,ADANIENT
2026-09-29,2834.60009765625,2972.89990234375,2793.699951171875,2972.89990234375,4062231,ADANIENT
2026-09-30,2910.0,2957.60009765625,2880.0,2903.39990234375,1663023,ADANIENT
2026-10-01,2900.0,2903.699951171875,2772.0,2816.800048828125,2100334,ADANIENT
