Date,Open,High,Low,Close,Volume,Symbol
2021-10-04,3054.3049609922627,3080.7206275945086,3030.654745239235,3053.16064453125,921241,ASIANPAINT
2021-10-05,3059.7885036727635,3108.85302400578,3043.6719173218157,3103.846435546875,909337,ASIANPAINT
2021-10-06,3110.760280165285,3127.9257262238307,3052.2546250539044,3063.31689453125,786378,ASIANPAINT
2021-10-07,3070.7072714784913,3164.16357974088,3070.7072714784913,3138.2724609375,1177283,ASIANPAINT
2021-10-08,3153.673825856242,3174.653815021297,3112.7629401128875,3153.578369140625,882436,ASIANPAINT
2021-10-11,3172.1744176025513,3189.2923685504097,3144.8528417398234,3152.76806640625,460197,ASIANPAINT
2021-10-12,3127.925417748063,3180.3753866432285,3127.925417748063,3169.170166015625,564524,ASIANPAINT
2021-10-13,3188.004835725351,3203.1675535116015,3138.7971298168777,3169.408935546875,770144,ASIANPAINT
2021-10-14,3187.0512965519374,3197.493563481771,3137.4622279042114,3144.900634765625,648597,ASIANPAINT
2021-10-18,3101.7004430306906,3131.692242410583,3082.150909108437,3091.21044921875,1576121,ASIANPAINT
2021-10-19,3109.710847354487,3117.5308470715527,3028.8427188048418,3036.137939453125,1042069,ASIANPAINT
2021-10-20,3042.0986110574067,3070.659960543676,2991.222041157766,3022.64453125,1205540,ASIANPAINT
2021-10-21,3045.9127725071307,3047.2954978652792,2785.045650514164,2862.814697265625,5103543,ASIANPAINT
2021-10-22,2837.0667228229418,2863.7207989151275,2777.1306150627,2844.12353515625,2855592,ASIANPAINT
2021-10-25,2813.2259450937318,2813.2259450937318,2724.776214108158,2782.75732421875,2161537,ASIANPAINT
2021-10-26,2782.757732665583,2883.795425976388,2763.637283227372,2832.1083984375,1988263,ASIANPAINT
2021-10-27,2888.7537675330677,2999.184849246029,2888.7537675330677,2951.169189453125,4609951,ASIANPAINT
2021-10-28,2962.626326495678,3005.2088026415636,2923.4810866032117,2975.32470703125,1791065,ASIANPAINT
2021-10-29,2983.6311457464594,3002.4399098700087,2943.8176183568553,2959.857666015625,1118903,ASIANPAINT
2021-11-01,2986.4954052559915,3000.1007631603707,2951.7897148368747,2980.575927734375,750393,ASIANPAINT
2021-11-02,2978.857141688331,2997.7614740144327,2940.6666655128397,2962.96044921875,881916,ASIANPAINT
2021-11-03,2961.766837621414,3038.911408871882,2954.9879352262133,3027.215576171875,879227,ASIANPAINT
2021-11-04,3035.188581892459,3045.6909645287647,3002.7266719256945,3016.33203125,263595,ASIANPAINT
2021-11-08,3021.8217873801236,3037.097979670197,2955.131567175294,2996.043212890625,787824,ASIANPAINT
2021-11-09,2997.9526978155072,3012.274127900613,2978.8574577020327,3002.86962890625,668840,ASIANPAINT
2021-11-10,2990.314580331124,2994.754130387201,2941.144337391452,2967.686767578125,872975,ASIANPAINT
2021-11-11,2950.214522585737,2966.1112163378943,2913.933567291803,2924.913330078125,958143,ASIANPAINT
2021-11-12,2949.2596399549134,2986.495355707015,2936.656828934976,2981.6259765625,682344,ASIANPAINT
2021-11-15,2984.5861988543797,3036.1433500821904,2984.5861988543797,3025.3544921875,696377,ASIANPAINT
2021-11-16,3021.8216719910965,3063.831199184654,2978.95295225251,3009.123291015625,1400107,ASIANPAINT
2021-11-17,3026.595703578477,3093.333477746978,3021.8696780422874,3084.1201171875,1616452,ASIANPAINT
2021-11-18,3102.8333047719802,3112.524045601868,3068.6049946516573,3080.873779296875,1609821,ASIANPAINT
2021-11-22,3094.3833564404467,3158.686664444809,3069.6073314460955,3113.71728515625,2146970,ASIANPAINT
2021-11-23,3113.717325580531,3139.543682251725,3028.075227591234,3041.44189453125,1482618,ASIANPAINT
2021-11-24,3041.919476098866,3063.7356476498285,3007.500259839246,3014.18359375,1056213,ASIANPAINT
2021-11-25,3013.7060877649924,3029.793919821408,2972.1739430421103,3002.01025390625,728825,ASIANPAINT
2021-11-26,2960.716541643409,3024.0650845877867,2951.168922998961,3000.912109375,1029110,ASIANPAINT
2021-11-29,2989.3597246629856,3035.0927297353896,2932.9331990618225,3002.05810546875,876651,ASIANPAINT
2021-11-30,2975.181544720609,3044.736050399219,2975.181544720609,3001.4375,2340489,ASIANPAINT
2021-12-01,3013.1333048095184,3054.9997117792304,2982.77205966382,2996.186279296875,1741820,ASIANPAINT
2021-12-02,3017.048116871862,3049.5100269901036,3009.648710889028,3036.71630859375,939320,ASIANPAINT
2021-12-03,3040.917057725725,3043.256178073967,2965.4908575497966,2969.739501953125,1216263,ASIANPAINT
2021-12-06,2974.0834662327316,2974.0834662327316,2891.2578672935056,2900.853271484375,1107363,ASIANPAINT
2021-12-07,2902.4765438579784,2930.1646424671503,2879.99185164405,2893.26318359375,2056459,ASIANPAINT
2021-12-08,2894.742822897785,2981.721734586743,2893.8836303337876,2967.877685546875,1171484,ASIANPAINT
2021-12-09,3009.7915688064404,3039.055163315109,2970.2645161215996,3034.90185546875,1287243,ASIANPAINT
2021-12-10,3039.9621516767597,3143.076445766298,3034.9018665512763,3134.626708984375,2554394,ASIANPAINT
2021-12-13,3136.4888189865023,3189.859922901631,3122.978796486145,3131.476318359375,1265832,ASIANPAINT
2021-12-14,3125.890972534827,3155.4885962821027,3102.0219211257345,3148.327880859375,863179,ASIANPAINT
2021-12-15,3129.8530332432915,3164.033560294496,3118.7301489110328,3152.576416015625,811946,ASIANPAINT
2021-12-16,3174.5835524746904,3174.5835524746904,3122.6445945087657,3149.3779296875,502930,ASIANPAINT
2021-12-17,3126.8452762434995,3144.3174659330407,3081.6849909780613,3096.961181640625,1019403,ASIANPAINT
2021-12-20,3081.017067950522,3126.8456453479885,3037.098014611283,3092.90380859375,948872,ASIANPAINT
2021-12-21,3100.112049002011,3146.895384512051,3093.4287153577197,3123.360595703125,712026,ASIANPAINT
2021-12-22,3127.513507394115,3137.013341674364,3094.3833161025927,3131.714599609375,619865,ASIANPAINT
2021-12-23,3141.166983854997,3158.257130437494,3102.9765038081277,3120.066650390625,1051596,ASIANPAINT
2021-12-24,3131.6194881713172,3150.7147289528493,3113.4790094288614,3136.202392578125,651404,ASIANPAINT
2021-12-27,3131.7146461807415,3136.154195840716,3080.252839177651,3124.36279296875,640701,ASIANPAINT
2021-12-28,3127.7523130939517,3222.3215293371404,3124.9358120060624,3215.8291015625,1211648,ASIANPAINT
2021-12-29,3219.6484007936842,3232.8241631398364,3194.8245885545716,3215.11328125,598421,ASIANPAINT
2021-12-30,3211.1030185935533,3236.642899883192,3198.7388983828505,3213.442138671875,691223,ASIANPAINT
2021-12-31,3236.6429835450535,3250.964412675784,3209.33669876399,3229.911865234375,570671,ASIANPAINT
2022-01-03,3229.9598628207,3285.240489670109,3229.9598628207,3267.577392578125,696276,ASIANPAINT
2022-01-04,3278.652338828762,3315.362886975972,3260.5596475852094,3302.807861328125,790886,ASIANPAINT
2022-01-05,3313.024110928505,3379.857450342048,3295.886179798127,3367.254638671875,1024506,ASIANPAINT
2022-01-06,3333.217389027087,3377.5184873589837,3295.9816696199127,3355.654296875,1312743,ASIANPAINT
2022-01-07,3355.654643675295,3419.957966689479,3338.373588893979,3414.515869140625,964364,ASIANPAINT
2022-01-10,3418.0480196131457,3427.5956397796626,3367.4456327306048,3392.746826171875,657511,ASIANPAINT
2022-01-11,3389.97808555568,3402.771803249735,3336.941009287024,3378.6640625,734344,ASIANPAINT
2022-01-12,3395.9930829904965,3420.3873002787614,3374.1291250226914,3383.48583984375,594543,ASIANPAINT
2022-01-13,3398.952800067812,3398.952800067812,3293.9289775938064,3299.896240234375,1153984,ASIANPAINT
2022-01-14,3305.38553364437,3305.38553364437,3194.633158744674,3212.20068359375,1558978,ASIANPAINT
2022-01-17,3212.201281692422,3245.2361411812312,3170.764702813436,3225.806640625,1103159,ASIANPAINT
2022-01-18,3226.1886364297675,3242.801402267865,3199.407515264669,3221.08056640625,558543,ASIANPAINT
2022-01-19,3217.5477396748174,3217.5477396748174,3119.923331252933,3132.0009765625,1495218,ASIANPAINT
2022-01-20,3133.529336527305,3212.679024519197,3076.243608254411,3156.825439453125,3075678,ASIANPAINT
2022-01-21,3150.76259409838,3174.536076239734,3095.099919180163,3126.70263671875,1441694,ASIANPAINT
2022-01-24,3120.1627272005544,3122.0722515134066,2993.1793603958804,3012.417724609375,1575665,ASIANPAINT
2022-01-25,2959.762304428013,3014.135955627217,2874.549792921497,3004.731689453125,2699779,ASIANPAINT
2022-01-27,2998.048438189895,3000.8171549257318,2932.3129771128392,2975.945556640625,1834684,ASIANPAINT
2022-01-28,2988.4051818382013,3026.595663395239,2962.6266067872007,2970.12158203125,892060,ASIANPAINT
2022-01-31,2997.9528464910977,3048.984831605917,2994.5156098617344,3009.648681640625,944530,ASIANPAINT
2022-02-01,3049.509744543166,3067.0297200021682,2999.480310350813,3051.657958984375,1008915,ASIANPAINT
2022-02-02,3059.8211394014547,3097.390882220039,3047.743260894317,3053.042236328125,667265,ASIANPAINT
2022-02-03,3067.50679265768,3094.956196647378,3045.88129626549,3058.102294921875,899753,ASIANPAINT
2022-02-04,3043.7811481930207,3101.830722356214,3032.3717893163644,3090.230224609375,705765,ASIANPAINT
2022-02-07,3087.7001948157163,3104.12205399451,3000.912425435529,3031.082763671875,860393,ASIANPAINT
2022-02-08,3035.1886640296884,3077.675576753602,3022.967662739298,3070.84912109375,799206,ASIANPAINT
2022-02-09,3083.881416485207,3111.5695158901826,3076.959391633963,3082.30615234375,472725,ASIANPAINT
2022-02-10,3074.333079047665,3101.0664101698185,3032.323558712852,3092.23486328125,728666,ASIANPAINT
2022-02-11,3083.8331880978767,3083.8331880978767,3038.5297820360083,3070.80078125,587840,ASIANPAINT
2022-02-14,2997.9529436014914,3038.7212379668936,2978.857701922501,3001.246826171875,681236,ASIANPAINT
2022-02-15,2997.9528159331103,3122.0718815609143,2991.126360562062,3116.916259765625,676844,ASIANPAINT
2022-02-16,3131.6196958886867,3136.4890758494394,3077.1982560515967,3105.697998046875,624320,ASIANPAINT
2022-02-17,3124.936074307677,3145.893053912408,3089.991691329003,3118.109619140625,636735,ASIANPAINT
2022-02-18,3089.753435192809,3123.98175147234,3083.9295259417495,3111.044677734375,423801,ASIANPAINT
2022-02-21,3088.655549564006,3130.139918285891,3059.2010440522386,3104.55224609375,547472,ASIANPAINT
2022-02-22,2978.8572631223465,3090.373504720008,2978.8572631223465,3081.159912109375,1147209,ASIANPAINT
2022-02-23,3090.4691400044358,3147.7548621443148,3083.8813751968296,3090.755615234375,935896,ASIANPAINT
2022-02-24,2988.4051004114367,3053.1380115060415,2913.456282397923,2930.21240234375,1823450,ASIANPAINT
2022-02-25,2964.5361754625364,2999.3372056856815,2943.5791950120824,2978.09375,1239456,ASIANPAINT
2022-02-28,2950.2148820543853,3046.168472878484,2878.607724722968,3031.035400390625,1678348,ASIANPAINT
2022-03-02,2966.44548912315,2970.4554428432484,2855.78866823566,2891.92626953125,3014206,ASIANPAINT
2022-03-03,2891.9736488955227,2912.9784096336216,2732.5284196563175,2741.98046875,4406840,ASIANPAINT
2022-03-04,2734.246969394235,2734.246969394235,2541.623770612945,2614.281005859375,6979253,ASIANPAINT
2022-03-07,2530.023688048226,2604.5429075152797,2481.760656236168,2585.925048828125,3233760,ASIANPAINT
2022-03-08,2568.310014140686,2613.136047508025,2518.662385614546,2600.198974609375,2611102,ASIANPAINT
2022-03-09,2625.5958302602926,2759.2625270735434,2544.488834777496,2744.893310546875,4076068,ASIANPAINT
2022-03-10,2864.2859603469296,2902.4764398182224,2760.407809565777,2781.03076171875,3971987,ASIANPAINT
2022-03-11,2785.0406311784564,2806.9523714929005,2751.9582225758822,2799.362060546875,1265493,ASIANPAINT
2022-03-14,2816.547799046922,2837.8868222205474,2785.3271293851976,2828.768798828125,1214217,ASIANPAINT
2022-03-15,2862.37659535481,2894.8385047084003,2831.824210080843,2852.017333984375,1857685,ASIANPAINT
2022-03-16,2905.340748322316,2912.024082281651,2874.5496740096655,2904.385986328125,1287234,ASIANPAINT
2022-03-17,2972.6514478209556,3020.19864141353,2937.325254286549,2994.70654296875,2867519,ASIANPAINT
2022-03-21,2976.279575070127,2976.279575070127,2893.0243768040737,2907.96630859375,1259015,ASIANPAINT
2022-03-22,2887.2008584109954,2924.1501084916504,2840.417511168225,2913.12255859375,1515772,ASIANPAINT
2022-03-23,2921.5715977898185,2940.57126755658,2869.0596899864067,2880.325927734375,948403,ASIANPAINT
2022-03-24,2835.1652285690725,2901.4733904442433,2817.072538673271,2888.48876953125,1243917,ASIANPAINT
2022-03-25,2888.489098573034,2925.9157196150995,2855.69293303442,2909.11181640625,1083275,ASIANPAINT
2022-03-28,2909.1122451471356,2920.235363130225,2860.1329042934576,2890.494384765625,680332,ASIANPAINT
2022-03-29,2930.1643619373017,2948.0183634015557,2876.41121868168,2904.958740234375,1120936,ASIANPAINT
2022-03-30,2938.757276979795,2954.3677280735683,2917.6569446830863,2942.146728515625,849545,ASIANPAINT
2022-03-31,2974.0833480308906,2987.688705240984,2927.3955838957754,2940.618896484375,1464862,ASIANPAINT
2022-04-01,2969.3098036165884,2979.8121855586405,2947.9707797958513,2973.27197265625,637392,ASIANPAINT
2022-04-04,2983.5830581408995,3000.8165565084537,2953.5558439576525,2976.947509765625,873264,ASIANPAINT
2022-04-05,2969.309594606706,3014.183405200441,2940.666736780918,2998.71630859375,805874,ASIANPAINT
2022-04-06,2995.0883820025165,3021.82171789543,2972.1740940943046,3011.3193359375,736379,ASIANPAINT
2022-04-07,3011.319407902882,3063.78353422729,3003.2039307414443,3012.274169921875,1025244,ASIANPAINT
2022-04-08,3024.685921052632,3074.3335434941523,3008.6458733369036,3061.20556640625,678898,ASIANPAINT
2022-04-11,3039.9620132042933,3076.24296687947,3007.500107284398,3014.613037109375,672652,ASIANPAINT
2022-04-12,3011.987809096154,3019.05318816277,2973.2721611362913,2987.1162109375,794265,ASIANPAINT
2022-04-13,2976.183949947032,2980.671284562192,2927.395753405237,2941.287353515625,1121350,ASIANPAINT
2022-04-18,2917.752834234615,2919.662358340789,2876.698065951863,2884.861328125,1032504,ASIANPAINT
2022-04-19,2892.9290925407417,2920.808098562486,2835.6433679359743,2855.88427734375,749782,ASIANPAINT
2022-04-20,2855.9793842212935,2949.7369583530776,2845.1905278822373,2943.531005859375,838182,ASIANPAINT
2022-04-21,2950.0240214334704,3030.796756282608,2946.4436635120665,3015.37744140625,1069035,ASIANPAINT
2022-04-22,2980.28982356974,3029.7465457811372,2972.4130364339235,3021.2490234375,681191,ASIANPAINT
2022-04-25,2992.223880517866,3012.3694504247865,2955.083734779901,2988.977783203125,1096774,ASIANPAINT
2022-04-26,2988.4047723824933,3006.2587734449057,2965.299580825479,2984.25146484375,1703441,ASIANPAINT
2022-04-27,2955.9429245942156,3020.866735599515,2946.347520613168,3005.9248046875,963536,ASIANPAINT
2022-04-28,3045.6907964989346,3120.1622329023567,3026.595556395493,3100.780517578125,2001838,ASIANPAINT
2022-04-29,3102.021853874458,3129.7099529087327,3075.5749921057873,3090.755615234375,1088970,ASIANPAINT
2022-05-02,3050.464471435547,3066.218043823242,3011.3670156744124,3055.23828125,595522,ASIANPAINT
2022-05-04,3034.23352278176,3050.1780009675754,2942.0512085021774,2960.57373046875,1120002,ASIANPAINT
2022-05-05,2964.297041994599,2985.492709791109,2931.119065600586,2937.372802734375,724601,ASIANPAINT
2022-05-06,2883.381383068276,2914.3155801646994,2868.00962086708,2879.801025390625,923941,ASIANPAINT
2022-05-09,2865.0974805174387,2901.330649769452,2840.4167909608705,2869.29833984375,998324,ASIANPAINT
2022-05-10,2912.9785656822783,2996.7589226598657,2898.657137139101,2946.7294921875,2460016,ASIANPAINT
2022-05-11,2950.596538449872,2968.8803715178033,2844.236139593452,2915.509033203125,1883969,ASIANPAINT
2022-05-12,2904.3860196672968,2938.7574518527085,2852.828871389179,2902.4287109375,1254245,ASIANPAINT
2022-05-13,2935.320301045442,2975.277185365363,2897.989245412497,2925.390869140625,1121729,ASIANPAINT
2022-05-16,2950.1190096612786,2950.1190096612786,2850.1554749110214,2864.1904296875,733044,ASIANPAINT
2022-05-17,2863.2359773621793,2918.325937180597,2817.50296586834,2912.0244140625,1179081,ASIANPAINT
2022-05-18,2892.928758915767,2987.2592878389237,2889.1097110492115,2959.857666015625,1379763,ASIANPAINT
2022-05-19,2864.763105541926,2932.7421067862433,2864.715320827282,2909.06396484375,772390,ASIANPAINT
2022-05-20,2940.6671300964686,2983.631422581644,2931.119509544207,2969.26220703125,778957,ASIANPAINT
2022-05-23,3001.723918488542,3043.7812308604152,2988.452820036629,3030.60546875,813294,ASIANPAINT
2022-05-24,3031.1307648695347,3039.6280537264447,2931.119441892896,2947.207275390625,691307,ASIANPAINT
2022-05-25,2901.5214702752846,2901.5214702752846,2698.4436568328038,2709.662109375,3381427,ASIANPAINT
2022-05-26,2721.071980376256,2730.619601360032,2595.5685491637587,2711.66748046875,3212196,ASIANPAINT
2022-05-27,2738.2571981370957,2739.2119600611322,2655.1929107459073,2706.60693359375,1879534,ASIANPAINT
2022-05-30,2749.7149426424053,2753.533991173853,2689.5649282721024,2715.343505859375,2525482,ASIANPAINT
2022-05-31,2715.342980857544,2747.8048870984567,2683.835836564893,2730.284912109375,2408221,ASIANPAINT
2022-06-01,2730.2849508822956,2806.9045983184124,2703.9336605937515,2723.45849609375,1770795,ASIANPAINT
2022-06-02,2740.3576865793143,2786.950116091759,2719.162018029918,2776.972900390625,1164197,ASIANPAINT
2022-06-03,2773.583776711577,2787.380041821589,2726.800435899574,2756.302490234375,1228489,ASIANPAINT
2022-06-06,2741.217261598849,2742.0764541572885,2680.6852111584144,2689.994140625,1193698,ASIANPAINT
2022-06-07,2673.333540289964,2677.152588204664,2607.45496376139,2620.53515625,1403598,ASIANPAINT
2022-06-08,2646.504347779941,2649.4642028305766,2577.857062213534,2582.82177734375,1743575,ASIANPAINT
2022-06-09,2573.507267926703,2590.4080064470686,2529.0950622768487,2580.037109375,1857501,ASIANPAINT
2022-06-10,2559.1036823661743,2627.282429626211,2546.620249769266,2601.115234375,1592920,ASIANPAINT
2022-06-13,2563.8568429289194,2576.3883351293102,2537.497642780172,2555.0224609375,1674206,ASIANPAINT
2022-06-14,2513.0111658627766,2560.4002932783574,2482.2827144651424,2530.679931640625,2296040,ASIANPAINT
2022-06-15,2544.6996441307256,2576.964608866053,2522.7096919251526,2555.406494140625,928842,ASIANPAINT
2022-06-16,2587.863663150263,2617.1517179031025,2535.097198278535,2551.853759765625,1280628,ASIANPAINT
2022-06-17,2544.795689148406,2551.4214168918406,2458.2758100275164,2477.673095703125,2043251,ASIANPAINT
2022-06-20,2496.6866261824057,2567.122090739149,2485.499643344724,2554.974609375,1595360,ASIANPAINT
2022-06-21,2568.6580575441517,2602.3153565527696,2535.096878708233,2571.923095703125,1042074,ASIANPAINT
2022-06-22,2581.1902616613115,2600.3474862466774,2521.9900653956647,2560.400634765625,1871760,ASIANPAINT
2022-06-23,2568.658120267627,2657.9626715846475,2568.658120267627,2648.60009765625,1612872,ASIANPAINT
2022-06-24,2664.7326877152227,2674.143322112884,2617.6797501663773,2651.19287109375,2215583,ASIANPAINT
2022-06-27,2669.437564696676,2715.2901666579187,2655.1297261327104,2708.8564453125,1295734,ASIANPAINT
2022-06-28,2669.534038387699,2674.1433526800024,2596.8420972518693,2618.159912109375,1838358,ASIANPAINT
2022-06-29,2598.9545919531333,2610.9578923039235,2571.587067153331,2590.600341796875,1066354,ASIANPAINT
2022-06-30,2606.9728441053026,2618.591897975024,2573.5075495453207,2588.103515625,1291447,ASIANPAINT
2022-07-01,2597.418035780258,2669.5339569543394,2578.3088756915113,2662.9560546875,1477191,ASIANPAINT
2022-07-04,2664.8764209648375,2686.8185461125486,2635.7325505940084,2679.424560546875,653147,ASIANPAINT
2022-07-05,2674.3352679148966,2700.550522276424,2650.3286676643143,2656.66650390625,1073043,ASIANPAINT
2022-07-06,2718.0754575687174,2754.997563457026,2693.684609999563,2747.699462890625,2085735,ASIANPAINT
2022-07-07,2786.1102095094584,2815.4943852045067,2762.4878529439416,2776.507568359375,1469087,ASIANPAINT
2022-07-08,2765.560169964193,2773.242281547427,2727.6297440219755,2765.3681640625,1274148,ASIANPAINT
2022-07-11,2759.7988039227976,2823.7044215835017,2738.0489175632815,2816.50244140625,1081885,ASIANPAINT
2022-07-12,2803.970716288455,2807.0915741062418,2770.745490052549,2778.235595703125,1115524,ASIANPAINT
2022-07-13,2831.81847506735,2850.9756945672507,2809.7804636294354,2824.328369140625,2153712,ASIANPAINT
2022-07-14,2834.7954697273544,2837.4361957474302,2796.672801085964,2822.35986328125,882479,ASIANPAINT
2022-07-15,2832.7309032607395,2866.388205289469,2823.608394734693,2859.810302734375,1668006,ASIANPAINT
2022-07-18,2875.750668730181,2904.798655283011,2869.6528984383494,2897.932861328125,823390,ASIANPAINT
2022-07-19,2864.8999878316463,2902.8784812740887,2859.810541026199,2899.133544921875,638171,ASIANPAINT
2022-07-20,2912.4808975559463,2923.715940183847,2880.792183537039,2886.98583984375,867436,ASIANPAINT
2022-07-21,2862.5470625809294,2962.3664612332213,2862.5470625809294,2944.265625,1184060,ASIANPAINT
2022-07-22,2944.2657602755767,2969.8567039780896,2926.8848868240943,2945.513916015625,1268141,ASIANPAINT
2022-07-25,2947.5302227376824,2993.3347667032185,2930.38941729034,2981.571533203125,985844,ASIANPAINT
2022-07-26,2972.9774126136,3024.639663893808,2931.686059660633,2984.980712890625,2876310,ASIANPAINT
2022-07-27,2995.0156484218815,3066.123251454533,2972.9776343574176,3059.449462890625,1976407,ASIANPAINT
2022-07-28,3070.924608411825,3149.6662650377693,3055.560382728714,3142.3681640625,1332572,ASIANPAINT
2022-07-29,3154.8514128913494,3221.0618066232037,3144.864760557274,3201.2802734375,1836550,ASIANPAINT
2022-08-01,3207.329647841289,3221.685546982428,3182.794857071016,3192.445556640625,1076122,ASIANPAINT
2022-08-02,3198.6395740523612,3269.4590482602152,3193.4542419200475,3261.20068359375,1650536,ASIANPAINT
2022-08-03,3268.7393313528487,3310.990956082439,3237.290678855256,3302.97265625,1169005,ASIANPAINT
2022-08-04,3317.7122002160545,3338.789948637784,3275.3644630163844,3322.99365234375,981434,ASIANPAINT
2022-08-05,3336.917468181741,3353.1938964264195,3314.3993238095286,3335.861083984375,792478,ASIANPAINT
2022-08-08,3327.3151674831747,3338.7902768005956,3299.9957002253577,3321.025390625,724644,ASIANPAINT
2022-08-10,3304.2683138928696,3312.76674378546,3261.056435332806,3276.08447265625,1089295,ASIANPAINT
2022-08-11,3312.911237186865,3339.7505726408153,3255.295389583615,3269.891357421875,1410533,ASIANPAINT
2022-08-12,3263.9376446265273,3298.3151459650344,3248.57341917374,3291.641357421875,548472,ASIANPAINT
2022-08-16,3332.1163352044505,3369.9987060179437,3318.000500211219,3361.884521484375,911189,ASIANPAINT
2022-08-17,3378.160611038436,3404.759876313755,3365.3412276090057,3383.68212890625,817912,ASIANPAINT
2022-08-18,3384.930558711076,3401.927184415863,3375.856110909656,3394.869384765625,599877,ASIANPAINT
2022-08-19,3380.1295675811148,3397.8944530925496,3326.3547790059606,3344.167724609375,581829,ASIANPAINT
2022-08-22,3324.5297873833883,3347.047929258131,3200.7516283187524,3216.64404296875,2336567,ASIANPAINT
2022-08-23,3200.5598442725295,3249.485247149322,3185.051674776481,3223.22216796875,831446,ASIANPAINT
2022-08-24,3206.8982550891706,3250.494153804579,3170.792229206121,3244.588623046875,1182154,ASIANPAINT
2022-08-25,3240.8912403432855,3269.843108314564,3218.036908560526,3228.887939453125,615392,ASIANPAINT
2022-08-26,3245.0683760007423,3250.0136420289014,3174.2967287305933,3191.485595703125,1384783,ASIANPAINT
2022-08-29,3117.9771787574546,3215.3000280204747,3108.0864127623263,3210.402587890625,1031166,ASIANPAINT
2022-08-30,3198.639449599532,3274.2602411504067,3198.639449599532,3256.83154296875,1426459,ASIANPAINT
2022-09-01,3183.2751256652496,3336.3411118385015,3183.2751256652496,3309.597900390625,1417762,ASIANPAINT
2022-09-02,3350.3611194897585,3350.3611194897585,3288.904223058877,3294.7138671875,740821,ASIANPAINT
2022-09-05,3288.9522242005055,3312.9107638511914,3270.227076404825,3288.712158203125,518438,ASIANPAINT
2022-09-06,3284.102960362823,3298.0748487926094,3249.533455516899,3260.33642578125,540937,ASIANPAINT
2022-09-07,3257.2155882960697,3298.5069415675116,3251.4059440292885,3265.23388671875,682921,ASIANPAINT
2022-09-08,3312.910741678315,3346.183794916783,3291.2086818845846,3313.0546875,1143090,ASIANPAINT
2022-09-09,3345.2721184429365,3345.2721184429365,3297.018845684698,3305.085205078125,702805,ASIANPAINT
2022-09-12,3305.0845588434004,3316.4154858633137,3286.983489671682,3295.81787109375,641280,ASIANPAINT
2022-09-13,3295.626210724424,3321.5533400045983,3278.965535726007,3286.215576171875,776044,ASIANPAINT
2022-09-14,3245.6925292662418,3311.4706175072884,3245.6925292662418,3302.300048828125,816678,ASIANPAINT
2022-09-15,3303.3083392497806,3321.313290226796,3254.430992773295,3260.48046875,590182,ASIANPAINT
2022-09-16,3276.804975513916,3284.1030761255374,3178.0419578794936,3190.525390625,1598265,ASIANPAINT
2022-09-19,3188.700653889006,3209.298504861112,3102.9012035678297,3184.4755859375,1013563,ASIANPAINT
2022-09-20,3203.0568514354177,3274.500402811891,3201.5203351832392,3258.367919921875,708184,ASIANPAINT
2022-09-21,3269.6992161064063,3288.808377661165,3214.9641631495588,3222.6943359375,605378,ASIANPAINT
2022-09-22,3222.6944594888214,3303.3085857919823,3183.899648224551,3299.467529296875,829396,ASIANPAINT
2022-09-23,3298.506920715292,3301.3396526967185,3248.2850653984597,3260.33642578125,513370,ASIANPAINT
2022-09-26,3236.0900162779353,3330.1958980569375,3220.7257906813634,3301.43603515625,1429914,ASIANPAINT
2022-09-27,3317.568250378072,3360.924077198145,3294.713919765233,3332.740234375,1455383,ASIANPAINT
2022-09-28,3313.871106272643,3440.529835712555,3284.1029218929116,3428.7666015625,1843428,ASIANPAINT
2022-09-29,3421.8525771405307,3421.8525771405307,3238.3940998493445,3250.301513671875,2624894,ASIANPAINT
2022-09-30,3266.8182924508837,3276.3248127536585,3154.7074648072503,3209.634521484375,2159720,ASIANPAINT
2022-10-03,3214.9640078653656,3219.2851960479807,3155.187571339195,3171.656005859375,934543,ASIANPAINT
2022-10-04,3197.679047917759,3234.5052652634017,3180.4423563942,3205.12109375,994382,ASIANPAINT
2022-10-06,3205.121513582424,3232.96917260239,3180.106586781766,3196.671142578125,922770,ASIANPAINT
2022-10-07,3186.1562209422673,3226.103300489967,3156.6281004498096,3210.8349609375,774544,ASIANPAINT
2022-10-10,3149.665853671434,3167.9108692872137,3130.6525799839424,3147.697265625,734377,ASIANPAINT
2022-10-11,3159.748928373845,3226.487281366394,3143.9045711885638,3167.623046875,1411316,ASIANPAINT
2022-10-12,3202.48060505567,3206.8017932783837,3078.6065426712075,3119.129638671875,1812549,ASIANPAINT
2022-10-13,3101.7494612012783,3128.7327443401405,3066.987709889794,3081.48779296875,779890,ASIANPAINT
2022-10-14,3106.4537173600347,3117.016620262959,3053.639202845413,3058.920654296875,845765,ASIANPAINT
2022-10-17,3058.9212381569732,3090.1298208724347,3044.1332650460517,3070.54052734375,1067773,ASIANPAINT
2022-10-18,3090.129314871428,3120.8577605134064,3084.367731313557,3097.66748046875,1015424,ASIANPAINT
2022-10-19,3113.1758564812562,3116.7287863573947,3069.339899100846,3085.088134765625,943543,ASIANPAINT
2022-10-20,3070.924681343968,3113.0323571325616,2978.547319118266,3016.093505859375,2284352,ASIANPAINT
2022-10-21,3015.2291711897633,3038.995706854396,2950.555292484157,2969.5205078125,1738731,ASIANPAINT
2022-10-24,3024.8317336757423,3033.474110057673,2992.182756232893,2997.608154296875,178709,ASIANPAINT
2022-10-25,3009.4674161802823,3010.427680193103,2957.517039310896,2962.318359375,1016316,ASIANPAINT
2022-10-27,2998.9049288659503,2998.9049288659503,2912.4811556997847,2922.515869140625,2005709,ASIANPAINT
2022-10-28,2937.1595145592846,2949.5470610956077,2919.2026242519423,2932.070068359375,715736,ASIANPAINT
2022-10-31,2963.8046900108484,2993.615833875331,2943.658173612827,2988.51904296875,814364,ASIANPAINT
2022-11-01,2991.211746136398,3043.044577194501,2991.211746136398,3038.236328125,939335,ASIANPAINT
2022-11-02,3036.890170157111,3038.7653403743857,3002.367035091457,3011.791015625,787012,ASIANPAINT
2022-11-03,2985.9226316793693,3027.994810467122,2985.9226316793693,3020.83056640625,563798,ASIANPAINT
2022-11-04,3027.2731282245695,3062.854165627463,3006.0205768376877,3059.34423828125,609757,ASIANPAINT
2022-11-07,3063.816300338393,3075.3560980797806,2978.6621625495136,2984.5283203125,1669943,ASIANPAINT
2022-11-09,3025.349993798599,3025.349993798599,2961.881112809817,2968.1318359375,1391333,ASIANPAINT
2022-11-10,2967.6514098447083,2967.6514098447083,2917.164793183384,2928.367919921875,1375007,ASIANPAINT
2022-11-11,2972.170646204404,2979.1907358881617,2931.1082514483915,2938.224365234375,810288,ASIANPAINT
2022-11-14,2938.801797262686,2959.9099634779127,2924.4251796668427,2936.109130859375,811702,ASIANPAINT
2022-11-15,2950.822387242243,2976.306106734477,2925.3386677500093,2961.208251953125,873840,ASIANPAINT
2022-11-16,2961.208510230493,2974.383066576614,2933.993771783139,2964.814697265625,770953,ASIANPAINT
2022-11-17,2973.4215193151344,2977.7970733576576,2942.648722220023,2953.803955078125,706271,ASIANPAINT
2022-11-18,2976.3065285514003,2995.3953735422497,2938.561768859755,2976.787353515625,1258576,ASIANPAINT
2022-11-21,2985.922682835123,2991.0676032689976,2948.610622966843,2976.5947265625,612194,ASIANPAINT
2022-11-22,2984.961048093464,2999.8666203374873,2954.476795685438,2984.81689453125,764079,ASIANPAINT
2022-11-23,2991.6923252622632,2995.3466412104226,2971.497680829442,2981.883544921875,488341,ASIANPAINT
2022-11-24,2998.3756704019734,3000.587511693523,2973.42090734921,2995.827392578125,571872,ASIANPAINT
2022-11-25,2995.82784163,3000.155265979512,2957.313717963783,2988.951904296875,898769,ASIANPAINT
2022-11-28,2988.9519996652725,3037.8519902861285,2977.94115542464,3030.35107421875,914689,ASIANPAINT
2022-11-29,3035.9284790749125,3047.4682769047827,3007.2231380619965,3014.8203125,877720,ASIANPAINT
2022-11-30,3019.4836852903927,3077.2307945539937,3013.1369383763076,3053.3818359375,2547283,ASIANPAINT
2022-12-01,3068.6245129819517,3074.3944117841743,3040.0154314209326,3057.42138671875,761717,ASIANPAINT
2022-12-02,3051.4589006841575,3052.5649387960807,3013.8104057676355,3022.89794921875,932259,ASIANPAINT
2022-12-05,3009.9639886960153,3047.1797904185837,2993.135116554744,3035.832275390625,926122,ASIANPAINT
2022-12-06,3005.155498824238,3047.468088247683,3005.155498824238,3040.447998046875,958365,ASIANPAINT
2022-12-07,3058.0464663964435,3110.648665262233,3054.5844330894065,3102.76318359375,1832282,ASIANPAINT
2022-12-08,3106.128646336481,3116.61053454459,3079.8274321537633,3097.906494140625,851312,ASIANPAINT
2022-12-09,3110.9368839410704,3118.0051033844697,3083.0490417048136,3103.195556640625,847879,ASIANPAINT
2022-12-12,3103.243888022317,3106.128837406906,3021.4073965683783,3044.919921875,1323816,ASIANPAINT
2022-12-13,3062.8544832007287,3062.8544832007287,3022.1285219855217,3056.603759765625,886601,ASIANPAINT
2022-12-14,3057.08506674512,3072.47146531949,3005.155971556622,3025.302490234375,1103870,ASIANPAINT
2022-12-15,3021.5037296444852,3039.967359203624,2997.173942281542,3010.541015625,799124,ASIANPAINT
2022-12-16,2995.538915340986,2997.4622148050894,2933.3202246327955,2938.705322265625,1192821,ASIANPAINT
2022-12-19,2944.5717050127932,2969.5745999606484,2924.377059093372,2962.794921875,655594,ASIANPAINT
2022-12-20,2957.121158001185,2970.199453943749,2902.2589919304437,2963.94873046875,739257,ASIANPAINT
2022-12-21,2966.68939567588,2993.0866336186423,2933.0797848100806,2951.927978515625,616324,ASIANPAINT
2022-12-22,2956.1114641789413,2974.863635145594,2921.540201070336,2970.103515625,663202,ASIANPAINT
2022-12-23,2960.8716820238287,2968.4688565087613,2919.5688689915128,2940.62890625,1230858,ASIANPAINT
2022-12-26,2940.6287647397735,2954.091861643241,2912.644897042805,2938.849853515625,536884,ASIANPAINT
2022-12-27,2942.6483287984115,3009.0021636634738,2939.090271565551,2993.231201171875,729041,ASIANPAINT
2022-12-28,2990.6828324571666,3023.234773011515,2985.9227127691793,3003.905517578125,972274,ASIANPAINT
2022-12-29,2982.075855505173,3005.1554493562285,2973.9499621256673,2995.68310546875,596265,ASIANPAINT
2022-12-30,3010.6848110750457,3010.6848110750457,2953.5147831225368,2969.47802734375,836220,ASIANPAINT
2023-01-02,2969.478422939694,2969.478422939694,2905.1441430766213,2930.387451171875,1015990,ASIANPAINT
2023-01-03,2930.146654646609,2942.5999713857314,2908.9903611112545,2912.11572265625,860367,ASIANPAINT
2023-01-04,2918.6069248260383,2933.031670747748,2886.439788376177,2901.153076171875,836382,ASIANPAINT
2023-01-05,2922.98284016768,2929.7625185463594,2880.525858544867,2889.1328125,1113920,ASIANPAINT
2023-01-06,2894.5657159138805,2907.5479873972154,2838.790031022517,2864.177490234375,1045526,ASIANPAINT
2023-01-09,2878.5062674018286,2901.9222981410403,2837.8284356853487,2869.70703125,808263,ASIANPAINT
2023-01-10,2869.7071456888607,2870.52464192682,2838.982481652939,2846.820068359375,864325,ASIANPAINT
2023-01-11,2860.81192823823,2860.81192823823,2822.4421946984185,2827.635009765625,890426,ASIANPAINT
2023-01-12,2826.288632421477,2827.106128625052,2784.937692920244,2804.12255859375,1558620,ASIANPAINT
2023-01-13,2812.8257397398665,2812.8257397398665,2761.6178865292177,2797.58349609375,1507864,ASIANPAINT
2023-01-16,2812.8252232621835,2817.248905558583,2784.937383441806,2804.218505859375,644073,ASIANPAINT
2023-01-17,2812.8255851812473,2831.914427080682,2799.5066419180816,2828.11572265625,716489,ASIANPAINT
2023-01-18,2834.8954797689826,2846.4834068096934,2817.008934363132,2832.299072265625,893808,ASIANPAINT
2023-01-19,2841.578839814053,2859.5618785147017,2734.547407167356,2756.232421875,2379947,ASIANPAINT
2023-01-20,2738.778474745528,2738.778474745528,2674.347941807343,2680.88720703125,3171005,ASIANPAINT
2023-01-23,2692.619473013274,2692.619473013274,2661.7025254753253,2677.665771484375,1402260,ASIANPAINT
2023-01-24,2687.811400461666,2718.6804553584107,2677.665947325472,2702.813232421875,1061471,ASIANPAINT
2023-01-25,2703.101505302352,2703.1977641997464,2660.9814291359926,2668.578369140625,857953,ASIANPAINT
2023-01-27,2660.5007861652502,2666.5110982185247,2582.8475544369485,2618.236083984375,1801498,ASIANPAINT
2023-01-30,2619.5339062191783,2669.5396929751982,2592.84812578688,2660.115478515625,1171912,ASIANPAINT
2023-01-31,2654.153479571399,2673.3383463540486,2613.8123169370942,2621.313232421875,1961805,ASIANPAINT
2023-02-01,2644.344150155291,2671.4626222593965,2601.069917613292,2638.526123046875,1176872,ASIANPAINT
2023-02-02,2635.8823570866157,2635.8823570866157,2590.6848121092094,2601.887939453125,1308570,ASIANPAINT
2023-02-03,2601.8875186625423,2657.903615878522,2596.4542915561337,2654.537841796875,1278409,ASIANPAINT
2023-02-06,2654.537865063657,2658.9615478065593,2613.764009742578,2648.57568359375,1120284,ASIANPAINT
2023-02-07,2656.0765456374907,2668.0971672234677,2642.757603009122,2652.278076171875,732250,ASIANPAINT
2023-02-08,2661.8466840008623,2677.2330810182084,2639.055630374476,2659.538818359375,811956,ASIANPAINT
2023-02-09,2675.2616605871262,2712.1891544147215,2660.067546527856,2706.65966796875,946372,ASIANPAINT
2023-02-10,2721.4687783619997,2722.3822986642,2685.887737796843,2697.04296875,700072,ASIANPAINT
2023-02-13,2706.5633033479744,2720.5072251452902,2673.3863859681537,2683.72412109375,467228,ASIANPAINT
2023-02-14,2697.1872464964017,2697.1872464964017,2658.961667372333,2670.50146484375,524746,ASIANPAINT
2023-02-15,2670.50129187781,2690.984478018454,2648.38334815682,2679.30029296875,817717,ASIANPAINT
2023-02-16,2689.734346160864,2725.6520581731907,2683.099056808293,2698.341064453125,788964,ASIANPAINT
2023-02-17,2695.4562016045093,2736.711117998113,2678.6754599133274,2724.930908203125,840526,ASIANPAINT
2023-02-20,2735.893739318767,2742.625288062258,2704.2555541354754,2717.189697265625,646218,ASIANPAINT
2023-02-21,2728.2007035021365,2729.835461338946,2697.4279074104666,2709.06396484375,631934,ASIANPAINT
2023-02-22,2702.1879514274606,2706.034550830842,2673.3865853501998,2688.724853515625,580270,ASIANPAINT
2023-02-23,2697.42773064746,2697.956685001184,2596.5507589810636,2602.17626953125,1790570,ASIANPAINT
2023-02-24,2608.0905660524277,2656.0767980731925,2606.0710075229367,2633.47802734375,1429040,ASIANPAINT
2023-02-27,2635.304757490625,2652.8548646056743,2620.5435753865404,2644.4404296875,561317,ASIANPAINT
2023-02-28,2644.536891876205,2730.123722195108,2622.851642407265,2720.31494140625,1815923,ASIANPAINT
2023-03-01,2719.545495717463,2743.875281372328,2708.0538281490344,2731.95068359375,816598,ASIANPAINT
2023-03-02,2722.430303918432,2739.739998538895,2703.1973098956946,2725.218994140625,604523,ASIANPAINT
2023-03-03,2728.248518242699,2742.6251353028442,2702.8608235289107,2720.363037109375,679295,ASIANPAINT
2023-03-06,2733.9704908218964,2773.3981341999115,2721.709455381172,2754.694091796875,1050267,ASIANPAINT
2023-03-08,2759.934935677179,2759.934935677179,2718.5839941321897,2749.8857421875,580250,ASIANPAINT
2023-03-09,2752.241616181735,2762.2908092293596,2728.0562186019392,2744.11572265625,774224,ASIANPAINT
2023-03-10,2734.931946597537,2734.931946597537,2699.350905098202,2721.6611328125,489978,ASIANPAINT
2023-03-13,2715.2181765951723,2740.1729416398443,2665.8854955119973,2677.42529296875,813217,ASIANPAINT
2023-03-14,2676.223389045294,2680.06998842509,2634.968704608099,2640.305908203125,1060450,ASIANPAINT
2023-03-15,2665.8852453543727,2756.424705271233,2659.1536974695987,2718.96826171875,2170346,ASIANPAINT
2023-03-16,2740.7018601013674,2788.7843488750755,2720.218672928212,2782.293212890625,1755487,ASIANPAINT
2023-03-17,2811.8156293992442,2811.8156293992442,2745.5580581311065,2752.866455078125,1848073,ASIANPAINT
2023-03-20,2803.209379826441,2803.209379826441,2722.478919942746,2745.654541015625,1074367,ASIANPAINT
2023-03-21,2748.5392110986086,2776.28290102446,2726.2771127136625,2730.219970703125,691891,ASIANPAINT
2023-03-22,2716.660326412613,2743.7306707983316,2706.89967614209,2730.94091796875,731807,ASIANPAINT
2023-03-23,2709.063794682569,2714.7374346944785,2661.6062822797176,2690.50390625,1016581,ASIANPAINT
2023-03-24,2690.5038940395143,2707.6692023366313,2666.5107781582906,2691.177001953125,784111,ASIANPAINT
2023-03-27,2691.176924563921,2711.8523949509586,2679.637127138598,2696.2255859375,791560,ASIANPAINT
2023-03-28,2683.9646247071596,2702.813054929367,2658.961729600608,2677.665771484375,558581,ASIANPAINT
2023-03-29,2677.665209242743,2686.608597570067,2649.3446751876636,2664.250244140625,1087648,ASIANPAINT
2023-03-31,2650.3551360410547,2668.5783538804626,2642.1329828059716,2655.740234375,1967803,ASIANPAINT
2023-04-03,2641.603841720187,2674.973042452812,2604.772607835025,2670.50146484375,1035295,ASIANPAINT
2023-04-05,2654.153441839505,2703.7265358699988,2646.7006559068036,2700.79345703125,668643,ASIANPAINT
2023-04-06,2699.7836964777093,2716.6606975009267,2679.9257219274446,2702.091796875,627554,ASIANPAINT
2023-04-10,2702.2361331805596,2702.2361331805596,2649.4416492583655,2669.876708984375,1215461,ASIANPAINT
2023-04-11,2683.0028365455582,2683.0028365455582,2644.584975501115,2648.191162109375,1246379,ASIANPAINT
2023-04-12,2649.8737747478863,2698.5812362477504,2645.4982218274818,2679.877197265625,2235399,ASIANPAINT
2023-04-13,2679.8295299675724,2705.409509315282,2675.3098227294468,2701.99560546875,602597,ASIANPAINT
2023-04-17,2716.6606950352148,2736.4707748995056,2698.3893487677215,2734.066650390625,754555,ASIANPAINT
2023-04-18,2738.778262402328,2748.827454506505,2721.5648272063354,2745.125244140625,717724,ASIANPAINT
2023-04-19,2727.575372424066,2743.298205028126,2693.2442883997182,2701.947265625,799624,ASIANPAINT
2023-04-20,2711.8524004563715,2741.6635438656435,2705.2650055015974,2734.787841796875,761101,ASIANPAINT
2023-04-21,2737.9130599879204,2776.282790581209,2737.9130599879204,2771.57080078125,894930,ASIANPAINT
2023-04-24,2771.5712252606477,2786.86136450884,2742.6254698340963,2780.22607421875,782967,ASIANPAINT
2023-04-25,2780.177908472393,2790.467515143795,2754.309386057554,2786.861328125,636120,ASIANPAINT
2023-04-26,2785.851545281775,2804.6037177558005,2777.2929553457757,2798.401123046875,569221,ASIANPAINT
2023-04-27,2803.689784222266,2808.017208001721,2782.8701615055516,2788.736083984375,599461,ASIANPAINT
2023-04-28,2807.9690838446318,2807.9690838446318,2737.4322169734214,2791.044189453125,1080665,ASIANPAINT
2023-05-02,2799.3142756717866,2821.19180735037,2782.052709720502,2788.3515625,663800,ASIANPAINT
2023-05-03,2806.094202932971,2848.791361458532,2785.899556510218,2817.345458984375,1237193,ASIANPAINT
2023-05-04,2834.943443778619,2871.630287581268,2810.084703998557,2868.45703125,1008540,ASIANPAINT
2023-05-05,2857.061427547088,2908.990514416002,2837.8765618538496,2897.402587890625,1326561,ASIANPAINT
2023-05-08,2899.373782056066,2919.2798834549303,2878.217489119007,2903.653076171875,941879,ASIANPAINT
2023-05-09,2900.383861573922,2956.8807860641755,2895.2870707920115,2918.414794921875,1025850,ASIANPAINT
2023-05-10,2926.252078687047,2939.763304717275,2903.124355094773,2924.761474609375,751851,ASIANPAINT
2023-05-11,2935.003206480099,3035.110805954027,2915.241256892468,3019.33984375,3229605,ASIANPAINT
2023-05-12,3018.618667887825,3057.8058965327527,2967.651229404851,3011.021728515625,1998170,ASIANPAINT
2023-05-15,3014.002545347064,3046.506353268678,3001.356945272854,3011.886962890625,810281,ASIANPAINT
2023-05-16,3011.8872601091457,3044.294812344417,3002.6074331837185,3017.75341796875,822404,ASIANPAINT
2023-05-17,3015.733653859438,3027.22532156065,2957.601972697709,2973.853759765625,835371,ASIANPAINT
2023-05-18,2986.5473887246812,3005.1554049029464,2974.6230259891327,2989.817138671875,498067,ASIANPAINT
2023-05-19,3004.1939406392653,3007.9924103500107,2950.389681903795,2966.16064453125,633262,ASIANPAINT
2023-05-22,2952.2647741527016,2986.49959964682,2929.185179827078,2966.59326171875,659425,ASIANPAINT
2023-05-23,2968.613032270905,3007.992545947512,2966.6897326063304,3000.924560546875,581204,ASIANPAINT
2023-05-24,2995.538911993189,3012.9927606993137,2979.1908665665806,2982.556640625,439465,ASIANPAINT
2023-05-25,2982.5568057710525,3009.0021748372155,2967.651234115579,3003.76123046875,500313,ASIANPAINT
2023-05-26,3003.232233977315,3016.6472013233874,2992.4136740566473,3008.425048828125,568249,ASIANPAINT
2023-05-29,3026.504048496943,3034.00496350808,2996.5487526732572,3017.079833984375,535712,ASIANPAINT
2023-05-30,3026.215159257086,3034.004615254892,3007.6073795832626,3023.81103515625,506026,ASIANPAINT
2023-05-31,3031.0718721047106,3095.8872058978664,3016.1663010311104,3070.49951171875,2349066,ASIANPAINT
2023-06-01,3111.273771472663,3125.2655882275367,3084.0109057566847,3116.41845703125,1104861,ASIANPAINT
2023-06-02,3115.16803894423,3125.3134905431193,3095.550478379122,3113.1005859375,781973,ASIANPAINT
2023-06-05,3115.697338948614,3115.697338948614,3072.4712257793576,3077.0390625,492565,ASIANPAINT
2023-06-06,3084.7320343770366,3114.6873306524576,3072.470999870511,3089.540283203125,577698,ASIANPAINT
2023-06-07,3093.6277458911613,3105.4079572331466,3083.2900094073784,3101.128662109375,470038,ASIANPAINT
2023-06-08,3096.512111533485,3122.4766540836104,3070.5475689833597,3089.059326171875,561161,ASIANPAINT
2023-06-09,3107.258931172055,3135.4291531038652,3067.326714535183,3078.943359375,1239045,ASIANPAINT
2023-06-12,3083.4447367462963,3100.0470002532447,3050.482459509538,3092.689697265625,1029156,ASIANPAINT
2023-06-13,3107.4522826438792,3167.4716102214247,3102.7571278049513,3158.614013671875,1598821,ASIANPAINT
2023-06-14,3160.6956596914656,3184.8001047954876,3149.0790140815734,3165.7294921875,741615,ASIANPAINT
2023-06-15,3171.344029617469,3198.4495341441143,3168.778781761266,3189.10791015625,806994,ASIANPAINT
2023-06-16,3186.5914011949812,3215.875031448235,3181.557568221356,3210.8896484375,984671,ASIANPAINT
2023-06-19,3212.8251183202333,3238.091178097593,3197.7233860565066,3203.96728515625,516915,ASIANPAINT
2023-06-20,3209.09818003523,3220.569711504887,3172.4090374606176,3212.679931640625,866290,ASIANPAINT
2023-06-21,3212.680128176389,3226.5233449112575,3194.577569219067,3210.163330078125,742456,ASIANPAINT
2023-06-22,3218.778550126191,3220.5695440063646,3138.865669981879,3144.286865234375,871640,ASIANPAINT
2023-06-23,3160.6955194638426,3198.594729548173,3149.127324325479,3192.350830078125,1260659,ASIANPAINT
2023-06-26,3189.7372282527276,3209.437217355222,3166.8910643423965,3202.467041015625,592801,ASIANPAINT
2023-06-27,3170.3758437018473,3237.655575346818,3168.7786496453305,3219.74658203125,914141,ASIANPAINT
2023-06-28,3224.586961895323,3248.0622647551136,3217.326558948996,3241.285888671875,713110,ASIANPAINT
2023-06-30,3245.884086196769,3339.3981690203527,3236.9295893887406,3254.64501953125,1436363,ASIANPAINT
2023-07-03,3257.5008855340484,3271.9732419028664,3230.588943877137,3251.402099609375,474224,ASIANPAINT
2023-07-04,3251.4022539196194,3278.7982237542265,3224.5872109020747,3240.753662109375,473663,ASIANPAINT
2023-07-05,3244.287135345697,3291.3828572817706,3234.025670724728,3266.6005859375,632406,ASIANPAINT
2023-07-06,3301.063221895064,3301.063221895064,3260.211401725198,3290.8017578125,693995,ASIANPAINT
2023-07-07,3276.8620156770744,3304.9355750432887,3230.54054818632,3236.88134765625,620761,ASIANPAINT
2023-07-10,3238.1398709698337,3264.3257728000376,3188.720678585586,3236.348876953125,548838,ASIANPAINT
2023-07-11,3242.9314718001674,3291.334157199478,3238.139653213883,3284.170654296875,772158,ASIANPAINT
2023-07-12,3299.127303560945,3305.322753256482,3254.8388428397266,3297.917236328125,1025127,ASIANPAINT
2023-07-13,3315.583731386482,3315.583731386482,3276.232445286223,3289.978759765625,750126,ASIANPAINT
2023-07-14,3289.9789011772295,3329.1366254999907,3278.79783383788,3320.18212890625,832843,ASIANPAINT
2023-07-17,3320.1820331254894,3362.0503538289454,3315.5837782505437,3349.852783203125,817694,ASIANPAINT
2023-07-18,3349.465828546286,3410.4532121296434,3345.206486769023,3401.208251953125,962485,ASIANPAINT
2023-07-19,3407.549054925373,3417.229592013229,3371.2470408459126,3402.369873046875,620289,ASIANPAINT
2023-07-20,3397.917255322178,3422.0701501319436,3383.299548546073,3413.357666015625,589848,ASIANPAINT
2023-07-21,3422.989244676739,3424.92535197008,3393.0280315805276,3405.322265625,857975,ASIANPAINT
2023-07-24,3393.9961235949445,3454.015450367017,3386.7357211628387,3430.49169921875,680246,ASIANPAINT
2023-07-25,3434.5576991096727,3434.5576991096727,3242.9799624326124,3291.769775390625,2555630,ASIANPAINT
2023-07-26,3291.2374534662067,3303.9672650343723,3257.5006876181255,3265.2451171875,959076,ASIANPAINT
2023-07-27,3281.702255956824,3304.935546264483,3243.9481592068782,3261.76025390625,874078,ASIANPAINT
2023-07-28,3267.1814858355306,3290.414776401472,3257.0169212129313,3282.3798828125,553750,ASIANPAINT
2023-07-31,3217.036288743724,3279.7662212351265,3216.9878387862577,3269.45654296875,933890,ASIANPAINT
2023-08-01,3264.2770362038286,3276.861734148861,3231.3632108091283,3236.155029296875,698667,ASIANPAINT
2023-08-02,3234.4610548979526,3264.228706906695,3224.248040842965,3255.4677734375,857218,ASIANPAINT
2023-08-03,3262.341272925114,3271.973360869208,3211.9540258777074,3229.766357421875,711067,ASIANPAINT
2023-08-04,3231.5086126976757,3265.5358446749133,3216.8426925510153,3232.960693359375,519248,ASIANPAINT
2023-08-07,3210.1150969201635,3242.980478682134,3210.066646958196,3236.2041015625,360358,ASIANPAINT
2023-08-08,3236.203810403575,3252.612274827319,3226.18435917019,3241.092529296875,500258,ASIANPAINT
2023-08-09,3226.087444584064,3249.7078606159043,3197.4814101316233,3224.5869140625,643222,ASIANPAINT
2023-08-10,3204.2577028446804,3213.938239711281,3126.8134079118786,3134.4609375,1253219,ASIANPAINT
2023-08-11,3134.46112306324,3145.1581642023552,3078.4109058238882,3083.590087890625,919023,ASIANPAINT
2023-08-14,3083.5898923349123,3107.3554211692062,3051.5472209051027,3100.288818359375,815534,ASIANPAINT
2023-08-16,3092.835155140759,3106.3396954401055,3075.4101858164636,3092.012451171875,597686,ASIANPAINT
2023-08-17,3120.9081724220873,3121.0050723268278,3060.9857440128503,3081.556884765625,873392,ASIANPAINT
2023-08-18,3073.473595808879,3083.735059559415,3054.209421726559,3062.486328125,592652,ASIANPAINT
2023-08-21,3058.9529056819197,3085.67128333055,3051.4504892283317,3080.637451171875,353330,ASIANPAINT
2023-08-22,3096.416718411817,3096.416718411817,3069.698341245746,3078.120361328125,377068,ASIANPAINT
2023-08-23,3084.219079842258,3093.899616816025,3064.1319656216906,3067.568603515625,370811,ASIANPAINT
2023-08-24,3083.251123329916,3129.620802359354,3069.601471230169,3122.55419921875,1167742,ASIANPAINT
2023-08-25,3121.876300953784,3160.6953490885794,3113.4542809824998,3155.177490234375,1363431,ASIANPAINT
2023-08-28,3160.6472238833308,3167.4720504779493,3127.830294424969,3155.56494140625,707315,ASIANPAINT
2023-08-29,3156.823250714972,3183.928755474254,3151.0633782218733,3180.734130859375,533163,ASIANPAINT
2023-08-30,3195.835782269961,3197.336312799122,3171.7311029189345,3189.446533203125,599080,ASIANPAINT
2023-08-31,3194.625748003782,3196.513405502563,3117.1329999146737,3152.079833984375,1601967,ASIANPAINT
2023-09-01,3137.559133147277,3159.9210331776785,3114.325842928938,3155.419677734375,650131,ASIANPAINT
2023-09-04,3155.4195687124884,3161.9054814060987,3113.35768160122,3132.186279296875,696213,ASIANPAINT
2023-09-05,3141.3346011861113,3145.0617028765655,3117.1332560305946,3120.327880859375,597022,ASIANPAINT
2023-09-06,3106.48434916537,3126.8134770346355,3092.9315972525264,3122.263671875,754106,ASIANPAINT
2023-09-07,3122.26426401558,3149.8053499648418,3098.9825206530772,3142.641845703125,923108,ASIANPAINT
2023-09-08,3146.707117005511,3158.8077886985216,3128.7496729448344,3134.6064453125,395918,ASIANPAINT
2023-09-11,3138.4303727305537,3160.6956097980437,3138.4303727305537,3155.2744140625,359345,ASIANPAINT
2023-09-12,3155.855182938485,3175.022694201268,3139.3982694078245,3152.805908203125,554905,ASIANPAINT
2023-09-13,3141.3343265554686,3179.717562079966,3122.2637155084185,3173.0380859375,880907,ASIANPAINT
2023-09-14,3177.1523270231364,3188.962535205736,3120.2791706512267,3136.736083984375,1102554,ASIANPAINT
2023-09-15,3131.654010110988,3136.494279060155,3083.251320619319,3094.529052734375,1568607,ASIANPAINT
2023-09-18,3097.77206359093,3126.716776773607,3088.091525892208,3103.870849609375,673602,ASIANPAINT
2023-09-20,3103.87069449248,3124.8774129806384,3092.931640171357,3111.66357421875,901084,ASIANPAINT
2023-09-21,3107.452666240375,3157.0169730255525,3078.9435293900037,3140.56005859375,845739,ASIANPAINT
2023-09-22,3131.6052289565273,3178.7011826558355,3118.246040801435,3170.230712890625,896521,ASIANPAINT
2023-09-25,3167.7621836928456,3228.2655402086107,3166.6487801282137,3217.08447265625,1422084,ASIANPAINT
2023-09-26,3216.842351354151,3218.681558794058,3156.1938833530744,3187.607177734375,834560,ASIANPAINT
2023-09-27,3182.9606355967203,3203.2897637437795,3167.1813126714687,3196.31982421875,516326,ASIANPAINT
2023-09-28,3176.9588803402457,3183.9288201516833,3054.209616168611,3069.0693359375,2104381,ASIANPAINT
2023-09-29,3092.9315375958636,3092.9315375958636,3033.8802625431726,3060.066162109375,1550585,ASIANPAINT
2023-10-03,3064.9548679390614,3124.6837330611183,3060.9857532923543,3065.680908203125,1219145,ASIANPAINT
2023-10-04,3063.8417260380957,3087.123466428834,3050.6763365968663,3068.633544921875,892584,ASIANPAINT
2023-10-05,3107.452711531433,3128.8467951410976,3072.8932379891953,3103.822509765625,1002610,ASIANPAINT
2023-10-06,3112.0507357565343,3114.228856654101,3088.091405883302,3093.65771484375,814257,ASIANPAINT
2023-10-09,3039.7373921336834,3061.9541796498015,3032.622102143361,3052.080078125,700012,ASIANPAINT
2023-10-10,3049.36920848703,3063.7931143335363,3039.737121271327,3050.8212890625,847367,ASIANPAINT
2023-10-11,3067.762119488548,3083.2509784067606,3051.353656840312,3062.824951171875,1025317,ASIANPAINT
2023-10-12,3084.2192624018194,3086.639396788513,3049.417777189421,3058.1787109375,992531,ASIANPAINT
2023-10-13,3049.369380929693,3070.6665639076145,3028.314211394702,3048.207763671875,854688,ASIANPAINT
2023-10-16,3024.1997863490087,3028.0720011842827,2997.1911824094673,3012.631591796875,853011,ASIANPAINT
2023-10-17,3036.784552949122,3036.784552949122,2993.0285715934306,3014.083740234375,792640,ASIANPAINT
2023-10-18,3010.6469598540857,3015.68079174701,2991.285886157275,2997.52978515625,481985,ASIANPAINT
2023-10-19,2989.059575833664,3011.518376010426,2977.8302939159094,3002.709228515625,568124,ASIANPAINT
2023-10-20,2993.706270503575,3015.5843801454535,2966.6492150198205,3006.6298828125,711434,ASIANPAINT
2023-10-23,2997.1428236581655,3009.5821723902673,2966.1166540781655,2973.861083984375,374476,ASIANPAINT
2023-10-25,2994.5772075006626,3008.7108859932378,2954.4998790384043,2963.018798828125,669290,ASIANPAINT
2023-10-26,2953.629069400734,2957.404384717059,2846.0781967489866,2865.729736328125,1834111,ASIANPAINT
2023-10-27,2839.108037341854,2879.620944290715,2837.3654933530197,2860.743896484375,1708185,ASIANPAINT
2023-10-30,2878.9922213348505,2896.36874110525,2845.207235668071,2872.312744140625,878885,ASIANPAINT
2023-10-31,2874.151547624374,2916.503898654541,2871.2473864108765,2899.99853515625,1152306,ASIANPAINT
2023-11-01,2902.1767607496417,2912.776902293011,2836.3975541594837,2840.80224609375,1029990,ASIANPAINT
2023-11-02,2866.4557297170727,2867.3753335517495,2840.269827360173,2860.986083984375,900125,ASIANPAINT
2023-11-03,2867.531970914157,2892.648236728921,2852.985816174991,2887.751220703125,715997,ASIANPAINT
2023-11-06,2907.291507189749,2942.250813657989,2893.5697290337957,2937.64453125,620959,ASIANPAINT
2023-11-07,2937.6442685016677,2947.0021993288515,2911.3641228335237,2941.57177734375,757998,ASIANPAINT
2023-11-08,2965.476169067018,3005.1871253536933,2954.0331463091266,3001.59912109375,783400,ASIANPAINT
2023-11-09,3006.2051207708255,3017.2601029650414,2981.040322029973,2987.004150390625,849702,ASIANPAINT
2023-11-10,2977.113120488553,2991.659275800386,2948.1178789351634,2983.367919921875,364232,ASIANPAINT
2023-11-13,3004.2656928154647,3004.2656928154647,2972.2641538022594,2992.240966796875,405941,ASIANPAINT
2023-11-15,2992.3376167274987,3024.4847573746474,2985.5494118960023,3021.914794921875,700017,ASIANPAINT
2023-11-16,3024.6304723496687,3045.8677637797387,3003.8780527490876,3035.588623046875,675454,ASIANPAINT
2023-11-17,3054.6924478270644,3130.5748872056256,3050.4739683166335,3073.0205078125,1430175,ASIANPAINT
2023-11-20,3073.02046361227,3075.9296944731177,3037.237018725364,3045.33447265625,406431,ASIANPAINT
2023-11-21,3061.3835608228896,3061.3835608228896,3032.388321082343,3038.44921875,409069,ASIANPAINT
2023-11-22,3044.994992506683,3061.4806341858593,3026.763764946007,3038.206787109375,489889,ASIANPAINT
2023-11-23,3052.75306370906,3075.4449708152783,3020.8968895466523,3028.4609375,792460,ASIANPAINT
2023-11-24,3023.660479212061,3044.800936584253,3016.872274159308,3041.26123046875,756329,ASIANPAINT
2023-11-28,3046.1099419992493,3064.389703126064,3041.261224114556,3053.09228515625,647883,ASIANPAINT
2023-11-29,3053.09228515625,3074.08713889545,3046.9343187411687,3053.09228515625,620725,ASIANPAINT
2023-11-30,3053.092570574263,3058.5229930604996,3014.302823870463,3025.503173828125,1793116,ASIANPAINT
2023-12-01,3051.734606209418,3094.064056839185,3045.23737137303,3077.38427734375,960196,ASIANPAINT
2023-12-04,3093.481906631602,3107.4946534974033,3070.6929333382345,3097.894287109375,1018189,ASIANPAINT
2023-12-05,3100.270495856136,3149.3879177686554,3083.7848535572452,3128.635498046875,1005550,ASIANPAINT
2023-12-06,3166.2126640417728,3189.486509045449,3135.132336175688,3154.139404296875,1229158,ASIANPAINT
2023-12-07,3184.6382973132445,3200.1056619119745,3148.612413712345,3153.41259765625,1071725,ASIANPAINT
2023-12-08,3156.5152834901714,3170.867535509335,3130.1383060449457,3134.211181640625,895852,ASIANPAINT
2023-12-11,3132.2721653710273,3146.8183209377657,3089.1185705230364,3135.181396484375,910426,ASIANPAINT
2023-12-12,3130.332575139061,3158.503676178733,3112.877189032338,3127.180908203125,1019030,ASIANPAINT
2023-12-13,3141.96956342734,3156.4671842781904,3093.773349265038,3145.509033203125,1052079,ASIANPAINT
2023-12-14,3156.5154701101264,3160.0066418292845,3120.6349563177837,3143.278564453125,923107,ASIANPAINT
2023-12-15,3151.666538477916,3225.7065532449083,3143.908590075509,3213.633056640625,1631687,ASIANPAINT
2023-12-18,3212.7607111243583,3234.8709136859993,3196.275069081161,3231.234375,911936,ASIANPAINT
2023-12-19,3235.0162121855624,3252.4230629773606,3200.299342912588,3235.11328125,780448,ASIANPAINT
2023-12-20,3235.1133062348345,3258.290084448081,3183.3288539880296,3197.39013671875,979762,ASIANPAINT
2023-12-21,3180.7590796668132,3219.548824540799,3172.8557638502643,3203.0146484375,1585879,ASIANPAINT
2023-12-22,3209.754254538738,3249.4169099249393,3187.5472207476787,3240.204345703125,930563,ASIANPAINT
2023-12-26,3248.5923569813467,3289.273051540685,3243.986075120251,3280.98193359375,600190,ASIANPAINT
2023-12-27,3278.751697620791,3306.7771933993845,3252.520085478084,3301.443603515625,837182,ASIANPAINT
2023-12-28,3301.976938637179,3316.474558021403,3270.9936781496267,3294.46142578125,779250,ASIANPAINT
2023-12-29,3306.8257125492332,3319.3838449572722,3281.5153096079625,3299.45556640625,615676,ASIANPAINT
2024-01-01,3300.0375718903215,3308.5713631824997,3286.606527917364,3293.346435546875,283951,ASIANPAINT
2024-01-02,3293.2492031873944,3296.0613648725757,3243.7922805246862,3288.739990234375,552394,ASIANPAINT
2024-01-03,3288.7398030628983,3296.158246338578,3263.1869664399283,3271.52685546875,379131,ASIANPAINT
2024-01-04,3269.9754002286145,3298.3404003640494,3262.0235501055104,3277.684814453125,777127,ASIANPAINT
2024-01-05,3277.684842563503,3278.1211798339523,3246.7015818082987,3254.023193359375,416956,ASIANPAINT
2024-01-08,3253.4896307587587,3274.339117215186,3195.1596505600874,3198.60205078125,545884,ASIANPAINT
2024-01-09,3209.8515572697493,3214.700275634205,3163.546296889196,3168.637451171875,670704,ASIANPAINT
2024-01-10,3192.395940321496,3193.3656839242667,3159.6185591970807,3187.40185546875,691087,ASIANPAINT
2024-01-11,3187.4019256597185,3209.0755536066436,3171.740424077797,3188.7109375,537469,ASIANPAINT
2024-01-12,3195.256495633534,3195.256495633534,3145.848108602877,3178.62548828125,673004,ASIANPAINT
2024-01-15,3182.8921804028687,3187.7408980735677,3160.0063750494455,3174.84326171875,728116,ASIANPAINT
2024-01-16,3175.861879577069,3219.548877815052,3174.8436014065146,3197.147705078125,748215,ASIANPAINT
2024-01-17,3194.432472628765,3204.372344482611,3096.4398349530143,3144.19970703125,2239241,ASIANPAINT
2024-01-18,3159.3760189708214,3159.3760189708214,2956.360344486807,3068.123291015625,1979174,ASIANPAINT
2024-01-19,3081.6513773940833,3104.6827887757086,3053.3349105409116,3070.06298828125,936201,ASIANPAINT
2024-01-23,2994.131805729143,3014.9327579467185,2930.1287301342622,2962.275634765625,2365225,ASIANPAINT
2024-01-24,2962.566816246501,2962.566816246501,2886.0541378541334,2908.697509765625,2665932,ASIANPAINT
2024-01-25,2918.976766109648,2924.746693170147,2853.276637309158,2859.9677734375,2001961,ASIANPAINT
2024-01-29,2851.0946029094966,2898.0300965445845,2851.0946029094966,2886.00537109375,1862723,ASIANPAINT
2024-01-30,2899.5331807602547,2914.079333840992,2861.761717278033,2864.719482421875,1273188,ASIANPAINT
2024-01-31,2876.2595168081757,2881.980909345077,2858.8526665437294,2868.356201171875,1771244,ASIANPAINT
2024-02-01,2871.4107960600127,2882.902352407369,2831.602773978328,2840.718505859375,3006472,ASIANPAINT
2024-02-02,2860.7439375376493,2872.7203670285357,2835.5791356751615,2847.45849609375,1881911,ASIANPAINT
2024-02-05,2860.743576323829,2875.289730101747,2823.893320086437,2829.08154296875,923435,ASIANPAINT
2024-02-06,2842.3185540630784,2857.8344520040573,2814.8262276973805,2842.27001953125,1471312,ASIANPAINT
2024-02-07,2867.531715392698,2912.0913847555985,2847.2156351014296,2890.950927734375,1134012,ASIANPAINT
2024-02-08,2908.98860613925,2908.98860613925,2831.4576462191317,2840.961181640625,1633654,ASIANPAINT
2024-02-09,2841.3486523278243,2869.4712157808985,2822.487187293678,2862.343505859375,1144765,ASIANPAINT
2024-02-12,2862.34362013218,2875.2412574435702,2831.699864232898,2864.4287109375,614469,ASIANPAINT
2024-02-13,2875.2412485342575,2891.048116614855,2856.573684175403,2881.690185546875,717118,ASIANPAINT
2024-02-14,2880.0416368349856,2890.611984912315,2847.215955589355,2886.344970703125,750339,ASIANPAINT
2024-02-15,2889.8360954529085,2932.9896881534637,2877.6657652169315,2925.2802734375,1068730,ASIANPAINT
2024-02-16,2943.1717471196857,2943.1717471196857,2909.2307220293437,2916.8916015625,1179473,ASIANPAINT
2024-02-19,2916.891970699912,2927.3652499753885,2897.109293988103,2907.388671875,560700,ASIANPAINT
2024-02-20,2907.388240434098,2925.8133679378234,2882.174908060579,2920.528076171875,729371,ASIANPAINT
2024-02-21,2920.916435003258,2935.1716194376536,2893.230206192199,2910.9765625,927130,ASIANPAINT
2024-02-22,2892.7449215042634,2935.607537757424,2843.3850710148417,2926.10400390625,2615821,ASIANPAINT
2024-02-23,2908.261404015273,2914.0798663107353,2876.4537627826444,2895.606201171875,1650523,ASIANPAINT
2024-02-26,2831.651216924156,2841.3486525985536,2761.635778705764,2781.660888671875,3524491,ASIANPAINT
2024-02-27,2768.618136594609,2783.1642914278555,2763.866487383944,2773.030517578125,1296180,ASIANPAINT
2024-02-28,2763.914728115999,2772.8848567446894,2701.220896780246,2709.80322265625,2472196,ASIANPAINT
2024-02-29,2700.7358440566086,2752.132253297183,2692.7354595993493,2736.519287109375,2284424,ASIANPAINT
2024-03-01,2747.1863994399687,2759.841600078365,2729.8766191792715,2746.0712890625,978174,ASIANPAINT
2024-03-04,2773.466544263706,2774.387753282545,2742.434750761455,2746.0712890625,971299,ASIANPAINT
2024-03-05,2748.2533046500116,2749.0776813942125,2720.1307408409607,2735.064697265625,736381,ASIANPAINT
2024-03-06,2742.3863421485585,2753.10205618507,2693.705261207495,2741.756103515625,1723066,ASIANPAINT
2024-03-07,2739.5254016215486,2806.4377034664644,2739.5254016215486,2783.697265625,1564364,ASIANPAINT
2024-03-11,2807.9410421784773,2808.910785748724,2766.7754749722667,2789.806884765625,866546,ASIANPAINT
2024-03-12,2792.861781675298,2812.1595860902044,2778.7519638650274,2789.128173828125,663186,ASIANPAINT
2024-03-13,2791.5042650706614,2799.892453240558,2749.223345722394,2773.6123046875,955841,ASIANPAINT
2024-03-14,2773.4667352542356,2810.365527107244,2755.0416065934555,2804.740966796875,1381741,ASIANPAINT
2024-03-15,2807.4077447632003,2809.298697447771,2763.7692824093683,2780.788330078125,1356226,ASIANPAINT
2024-03-18,2779.2849991217286,2779.2849991217286,2732.0100013174074,2760.375,940424,ASIANPAINT
2024-03-19,2754.0720601180333,2754.0720601180333,2716.2520564755673,2729.925537109375,1199135,ASIANPAINT
2024-03-20,2729.9254126789515,2751.211238202901,2712.9063644648068,2739.4287109375,818910,ASIANPAINT
2024-03-21,2758.9204711551192,2759.308273883638,2721.1004717262795,2735.7919921875,1167680,ASIANPAINT
2024-03-22,2735.792233135296,2768.7635175925043,2723.04019870117,2755.526611328125,1652689,ASIANPAINT
2024-03-26,2734.676992569742,2758.0962061556497,2724.979556425878,2729.48876953125,1372390,ASIANPAINT
2024-03-27,2732.6888019003186,2756.835558458302,2732.446366011707,2744.859130859375,1156231,ASIANPAINT
2024-03-28,2749.271722673019,2781.224727896944,2733.7072900772264,2760.61767578125,1864623,ASIANPAINT
2024-04-01,2774.388062120667,2799.1165253204863,2766.048408740865,2784.134033203125,558086,ASIANPAINT
2024-04-02,2787.091449577754,2804.8861013637434,2769.5875314487566,2787.23681640625,562473,ASIANPAINT
2024-04-03,2758.920583827355,2797.273991139584,2758.920583827355,2782.533935546875,816676,ASIANPAINT
2024-04-04,2783.1640241314635,2854.197740078373,2764.9813323361795,2830.002685546875,1831347,ASIANPAINT
2024-04-05,2835.530427680668,2839.1669663618586,2792.8617071546932,2796.207275390625,1155672,ASIANPAINT
2024-04-08,2820.0141875081044,2820.935396511587,2786.8490061061884,2804.498291015625,570695,ASIANPAINT
2024-04-09,2805.4680370294986,2828.2084754956577,2758.920347510862,2770.70263671875,1017670,ASIANPAINT
2024-04-10,2796.0617324305517,2811.383728459654,2771.5271723227,2809.104736328125,740495,ASIANPAINT
2024-04-12,2802.5587066473986,2805.4679371387283,2758.9202492774566,2768.1328125,1766311,ASIANPAINT
2024-04-15,2744.5680682464504,2767.163139656785,2727.2582884333397,2758.33837890625,884519,ASIANPAINT
2024-04-16,2742.0952755166027,2755.477783960146,2734.676832003644,2744.374267578125,911249,ASIANPAINT
2024-04-18,2768.617694226231,2772.6905695780138,2715.37887074455,2722.748779296875,1732434,ASIANPAINT
2024-04-19,2705.5844523310993,2736.713314387393,2682.4559744080425,2723.5732421875,1337807,ASIANPAINT
2024-04-22,2760.4724934830674,2760.4724934830674,2728.9072888989917,2755.8662109375,676040,ASIANPAINT
2024-04-23,2765.7092222130696,2790.8740256043857,2757.9512720806347,2787.916259765625,929062,ASIANPAINT
2024-04-24,2795.7222329384263,2795.8678365290793,2773.4666649185992,2780.982177734375,718441,ASIANPAINT
2024-04-25,2778.315439897226,2783.0670888799937,2743.45320450303,2774.872802734375,1594152,ASIANPAINT
2024-04-26,2783.1641584056088,2791.1160086502914,2751.2111538332124,2758.09619140625,625507,ASIANPAINT
2024-04-29,2758.096318941406,2786.9947271826154,2753.1022338246194,2781.418701171875,566219,ASIANPAINT
2024-04-30,2768.6179517009195,2823.8933363758592,2768.6179517009195,2788.885498046875,1290649,ASIANPAINT
2024-05-02,2788.1096708417367,2897.593618833078,2788.1096708417367,2885.374755859375,2493406,ASIANPAINT
2024-05-03,2892.7938289667563,2906.321705470283,2821.226700580388,2841.1064453125,1594445,ASIANPAINT
2024-05-06,2860.7438572879496,2869.471550411879,2823.1177551362443,2843.433837890625,768806,ASIANPAINT
2024-05-07,2857.8343186959587,2878.15039926399,2816.135344924691,2824.863037109375,629534,ASIANPAINT
2024-05-08,2812.256635386248,2817.105353723121,2735.646885663657,2757.272216796875,1652877,ASIANPAINT
2024-05-09,2742.4347189378564,2767.599516338313,2621.99261915563,2628.10205078125,3547959,ASIANPAINT
2024-05-10,2617.3381206479758,2708.106221311954,2589.312623764945,2687.402099609375,2478584,ASIANPAINT
2024-05-13,2687.4019679044427,2807.4077391369824,2670.770959764447,2792.13427734375,2748823,ASIANPAINT
2024-05-14,2791.891964650014,2800.6196574884475,2756.011449647565,2779.4306640625,999330,ASIANPAINT
2024-05-15,2779.4303847250108,2787.2854021916864,2721.2457716497734,2728.5673828125,1230520,ASIANPAINT
2024-05-16,2735.695187516133,2751.744491196891,2702.2390338372884,2728.906982421875,1534319,ASIANPAINT
2024-05-17,2729.44030833652,2752.326114213534,2701.802616981231,2724.88232421875,1325150,ASIANPAINT
2024-05-21,2729.828521134327,2780.20665910254,2716.252109306305,2765.51513671875,921822,ASIANPAINT
2024-05-22,2765.5149945014996,2807.407872922848,2750.7749383398536,2798.437744140625,933846,ASIANPAINT
2024-05-23,2797.7101307744565,2832.863334324049,2790.2431528195093,2815.892822265625,1181894,ASIANPAINT
2024-05-24,2822.1481193885957,2822.1481193885957,2780.2552381423116,2787.770751953125,755822,ASIANPAINT
2024-05-27,2800.522389040641,2810.6078643215383,2769.151326290451,2785.39453125,817091,ASIANPAINT
2024-05-28,2788.8371385176015,2832.6209659706774,2777.345582519692,2823.117431640625,1084544,ASIANPAINT
2024-05-29,2808.3777579519647,2833.30012371562,2793.928671509339,2812.402099609375,1758297,ASIANPAINT
2024-05-30,2788.255420566247,2822.778389095149,2788.012984654538,2796.44970703125,1344426,ASIANPAINT
2024-05-31,2796.4495054266863,2818.0748345428656,2769.199852967387,2794.025146484375,2520363,ASIANPAINT
2024-06-03,2860.743558948534,2860.743558948534,2773.515171340847,2779.721435546875,952701,ASIANPAINT
2024-06-04,2792.861854667442,2809.347497559576,2691.766073990678,2771.18798828125,2683847,ASIANPAINT
2024-06-05,2777.8306159886206,2935.7049256130604,2777.8306159886206,2872.13818359375,2410576,ASIANPAINT
2024-06-06,2870.441178608851,2872.138229981339,2795.0436104882974,2816.911376953125,1689408,ASIANPAINT
2024-06-07,2816.9111313119706,2854.0523568903927,2801.4437689308443,2839.1181640625,1600180,ASIANPAINT
2024-06-10,2839.409554607821,2862.5863343445144,2826.8028865033466,2848.670654296875,876867,ASIANPAINT
2024-06-11,2854.1535631056568,2859.3919851600476,2834.571034370798,2841.865478515625,855430,ASIANPAINT
2024-06-12,2848.2789088566046,2857.0910471102,2805.833680650633,2845.145751953125,1701770,ASIANPAINT
2024-06-13,2867.861214024914,2867.861214024914,2844.3621805197595,2849.2578125,726380,ASIANPAINT
2024-06-14,2849.2577610493768,2870.162204845333,2844.460137413186,2860.61572265625,982815,ASIANPAINT
2024-06-18,2860.615465242609,2866.881777882474,2844.3618732064847,2857.580078125,741098,ASIANPAINT
2024-06-19,2857.091162973769,2859.0494159984255,2822.4789451451425,2831.340087890625,1018294,ASIANPAINT
2024-06-20,2824.7797107124097,2863.4552041519732,2812.442622250583,2854.64306640625,1129752,ASIANPAINT
2024-06-21,2863.9448853729464,2866.8822647425595,2819.982203092219,2830.5078125,1722379,ASIANPAINT
2024-06-24,2822.821473482917,2839.417618520189,2811.4635113745016,2835.59912109375,892125,ASIANPAINT
2024-06-25,2815.967406805361,2834.521803488446,2796.3848796370344,2798.78369140625,1217792,ASIANPAINT
2024-06-26,2800.497395397181,2813.862614727606,2784.6845990117185,2803.581787109375,960622,ASIANPAINT
2024-06-27,2801.035772869438,2842.403862148031,2785.6145324874774,2820.71630859375,1628022,ASIANPAINT
2024-06-28,2805.1970688227893,2870.798536051804,2802.4554671595374,2856.16064453125,1206712,ASIANPAINT
2024-07-01,2828.9901543850715,2877.652692080206,2827.717242166599,2866.6865234375,1104110,ASIANPAINT
2024-07-02,2866.6862567847948,2874.7150452739984,2851.2160122063633,2864.5322265625,1064295,ASIANPAINT
2024-07-03,2868.5464330503564,2887.3946153750107,2855.132449802233,2864.483154296875,925189,ASIANPAINT
2024-07-04,2878.631824212755,2906.4879244986932,2861.986674208804,2873.63818359375,968666,ASIANPAINT
2024-07-05,2875.840851291771,2885.38733316446,2852.2930539080858,2874.616943359375,817429,ASIANPAINT
2024-07-08,2874.6170502293767,2874.6170502293767,2830.360585557512,2837.655029296875,828260,ASIANPAINT
2024-07-09,2848.229806311816,2852.391093676677,2829.675408105637,2844.3623046875,685431,ASIANPAINT
2024-07-10,2839.5156288199328,2951.5766000440462,2833.934656021691,2933.9033203125,2299950,ASIANPAINT
2024-07-11,2936.4000827414584,2966.7530012359516,2910.942796262206,2958.968994140625,1968980,ASIANPAINT
2024-07-12,2961.8573882996466,2988.2938013522385,2908.886553935714,2936.546875,1879930,ASIANPAINT
2024-07-15,2936.399980049256,2936.399980049256,2871.3370806510006,2894.787109375,2425341,ASIANPAINT
2024-07-16,2897.235093361455,2952.99629549068,2880.1003809133895,2912.362548828125,2085611,ASIANPAINT
2024-07-18,2814.988506473676,2896.1579924860052,2782.6773340515433,2870.358154296875,5384611,ASIANPAINT
2024-07-19,2863.944761097209,2917.796713869977,2856.3565313883187,2884.555419921875,2164746,ASIANPAINT
2024-07-22,2875.694374848,2911.2857168143782,2856.258619257172,2873.05078125,1616347,ASIANPAINT
2024-07-23,2873.050898917601,2885.7795432499506,2825.759041781577,2836.62744140625,1906312,ASIANPAINT
2024-07-24,2840.4457720414903,2865.9030592090458,2825.954653075666,2851.99951171875,1476148,ASIANPAINT
2024-07-25,2831.682470057762,2847.98482852285,2825.02436292371,2840.837158203125,1239922,ASIANPAINT
2024-07-26,2841.620518197821,2902.5711350519036,2840.151828635072,2888.569580078125,1359780,ASIANPAINT
2024-07-29,2891.4094393032437,2903.207960950221,2874.715285358313,2893.02490234375,854408,ASIANPAINT
2024-07-30,2911.4322458491706,2969.4944870930362,2908.005303572234,2942.32373046875,2144591,ASIANPAINT
2024-07-31,2942.323627090435,3033.3333716957077,2942.323627090435,3020.066162109375,3549501,ASIANPAINT
2024-08-01,3023.5420940220424,3063.6372692540085,2998.86815842118,3034.6552734375,1675122,ASIANPAINT
2024-08-02,3005.918158390506,3063.7356222427234,2996.126894030928,3041.85205078125,1348780,ASIANPAINT
2024-08-05,3005.8691229684673,3079.3526090310406,2991.5250164488248,3028.82958984375,2019141,ASIANPAINT
2024-08-06,3036.9563669638774,3069.5613245357963,3021.6331341194955,3037.00537109375,885743,ASIANPAINT
2024-08-07,3037.005211500512,3053.405578162117,2996.1756897697787,3036.71142578125,1907105,ASIANPAINT
2024-08-08,3015.709181666658,3025.2066595272886,2927.9793644003653,2942.666259765625,1280109,ASIANPAINT
2024-08-09,2975.565138075225,2989.0281261135715,2904.0889106716413,2977.1318359375,1665414,ASIANPAINT
2024-08-12,2956.962042017424,3019.626138272098,2941.002232193651,2989.468994140625,1736881,ASIANPAINT
2024-08-13,2991.1332140756795,2995.931076975215,2950.1079125688234,2960.437744140625,502260,ASIANPAINT
2024-08-14,2971.452830690008,2971.452830690008,2931.553430102686,2962.689697265625,454671,ASIANPAINT
2024-08-16,2990.25191061881,2990.25191061881,2940.3164661389283,2984.52392578125,514229,ASIANPAINT
2024-08-19,2990.203098698877,3023.395627942857,2974.928869891109,3012.086669921875,542858,ASIANPAINT
2024-08-20,3031.375386436018,3041.50944046779,3013.751110933483,3038.425048828125,668282,ASIANPAINT
2024-08-21,3036.270741339846,3104.418029346318,3019.674597898923,3085.765625,1186536,ASIANPAINT
2024-08-22,3100.893255785909,3131.882510198292,3090.1718696981125,3120.084228515625,1540888,ASIANPAINT
2024-08-23,3123.412992632558,3131.833574688182,3083.0240315209303,3088.80078125,779284,ASIANPAINT
2024-08-26,3089.1437757171943,3111.125115472425,3075.925569386867,3105.152587890625,472874,ASIANPAINT
2024-08-27,3088.1648125822408,3136.7783450382058,3084.2483067958333,3100.110107421875,1003501,ASIANPAINT
2024-08-28,3087.136492989098,3099.4245769505,3053.6994225027042,3060.259521484375,538366,ASIANPAINT
2024-08-29,3060.25975402824,3078.3245894258002,3028.1443582967177,3050.811279296875,849866,ASIANPAINT
2024-08-30,3064.714875892702,3100.648769775035,3045.7686829526597,3061.53271484375,1567031,ASIANPAINT
2024-09-02,3082.2900915530263,3117.5386440612565,3074.065524918924,3085.178466796875,702358,ASIANPAINT
2024-09-03,3098.886103691147,3108.2858129061433,3081.800395534344,3088.9970703125,577471,ASIANPAINT
2024-09-04,3089.6334652580927,3184.119166223837,3089.6334652580927,3164.19384765625,2379110,ASIANPAINT
2024-09-05,3172.369477027523,3189.0146255180994,3149.8495702461546,3170.656005859375,1482119,ASIANPAINT
2024-09-06,3170.411203009902,3217.311260765833,3158.0253499809933,3205.365966796875,2131256,ASIANPAINT
2024-09-09,3205.3659101957087,3244.8247502297972,3189.993674184876,3212.268798828125,1272289,ASIANPAINT
2024-09-10,3221.3258716595565,3240.9083997547514,3202.6244617108327,3226.2705078125,928920,ASIANPAINT
2024-09-11,3245.8040473208475,3312.3356390339472,3245.8040473208475,3297.1591796875,2561892,ASIANPAINT
2024-09-12,3299.6559697244697,3322.175876936239,3270.575963438178,3312.62939453125,1643536,ASIANPAINT
2024-09-13,3285.5075063646877,3299.362048746183,3251.580634550987,3287.955322265625,1029400,ASIANPAINT
2024-09-16,3289.8647331560865,3324.0361492011148,3261.0785123587843,3266.169921875,1019280,ASIANPAINT
2024-09-17,3266.170054800463,3279.9755942979473,3232.879755550594,3243.650146484375,586834,ASIANPAINT
2024-09-18,3243.6499578437183,3255.4484786711946,3183.6784663592844,3206.296142578125,410510,ASIANPAINT
2024-09-19,3225.242476472415,3250.6997637791187,3206.639074209824,3225.095703125,963456,ASIANPAINT
2024-09-20,3235.033500041011,3255.3993761794713,3197.8757024120955,3237.921875,1504277,ASIANPAINT
2024-09-23,3247.7130883566037,3255.497095005113,3204.8763106821616,3209.03759765625,522775,ASIANPAINT
2024-09-24,3209.0379092276316,3228.914223807304,3173.4468064909433,3180.59423828125,1057933,ASIANPAINT
2024-09-25,3184.1191744837815,3184.1191744837815,3139.813703190611,3177.0205078125,740636,ASIANPAINT
2024-09-26,3182.1608231130963,3217.2626004258645,3159.738924008051,3208.646240234375,951080,ASIANPAINT
2024-09-27,3222.2560711777446,3268.2750133045993,3208.6463094431497,3241.642822265625,1315996,ASIANPAINT
2024-09-30,3241.6427978407737,3287.906521226102,3236.1595942661793,3259.60986328125,1088162,ASIANPAINT
2024-10-01,3247.7624539016833,3259.4629672396313,3176.3352267596947,3208.940185546875,968660,ASIANPAINT
2024-10-03,3125.6651783140173,3158.5636811251156,3061.238614956061,3083.562744140625,1741363,ASIANPAINT
2024-10-04,3069.5613688879425,3090.857368815634,2990.7906951252285,3008.365966796875,1551818,ASIANPAINT
2024-10-07,3010.813450492132,3033.8719232633402,2974.58577645369,2998.32958984375,909812,ASIANPAINT
2024-10-08,2994.168512647157,3034.3126947984106,2982.0762060642724,3023.59130859375,817718,ASIANPAINT
2024-10-09,3030.934614154712,3081.0168312337073,3007.631359264989,3014.583251953125,1225598,ASIANPAINT
2024-10-10,3025.549519128867,3030.3961469022447,2979.481575128766,2995.24560546875,1161933,ASIANPAINT
2024-10-11,2995.343761664295,3000.043616705643,2962.83680944885,2973.802978515625,976017,ASIANPAINT
2024-10-14,2973.6066439445267,2991.230917764415,2954.2198949337467,2975.711669921875,716011,ASIANPAINT
2024-10-15,3010.813616059169,3032.15861893477,2984.034413970068,3003.07861328125,1242322,ASIANPAINT
2024-10-16,3023.5423752416177,3038.7678388325867,3002.0996023303546,3017.765625,764001,ASIANPAINT
2024-10-17,3018.5484078929285,3020.6046687633752,2973.606605845825,2992.063232421875,674481,ASIANPAINT
2024-10-18,2993.1893117782324,3004.938828213083,2918.384152760825,2929.69287109375,899318,ASIANPAINT
2024-10-21,2944.2819221487002,2993.1892352494165,2937.91760090921,2985.552001953125,806970,ASIANPAINT
2024-10-22,2990.252141716124,2994.1196433373984,2932.72846348239,2944.08642578125,541838,ASIANPAINT
2024-10-23,2937.329990209812,2963.3258421185824,2910.0124611803,2927.2939453125,624689,ASIANPAINT
2024-10-24,2927.2941122931275,2939.6312003908815,2889.4019689136367,2909.963623046875,571259,ASIANPAINT
2024-10-25,2913.3905711867183,2952.6046308847276,2890.381101039554,2896.255859375,1047769,ASIANPAINT
2024-10-28,2925.531669338662,2958.6261894041795,2901.2005217719843,2939.190673828125,504961,ASIANPAINT
2024-10-29,2956.961849342435,2964.794860863872,2879.70886883008,2930.378662109375,613459,ASIANPAINT
2024-10-30,2943.254048832852,2943.254048832852,2901.6901796846887,2934.09912109375,812725,ASIANPAINT
2024-10-31,2931.700461870474,2933.952500585891,2858.0701983014237,2874.37255859375,1031171,ASIANPAINT
2024-11-01,2896.2559119507614,2903.8441416051287,2868.8403725543376,2878.48486328125,112249,ASIANPAINT
2024-11-04,2900.3191944222995,2900.3191944222995,2825.269250851829,2854.447265625,1146008,ASIANPAINT
2024-11-05,2834.570963847689,2857.8742202713024,2812.73639704265,2827.03173828125,935417,ASIANPAINT
2024-11-06,2830.164890643995,2847.152829490549,2800.301535112204,2836.822998046875,1817087,ASIANPAINT
2024-11-07,2839.4664984128735,2844.3131261788453,2766.032020005644,2783.509521484375,1112489,ASIANPAINT
2024-11-08,2783.5096238329847,2787.5729028364462,2704.7387125294986,2711.6416015625,2060410,ASIANPAINT
2024-11-11,2511.508133350377,2544.504644081364,2453.6906736192004,2490.016357421875,8854840,ASIANPAINT
2024-11-12,2482.0852716971294,2482.0852716971294,2418.4420596023315,2423.19091796875,3445898,ASIANPAINT
2024-11-13,2418.442321542641,2445.857862029764,2399.9369273316497,2418.931884765625,1803766,ASIANPAINT
2024-11-14,2430.9750761395044,2449.5294736289966,2414.721482265574,2431.317626953125,1206967,ASIANPAINT
2024-11-18,2467.398537436715,2467.398537436715,2419.2255661813806,2431.856201171875,945471,ASIANPAINT
2024-11-19,2440.2421664298527,2455.1503504239377,2424.8926681984503,2436.024658203125,941508,ASIANPAINT
2024-11-21,2407.5811834490764,2418.6152360227406,2378.4513325454554,2381.540771484375,1377572,ASIANPAINT
2024-11-22,2383.355450368951,2446.077863815995,2376.44072925789,2424.745361328125,3805843,ASIANPAINT
2024-11-25,2456.915853815773,2459.8091798845007,2403.0206816798122,2412.4853515625,1857124,ASIANPAINT
2024-11-26,2412.6813837689556,2469.666232573915,2410.425724524224,2456.915771484375,1152258,ASIANPAINT
2024-11-27,2469.175588150749,2469.322613059505,2432.395415536785,2444.06689453125,864653,ASIANPAINT
2024-11-28,2452.01165097183,2457.896478934162,2406.2081212225285,2410.866943359375,1506133,ASIANPAINT
2024-11-29,2410.867028896604,2443.674898059773,2407.9246148110415,2432.00341796875,1030854,ASIANPAINT
2024-12-02,2432.0033576473265,2438.280411759127,2414.103672404123,2431.4638671875,914624,ASIANPAINT
2024-12-03,2446.126914769866,2446.126914769866,2416.2123715058397,2421.9990234375,1341985,ASIANPAINT
2024-12-04,2431.3165931156605,2431.5129456124614,2406.1099610659503,2412.239990234375,1005012,ASIANPAINT
2024-12-05,2417.6837434020454,2419.5471766720393,2377.3725718175615,2405.12939453125,3190834,ASIANPAINT
2024-12-06,2420.6259015352716,2420.6259015352716,2380.4129104643857,2383.06103515625,1735948,ASIANPAINT
2024-12-09,2391.34905763415,2392.1828374715656,2341.1809893581903,2345.93798828125,2301281,ASIANPAINT
2024-12-10,2353.833040864897,2358.4918630654356,2339.2682351315643,2343.044189453125,1657888,ASIANPAINT
2024-12-11,2353.685757753482,2381.3934867488088,2346.7219495517215,2370.89892578125,1337700,ASIANPAINT
2024-12-12,2366.6817067560096,2368.643316127544,2335.0016675148786,2343.681884765625,1089028,ASIANPAINT
2024-12-13,2343.681904879696,2365.7009223732866,2308.814250110579,2361.434326171875,1150861,ASIANPAINT
2024-12-16,2373.4981336387937,2373.4981336387937,2340.3468890142485,2356.137939453125,987775,ASIANPAINT
2024-12-17,2342.161876840381,2353.8333582506216,2305.381696613616,2310.776123046875,1258218,ASIANPAINT
2024-12-18,2311.560696557871,2327.1553963947094,2296.063933524049,2300.428466796875,855682,ASIANPAINT
2024-12-19,2280.3707553024697,2280.3707553024697,2221.8658551470567,2247.857177734375,2784409,ASIANPAINT
2024-12-20,2252.9082428785946,2273.505140179618,2232.3113455775715,2238.53955078125,1719502,ASIANPAINT
2024-12-23,2255.8507361549114,2258.3518359488926,2222.5524655707823,2235.449951171875,855647,ASIANPAINT
2024-12-24,2238.2942818784254,2250.946565484416,2233.4391075267267,2240.15771484375,601558,ASIANPAINT
2024-12-26,2240.1578889777365,2243.541617232668,2213.1857602794494,2218.972412109375,1267334,ASIANPAINT
2024-12-27,2226.6719750111083,2246.827560435928,2216.6678144909474,2227.7998046875,821790,ASIANPAINT
2024-12-30,2236.47997820152,2254.6739537738313,2213.480155249782,2244.326416015625,1076940,ASIANPAINT
2024-12-31,2236.234655799564,2253.545762506832,2229.3690230843895,2237.558837890625,685486,ASIANPAINT
2025-01-01,2236.2346377260815,2278.605351392144,2236.2346377260815,2260.411376953125,1067328,ASIANPAINT
2025-01-02,2269.581971653953,2302.880241800115,2249.9658785540914,2298.2705078125,1342922,ASIANPAINT
2025-01-03,2299.006366082288,2303.8613017716807,2277.575686214012,2291.11083984375,1355319,ASIANPAINT
2025-01-06,2291.110760965597,2295.0830680126287,2213.381986119443,2223.63134765625,1190987,ASIANPAINT
2025-01-07,2228.3881024312896,2271.543505823445,2228.3881024312896,2248.5927734375,740798,ASIANPAINT
2025-01-08,2243.1493945831817,2293.121345211807,2229.0747516227793,2289.54150390625,1439632,ASIANPAINT
2025-01-09,2296.9464313017265,2316.072122953004,2276.7419981529406,2305.087158203125,1362304,ASIANPAINT
2025-01-10,2290.7676831221484,2303.812194809117,2271.5438141293225,2276.20263671875,1214334,ASIANPAINT
2025-01-13,2247.7589801193344,2257.71405119624,2203.279394974303,2209.409423828125,1181928,ASIANPAINT
2025-01-14,2225.445792649132,2242.462849427957,2194.0600432596334,2196.953369140625,1316807,ASIANPAINT
2025-01-15,2205.829724693855,2210.488546922533,2177.386388981929,2186.900146484375,1308999,ASIANPAINT
2025-01-16,2196.021532990608,2196.855312695061,2165.42047689338,2173.07080078125,1936087,ASIANPAINT
2025-01-17,2182.9278242686637,2225.4948907413877,2170.030338602855,2217.599365234375,878848,ASIANPAINT
2025-01-20,2228.6334431540586,2243.002135992532,2207.791343619666,2236.774169921875,555716,ASIANPAINT
2025-01-21,2236.774120348776,2270.562793071887,2211.7145133378426,2216.9619140625,1410294,ASIANPAINT
2025-01-22,2226.426728351718,2226.426728351718,2201.8084339437387,2218.678466796875,835523,ASIANPAINT
2025-01-23,2218.678318741337,2257.6162158801017,2203.0833809637184,2232.65478515625,1142465,ASIANPAINT
2025-01-24,2239.177084297799,2252.467035601808,2211.7636413843934,2218.972412109375,543202,ASIANPAINT
2025-01-27,2212.0090885109144,2234.0281081329895,2203.0836691493437,2208.281982421875,1097939,ASIANPAINT
2025-01-28,2216.6186643968203,2223.5333855549316,2191.215917962656,2198.76806640625,897501,ASIANPAINT
2025-01-29,2198.768227234155,2203.672251186656,2169.5892847167747,2180.47607421875,1281088,ASIANPAINT
2025-01-30,2180.475896878825,2215.883042717907,2172.4824342680818,2206.66357421875,1155718,ASIANPAINT
2025-01-31,2211.714594967762,2260.7548298894417,2191.951476076034,2256.635498046875,1292909,ASIANPAINT
2025-02-01,2267.6203918669285,2343.142351284642,2241.4329551285223,2306.018798828125,1318619,ASIANPAINT
2025-02-03,2306.01881117763,2319.0635612195833,2233.978755835528,2248.24951171875,1070382,ASIANPAINT
2025-02-04,2260.4115281362806,2372.174418827752,2220.29671040911,2309.15771484375,5373733,ASIANPAINT
2025-02-05,2225.4456706082346,2251.4860810176606,2194.3051240935533,2231.526611328125,3474642,ASIANPAINT
2025-02-06,2243.296570015997,2254.771937667948,2216.8639299685055,2219.953369140625,1285954,ASIANPAINT
2025-02-07,2222.503447209723,2232.6057834969856,2200.141052188956,2227.407470703125,1336756,ASIANPAINT
2025-02-10,2227.4568426232345,2234.2733882566868,2210.7340724892765,2226.573974609375,1181565,ASIANPAINT
2025-02-11,2235.2540313135382,2239.0790740672005,2183.2713794225256,2197.83642578125,1607942,ASIANPAINT
2025-02-12,2198.8170667681698,2204.7998316412377,2143.744740335438,2185.47802734375,1181706,ASIANPAINT
2025-02-13,2185.4782166380246,2206.7616321381893,2177.3865773303783,2193.4716796875,921923,ASIANPAINT
2025-02-14,2193.4716872063455,2207.3502183450614,2160.712903739357,2188.4697265625,1380052,ASIANPAINT
2025-02-17,2188.469507921254,2216.6185540575925,2183.320283404085,2207.644287109375,923900,ASIANPAINT
2025-02-18,2204.8489546884357,2208.723085343409,2176.1604173554124,2194.648681640625,735853,ASIANPAINT
2025-02-19,2194.6486660146306,2206.614435319362,2183.3694121007593,2196.119873046875,645234,ASIANPAINT
2025-02-20,2196.119947164277,2213.774432147032,2188.2244212672454,2205.87890625,637442,ASIANPAINT
2025-02-21,2205.8789641005346,2222.307443612556,2194.0602190084924,2214.264892578125,755585,ASIANPAINT
2025-02-24,2202.788962681297,2215.6375987657107,2197.9831159070195,2203.083251953125,765042,ASIANPAINT
2025-02-25,2203.083378069052,2213.774292529145,2175.130445275953,2182.045166015625,947702,ASIANPAINT
2025-02-27,2171.501580547716,2185.6250722817654,2155.8087055302076,2171.158203125,1027196,ASIANPAINT
2025-02-28,2167.578276205342,2168.902458264366,2134.0348050707535,2137.908935546875,1701193,ASIANPAINT
2025-03-03,2137.909023945707,2151.2480635171437,2088.1331859068287,2124.815185546875,959068,ASIANPAINT
2025-03-04,2112.7024437231626,2118.3911589596355,2083.9648176897913,2091.173828125,2180989,ASIANPAINT
2025-03-05,2091.075382560136,2140.9003035438814,2083.9645492939253,2122.608154296875,1535212,ASIANPAINT
2025-03-06,2147.8151560567817,2231.3305761243014,2141.1947246770724,2224.170654296875,1985096,ASIANPAINT
2025-03-07,2224.170859021657,2234.224107597683,2204.849053551762,2226.4267578125,921429,ASIANPAINT
2025-03-10,2226.4265564901693,2248.9850634502022,2218.4330943708187,2234.861572265625,1072395,ASIANPAINT
2025-03-11,2230.3499879925585,2246.92549238546,2214.5589358314783,2243.49267578125,601228,ASIANPAINT
2025-03-12,2243.4925997474033,2251.8785279157673,2203.8681852119953,2208.085693359375,749216,ASIANPAINT
2025-03-13,2211.959952863452,2213.8724742700488,2179.8385967138997,2188.4697265625,747470,ASIANPAINT
2025-03-17,2162.6743124205764,2196.2668726021657,2153.8961584537587,2176.945068359375,838015,ASIANPAINT
2025-03-18,2176.945068359375,2176.945068359375,2176.945068359375,2176.945068359375,0,ASIANPAINT
2025-03-19,2230.3497992399066,2244.031976370776,2224.3179463561214,2236.921142578125,663292,ASIANPAINT
2025-03-20,2246.0429321170136,2262.7166132724674,2225.2008306726966,2243.296630859375,1166849,ASIANPAINT
2025-03-21,2247.6608792387738,2270.072361261491,2234.1259666391193,2256.242919921875,1624115,ASIANPAINT
2025-03-24,2258.204432777234,2285.5199368808444,2257.9103829583514,2277.918701171875,1100353,ASIANPAINT
2025-03-25,2280.3708711612076,2299.4965623386884,2263.697191673147,2286.010498046875,1828005,ASIANPAINT
2025-03-26,2295.082805937436,2296.014522433612,2259.773839692245,2278.55615234375,1934287,ASIANPAINT
2025-03-27,2270.562798884561,2304.9891383988142,2246.53308459831,2293.219482421875,1497861,ASIANPAINT
2025-03-28,2298.957162432758,2318.6223448473825,2280.3709609856874,2295.720458984375,1281871,ASIANPAINT
2025-04-01,2297.044623551179,2316.3664283861817,2261.4904529261876,2271.543701171875,970583,ASIANPAINT
2025-04-02,2283.3135692299293,2283.705795367322,2248.151621447827,2262.373291015625,792693,ASIANPAINT
2025-04-03,2250.946809784164,2309.6969161401757,2245.846673182262,2304.302490234375,608846,ASIANPAINT
2025-04-04,2304.302456272972,2318.5732124861197,2258.597101126369,2310.824951171875,1163188,ASIANPAINT
2025-04-07,2147.9623364340778,2308.8143104866754,2147.9623364340778,2296.4072265625,1745817,ASIANPAINT
2025-04-08,2310.77598236216,2373.5474861275156,2310.77598236216,2348.24267578125,1876867,ASIANPAINT
2025-04-09,2353.9313107339253,2382.8159616352013,2345.0058920656825,2364.8671875,1186937,ASIANPAINT
2025-04-11,2392.673138188117,2401.0099783908627,2334.560457951328,2347.654296875,968152,ASIANPAINT
2025-04-15,2368.545386403859,2378.4516105428893,2339.2194190287796,2369.330078125,1141122,ASIANPAINT
2025-04-16,2358.9334902486225,2421.1164127236184,2357.560219989948,2412.681396484375,1166695,ASIANPAINT
2025-04-17,2412.68115105389,2428.8644270296563,2384.335993762884,2420.527587890625,885840,ASIANPAINT
2025-04-21,2418.5663505592715,2423.470374336272,2394.1444079315247,2398.067626953125,541913,ASIANPAINT
2025-04-22,2398.067600350631,2402.9716240732296,2367.1722508982607,2385.317138671875,543647,ASIANPAINT
2025-04-23,2390.2209123739117,2409.4447791373664,2379.0398352376574,2406.011962890625,744684,ASIANPAINT
2025-04-24,2402.9717217303987,2443.184717889969,2389.142278488927,2417.09521484375,1203452,ASIANPAINT
2025-04-25,2416.9968230680265,2421.3122675252507,2367.368014538705,2384.924560546875,702217,ASIANPAINT
2025-04-28,2373.4493527613313,2412.583606519803,2358.8354575585877,2405.12939453125,554920,ASIANPAINT
2025-04-29,2412.7796033071086,2424.549259908607,2394.7328922998554,2404.050537109375,1235066,ASIANPAINT
2025-04-30,2402.9715418199903,2414.937311402688,2355.402513339064,2379.137939453125,1479669,ASIANPAINT
2025-05-02,2378.451327881872,2397.969245058867,2351.969601757002,2363.7392578125,744673,ASIANPAINT
2025-05-05,2376.5878898620194,2427.4915564148305,2376.5878898620194,2390.122802734375,1229588,ASIANPAINT
2025-05-06,2395.125005452272,2402.8732665678112,2345.202143503626,2371.585693359375,702802,ASIANPAINT
2025-05-07,2342.161415427729,2359.5216091838934,2273.995494836344,2289.296142578125,1711738,ASIANPAINT
2025-05-08,2277.428393301136,2304.0082950511696,2249.475460825218,2258.40087890625,2292261,ASIANPAINT
2025-05-09,2203.4760875313004,2287.0406058725553,2201.9067041208127,2255.458740234375,1503010,ASIANPAINT
2025-05-12,2285.2750633197033,2332.8440936076886,2276.4478205858504,2311.168212890625,940135,ASIANPAINT
2025-05-13,2308.814075673718,2312.7372941540475,2270.6608717342183,2279.978515625,1220489,ASIANPAINT
2025-05-14,2274.4859609248783,2274.4859609248783,2233.3903422767617,2238.490478515625,1549845,ASIANPAINT
2025-05-15,2241.1387228905814,2290.6693598735023,2224.4650431141526,2285.1767578125,1675015,ASIANPAINT
2025-05-16,2289.0998322084342,2309.7949057015176,2270.562720466672,2308.421875,785113,ASIANPAINT
2025-05-19,2308.4220048119373,2333.2361718049738,2281.9402782892416,2286.64794921875,552961,ASIANPAINT
2025-05-20,2302.438819676483,2302.634932707437,2247.415585328712,2251.53515625,1095824,ASIANPAINT
2025-05-21,2251.92759399425,2271.739801067979,2246.042765786948,2268.0126953125,469330,ASIANPAINT
2025-05-22,2264.874209299703,2265.6589009657846,2239.275349805513,2255.066162109375,916504,ASIANPAINT
2025-05-23,2257.6162465132484,2284.294085755304,2250.946726839168,2271.05322265625,458035,ASIANPAINT
2025-05-26,2271.5436001154403,2293.1213027072104,2258.5970264512307,2282.528564453125,1258062,ASIANPAINT
2025-05-27,2268.69947425945,2306.4604556573113,2256.929817719857,2282.921142578125,2485428,ASIANPAINT
2025-05-28,2282.921282051625,2288.2175320363026,2256.1452638973333,2258.989501953125,774808,ASIANPAINT
2025-05-29,2258.989074800161,2264.6777892903533,2242.609686103245,2250.260009765625,1414643,ASIANPAINT
2025-05-30,2252.4178372973715,2259.7738720370758,2211.7144450710093,2215.73583984375,3610431,ASIANPAINT
2025-06-02,2215.7359694399283,2228.6825434481884,2214.55881224932,2223.18994140625,702789,ASIANPAINT
2025-06-03,2228.976866217975,2243.3946474767345,2203.5738807103767,2212.401123046875,792587,ASIANPAINT
2025-06-04,2206.319992153631,2217.5992452808887,2197.8849766419803,2205.82958984375,768079,ASIANPAINT
2025-06-05,2207.889514094768,2217.5993846589804,2190.136853579612,2200.435302734375,996614,ASIANPAINT
2025-06-06,2205.92782084708,2209.360637101461,2196.0215981598762,2202.1025390625,822087,ASIANPAINT
2025-06-09,2197.002471273643,2212.499233024373,2193.0792525749403,2204.750732421875,1041851,ASIANPAINT
2025-06-10,2217.272486211869,2217.272486211869,2192.724063924676,2196.386474609375,1809051,ASIANPAINT
2025-06-11,2186.5870825870197,2203.3155154352885,2184.805297383034,2186.38916015625,1430888,ASIANPAINT
2025-06-12,2201.4350162837427,2240.0393173786465,2185.69643634893,2196.881591796875,3417373,ASIANPAINT
2025-06-13,2152.932151905266,2194.605096200665,2152.7342294653854,2191.734375,1786807,ASIANPAINT
2025-06-16,2191.7340611070726,2227.170872658067,2186.8838745386865,2222.023681640625,1301826,ASIANPAINT
2025-06-17,2208.3639365023105,2257.85662893849,2204.4045211074163,2241.821044921875,1540986,ASIANPAINT
2025-06-18,2234.1001045094,2260.826158041413,2232.120396840362,2258.25244140625,1131156,ASIANPAINT
2025-06-19,2246.9679887290563,2261.8157948219796,2241.028866291887,2244.98828125,524926,ASIANPAINT
2025-06-20,2243.9985712801026,2266.666126702171,2240.0391560683156,2262.5087890625,1945026,ASIANPAINT
2025-06-23,2238.257208868643,2249.7396088170535,2231.0312282974974,2241.1279296875,596186,ASIANPAINT
2025-06-24,2281.612964421652,2286.2652288580507,2245.8791462744125,2252.21435546875,1044179,ASIANPAINT
2025-06-25,2253.006327022203,2271.021617818927,2252.313236032559,2256.767578125,807368,ASIANPAINT
2025-06-26,2263.7954998714686,2269.3387774722814,2257.0644461171983,2266.567138671875,921519,ASIANPAINT
2025-06-27,2259.836183469298,2340.5092666724286,2253.9961428230686,2334.76806640625,1555059,ASIANPAINT
2025-06-30,2338.0347724395892,2345.854521118067,2302.49911621314,2317.346923828125,785414,ASIANPAINT
2025-07-01,2356.3471327824136,2375.6492832084828,2326.3545122491983,2345.458740234375,1232160,ASIANPAINT
2025-07-02,2316.2577601988805,2405.344597129607,2303.389661531109,2394.85205078125,1936030,ASIANPAINT
2025-07-03,2404.255888029121,2439.3956992426974,2400.395554730226,2406.235595703125,1547480,ASIANPAINT
2025-07-04,2406.2354877025405,2418.2128152580945,2387.527347688303,2399.603515625,602309,ASIANPAINT
2025-07-07,2398.7127436249625,2440.088680482908,2396.4360315695767,2418.014892578125,869054,ASIANPAINT
2025-07-08,2415.7382195225628,2462.7562754239448,2412.570735668228,2459.390869140625,1136367,ASIANPAINT
2025-07-09,2494.926593821461,2509.2794744445164,2467.6065312804385,2473.545654296875,2328636,ASIANPAINT
2025-07-10,2481.8604847719294,2486.512749306158,2420.2916266528655,2426.32958984375,932859,ASIANPAINT
2025-07-11,2422.6672511448596,2459.5888473703967,2410.7890051739755,2414.451416015625,1050411,ASIANPAINT
2025-07-14,2406.4338435041236,2423.7562862541863,2366.740606594277,2377.233154296875,891618,ASIANPAINT
2025-07-15,2385.448593665743,2390.4969447486355,2362.088188810415,2369.215087890625,610228,ASIANPAINT
2025-07-16,2356.842035799594,2397.8218888536676,2346.9434972200074,2386.042724609375,1200909,ASIANPAINT
2025-07-17,2379.707736082246,2389.507192526197,2369.7101155375785,2374.560302734375,526163,ASIANPAINT
2025-07-18,2376.2430711148772,2380.5983310634733,2348.230160923921,2358.2275390625,599552,ASIANPAINT
2025-07-21,2358.22756047867,2383.567914037501,2336.8468637229585,2351.298583984375,390931,ASIANPAINT
2025-07-22,2351.298608817401,2356.643964310425,2337.341815301031,2341.2021484375,411317,ASIANPAINT
2025-07-23,2339.0244937170323,2360.5042725166427,2328.7301110194885,2351.298583984375,368999,ASIANPAINT
2025-07-24,2351.298753078445,2355.8521774818505,2317.2478770945427,2328.2353515625,506960,ASIANPAINT
2025-07-25,2316.25783056356,2326.651295187884,2302.2019553090836,2312.496337890625,383636,ASIANPAINT
2025-07-28,2312.496455208657,2342.3899923596205,2296.46087159317,2335.6591796875,650364,ASIANPAINT
2025-07-29,2335.065004538179,2393.7633804542284,2301.409976918723,2377.1337890625,1742815,ASIANPAINT
2025-07-30,2384.5577642993003,2419.004724295606,2342.4889785032356,2391.288818359375,1685818,ASIANPAINT
2025-07-31,2377.0348502382585,2392.674588818769,2349.418025516724,2371.788818359375,1274735,ASIANPAINT
2025-08-01,2353.872223766583,2446.9184765142945,2353.872223766583,2406.33447265625,2225293,ASIANPAINT
2025-08-04,2418.4107160183803,2441.969284403293,2414.8473873951507,2424.94384765625,1165898,ASIANPAINT
2025-08-05,2436.920867898437,2438.70265299389,2384.65678285524,2412.07568359375,659094,ASIANPAINT
2025-08-06,2415.243360050098,2480.1778683627604,2415.243360050098,2465.923828125,2019109,ASIANPAINT
2025-08-07,2458.8959745801,2484.5330918907716,2441.8702955199838,2481.068603515625,1502806,ASIANPAINT
2025-08-08,2481.0685636610756,2486.215755117334,2443.454119049418,2450.482177734375,1178226,ASIANPAINT
2025-08-11,2438.9007055038905,2478.791862374858,2427.121541831701,2463.84521484375,721135,ASIANPAINT
2025-08-12,2463.8452548090927,2477.406203891745,2448.898365372008,2453.15478515625,608984,ASIANPAINT
2025-08-13,2454.639355735753,2478.9896127709208,2436.2279794842134,2474.832275390625,350844,ASIANPAINT
2025-08-14,2479.583726564812,2509.1802580128915,2472.357745615771,2503.043212890625,1088550,ASIANPAINT
2025-08-18,2524.127268472607,2568.6706908574174,2510.863323805654,2561.147705078125,1755615,ASIANPAINT
2025-08-19,2561.1475900561763,2568.670575497609,2535.2134691873252,2553.228759765625,698587,ASIANPAINT
2025-08-20,2551.8429412384953,2553.1297994329543,2537.3909799718176,2544.023193359375,308028,ASIANPAINT
2025-08-21,2548.7744310291314,2549.863366865174,2533.3328568800803,2540.558837890625,781082,ASIANPAINT
2025-08-22,2536.797392644195,2543.231442409305,2475.7234608988533,2479.0888671875,523774,ASIANPAINT
2025-08-25,2490.4721647945858,2496.9062145049056,2450.878012731079,2467.6064453125,766497,ASIANPAINT
2025-08-26,2455.9263817194274,2497.6981641187676,2442.9592001585233,2456.22314453125,7106393,ASIANPAINT
2025-08-28,2439.989602689333,2502.350391723584,2439.989602689333,2463.74609375,1485769,ASIANPAINT
2025-08-29,2465.725836660952,2505.913997946369,2464.7359828525773,2493.0458984375,1798653,ASIANPAINT
2025-09-01,2492.451991866285,2551.6453003711945,2489.581512369503,2544.122314453125,1314833,ASIANPAINT
2025-09-02,2542.9342742679623,2545.804753466854,2505.3198319082185,2514.228515625,1024054,ASIANPAINT
2025-09-03,2504.330139433277,2539.074104831537,2501.6575824788406,2527.987548828125,925847,ASIANPAINT
2025-09-04,2527.9875299885935,2556.792372311873,2527.0967582315957,2542.53857421875,933071,ASIANPAINT
2025-09-05,2538.9751511033596,2575.5997439262933,2538.9751511033596,2553.723876953125,1153436,ASIANPAINT
2025-09-08,2553.7237473782398,2563.3255226646506,2500.7665685510233,2505.1220703125,742880,ASIANPAINT
2025-09-09,2514.2287093319874,2525.711110339231,2499.1829795616045,2511.55615234375,702450,ASIANPAINT
2025-09-10,2511.5559946250305,2529.0763578516126,2499.4798270807123,2517.4951171875,520584,ASIANPAINT
2025-09-11,2515.21855988452,2533.5308555782876,2509.9722862990047,2529.96728515625,423961,ASIANPAINT
2025-09-12,2534.0257928242045,2542.241627907083,2511.4570772741577,2520.46484375,547539,ASIANPAINT
2025-09-15,2509.378500912947,2517.693176286382,2472.654827742631,2477.208251953125,583051,ASIANPAINT
2025-09-16,2469.6850616320035,2484.433785575144,2449.3930601236043,2455.72802734375,760790,ASIANPAINT
2025-09-17,2456.816916665378,2471.5656403296753,2455.629140541995,2468.29931640625,359627,ASIANPAINT
2025-09-18,2472.555681514996,2480.7715162918726,2444.246008163312,2453.550537109375,400796,ASIANPAINT
2025-09-19,2449.8880476944364,2484.038002298662,2443.4539982762494,2456.52001953125,3731525,ASIANPAINT
2025-09-22,2468.794488216161,2477.6040904741294,2448.9974119838466,2457.510009765625,872806,ASIANPAINT
2025-09-23,2447.017505402264,2458.598745723832,2403.364859193842,2422.072998046875,1332111,ASIANPAINT
2025-09-24,2421.182484191517,2449.8882454513505,2418.4108451164807,2432.268798828125,637749,ASIANPAINT
2025-09-25,2433.5554274370193,2437.7127648253804,2363.770738547733,2379.6083984375,1518215,ASIANPAINT
2025-09-26,2373.174495777403,2375.64913028812,2315.26804822663,2319.029541015625,1089446,ASIANPAINT
2025-09-29,2319.1283057695373,2339.7173125599843,2305.5673574257466,2318.83154296875,950369,ASIANPAINT
2025-09-30,2328.136201795213,2364.562870972334,2316.257955867686,2326.156494140625,778874,ASIANPAINT
2025-10-01,2329.52186805722,2333.0854384512804,2297.648623594792,2312.1005859375,648279,ASIANPAINT
2025-10-03,2318.435382251186,2338.727383927802,2312.397419433324,2333.877197265625,659872,ASIANPAINT
2025-10-06,2331.1056372658036,2335.2629747830006,2310.4177900590857,2330.90771484375,362107,ASIANPAINT
2025-10-07,2331.1056084583392,2347.339113482409,2322.1969246043586,2328.927978515625,498524,ASIANPAINT
2025-10-08,2336.0549055856777,2345.3594343916707,2296.4607546435473,2304.87451171875,701799,ASIANPAINT
2025-10-09,2304.8745875346162,2317.2477601110313,2300.2223229785895,2312.6943359375,587567,ASIANPAINT
2025-10-10,2315.168952276326,2333.8773340631014,2312.8924818709593,2316.455810546875,1117236,ASIANPAINT
2025-10-13,2316.4559538059325,2342.588240696399,2313.2884697880536,2318.732666015625,667732,ASIANPAINT
2025-10-14,2318.6335776566284,2331.105832918551,2284.5827016458666,2294.580322265625,353345,ASIANPAINT
2025-10-15,2306.359448255162,2359.8115556396165,2301.4101790528975,2351.001953125,753640,ASIANPAINT
2025-10-16,2352.88256042397,2396.238206630707,2342.8849400478784,2385.250732421875,715890,ASIANPAINT
2025-10-17,2396.4361084736693,2518.1881288546115,2396.4361084736693,2482.35546875,3719960,ASIANPAINT
2025-10-20,2482.3551717731507,2511.357933686202,2475.32711379647,2490.471923828125,714986,ASIANPAINT
2025-10-21,2487.5024187915164,2493.639463573223,2458.796660675737,2479.187744140625,107942,ASIANPAINT
2025-10-23,2493.342597184148,2520.1677313672517,2471.466973579269,2477.010009765625,811738,ASIANPAINT
2025-10-24,2469.6851302398836,2481.2663708946784,2461.073450863935,2476.21826171875,327596,ASIANPAINT
2025-10-27,2476.2184587966717,2504.3302111417024,2474.23875111988,2493.243896484375,550089,ASIANPAINT
2025-10-28,2489.4822059889902,2502.944313788174,2466.715569512749,2483.840087890625,1103957,ASIANPAINT
2025-10-29,2494.4316760614374,2524.9192226571176,2487.0077722636356,2512.94189453125,615292,ASIANPAINT
2025-10-30,2509.774486670996,2512.941970721386,2487.7997790959557,2497.896240234375,736486,ASIANPAINT
2025-10-31,2497.796963962423,2504.330095659989,2479.8807553117445,2485.324951171875,609128,ASIANPAINT
2025-11-03,2470.873032398037,2489.7793368360453,2469.6852561586425,2486.710693359375,425210,ASIANPAINT
2025-11-04,2484.5328786749587,2495.421269776721,2454.5402621255826,2461.46923828125,527087,ASIANPAINT
2025-11-06,2534.124927247066,2604.305468247461,2534.124927247066,2576.490478515625,4448622,ASIANPAINT
2025-11-07,2576.490234261984,2592.327894293041,2558.7719487676445,2587.27978515625,791663,ASIANPAINT
2025-11-10,2587.2800390438674,2639.7422930448206,2584.6074819840737,2623.508544921875,1706880,ASIANPAINT
2025-11-11,2623.5084476961592,2637.8613279758315,2606.6809328855093,2630.239501953125,776404,ASIANPAINT
2025-11-12,2633.0112636282392,2809.8980998107063,2615.292976226382,2741.697265625,2859196,ASIANPAINT
2025-11-13,2829.892812411752,2867.705419302586,2811.18467304877,2850.184814453125,5933630,ASIANPAINT
2025-11-14,2836.0303621406333,2880.375621287305,2832.9617185403913,2876.9111328125,2494076,ASIANPAINT
2025-11-17,2876.9109277310713,2897.2029302084065,2850.7788846207886,2858.5986328125,1230683,ASIANPAINT
2025-11-18,2861.1764220981377,2890.918380747806,2837.48209185684,2881.00439453125,1819066,ASIANPAINT
2025-11-19,2888.935498428825,2890.9182956137456,2862.365967742759,2868.81005859375,1387906,ASIANPAINT
2025-11-20,2872.4783482680073,2881.10371014527,2827.964645752369,2835.201904296875,1062883,ASIANPAINT
2025-11-21,2844.3226954020324,2870.693996016735,2829.550952496629,2851.857421875,857340,ASIANPAINT
2025-11-24,2851.2623873259877,2871.5860587238258,2839.8613033711026,2854.434814453125,5404326,ASIANPAINT
2025-11-25,2874.9567705789004,2883.4828955546254,2844.322649938532,2851.064208984375,972417,ASIANPAINT
2025-11-26,2855.228177192067,2871.288787280634,2833.020943741294,2849.27978515625,570376,ASIANPAINT
2025-11-27,2855.2280994648086,2889.4313527396475,2846.701974295966,2854.3359375,1158685,ASIANPAINT
2025-11-28,2855.227954340334,2865.0427036171095,2831.236156743247,2849.676025390625,748446,ASIANPAINT
2025-12-01,2852.947795413725,2862.663550417217,2823.5033044461416,2842.934814453125,499153,ASIANPAINT
2025-12-02,2842.339893028985,2936.522763568836,2836.589732524731,2928.988037109375,2102147,ASIANPAINT
2025-12-03,2943.462626521632,2943.66085784583,2907.3758120528328,2928.095947265625,1252456,ASIANPAINT
2025-12-04,2924.6258944441,2960.0187763517797,2908.763516711522,2931.763916015625,1466098,ASIANPAINT
2025-12-05,2929.5829155349925,2947.923789963892,2915.703334886096,2942.966796875,944978,ASIANPAINT
2025-12-08,2944.453821755753,2948.91511542508,2889.728667820144,2903.112548828125,983544,ASIANPAINT
2025-12-09,2884.9701320664567,2888.4400274143027,2764.515193562651,2771.95068359375,1839391,ASIANPAINT
2025-12-10,2785.830133839031,2799.709714577019,2772.644483729807,2780.37744140625,845073,ASIANPAINT
2025-12-11,2775.9160719797633,2787.416392522806,2739.4325551970373,2755.4931640625,777422,ASIANPAINT
2025-12-12,2770.9592338675175,2772.9420311726108,2722.3806998927384,2741.01904296875,977696,ASIANPAINT
2025-12-15,2749.2475920214038,2777.8989151364117,2734.9713067620355,2756.286376953125,1029674,ASIANPAINT
2025-12-16,2768.9763210091114,2783.847300176722,2752.2217812965405,2766.894287109375,916244,ASIANPAINT
2025-12-17,2775.916061967917,2782.360152826057,2748.156901348238,2761.739013671875,636499,ASIANPAINT
2025-12-18,2756.088086314156,2769.7694352946414,2731.6005894949667,2735.962646484375,417994,ASIANPAINT
2025-12-19,2742.6050408185665,2788.2093772598632,2735.9627184841656,2775.81689453125,3895542,ASIANPAINT
2025-12-22,2761.8383889023835,2798.817606705464,2756.3856963642547,2783.450927734375,463953,ASIANPAINT
2025-12-23,2773.9334147715076,2794.752786362001,2759.1616717450024,2783.649169921875,431068,ASIANPAINT
2025-12-24,2783.6490084418188,2800.403547790722,2758.070876420582,2761.540771484375,512144,ASIANPAINT
2025-12-26,2761.045313886708,2770.3643646289715,2719.406569476208,2722.87646484375,532078,ASIANPAINT
2025-12-29,2722.8762650599865,2769.769467423096,2711.475181117445,2751.527587890625,815529,ASIANPAINT
2025-12-30,2746.4717350000174,2768.3814999924343,2717.423706078166,2734.574951171875,4833527,ASIANPAINT
2025-12-31,2731.3031868660014,2772.74369741969,2731.2039501881377,2745.678466796875,1274705,ASIANPAINT
2026-01-01,2752.0234326268005,2758.764991896357,2722.479946307838,2728.3291015625,327945,ASIANPAINT
2026-01-02,2732.0964076433634,2774.92478028137,2732.0964076433634,2748.751953125,508884,ASIANPAINT
2026-01-05,2746.174205723587,2803.6753262766442,2745.182807093362,2791.382080078125,866733,ASIANPAINT
2026-01-06,2795.7441325994646,2823.899756834903,2787.4164809356535,2821.322265625,875891,ASIANPAINT
2026-01-07,2821.322161393437,2830.145512045567,2777.0066927411867,2785.235107421875,636748,ASIANPAINT
2026-01-08,2770.9591147468823,2780.575632855042,2746.2733861759625,2762.5322265625,620031,ASIANPAINT
2026-01-09,2765.902889951143,2832.1283656204937,2762.234763496008,2801.19677734375,1657381,ASIANPAINT
2026-01-12,2801.6924515836354,2875.0559481926903,2783.847276732784,2871.48681640625,1743901,ASIANPAINT
2026-01-13,2875.0559895993033,2889.4312695473,2846.1071983880256,2861.473876953125,1051986,ASIANPAINT
2026-01-14,2859.193674606754,2859.193674606754,2783.153447410751,2789.696533203125,958254,ASIANPAINT
2026-01-15,2789.696533203125,2789.696533203125,2789.696533203125,2789.696533203125,0,ASIANPAINT
2026-01-16,2763.9201248983854,2802.188208571498,2726.841913205698,2733.186767578125,1143463,ASIANPAINT
2026-01-19,2733.186726726262,2762.3339910381023,2701.263739943396,2730.311767578125,1342048,ASIANPAINT
2026-01-20,2716.432154439653,2716.531391115573,2646.340322074472,2652.586181640625,911151,ASIANPAINT
2026-01-21,2647.0342883114345,2664.879463288815,2625.223518894636,2638.2109375,914318,ASIANPAINT
2026-01-22,2642.374853390455,2706.4190605473364,2642.374853390455,2680.543701171875,1290346,ASIANPAINT
2026-01-23,2680.5435726133815,2758.9630563425376,2667.6553908637447,2680.4443359375,1786635,ASIANPAINT
2026-01-27,2696.5051440901416,2711.177892805429,2524.1010122974158,2600.240478515625,3818761,ASIANPAINT
2026-01-28,2513.195467623375,2526.5793488119016,2429.917984672541,2490.195068359375,3430002,ASIANPAINT
2026-01-29,2490.1950274985406,2493.2682179040366,2389.270602598885,2395.218994140625,3488159,ASIANPAINT
2026-01-30,2396.2104772047783,2423.969638711495,2379.8523998883206,2407.413330078125,2048843,ASIANPAINT
2026-02-02,2354.4725989007534,2408.603062968766,2351.597639580948,2381.339599609375,1183482,ASIANPAINT
2026-02-03,2503.2815202051024,2503.2815202051024,2370.434104875406,2405.133056640625,2233860,ASIANPAINT
2026-02-04,2409.098571916173,2442.6078926414953,2396.3096269309112,2431.603271484375,970973,ASIANPAINT
2026-02-05,2423.969609356947,2434.6767627880085,2381.9344049720994,2411.1806640625,1047405,ASIANPAINT
2026-02-06,2411.081385424528,2422.9781685762937,2365.576286685293,2380.447265625,1043982,ASIANPAINT
2026-02-09,2383.3222888664236,2405.3312898812637,2376.184267191432,2396.60693359375,669839,ASIANPAINT
2026-02-10,2398.1933923938204,2399.1847910678152,2366.3693981423053,2373.011962890625,1513620,ASIANPAINT
2026-02-11,2378.3652334566027,2385.0075556462834,2355.8605337198996,2371.921142578125,3177710,ASIANPAINT
2026-02-12,2377.3738747553025,2393.1370158909117,2356.5545038754603,2389.766357421875,607767,ASIANPAINT
2026-02-13,2388.180096666005,2391.055297957956,2339.8000364723516,2346.045654296875,675635,ASIANPAINT
2026-02-16,2339.700828939525,2384.413005156297,2336.5284016474056,2376.580810546875,683108,ASIANPAINT
2026-02-17,2378.8609048949324,2431.305793229297,2378.8609048949324,2416.434814453125,1004356,ASIANPAINT
2026-02-18,2419.0126162907773,2427.14203651116,2395.71474887978,2411.1806640625,551809,ASIANPAINT
2026-02-19,2399.184707815805,2407.115896932551,2370.5333839478317,2380.14990234375,971600,ASIANPAINT
2026-02-20,2357.7441514901498,2414.7495721840155,2355.6623596109553,2407.215087890625,790329,ASIANPAINT
2026-02-23,2403.8442762441377,2425.5560520661024,2390.7578623742984,2408.80126953125,634365,ASIANPAINT
2026-02-24,2392.245001597522,2420.4998638211146,2383.0249455164217,2392.34423828125,499660,ASIANPAINT
2026-02-25,2395.219015892177,2407.0165624074957,2379.356638303487,2395.615478515625,526764,ASIANPAINT
2026-02-26,2395.318382184249,2401.3657687427703,2361.5115913027257,2374.300537109375,588742,ASIANPAINT
2026-02-27,2364.4858313259697,2376.977551402081,2338.7094658691667,2355.761474609375,2531619,ASIANPAINT
2026-03-02,2280.2168323371657,2317.7907433233195,2263.8587550617035,2287.255859375,2528308,ASIANPAINT
2026-03-04,2241.254922068388,2271.1951134569463,2197.236917991508,2265.544189453125,1610358,ASIANPAINT
2026-03-05,2265.5440929266383,2293.105023152167,2234.315036191103,2268.121826171875,925040,ASIANPAINT
2026-03-06,2242.2461232483765,2288.0486893030497,2234.314934596808,2259.89306640625,979742,ASIANPAINT
2026-03-09,2181.077101186327,2210.8190616570496,2143.998887282437,2201.6982421875,2198153,ASIANPAINT
2026-03-10,2232.233312704302,2285.2731408487366,2232.233312704302,2260.785400390625,1192174,ASIANPAINT
2026-03-11,2270.3028787592407,2282.199662403394,2206.8533659904233,2212.8017578125,687786,ASIANPAINT
2026-03-12,2189.0080695446873,2230.547573323493,2182.068279469138,2202.094482421875,1384055,ASIANPAINT
2026-03-13,2185.736493312427,2200.6074726410466,2171.162981978515,2177.904541015625,949233,ASIANPAINT
2026-03-16,2166.602530791707,2208.637979123367,2156.3913182449023,2198.624755859375,1111587,ASIANPAINT
2026-03-17,2198.624813304225,2242.0481240756235,2198.1291139621785,2218.948486328125,875461,ASIANPAINT
2026-03-18,2215.8750606338967,2250.871236838399,2209.430969870703,2242.642822265625,844912,ASIANPAINT
2026-03-19,2200.9050648122998,2219.741639691324,2161.844053721548,2167.197509765625,889334,ASIANPAINT
2026-03-20,2191.883035494523,2205.366153071308,2166.205908950689,2176.516357421875,875920,ASIANPAINT
2026-03-23,2161.2490060531636,2161.2490060531636,2096.8080953222207,2103.053955078125,978398,ASIANPAINT
2026-03-24,2165.2146480848346,2205.3662933446494,2134.7787579873834,2198.228271484375,1561016,ASIANPAINT
2026-03-25,2205.9611632253836,2270.005368767247,2202.887730691226,2250.673095703125,1270855,ASIANPAINT
2026-03-27,2226.978883613762,2249.483585042764,2182.167712081868,2188.413330078125,1089010,ASIANPAINT
2026-03-30,2166.503380287283,2183.951850191729,2132.498360349631,2146.576171875,1513565,ASIANPAINT
2026-04-01,2205.6636307072044,2227.276168370157,2179.4905627154985,2206.655029296875,1209900,ASIANPAINT
2026-04-02,2166.206128976487,2166.305365661368,2123.972448135313,2150.34375,1854061,ASIANPAINT
2026-04-06,2150.3435162351893,2174.3353134208273,2127.4421122612302,2165.511962890625,2048228,ASIANPAINT
2026-04-07,2149.0548763211227,2179.7882354882618,2126.550174629453,2167.395751953125,1793007,ASIANPAINT
2026-04-08,2264.850100281215,2316.7992900724025,2225.8880869174877,2262.76806640625,2914767,ASIANPAINT
2026-04-09,2255.431824787587,2269.9063412266696,2232.629656888636,2250.078369140625,1980060,ASIANPAINT
2026-04-10,2248.1946997294717,2356.4553853234625,2248.1946997294717,2340.394775390625,3018178,ASIANPAINT
2026-04-13,2260.2896157134237,2342.1792384979185,2242.5436772411817,2332.166015625,1734562,ASIANPAINT
2026-04-15,2379.8523513508994,2405.1330157789134,2360.520078553006,2402.258056640625,1182431,ASIANPAINT
2026-04-16,2414.0555975912685,2425.5559181989383,2390.8569671041973,2419.31005859375,1496210,ASIANPAINT
2026-04-17,2404.1416069129846,2464.7161582374533,2396.706117407068,2442.80615234375,1286575,ASIANPAINT
2026-04-20,2448.7545957036955,2502.0918899615717,2435.3707143101733,2495.152099609375,1203157,ASIANPAINT
2026-04-21,2494.656448384103,2559.7912906799447,2492.0787151016143,2521.7216796875,1681872,ASIANPAINT
2026-04-22,2478.496591328449,2549.8772931587087,2478.496591328449,2540.85546875,1126584,ASIANPAINT
2026-04-23,2508.238527355777,2519.837842888377,2488.41055480751,2499.71240234375,1378614,ASIANPAINT
2026-04-24,2499.7124304630092,2517.061906637907,2449.4485678958704,2463.724853515625,436871,ASIANPAINT
2026-04-27,2481.470673800435,2498.1262185409096,2454.20721254214,2463.82373046875,452134,ASIANPAINT
2026-04-28,2453.711703700179,2477.5052717360595,2434.974365688199,2441.41845703125,556571,ASIANPAINT
2026-04-29,2448.6554645929264,2456.586653908799,2417.6248800271264,2426.25,603585,ASIANPAINT
2026-04-30,2405.8269334704287,2434.7757241733725,2364.9813595711516,2423.473876953125,823684,ASIANPAINT
2026-05-01,2423.473876953125,2423.473876953125,2423.473876953125,2423.473876953125,0,ASIANPAINT
2026-05-04,2438.8405150757653,2485.4362484938797,2421.292808558354,2427.04296875,581159,ASIANPAINT
2026-05-05,2409.0986328125,2433.7843614929498,2394.227653597608,2409.0986328125,327682,ASIANPAINT
2026-05-06,2438.840730371055,2507.24723866195,2419.4092196054808,2497.333251953125,1395987,ASIANPAINT
2026-05-07,2512.799090655162,2533.8166934225105,2489.699453926799,2508.83349609375,1053513,ASIANPAINT
2026-05-08,2518.1524303726387,2584.972598834762,2493.7639281283514,2577.537109375,2327900,ASIANPAINT
2026-05-11,2556.7177847784324,2585.468344538891,2533.0234547576356,2544.028076171875,1271257,ASIANPAINT
2026-05-12,2524.2990937915256,2533.717380591815,2478.496526391938,2483.94921875,628802,ASIANPAINT
2026-05-13,2532.0321540727255,2619.6716979847315,2532.0321540727255,2595.085205078125,3515018,ASIANPAINT
2026-05-14,2597.464479177054,2642.7713493560886,2587.5504926153094,2599.6455078125,1040916,ASIANPAINT
2026-05-15,2599.6455492931773,2617.2924940627995,2570.498525152845,2583.1884765625,796240,ASIANPAINT
2026-05-18,2557.907795315493,2596.869569262112,2534.0149906453235,2591.51611328125,898479,ASIANPAINT
2026-05-19,2606.3869513982067,2623.240727805118,2572.7786352618723,2578.330322265625,688639,ASIANPAINT
2026-05-20,2539.963249067585,2591.5159769955762,2539.963249067585,2576.24853515625,586190,ASIANPAINT
2026-05-21,2602.4213727320252,2625.5210089438397,2568.515588398281,2576.44677734375,1031843,ASIANPAINT
2026-05-22,2583.684151755406,2641.7799681669367,2577.8347544208896,2617.09423828125,1556434,ASIANPAINT
2026-05-25,2649.0172659355308,2661.013286747998,2630.378922392816,2634.939453125,815621,ASIANPAINT
2026-05-26,2627.2063736290493,2641.383422468467,2613.227556107807,2624.232177734375,486267,ASIANPAINT
2026-05-27,2622.0512104312984,2666.4659185712258,2619.275245789924,2648.91796875,858457,ASIANPAINT
2026-05-28,2648.91796875,2648.91796875,2648.91796875,2648.91796875,0,ASIANPAINT
2026-05-29,2653.081899183728,2724.56159325931,2608.964661335609,2648.62060546875,5062328,ASIANPAINT
2026-06-01,2709.095901351661,2754.8984680974218,2604.106644768003,2609.757568359375,2224344,ASIANPAINT
2026-06-02,2603.511962617927,2649.1162982589444,2585.468314449159,2637.814208984375,1026319,ASIANPAINT
2026-06-03,2629.288299864542,2652.982629371886,2602.1238332482144,2639.49951171875,958774,ASIANPAINT
2026-06-04,2640.9868104093725,2675.5867690885616,2622.15023574918,2638.706787109375,1840743,ASIANPAINT
2026-06-05,2643.0686735140903,2676.577994677205,2642.077274911872,2663.590576171875,1615011,ASIANPAINT
2026-06-08,2620.5640072762417,2651.9912949616705,2607.477593967183,2636.3271484375,1262904,ASIANPAINT
2026-06-09,2643.2668941356555,2695.6127885292044,2638.6073691322094,2684.806640625,1416560,ASIANPAINT
2026-06-10,2687.7809874156337,2720.397906312803,2676.7763655410236,2691.74658203125,1395772,ASIANPAINT
2026-06-11,2670.7285903296975,2683.4185408112085,2648.0256592178175,2667.75439453125,771558,ASIANPAINT
2026-06-12,2702.255252386737,2729.320483944781,2686.0954059806704,2723.7685546875,1078025,ASIANPAINT
2026-06-15,2796.041569265256,2808.3348153056413,2706.518225699372,2715.73828125,2752021,ASIANPAINT
2026-06-16,2717.423619460817,2747.1655780831534,2711.4752277363496,2724.462646484375,962931,ASIANPAINT
2026-06-17,2740.2258274031,2745.083583898793,2708.9967703976017,2714.449462890625,557209,ASIANPAINT
2026-06-18,2721.3892363671166,2741.2172089453834,2704.7336909932365,2731.30322265625,600888,ASIANPAINT
2026-06-19,2729.2212838160262,2729.2212838160262,2695.4147346165373,2709.393310546875,838991,ASIANPAINT
2026-06-22,2719.1090391012117,2732.790388930441,2647.034405385191,2651.0,1033475,ASIANPAINT
2026-06-23,2669.0,2695.39990234375,2650.10009765625,2661.199951171875,1182151,ASIANPAINT
2026-06-24,2662.0,2687.60009765625,2653.60009765625,2667.5,1264476,ASIANPAINT
2026-06-25,2690.0,2690.699951171875,2637.10009765625,2645.199951171875,2050810,ASIANPAINT
2026-06-26,2645.199951171875,2645.199951171875,2645.199951171875,2645.199951171875,0,ASIANPAINT
2026-06-29,2631.300048828125,2687.800048828125,2630.0,2656.89990234375,4752587,ASIANPAINT
2026-06-30,2658.0,2672.10009765625,2630.300048828125,2635.699951171875,1821479,ASIANPAINT
2026-07-01,2648.0,2723.0,2624.0,2716.39990234375,1097512,ASIANPAINT
2026-07-02,2720.0,2759.89990234375,2711.0,2744.5,1629567,ASIANPAINT
2026-07-03,2744.0,2762.39990234375,2730.0,2737.800048828125,472124,ASIANPAINT
2026-07-06,2724.0,2758.0,2722.0,2754.89990234375,504943,ASIANPAINT
2026-07-07,2750.0,2751.800048828125,2726.39990234375,2731.39990234375,489066,ASIANPAINT
2026-07-08,2676.60009765625,2713.10009765625,2653.300048828125,2665.89990234375,1481672,ASIANPAINT
2026-07-09,2658.0,2722.800048828125,2656.0,2673.800048828125,918568,ASIANPAINT
2026-07-10,2695.0,2728.199951171875,2672.89990234375,2677.800048828125,982095,ASIANPAINT
2026-07-13,2650.5,2664.39990234375,2630.10009765625,2652.10009765625,1107802,ASIANPAINT
2026-07-14,2604.0,2655.89990234375,2579.89990234375,2641.0,975301,ASIANPAINT
2026-07-15,2644.89990234375,2684.0,2644.89990234375,2670.0,809114,ASIANPAINT
2026-07-16,2688.0,2693.10009765625,2660.10009765625,2674.699951171875,455037,ASIANPAINT
2026-07-17,2665.0,2700.0,2665.0,2689.0,452284,ASIANPAINT
2026-07-20,2689.0,2708.5,2666.699951171875,2691.39990234375,571087,ASIANPAINT
2026-07-21,2695.0,2720.0,2680.5,2692.39990234375,1000078,ASIANPAINT
2026-07-22,2683.0,2700.0,2665.60009765625,2692.800048828125,528096,ASIANPAINT
2026-07-23,2671.10009765625,2693.39990234375,2656.0,2668.800048828125,584245,ASIANPAINT
2026-07-24,2620.10009765625,2657.10009765625,2620.10009765625,2637.89990234375,645563,ASIANPAINT
2026-07-27,2665.800048828125,2723.89990234375,2664.300048828125,2710.199951171875,715239,ASIANPAINT
2026-07-28,2712.0,2749.800048828125,2706.300048828125,2736.199951171875,1282146,ASIANPAINT
2026-07-29,2746.199951171875,2864.0,2718.5,2758.39990234375,3803474,ASIANPAINT
2026-07-30,2758.10009765625,2767.89990234375,2666.199951171875,2746.199951171875,2387024,ASIANPAINT
2026-07-31,2773.89990234375,2774.89990234375,2732.39990234375,2747.300048828125,891738,ASIANPAINT
2026-08-03,2770.89990234375,2810.0,2762.10009765625,2810.0,1040453,ASIANPAINT
2026-08-04,2774.89990234375,2807.300048828125,2732.39990234375,2775.0,820097,ASIANPAINT
2026-08-05,2787.0,2787.0,2748.699951171875,2760.0,688876,ASIANPAINT
2026-08-06,2788.0,2788.0,2741.60009765625,2755.0,797083,ASIANPAINT
2026-08-07,2755.0,2755.0,2695.0,2735.0,1067986,ASIANPAINT
2026-08-10,2724.699951171875,2761.5,2713.5,2750.0,977656,ASIANPAINT
2026-08-11,2742.10009765625,2747.60009765625,2720.0,2735.5,951134,ASIANPAINT
2026-08-12,2733.199951171875,2748.39990234375,2698.199951171875,2740.0,648174,ASIANPAINT
2026-08-13,2725.0,2755.5,2720.0,2755.5,579435,ASIANPAINT
2026-08-14,2751.0,2751.0,2690.300048828125,2696.300048828125,667311,ASIANPAINT
2026-08-17,2694.5,2714.60009765625,2687.5,2687.5,312900,ASIANPAINT
2026-08-18,2663.10009765625,2670.10009765625,2610.10009765625,2628.39990234375,1017022,ASIANPAINT
2026-08-19,2625.0,2634.89990234375,2601.0,2630.800048828125,742443,ASIANPAINT
2026-08-20,2635.10009765625,2641.800048828125,2607.0,2625.199951171875,476939,ASIANPAINT
2026-08-21,2620.199951171875,2644.0,2615.5,2640.0,330334,ASIANPAINT
2026-08-24,2640.39990234375,2642.699951171875,2622.0,2640.800048828125,355289,ASIANPAINT
2026-08-25,2631.0,2640.0,2605.199951171875,2639.800048828125,479480,ASIANPAINT
2026-08-26,2660.89990234375,2678.699951171875,2626.5,2626.5,339110,ASIANPAINT
2026-08-27,2637.89990234375,2655.89990234375,2627.89990234375,2631.0,525106,ASIANPAINT
2026-08-28,2645.0,2645.0,2583.800048828125,2608.699951171875,482544,ASIANPAINT
2026-08-31,2590.0,2653.60009765625,2561.10009765625,2653.60009765625,1381178,ASIANPAINT
2026-09-01,2645.300048828125,2645.300048828125,2545.199951171875,2575.5,1046523,ASIANPAINT
2026-09-02,2548.0,2548.0,2510.699951171875,2527.5,497889,ASIANPAINT
2026-09-03,2530.0,2544.0,2515.10009765625,2541.60009765625,589499,ASIANPAINT
2026-09-04,2540.0,2553.89990234375,2519.800048828125,2527.300048828125,399368,ASIANPAINT
2026-09-07,2511.10009765625,2523.5,2489.699951171875,2500.89990234375,240336,ASIANPAINT
2026-09-08,2499.0,2499.0,2474.10009765625,2481.60009765625,373248,ASIANPAINT
2026-09-09,2459.10009765625,2489.0,2457.39990234375,2489.0,432840,ASIANPAINT
2026-09-10,2485.10009765625,2498.10009765625,2468.60009765625,2498.10009765625,549332,ASIANPAINT
2026-09-11,2453.199951171875,2472.5,2442.800048828125,2472.5,653006,ASIANPAINT
2026-09-14,2472.5,2472.5,2472.5,2472.5,0,ASIANPAINT
2026-09-15,2472.5,2473.0,2402.800048828125,2402.800048828125,539643,ASIANPAINT
2026-09-16,2405.10009765625,2444.5,2397.39990234375,2416.60009765625,591671,ASIANPAINT
2026-09-17,2424.0,2454.0,2421.0,2454.0,486007,ASIANPAINT
2026-09-18,2455.699951171875,2474.0,2438.0,2451.300048828125,1000730,ASIANPAINT
2026-09-21,2450.0,2463.800048828125,2440.300048828125,2440.300048828125,268147,ASIANPAINT
2026-09-22,2475.10009765625,2475.10009765625,2435.60009765625,2448.5,414715,ASIANPAINT
2026-09-23,2469.0,2471.89990234375,2448.199951171875,2455.0,398823,ASIANPAINT
2026-09-24,2430.0,2437.800048828125,2391.0,2392.699951171875,259577,ASIANPAINT
2026-09-25,2401.89990234375,2451.0,2397.0,2444.0,426982,ASIANPAINT
2026-09-28,2437.89990234375,2441.60009765625,2412.89990234375,2420.0,1097754,ASIANPAINT
2026-09-29,2417.5,2425.300048828125,2381.0,2415.0,909789,ASIANPAINT
2026-09-30,2410.0,2430.5,2390.0,2402.60009765625,553695,ASIANPAINT
2026-10-01,2391.0,2420.0,2377.0,2407.0,1005836,ASIANPAINT
