Date,Open,High,Low,Close,Volume,Symbol
2021-10-04,126.84952823470468,127.40964705666612,124.08190417511132,125.16918182373047,23341448,COALINDIA
2021-10-05,125.861096531518,131.06686561216628,125.46571733720344,130.44085693359375,42359592,COALINDIA
2021-10-06,131.79173545715204,134.29578044182023,126.32237642469794,127.08018493652344,41926821,COALINDIA
2021-10-07,128.3321907844754,128.46398049702034,124.70791838748123,125.66340637207031,16517664,COALINDIA
2021-10-08,125.92700207115513,126.32237122831586,121.31429151990272,124.18075561523438,28978175,COALINDIA
2021-10-11,126.52005021098753,131.59402938034196,126.28941068082634,129.71600341796875,34952223,COALINDIA
2021-10-12,131.2645374084374,132.45066477561883,126.02581909620449,127.3766860961914,25216411,COALINDIA
2021-10-13,127.83798458095576,128.20041386781193,124.77383072507789,125.23509979248047,17378156,COALINDIA
2021-10-14,125.20214159342434,126.38826915634422,120.12816207667301,121.1166000366211,29542941,COALINDIA
2021-10-18,121.7755317392279,123.71945728613754,120.85298381440205,122.10501098632812,15468914,COALINDIA
2021-10-19,123.42298273148198,124.51026070732145,120.98483723223583,121.57789611816406,17403803,COALINDIA
2021-10-20,120.39176199210543,120.85303110757151,116.89927859515484,118.94205474853516,15921230,COALINDIA
2021-10-21,119.93047421206003,120.58943286157685,117.8876983765935,120.19405364990234,15586097,COALINDIA
2021-10-22,120.85300977548604,121.44607858061195,115.51545085881777,115.91082000732422,13603152,COALINDIA
2021-10-25,116.14145022953039,116.80040881239297,113.99983483522699,114.72469329833984,11744666,COALINDIA
2021-10-26,113.9998332908679,115.97670901267486,113.17613507344834,115.35070037841797,11602891,COALINDIA
2021-10-27,115.7790480986681,116.40505688793701,113.86807178302357,114.3952407836914,9535881,COALINDIA
2021-10-28,113.9998305546091,113.9998305546091,109.35417070888732,109.74954986572266,24509136,COALINDIA
2021-10-29,108.72817480476498,111.69348866307675,107.60794713594046,108.3657455444336,14826816,COALINDIA
2021-11-01,108.72816205897408,113.30792202562773,107.9374138004362,112.51717376708984,13585170,COALINDIA
2021-11-02,112.97845309476482,114.49405992781294,110.93568741101349,111.49579620361328,14278962,COALINDIA
2021-11-03,110.83683511486073,112.7478210982525,110.2767263347453,111.85822296142578,8974463,COALINDIA
2021-11-04,112.81371699041185,112.94550670723504,111.85822897480512,112.48423767089844,973260,COALINDIA
2021-11-08,112.68193466874253,114.79060044103493,111.03453796305915,113.14320373535156,8761953,COALINDIA
2021-11-09,113.37383540720022,113.60446489700104,111.75938875895115,112.35244750976562,5723308,COALINDIA
2021-11-10,111.95706180437989,112.58308051655428,109.68365665173106,109.84839630126953,9212143,COALINDIA
2021-11-11,109.3212155125391,110.47439293378913,108.85994655502093,110.04607391357422,6453205,COALINDIA
2021-11-12,111.26517292428672,111.26517292428672,109.1894471279861,110.01314544677734,7027513,COALINDIA
2021-11-15,108.23394453021841,110.4414597496023,105.1038913398468,105.26863098144531,19400018,COALINDIA
2021-11-16,106.09234809878178,106.52066722131535,104.51085127952233,104.80738067626953,8505431,COALINDIA
2021-11-17,104.80737509960144,104.93916481837545,102.59985960422067,102.86344909667969,7477627,COALINDIA
2021-11-18,102.83049007242144,103.950717665441,100.82066436014246,101.08424377441406,12981172,COALINDIA
2021-11-22,100.29350023830827,100.75476926263826,98.25073454344385,99.20622253417969,11522286,COALINDIA
2021-11-23,98.84376572463668,103.29173518224535,98.84376572463668,102.92930603027344,13305061,COALINDIA
2021-11-24,104.31313270197757,106.52063764701612,102.53394676055447,104.84030151367188,18809310,COALINDIA
2021-11-25,106.42182368173641,107.27847195145709,102.79755104861226,104.47789764404297,22402592,COALINDIA
2021-11-26,103.95072113196532,105.03799882073169,102.36922448377601,102.73164367675781,11829847,COALINDIA
2021-11-29,102.7316333534335,103.22585226319326,100.09579916804806,101.64435577392578,18176163,COALINDIA
2021-11-30,104.44494377939326,104.44494377939326,99.73339355515783,100.16171264648438,56643275,COALINDIA
2021-12-01,101.21603235200665,102.9622684021434,100.52412389736244,102.5009994506836,16283427,COALINDIA
2021-12-02,103.3906152904128,105.13686186623937,102.23743757341687,104.97212219238281,15647910,COALINDIA
2021-12-03,104.7744120566498,105.89463960853767,104.28019313185428,105.26863098144531,20414051,COALINDIA
2021-12-06,106.14153027315953,106.4557629356903,103.41816632428564,103.7323989868164,24185368,COALINDIA
2021-12-07,104.81474299189767,105.40829108192266,104.15135004539457,105.19879913330078,7866368,COALINDIA
2021-12-08,105.61777634335492,105.96692601721725,104.77981925712582,105.37336730957031,7313306,COALINDIA
2021-12-09,105.96693275836735,107.18895669462529,105.19879916492395,106.59539794921875,9423435,COALINDIA
2021-12-10,106.59539243970102,107.36352599344245,105.37336856660492,105.65269470214844,7419042,COALINDIA
2021-12-13,106.7001399312187,106.7001399312187,103.31338391304578,104.04660034179688,9888293,COALINDIA
2021-12-14,104.04661795946224,104.57034254650651,102.47544419832941,103.9767837524414,8474759,COALINDIA
2021-12-15,104.15135774705887,105.16390046440506,103.31340054581023,103.41815185546875,5410912,COALINDIA
2021-12-16,103.4181380923091,104.81473679359512,103.03407131841496,104.57032775878906,7539061,COALINDIA
2021-12-17,104.11644524557462,104.32592654230434,101.95171283427246,102.26594543457031,8758284,COALINDIA
2021-12-20,101.49781555846538,101.70729684090061,97.16835103129279,98.25071716308594,8858645,COALINDIA
2021-12-21,99.01884833446582,101.95170342524754,98.73952220593279,101.00899505615234,8097050,COALINDIA
2021-12-22,101.56761099867772,104.32589055799451,100.86931183656209,101.49778747558594,6798820,COALINDIA
2021-12-23,102.12627730375435,103.31338403709942,101.95170247075649,103.13880920410156,4857807,COALINDIA
2021-12-24,103.34829928813929,103.45303992398566,101.53271679532091,101.88186645507812,4568316,COALINDIA
2021-12-27,101.25340919787875,102.30085825854647,100.62494402355927,101.98662567138672,3534825,COALINDIA
2021-12-28,102.12628891144819,104.22118714552917,102.12628891144819,103.9418716430664,4907497,COALINDIA
2021-12-29,104.22118954764112,104.22118954764112,102.16120836768994,102.4754409790039,4216568,COALINDIA
2021-12-30,102.47543642799047,104.04661006998691,100.48527888604703,102.09136962890625,24782255,COALINDIA
2021-12-31,101.91679147192774,103.03407473205444,101.49781824078237,101.98662567138672,5320232,COALINDIA
2022-01-03,102.82458037594,108.899782654208,102.65000553659206,108.44589233398438,29486720,COALINDIA
2022-01-04,108.93470375210632,109.38859408899224,106.38591526614144,106.83980560302734,13744440,COALINDIA
2022-01-05,106.83982862701771,107.74762015162166,106.2113633089409,107.3286361694336,8454060,COALINDIA
2022-01-06,107.88725611836519,108.41098066262909,106.8747241304956,107.99199676513672,12446900,COALINDIA
2022-01-07,108.23640939638096,109.94724083321854,108.20149229456723,109.59809112548828,11679683,COALINDIA
2022-01-10,110.19167140176688,112.42622783641856,109.66794673793264,112.21673583984375,14655298,COALINDIA
2022-01-11,112.18180796184888,112.18180796184888,110.40115279991838,110.71538543701172,7670386,COALINDIA
2022-01-12,112.00722320408255,112.251632264251,110.68045856226304,111.27401733398438,6334581,COALINDIA
2022-01-13,111.27402506691965,116.23194492239666,111.0296159897661,115.04483795166016,20271714,COALINDIA
2022-01-14,115.04483795166016,116.02245294986567,113.99738874420953,115.04483795166016,10211720,COALINDIA
2022-01-17,115.63838258740438,115.98753228041562,113.15941763598396,114.31160736083984,8384625,COALINDIA
2022-01-18,114.5210696069315,115.56851841431198,111.9373646797664,112.28651428222656,6574122,COALINDIA
2022-01-19,112.42619200566035,115.1146486852679,112.28653427085526,114.45125579833984,11503199,COALINDIA
2022-01-20,114.87025903978075,117.48888196621951,114.4163686612796,115.25432586669922,17462235,COALINDIA
2022-01-21,114.03227484957499,114.03227484957499,109.98213688407358,110.85501098632812,14466758,COALINDIA
2022-01-24,110.4709601205904,112.00721663021724,108.09674648345828,109.14419555664062,10854431,COALINDIA
2022-01-25,108.23642242313935,112.84520338194848,107.74761490452741,112.53096008300781,7267866,COALINDIA
2022-01-27,110.95975350761762,112.6356782056302,110.33128840536392,112.11195373535156,9269062,COALINDIA
2022-01-28,112.14686783273737,115.21938038081183,112.14686783273737,112.88007354736328,10310726,COALINDIA
2022-01-31,114.10212072000287,114.10212072000287,111.13434819139908,111.58824920654297,5811200,COALINDIA
2022-02-01,113.12452566036023,114.13705786393349,110.75031148265705,113.85774230957031,7248713,COALINDIA
2022-02-02,113.82280020607047,114.94008348857938,113.29907566524498,114.4163589477539,5369074,COALINDIA
2022-02-03,113.8926374740034,114.6258433267415,112.14688895757295,112.63569641113281,4654885,COALINDIA
2022-02-04,112.63570092082087,113.68315007261671,111.72790952489038,112.0072250366211,6402287,COALINDIA
2022-02-07,112.181804416875,113.82281241624612,111.48350495419865,112.39129638671875,5871041,COALINDIA
2022-02-08,113.01975305156147,113.47364336293225,110.57570534835985,111.69297790527344,14158927,COALINDIA
2022-02-09,112.07705455152647,118.25700855056112,111.72790484887373,117.73328399658203,35079516,COALINDIA
2022-02-10,118.01260259730826,118.9203939790975,115.2194049026974,117.3492202758789,17724098,COALINDIA
2022-02-11,117.27940075130303,118.22210935331454,115.35907709589102,116.2668685913086,10097767,COALINDIA
2022-02-14,115.9875138454311,116.09225447460585,112.53092390984567,112.88007354736328,9478670,COALINDIA
2022-02-15,113.64823762611462,115.11467076079133,111.62317344508888,114.27670288085938,16850616,COALINDIA
2022-02-16,115.3939738285469,115.91769836937237,113.68314245955762,114.4163589477539,10653203,COALINDIA
2022-02-17,115.00993229032517,115.56857405425691,113.6133332080985,113.85774230957031,6906440,COALINDIA
2022-02-18,113.82281071267299,117.48888283685417,113.54349519386462,116.82550048828125,23740696,COALINDIA
2022-02-21,117.43732259991629,117.68926119156946,115.06195180300074,116.03369140625,14870901,COALINDIA
2022-02-22,114.81000290002888,115.63778222661436,111.93075517839806,115.0979232788086,11654816,COALINDIA
2022-02-23,115.42185892879652,116.82549013618353,113.87425653422355,114.09020233154297,7627472,COALINDIA
2022-02-24,110.85104197184245,112.86651765893136,107.25198216756185,107.97179412841797,12115340,COALINDIA
2022-02-25,109.5913748607968,118.69699208967307,109.5913748607968,117.65326690673828,17079977,COALINDIA
2022-02-28,116.9334660666022,122.33205647580321,115.56582755632205,122.04413604736328,20872239,COALINDIA
2022-03-02,123.08786213717337,133.63310441226636,123.08786213717337,133.02127075195312,72648396,COALINDIA
2022-03-03,136.47635299538533,142.3428161183853,134.49687009108416,136.0084686279297,74050073,COALINDIA
2022-03-04,136.008483789164,137.48410067900767,129.92607420188946,130.28598022460938,36095156,COALINDIA
2022-03-07,133.84905377185163,138.2039190425405,130.78985243887874,135.8285369873047,41642776,COALINDIA
2022-03-08,136.04448314288956,137.98797356252442,134.31693854398318,136.15245056152344,22940456,COALINDIA
2022-03-09,136.7642643317762,137.1961558756809,133.59709628800258,134.35289001464844,13870658,COALINDIA
2022-03-10,132.4454011185686,132.4454011185686,127.442710175184,128.8103485107422,30890343,COALINDIA
2022-03-11,130.28597716025834,131.3656952030229,129.02630611036633,130.82583618164062,14663558,COALINDIA
2022-03-14,130.2859733871837,131.11375280261345,128.01856995642595,129.81809997558594,8306420,COALINDIA
2022-03-15,129.49418203866614,129.5661676362926,123.44776527568987,124.45549774169922,14074860,COALINDIA
2022-03-16,124.52747725025745,127.98257708163858,124.45549165615091,127.3347396850586,11846738,COALINDIA
2022-03-17,128.84634663283776,129.5661586252,126.32700465957,127.08280944824219,20052773,COALINDIA
2022-03-21,128.0185494800071,134.13695056651991,127.76661092423815,131.22171020507812,20271556,COALINDIA
2022-03-22,132.19348916679925,133.74109178820942,129.92608542125325,131.97755432128906,12372751,COALINDIA
2022-03-23,131.43768345700042,132.62536893467313,129.06230151819483,131.7615966796875,13731315,COALINDIA
2022-03-24,132.22947404739188,135.68457415356465,131.941553614986,134.8927764892578,16323203,COALINDIA
2022-03-25,134.8927627932515,135.9724807803377,132.87729800412473,133.95701599121094,10044811,COALINDIA
2022-03-28,133.95700492634396,139.42756901896905,133.52511337380002,137.66403198242188,19132062,COALINDIA
2022-03-29,138.20389679939515,138.34785699520273,133.52511904316563,133.88502502441406,10622472,COALINDIA
2022-03-30,135.28864734119813,135.28864734119813,131.00576864004222,131.65359497070312,10298319,COALINDIA
2022-03-31,132.55338333698262,133.09324236928114,130.75385322932084,131.7615966796875,9435203,COALINDIA
2022-04-01,132.30144464617717,134.7847937903489,131.94153865474766,133.9929962158203,13505929,COALINDIA
2022-04-04,133.52515229531198,136.04449479144995,132.8773257611183,135.1447296142578,9490374,COALINDIA
2022-04-05,135.3246406144964,136.00845974005884,134.49686130199314,135.25265502929688,7637664,COALINDIA
2022-04-06,135.82849993733487,141.80294075465395,135.54057957791662,139.53553771972656,46157039,COALINDIA
2022-04-07,140.36333916540383,141.83895595332174,136.69229359384798,137.30413818359375,21712301,COALINDIA
2022-04-08,140.14739611902954,143.09862975275473,138.45584448598285,140.0394287109375,20151959,COALINDIA
2022-04-11,140.00342491455777,142.52276675106654,139.17564556165982,141.37106323242188,12393619,COALINDIA
2022-04-12,140.90319165875835,140.90319165875835,132.6613468848612,133.88502502441406,18907630,COALINDIA
2022-04-13,135.32464209309364,137.70002364567472,133.66907246653966,134.31690979003906,14216953,COALINDIA
2022-04-18,134.31693515778548,137.41211823750658,132.87731103383692,136.36839294433594,13052104,COALINDIA
2022-04-19,137.80803108313174,146.3018164749242,137.23217917829706,142.3428497314453,59341710,COALINDIA
2022-04-20,143.92640881207572,147.95736045051632,141.8749511792208,143.3145751953125,38356653,COALINDIA
2022-04-21,144.82618120761546,149.64891971076864,144.6822209953569,148.92910766601562,43683145,COALINDIA
2022-04-22,148.31728350989462,150.44072698111773,144.86218327727246,145.510009765625,24007670,COALINDIA
2022-04-25,143.71046736676294,145.54599023958,134.4248965750435,135.64857482910156,26465084,COALINDIA
2022-04-26,138.34787025449623,138.4198558510286,135.64857513643193,137.7720184326172,20819291,COALINDIA
2022-04-27,137.34013403262944,138.05994604434818,134.3169257801026,134.96475219726562,12214126,COALINDIA
2022-04-28,136.04446415143008,138.56380608016025,134.71280759571758,136.94422912597656,12706800,COALINDIA
2022-04-29,138.56381148599152,138.92371748985124,130.93379981078166,131.6176300048828,21654415,COALINDIA
2022-05-02,131.50965602756384,135.97248842852036,128.73838629490643,135.07272338867188,21289439,COALINDIA
2022-05-04,135.8645287734247,137.26816011902758,134.24495160923817,134.85679626464844,18239949,COALINDIA
2022-05-05,136.40436302829605,138.1679000897538,132.94926350951556,133.7770538330078,12651103,COALINDIA
2022-05-06,132.80532589566408,136.00848738588638,131.7616005988672,134.8927764892578,14257553,COALINDIA
2022-05-09,133.8490472111911,133.8490472111911,130.68187861509043,131.7615966796875,10549451,COALINDIA
2022-05-10,131.0058135043107,132.33747039760195,121.50429516113003,122.40406036376953,19965511,COALINDIA
2022-05-11,123.5917009661943,125.03132476541253,118.94891641040705,122.26005554199219,20641617,COALINDIA
2022-05-12,120.82045019298778,122.51200182530741,118.51704297572421,120.24459838867188,10406343,COALINDIA
2022-05-13,122.36803159718097,124.99534082338403,120.92840769603767,121.4322738647461,11590435,COALINDIA
2022-05-16,122.00814387891933,124.38352586794434,120.820458376137,123.59172821044922,7437937,COALINDIA
2022-05-17,124.81539809510095,133.16522180143994,124.63544509266657,132.84130859375,28092052,COALINDIA
2022-05-18,134.13694789063493,134.96472715714907,130.86180164826328,133.56109619140625,15425248,COALINDIA
2022-05-19,130.35795703101118,132.08550143017465,130.07002564217765,130.429931640625,9396007,COALINDIA
2022-05-20,132.80531955285633,134.49688221696775,132.1215003209564,133.8490447998047,6365038,COALINDIA
2022-05-23,133.84904717165787,134.42489900263158,131.29371222284084,132.66136169433594,7794071,COALINDIA
2022-05-24,132.04950754726005,134.42488931416202,130.42993056757135,131.25772094726562,8572565,COALINDIA
2022-05-25,132.58936451288577,133.56111507922236,129.60214918941412,130.0700225830078,7926434,COALINDIA
2022-05-26,132.40939897848077,133.88501559435753,127.94656732202714,131.90553283691406,23140556,COALINDIA
2022-05-27,132.80532470886635,135.79254035635915,129.9260764766958,130.8978271484375,16408080,COALINDIA
2022-05-30,132.4453985172728,135.25266072289674,131.40167338869256,134.74879455566406,10577525,COALINDIA
2022-05-31,133.8850319422074,140.5432929393333,133.3091801457641,138.8517303466797,21380248,COALINDIA
2022-06-01,140.00344499944077,142.01892095447957,139.0676871292306,141.11915588378906,30867456,COALINDIA
2022-06-02,141.4430697419825,143.38656010663064,139.85948540721216,142.666748046875,17646759,COALINDIA
2022-06-03,143.96239924551872,144.68221124174633,141.22711146316198,141.80296325683594,25335178,COALINDIA
2022-06-06,141.44307187566807,141.65901769354443,139.06768984594947,140.25538635253906,22020642,COALINDIA
2022-06-07,139.39157935149174,143.9263968210609,139.35559754085492,142.1988525390625,12961285,COALINDIA
2022-06-08,142.52278211004392,145.36603743524424,141.4430640637557,142.27084350585938,13059792,COALINDIA
2022-06-09,141.7669886319119,144.25033814051898,141.44307538878243,143.06265258789062,10562238,COALINDIA
2022-06-10,142.05491097423456,143.45854226035308,141.26311333413688,142.8826904296875,6741014,COALINDIA
2022-06-13,141.5510210523339,142.0908800357272,136.44036259961968,137.52008056640625,8516696,COALINDIA
2022-06-14,136.1164741843557,140.0034551789736,136.1164741843557,138.34788513183594,6727598,COALINDIA
2022-06-15,138.311891801569,139.53558116877724,136.15245548314664,136.80029296875,5805589,COALINDIA
2022-06-16,137.88000356820197,138.77976865154517,128.91834553479595,129.4941864013672,14490962,COALINDIA
2022-06-17,129.56613576270973,133.0572277030324,129.13424425011775,131.4736328125,15215695,COALINDIA
2022-06-20,130.93377781379095,130.93377781379095,125.7871272166227,127.29873657226562,23276003,COALINDIA
2022-06-21,128.12654655214538,133.63310441226636,128.12654655214538,133.02127075195312,7564329,COALINDIA
2022-06-22,132.98529356088483,132.98529356088483,128.8463737342267,129.0983123779297,6560404,COALINDIA
2022-06-23,129.78210865386026,131.0057868841078,125.85913536418745,127.51469421386719,9304799,COALINDIA
2022-06-24,128.59440804212724,129.85407902876113,125.82313846160831,127.08280944824219,8171322,COALINDIA
2022-06-27,129.56614666089004,131.58162225008445,127.7306240531691,131.04176330566406,7063839,COALINDIA
2022-06-28,130.39391554790672,134.56882658069802,130.10599519397246,134.1729278564453,9844211,COALINDIA
2022-06-29,133.88506425263867,136.9442659895941,132.1935012517608,135.8645477294922,16856241,COALINDIA
2022-06-30,135.3966523351495,136.04447879316135,131.4016932215154,133.5971221923828,8693744,COALINDIA
2022-07-01,133.1652036825599,133.99298298774391,127.11878801684313,131.90553283691406,17248729,COALINDIA
2022-07-04,131.905535420045,133.66907244179322,128.91832032096895,131.04176330566406,8780396,COALINDIA
2022-07-05,131.72559545031325,133.3091796470131,130.82583045406795,131.32969665527344,5313753,COALINDIA
2022-07-06,131.36569250591896,131.6176311041087,128.12653844412918,130.7898406982422,9367397,COALINDIA
2022-07-07,132.40940830460374,134.31691659529574,130.60987839836162,133.88502502441406,6322630,COALINDIA
2022-07-08,134.64084765096783,138.131929542331,134.64084765096783,136.62033081054688,14647592,COALINDIA
2022-07-11,136.00846477369336,139.85946307176886,135.18068543055423,139.17564392089844,9048841,COALINDIA
2022-07-12,138.77976181763816,140.5792918957106,138.27589559246988,139.57154846191406,6942704,COALINDIA
2022-07-13,139.57154810422625,141.19112517034085,138.92372167116437,139.2476348876953,7842930,COALINDIA
2022-07-14,139.64351177215576,140.68723685417353,136.98020987834752,138.20388793945312,6795141,COALINDIA
2022-07-15,138.9237037642503,139.571530113809,136.33237639909848,139.2116241455078,5610793,COALINDIA
2022-07-18,140.00344465592136,141.73098919402418,139.53557121369442,140.7952423095703,7600779,COALINDIA
2022-07-19,140.3273614917155,143.6744942226028,139.64354221877957,142.70274353027344,9913955,COALINDIA
2022-07-20,143.67445040719502,144.2502911034505,142.09085554212066,142.41477966308594,5519522,COALINDIA
2022-07-21,142.4148071431926,143.5664997413894,141.29909635786186,142.9546661376953,6167419,COALINDIA
2022-07-22,142.95465688395683,143.85442181655108,141.6589931843294,141.87493896484375,4844223,COALINDIA
2022-07-25,142.16287303335167,145.18608130116644,140.0754225821952,144.6102294921875,10207034,COALINDIA
2022-07-26,145.00613631675495,146.33779301219852,143.63849780532126,145.61798095703125,12853314,COALINDIA
2022-07-27,145.68996535828768,147.34553539306708,145.25808468625462,146.44577026367188,7343180,COALINDIA
2022-07-28,146.84166500049872,147.5614770838345,144.9341673730432,146.01388549804688,5096403,COALINDIA
2022-07-29,146.55372997932136,152.9240596929565,146.30179138183593,152.06028747558594,12477455,COALINDIA
2022-08-01,152.96006163474956,153.82383390375963,151.01657128361188,153.1400146484375,7849924,COALINDIA
2022-08-02,153.31996755566746,156.3791687862383,152.3482168890432,154.93954467773438,12615631,COALINDIA
2022-08-03,154.72359207391708,154.72359207391708,150.29675252794652,152.67213439941406,9949919,COALINDIA
2022-08-04,152.70809901458233,153.6438567353389,148.3892273650523,149.10903930664062,8058280,COALINDIA
2022-08-05,149.360980644213,151.34046352022062,148.1013097231172,150.0447998046875,31999040,COALINDIA
2022-08-08,150.80061419815488,155.58735961106095,149.03707699252945,155.04750061035156,16358151,COALINDIA
2022-08-10,155.3714533710076,158.68258259421336,155.08352192760177,158.25070190429688,14267910,COALINDIA
2022-08-11,164.92805027442785,165.51186860867568,159.08988920276667,159.5277557373047,28800337,COALINDIA
2022-08-12,159.81966878272655,162.19142185826928,158.90745606136394,161.75355529785156,8861089,COALINDIA
2022-08-16,163.76044213480154,163.76044213480154,160.87785183057164,162.66578674316406,7844356,COALINDIA
2022-08-17,163.10363608438726,163.10363608438726,160.6589015144173,161.60760498046875,6119157,COALINDIA
2022-08-18,161.60760480394794,162.48332679649687,160.9873068296217,161.8265380859375,4233196,COALINDIA
2022-08-19,161.75355502475938,161.75355502475938,157.41142470548618,158.46958923339844,8783707,COALINDIA
2022-08-22,157.33846056529478,161.24272447864342,156.2073145210874,159.308837890625,10390480,COALINDIA
2022-08-23,158.36012774793426,163.24958568634165,158.06822413251646,162.62928771972656,9344364,COALINDIA
2022-08-24,162.55633070562402,164.92808412781608,162.00900299281048,163.21311950683594,10825973,COALINDIA
2022-08-25,163.24958320741646,165.76728804224356,163.24958320741646,164.12530517578125,13077805,COALINDIA
2022-08-26,166.1686556424622,169.3066694147307,165.2929337173987,167.81063842773438,12673156,COALINDIA
2022-08-29,161.57113856938642,169.01480447338014,161.57113856938642,168.2850341796875,8757016,COALINDIA
2022-08-30,169.16071106670987,171.86085820419524,168.4674317001864,171.3500213623047,12991363,COALINDIA
2022-09-01,171.02167299444423,172.8096079891401,167.51877335326628,168.06610107421875,9682321,COALINDIA
2022-09-02,168.57691078399765,169.63507531291927,166.53355206256433,167.3363037109375,4599518,COALINDIA
2022-09-05,167.8471792785123,169.5621440426966,166.75252376147853,169.0148162841797,4909470,COALINDIA
2022-09-06,169.81753540039062,171.24058516460022,168.57692819916713,169.81753540039062,5307321,COALINDIA
2022-09-07,169.9999971500448,174.63404322706737,169.56214163070675,174.30564880371094,12751679,COALINDIA
2022-09-08,175.5097714008149,175.5097714008149,171.53252516995786,172.55419921875,7677716,COALINDIA
2022-09-09,173.32040537386794,173.68529043781294,170.29186379728796,173.3933868408203,8436280,COALINDIA
2022-09-12,174.05021014944782,174.45158602676977,166.38762228123315,168.9418182373047,19053188,COALINDIA
2022-09-13,169.81752650618063,171.71493351602345,168.32149534096723,168.7958526611328,9884429,COALINDIA
2022-09-14,167.956613995518,170.6202820165048,167.51875853872443,169.27020263671875,7705022,COALINDIA
2022-09-15,170.10942297346745,171.45949104237553,169.4891139043688,170.9486541748047,5386854,COALINDIA
2022-09-16,170.6567775072685,170.76623859066248,167.5187632035204,168.61341857910156,8750965,COALINDIA
2022-09-19,168.54044621208104,169.78105347773138,166.89846305993504,167.77418518066406,4011597,COALINDIA
2022-09-20,168.57691743923203,170.62027624133495,166.89844373981146,167.73768615722656,6890375,COALINDIA
2022-09-21,167.7376948158748,169.81753332727988,165.76730625135076,168.97830200195312,5673523,COALINDIA
2022-09-22,167.81063428114834,168.79582838213096,164.56315952426988,165.69430541992188,7677219,COALINDIA
2022-09-23,164.19828913956317,165.6213387516909,161.27920844374873,162.62928771972656,5495315,COALINDIA
2022-09-26,161.27919271871826,162.0819442859611,155.07614684492142,157.2654571533203,7832594,COALINDIA
2022-09-27,157.63039202747865,160.33054003420037,155.25863844373185,156.09786987304688,5795048,COALINDIA
2022-09-28,154.4923600614438,155.73296726228094,152.44900112955366,153.8355712890625,6134706,COALINDIA
2022-09-29,154.56535885402667,157.01008278987254,153.72611628930008,156.09786987304688,8962595,COALINDIA
2022-09-30,155.44105017564323,157.63036074149736,151.68273815842406,154.8937225341797,12875386,COALINDIA
2022-10-03,155.44107065518665,159.08992207901733,154.9302336829325,156.86412048339844,11397506,COALINDIA
2022-10-04,159.30884320705644,163.4685312849944,159.16289138834827,162.92120361328125,10862095,COALINDIA
2022-10-06,164.19830485635958,170.83921852915867,163.94288081686338,170.40135192871094,12795784,COALINDIA
2022-10-07,170.03644811257678,170.4378239296239,166.24164548907748,167.62820434570312,14641624,COALINDIA
2022-10-10,165.65783661777348,169.30668764459668,165.36593298979147,167.73768615722656,10850668,COALINDIA
2022-10-11,168.5404549416756,168.5404549416756,163.46855339165086,164.52671813964844,19154740,COALINDIA
2022-10-12,164.59967211525296,170.0364579203895,164.59967211525296,169.37966918945312,9256951,COALINDIA
2022-10-13,169.4526683276968,171.93389412990086,168.64992764628113,171.16763305664062,7231841,COALINDIA
2022-10-14,174.37861254670486,174.37861254670486,171.75144612401505,172.48121643066406,6241886,COALINDIA
2022-10-17,172.4812015452747,174.08669385426393,169.96348529628932,173.68531799316406,5623812,COALINDIA
2022-10-18,174.05017483845222,176.71383134093603,172.84605858618605,176.38543701171875,6674374,COALINDIA
2022-10-19,176.60438193736016,177.33415211065503,172.95553107088577,173.8312530517578,13886387,COALINDIA
2022-10-20,172.95553772479172,176.9692738323291,170.4743234942961,175.87461853027344,10755972,COALINDIA
2022-10-21,175.87462549005355,176.13004952480478,173.72180553790045,174.19615173339844,3285505,COALINDIA
2022-10-24,175.8016081682625,176.38542646050777,175.14481954911642,175.50970458984375,730136,COALINDIA
2022-10-25,175.5097437814313,175.8381381643353,173.648827431095,175.10836791992188,6976548,COALINDIA
2022-10-27,175.83812647906524,176.31248378765684,174.41507682410943,175.8016357421875,6422639,COALINDIA
2022-10-28,176.6044060191554,180.8370758285148,175.5462413506682,178.35585021972656,14076967,COALINDIA
2022-10-31,179.52345972929746,180.6181149715493,177.7355250607013,179.48696899414062,8365329,COALINDIA
2022-11-01,180.25326074708872,180.25326074708872,177.51662217299324,179.26806640625,8813106,COALINDIA
2022-11-02,179.26806073823528,182.1506621868038,176.71386481650356,179.37753295898438,14974441,COALINDIA
2022-11-03,178.06394126841195,180.69111862653625,175.87463051511182,179.66943359375,6754654,COALINDIA
2022-11-04,180.03431323561836,181.49385369336218,179.15859118805406,179.55996704101562,5511411,COALINDIA
2022-11-07,180.47218321398907,183.4277549234689,180.07080735349498,182.11416625976562,10513106,COALINDIA
2022-11-09,186.45626815001023,192.22144772083738,185.76298875383358,186.67520141601562,40391668,COALINDIA
2022-11-10,188.24423758438127,190.10514274127507,183.97507733353225,185.06973266601562,20832572,COALINDIA
2022-11-11,188.86453177470636,188.93751325386393,184.19400662929004,184.81431579589844,20165337,COALINDIA
2022-11-14,185.76300042547066,187.00360749690486,179.7059057409281,180.39918518066406,18762693,COALINDIA
2022-11-15,182.10840584501088,185.56567824311165,179.15614587390507,180.3603515625,20225373,COALINDIA
2022-11-16,181.29263588012014,182.9629939277943,179.0007332664387,182.49684143066406,9764275,COALINDIA
2022-11-17,182.3803156100699,182.3803156100699,179.46689203802407,180.5545654296875,5737884,COALINDIA
2022-11-18,180.59345162192307,181.44806079226993,177.29157087565628,178.3404083251953,6413585,COALINDIA
2022-11-21,177.91308681416496,179.00076033226333,176.1261844446443,178.2626953125,6430876,COALINDIA
2022-11-22,177.56346392273244,179.2338220875759,176.86423512798885,177.9907684326172,5885877,COALINDIA
2022-11-23,178.6899754258069,179.54458439800447,177.91306248917294,179.1561279296875,5693274,COALINDIA
2022-11-24,179.27268200630172,180.08844306027106,176.63118244128412,177.52462768554688,8198891,COALINDIA
2022-11-25,178.41806642907625,181.5257184416341,176.98078448611923,179.7776641845703,10046363,COALINDIA
2022-11-28,179.11727722830346,180.82648329234007,177.44690732671623,178.5734405517578,8146840,COALINDIA
2022-11-29,178.84537220445472,179.69998125579477,175.8542642342679,176.51463317871094,6628470,COALINDIA
2022-11-30,176.51463403409642,177.79654761731862,176.00964531797212,176.55348205566406,12154948,COALINDIA
2022-12-01,177.44692459728785,179.00075059850667,174.72772909515493,175.6600341796875,22435771,COALINDIA
2022-12-02,175.66000547723073,177.13613519529162,175.03847280734993,176.0484619140625,6325649,COALINDIA
2022-12-05,176.0484621690536,180.08840674700568,175.97076613967485,179.66110229492188,8732711,COALINDIA
2022-12-06,180.24383288671268,180.63228942310644,178.3015502047438,179.97190856933594,7394839,COALINDIA
2022-12-07,180.36035989434282,180.36035989434282,177.68001224162307,178.4957733154297,4519547,COALINDIA
2022-12-08,178.41803252146815,179.6610978321525,177.91304390729914,179.00071716308594,3135706,COALINDIA
2022-12-09,179.1172889949434,180.5157347227498,176.9807783108576,177.79653930664062,4197165,COALINDIA
2022-12-12,177.40807745567867,181.5645546389469,177.21384921754228,180.5545654296875,7881379,COALINDIA
2022-12-13,181.3314927789003,182.14725381479,179.54460232997747,179.8942108154297,4878457,COALINDIA
2022-12-14,180.04959109862102,181.17611259862213,179.73883063474202,180.3603515625,4730078,COALINDIA
2022-12-15,180.16612550009012,180.7099741006204,176.9030931706681,177.2915496826172,5221433,COALINDIA
2022-12-16,177.13615621957496,178.61228611283767,173.48466765091112,174.5334930419922,7757065,COALINDIA
2022-12-19,174.53350432707617,177.01963546242771,174.4169721165605,176.5923309326172,4073907,COALINDIA
2022-12-20,176.28155509637375,176.28155509637375,173.52352342801163,175.6600341796875,3784271,COALINDIA
2022-12-21,175.97080210172516,176.90309537104878,172.513541473326,173.9119873046875,3675466,COALINDIA
2022-12-22,174.1062094918309,175.38811121060576,170.2216444594808,173.01852416992188,4755089,COALINDIA
2022-12-23,170.9208822751624,173.1739255268883,166.4147839169575,167.07516479492188,6561011,COALINDIA
2022-12-26,167.07513843165418,172.1639208128235,166.4536056777764,171.5035400390625,3116608,COALINDIA
2022-12-27,172.47468303098518,173.17389997704808,170.64893277051337,171.89199829101562,2961726,COALINDIA
2022-12-28,171.8919892894511,174.22272812727417,171.34815259824254,173.40696716308594,3015714,COALINDIA
2022-12-29,171.54237466283334,174.30041789264294,171.27045039963718,172.20274353027344,4784105,COALINDIA
2022-12-30,172.66891008040815,175.93194223066246,172.66891008040815,174.84426879882812,4102247,COALINDIA
2023-01-02,176.16501674291422,176.51462521004254,174.14503826989323,174.61119079589844,4210225,COALINDIA
2023-01-03,174.805433422453,175.38811820052786,173.25160734758674,174.10621643066406,3643132,COALINDIA
2023-01-04,174.30041698569616,174.41694918088794,168.00741764083304,168.70663452148438,9550461,COALINDIA
2023-01-05,168.43472568219767,170.06623572319245,167.19166025165356,169.48355102539062,8815728,COALINDIA
2023-01-06,170.1439500984539,170.84316706928655,164.70555899941658,166.45361328125,12237065,COALINDIA
2023-01-09,167.30822410401595,169.13396259367684,166.25938678194868,166.99745178222656,6967190,COALINDIA
2023-01-10,167.0363066958171,168.82320909188564,166.41477388134732,168.39590454101562,5400260,COALINDIA
2023-01-11,168.82321147600035,169.75550478349467,164.86095010070883,165.79324340820312,7637956,COALINDIA
2023-01-12,167.42476731951078,168.59013692962338,165.32710439225863,166.18170166015625,7161675,COALINDIA
2023-01-13,166.41473917950466,167.58010851809328,165.90975054134958,167.1139678955078,3671193,COALINDIA
2023-01-16,167.4247681734855,167.73552866253283,165.05518091655287,166.06517028808594,3987352,COALINDIA
2023-01-17,166.06513880915,167.1528121693916,164.0063242862818,165.56015014648438,5871758,COALINDIA
2023-01-18,166.14283301273073,168.86202823811257,165.63783250088102,168.47357177734375,6441530,COALINDIA
2023-01-19,168.3958983836176,174.6500506137981,167.1528328001307,173.9896697998047,12938871,COALINDIA
2023-01-20,174.6888795890435,178.1072917887818,173.0573576704521,176.35923767089844,13444947,COALINDIA
2023-01-23,177.52460424962237,179.00073407259868,176.51461507112518,178.76766967773438,8736715,COALINDIA
2023-01-24,178.8453448181143,180.2437903903689,176.51460614927333,176.82537841796875,4252051,COALINDIA
2023-01-25,176.9807967132356,177.13617695364798,173.83429646218744,175.69888305664062,3855827,COALINDIA
2023-01-27,176.35923512847776,176.86422379113046,170.3770079378011,172.78543090820312,6171667,COALINDIA
2023-01-30,172.785445731186,176.20387002965555,171.50354402847964,175.46580505371094,6172517,COALINDIA
2023-01-31,174.80540548610625,177.40806848746618,173.9507965396074,174.68887329101562,7424552,COALINDIA
2023-02-01,177.13615736310416,177.13615736310416,166.37590797436602,171.42584228515625,24008324,COALINDIA
2023-02-02,171.69777129833267,172.24160802199248,168.59011932913205,169.09510803222656,6806578,COALINDIA
2023-02-03,169.36699110473216,171.46465330251078,166.72549231564037,170.0662078857422,8776614,COALINDIA
2023-02-06,170.29931986367575,171.19277688788506,167.54127646200965,170.61009216308594,5742881,COALINDIA
2023-02-07,170.61010572702685,171.81431143688164,168.59012711189595,170.6877899169922,4907167,COALINDIA
2023-02-08,170.92654900429145,172.8367826450711,170.44898452161186,171.52349853515625,6316867,COALINDIA
2023-02-09,171.9214644966637,172.55821309046001,169.69285049086125,170.76736450195312,4383159,COALINDIA
2023-02-10,170.3295837835217,170.6479519793354,167.90198681929564,168.33975219726562,4954439,COALINDIA
2023-02-13,168.3397880528804,170.09083779275784,166.46934110541565,169.573486328125,6142208,COALINDIA
2023-02-14,169.57348766540414,170.56840367829085,168.02142111429507,168.5387725830078,6758731,COALINDIA
2023-02-15,167.94181885917578,170.17043310241488,167.38466833460865,169.45408630371094,9612884,COALINDIA
2023-02-16,169.9316523452182,172.3194507388278,169.6132840840585,171.4837188720703,13093683,COALINDIA
2023-02-17,171.0061397190238,173.71230595029635,170.48877619438989,173.1153564453125,7243093,COALINDIA
2023-02-20,173.39395366478632,174.26947239886238,171.88167415961337,173.7521209716797,8479587,COALINDIA
2023-02-21,174.15008041954718,174.46844864746535,169.81224955307252,170.36940002441406,4655766,COALINDIA
2023-02-22,170.76739393313701,171.8021090582645,168.419394474752,168.61837768554688,6003852,COALINDIA
2023-02-23,169.49387777040835,171.88167603572043,169.09591139285632,171.0459442138672,6219715,COALINDIA
2023-02-24,171.92150071963414,172.95621588444112,170.88678555482716,172.75723266601562,5154174,COALINDIA
2023-02-27,172.7174266345525,173.5133594761864,171.20515909343666,172.67762756347656,4841279,COALINDIA
2023-02-28,172.39902235912484,172.67759150854891,168.7377271940956,171.4438934326172,6054079,COALINDIA
2023-03-01,171.44392595953386,174.30928899274554,170.7275912737165,174.1103057861328,4510175,COALINDIA
2023-03-02,174.1103123974217,178.6471272514688,172.99601125606682,177.37364196777344,11354939,COALINDIA
2023-03-03,178.20931964133158,180.2389503752528,177.01542063843306,177.45318603515625,7089438,COALINDIA
2023-03-06,177.45319790364636,179.48282877331408,176.4980810664408,179.00526428222656,4771341,COALINDIA
2023-03-08,178.96548461914062,179.20425472939698,177.21442284412734,178.96548461914062,4271464,COALINDIA
2023-03-09,178.96551928925322,180.63697110969989,178.0103900833153,178.92572021484375,4263468,COALINDIA
2023-03-10,177.45320698701502,179.3236538370534,176.2593078431531,178.56752014160156,3670173,COALINDIA
2023-03-13,178.4481406807538,179.68183901438726,174.58787368547846,175.74197387695312,3877606,COALINDIA
2023-03-14,175.74198052716184,177.33384627080466,174.18991385610445,175.9409637451172,5723922,COALINDIA
2023-03-15,176.65729959220195,177.65221568828886,174.7868646185416,175.025634765625,2992144,COALINDIA
2023-03-16,173.95113597700788,177.05526939784426,172.20008604358807,175.7817840576172,4988245,COALINDIA
2023-03-17,176.69706886674112,179.8410007711869,175.18480151370738,176.41848754882812,15720256,COALINDIA
2023-03-20,175.1052322144422,176.37872967035412,171.68271842852917,172.75723266601562,4244575,COALINDIA
2023-03-21,173.63275154010475,174.2695002680607,171.88170164695467,172.75723266601562,3998751,COALINDIA
2023-03-22,172.63780937447208,172.63780937447208,169.61327462717767,170.28981018066406,9675449,COALINDIA
2023-03-23,169.65309008350283,170.92658756127295,169.05614041798034,169.81228637695312,4730918,COALINDIA
2023-03-24,169.73264983424687,170.25000123601183,165.5540031208598,165.91217041015625,6611089,COALINDIA
2023-03-27,165.95200415121082,167.30508760738218,165.23566942293533,165.87240600585938,4002212,COALINDIA
2023-03-28,166.66832162021157,168.14080214192794,165.91218789756152,166.27035522460938,6157526,COALINDIA
2023-03-29,167.10611299925012,171.04597849771363,165.87241455256674,169.49391174316406,16734166,COALINDIA
2023-03-31,168.89694049949068,170.56840426487688,168.0612086167976,170.05104064941406,5139018,COALINDIA
2023-04-03,170.40921058306648,175.7817567701019,170.17042832353755,175.22459411621094,7754066,COALINDIA
2023-04-05,175.34399727598105,178.4879293891821,175.34399727598105,177.0950469970703,6491910,COALINDIA
2023-04-06,177.0552779448919,177.61242856719753,175.3440270024591,176.4583282470703,4589598,COALINDIA
2023-04-10,176.25929769458133,178.64709584482168,176.0205154505634,176.7368621826172,3498235,COALINDIA
2023-04-11,177.29404127384865,178.52773961294153,176.69709163992997,178.0103759765625,3995959,COALINDIA
2023-04-12,178.28895295153035,181.47268425423624,178.01037160455513,181.23390197753906,5136012,COALINDIA
2023-04-13,181.39308301206603,182.78596543318318,178.6471172394293,179.48284912109375,3478451,COALINDIA
2023-04-17,179.4828408076365,183.02473922828318,179.40324267212836,182.7461700439453,6265943,COALINDIA
2023-04-18,182.74616441064393,184.97476639652962,182.46758308992324,184.81558227539062,8004952,COALINDIA
2023-04-19,185.92989861469277,186.7258313790622,182.2686030406052,183.38290405273438,7424582,COALINDIA
2023-04-20,182.98492903067546,184.2584262515248,182.34819256522036,182.70635986328125,2589165,COALINDIA
2023-04-21,183.06452527589687,183.42269257026888,181.0348944144963,183.1043243408203,2459508,COALINDIA
2023-04-24,182.70638263900076,184.65641563372475,182.70638263900076,184.29824829101562,2587030,COALINDIA
2023-04-25,183.97986923662356,184.89519928029588,182.98495319674356,183.26353454589844,2570946,COALINDIA
2023-04-26,183.0645380030519,183.58188944811587,181.47267245519927,182.8655548095703,3439487,COALINDIA
2023-04-27,182.86557749199895,185.05439289179435,182.3880129104185,184.4574432373047,3349374,COALINDIA
2023-04-28,185.0543873370514,186.84523624676478,184.33805263115462,185.53195190429688,4771074,COALINDIA
2023-05-02,185.61151129325216,188.99422541554867,185.5319253067682,187.9197235107422,3773537,COALINDIA
2023-05-03,187.87993719493176,190.18813742409128,186.725837080352,188.5564727783203,4523385,COALINDIA
2023-05-04,188.51669502706767,189.43201292058626,186.36766667711774,188.99424743652344,7248108,COALINDIA
2023-05-05,189.31260143539117,189.43198648485182,187.84012105220603,188.9544219970703,3043479,COALINDIA
2023-05-08,185.05438069108257,185.77071537125317,183.06454864064082,185.3329620361328,9711437,COALINDIA
2023-05-09,186.88503032607554,190.0687616360769,185.85031522133087,188.1187286376953,7318928,COALINDIA
2023-05-10,188.59629187527486,188.83507416622862,186.68605783758835,188.27792358398438,3650159,COALINDIA
2023-05-11,188.27789882701515,189.55138396969622,187.60135111576847,187.9595184326172,2675726,COALINDIA
2023-05-12,187.95951839201126,188.83504929520367,186.44725099010097,187.08399963378906,2348435,COALINDIA
2023-05-15,186.72580756049427,190.70547087469944,186.12885806336348,189.1931915283203,4217892,COALINDIA
2023-05-16,190.02893399229518,192.37693305137367,188.99421904313385,191.7799835205078,6016484,COALINDIA
2023-05-17,191.77998447282656,193.96879943020363,191.62080035946573,192.29734802246094,4968232,COALINDIA
2023-05-18,192.61573924946376,193.3320739176098,190.1881417596809,190.70550537109375,3512113,COALINDIA
2023-05-19,191.02384251046584,192.29733965185648,188.07889403408993,190.94424438476562,3810543,COALINDIA
2023-05-22,190.5463015145924,191.978982938869,188.99423503203033,189.98915100097656,2891415,COALINDIA
2023-05-23,190.18812400789395,191.18303992355038,188.4768734909527,190.46670532226562,3213453,COALINDIA
2023-05-24,189.67079278234974,192.21777536859156,189.43201050817717,191.81980895996094,2422138,COALINDIA
2023-05-25,192.01879187704841,192.77492562332137,189.3524120852233,191.0636749267578,3810138,COALINDIA
2023-05-26,190.86469009074364,192.97390717730758,190.3075395532523,192.2177734375,2646742,COALINDIA
2023-05-29,192.25757729533257,197.11276026579003,191.66062767351616,195.8790740966797,8069985,COALINDIA
2023-05-30,195.99843172691328,196.71476631483097,193.65043263877257,194.4463653564453,4657906,COALINDIA
2023-05-31,197.31173170921753,197.31173170921753,190.46671707414262,192.01878356933594,15727646,COALINDIA
2023-06-01,183.38291131346608,184.57681050729065,182.38799531861227,183.34312438964844,35509867,COALINDIA
2023-06-02,181.87063477357185,185.7707004205751,181.55226652911162,183.78086853027344,36400588,COALINDIA
2023-06-05,183.46250855026955,184.019659075658,182.62677668970153,182.8257598876953,19807347,COALINDIA
2023-06-06,182.90537279255472,183.58190843337434,180.4777751520336,181.31350708007812,13495524,COALINDIA
2023-06-07,182.0695921002199,184.25840686863785,181.5522407402175,183.6216583251953,21853324,COALINDIA
2023-06-08,184.17882965687028,184.17882965687028,181.19408190652146,181.55226135253906,8538256,COALINDIA
2023-06-09,182.2288068358024,182.6267732242383,180.95532167978973,181.194091796875,5137982,COALINDIA
2023-06-12,181.67166610784406,182.46759892759366,180.39816873825632,182.26861572265625,4261576,COALINDIA
2023-06-13,183.064537380768,183.30331964112827,181.47267183832656,182.2288055419922,5574798,COALINDIA
2023-06-14,182.98493924565784,182.98493924565784,181.11450452027128,182.2288055419922,7034468,COALINDIA
2023-06-15,182.42780877586927,182.78597613327193,181.39309363061702,181.95025634765625,6363240,COALINDIA
2023-06-16,181.8706165865939,182.82573336943346,181.47265024833004,181.91041564941406,8518319,COALINDIA
2023-06-19,181.87064143745792,182.10942370203728,180.35837400340597,180.79612731933594,8210198,COALINDIA
2023-06-20,181.27368353748216,181.27368353748216,179.48283485269914,180.87571716308594,5024593,COALINDIA
2023-06-21,181.3134744003446,182.10940711312492,180.23896038010346,181.83082580566406,4705567,COALINDIA
2023-06-22,181.79104776987506,182.74617685167235,180.3583784371207,180.63694763183594,6566989,COALINDIA
2023-06-23,180.75632219947022,181.11448948779767,178.92567454861194,179.8011932373047,3881707,COALINDIA
2023-06-26,179.880823892964,180.23899124605745,177.69200855798323,178.52774047851562,6145625,COALINDIA
2023-06-27,180.15941384844183,180.5175812186332,178.20936855911933,179.20428466796875,6282912,COALINDIA
2023-06-28,179.2042535326338,181.19408540461495,178.40832078384133,180.87571716308594,19512531,COALINDIA
2023-06-30,181.39307713732768,184.13905496600194,180.47775929108326,183.8604736328125,7850296,COALINDIA
2023-07-03,184.25845306636128,186.04930196225465,182.94516873402804,184.37783813476562,7860203,COALINDIA
2023-07-04,184.85537493799885,185.29314036469307,183.30330855696434,184.49720764160156,3662791,COALINDIA
2023-07-05,184.49724396428974,185.3329759170635,183.1441604976413,184.17886352539062,4859892,COALINDIA
2023-07-06,184.17882048325703,187.84011573264362,183.8604522637317,186.72581481933594,7254947,COALINDIA
2023-07-07,184.65641015207666,187.7207562992266,184.41762788236863,186.24827575683594,6393850,COALINDIA
2023-07-10,187.04420185599096,187.52176637829226,185.33295125019023,186.04928588867188,6223180,COALINDIA
2023-07-11,186.08909162535417,187.68095723011345,185.85030935564612,186.24827575683594,10775084,COALINDIA
2023-07-12,187.044199648501,188.87484743575698,185.96968555848966,186.56663513183594,11313272,COALINDIA
2023-07-13,187.0442327682869,187.28301506890045,182.2686353359051,182.98497009277344,20205328,COALINDIA
2023-07-14,183.06455190837886,184.7360157185743,182.86556869978278,183.90028381347656,7390502,COALINDIA
2023-07-17,183.8604577093243,185.17374183497455,182.82574274776712,183.2237091064453,4963515,COALINDIA
2023-07-18,182.82574615081893,185.0145611642908,181.1144956346379,181.67164611816406,6168942,COALINDIA
2023-07-19,182.42780877586927,182.98495934793692,181.6318759172093,181.95025634765625,5247533,COALINDIA
2023-07-20,181.99002390026325,183.62168851580626,181.2736892617177,182.8655548095703,3195629,COALINDIA
2023-07-21,182.7461802724944,183.46251495228063,181.91044838276315,182.26861572265625,3903407,COALINDIA
2023-07-24,182.2686121716577,184.65641058438686,181.9104448387425,183.8206787109375,3456895,COALINDIA
2023-07-25,184.89519674315594,184.93499581319924,182.1492309397616,183.02474975585938,11024983,COALINDIA
2023-07-26,183.50229296189835,184.01964437737132,182.18899667305456,183.46249389648438,7574284,COALINDIA
2023-07-27,183.8604925674276,184.57682729087045,181.5920790349057,182.3084259033203,7837850,COALINDIA
2023-07-28,182.74617969938367,183.0247488984398,180.55736445193665,180.75634765625,8817344,COALINDIA
2023-07-31,181.87065595420913,183.02475615599647,180.55737161165308,182.4676055908203,19422170,COALINDIA
2023-08-01,183.0645501041229,192.05859347301535,182.22881820726204,191.30245971679688,22409256,COALINDIA
2023-08-02,191.9391998823001,193.5310655654043,184.89520152154682,186.68605041503906,25003960,COALINDIA
2023-08-03,186.68602157447918,187.12378699869802,182.62675985167803,183.1043243408203,13949266,COALINDIA
2023-08-04,185.2931521825034,188.2381010167739,183.46250437364222,186.04928588867188,6725977,COALINDIA
2023-08-07,186.84521803824043,187.84013400223535,184.8951851778045,185.41253662109375,6744074,COALINDIA
2023-08-08,185.45234983363446,187.3625837722156,182.50740078458387,183.26353454589844,13828141,COALINDIA
2023-08-09,185.65133086865703,187.60136385500346,183.54211374678715,186.84523010253906,35271302,COALINDIA
2023-08-10,186.84521455391004,188.47687913342807,186.60643229801008,186.964599609375,10749822,COALINDIA
2023-08-11,186.24826498664515,187.52176225479826,186.04928179755686,186.964599609375,6132454,COALINDIA
2023-08-14,187.84014973054113,187.99933386911513,183.6217032609881,186.16868591308594,6092872,COALINDIA
2023-08-16,186.24827545567666,186.8850241255449,184.73600799158893,185.4921417236328,4576249,COALINDIA
2023-08-17,186.00947306212663,186.168657176129,183.94005529015698,184.89517211914062,5602132,COALINDIA
2023-08-18,185.05716165857035,185.42160436315118,183.84234440479418,184.206787109375,6904019,COALINDIA
2023-08-21,184.20679689043018,186.9198938443617,183.8423541664981,186.3529815673828,4955953,COALINDIA
2023-08-22,186.59591698268164,187.93222331737883,186.02900476088266,186.87937927246094,4280368,COALINDIA
2023-08-23,187.28431677960637,187.48678631126,186.51493503087448,187.0008544921875,2524601,COALINDIA
2023-08-24,187.77026960671742,188.41816229428872,185.05717263590938,185.66458129882812,6378317,COALINDIA
2023-08-25,185.46211541501594,186.35298641469907,184.24729806513594,184.40927124023438,3890957,COALINDIA
2023-08-28,185.057171514577,186.31248521522147,184.24729330225935,185.82655334472656,3360861,COALINDIA
2023-08-29,185.82655198566994,186.59593381019258,185.25963971274592,186.2314910888672,3112560,COALINDIA
2023-08-30,186.35295340141556,186.8793692166688,185.05714351466443,185.25961303710938,4086281,COALINDIA
2023-08-31,185.46209495974446,186.6364157968896,184.97616313028314,186.31246948242188,10403460,COALINDIA
2023-09-01,186.83889564160103,192.14360024857206,186.79839926061825,191.86013793945312,14869577,COALINDIA
2023-09-04,193.35842025290796,201.61917542148007,192.8724883897964,200.6878204345703,24785966,COALINDIA
2023-09-05,201.94312959046687,207.24782179545662,200.4448500109175,206.80239868164062,19654487,COALINDIA
2023-09-06,207.28830111499724,208.78656821346965,204.53472046640624,207.1668243408203,13346191,COALINDIA
2023-09-07,207.32880930656935,222.51402483195284,206.35695798449683,221.9066162109375,72255521,COALINDIA
2023-09-08,222.39254295728477,230.36984760701534,219.39598394269944,228.4666290283203,41855413,COALINDIA
2023-09-11,230.00541778611856,230.1674033186557,224.53873972254002,225.91554260253906,14505153,COALINDIA
2023-09-12,226.7659257235399,226.8064097526379,217.85726435582941,219.27455139160156,17547706,COALINDIA
2023-09-13,219.8819346464386,227.980716769696,217.85723911562422,226.48243713378906,17607568,COALINDIA
2023-09-14,227.81870493281244,228.5476150121493,224.09328535873794,224.7816619873047,12033796,COALINDIA
2023-09-15,225.55103628106417,230.12684230739717,224.7816422495541,226.1989288330078,13288180,COALINDIA
2023-09-18,226.19895648749008,228.9930459798177,222.27106724840402,227.77822875976562,8754852,COALINDIA
2023-09-20,226.36096175244543,233.24492660001533,226.03701540860533,230.2483673095703,18615797,COALINDIA
2023-09-21,230.734283570252,232.27304713601205,225.63206103233176,227.13034057617188,11071899,COALINDIA
2023-09-22,226.76587670640217,231.70613824918118,226.11798408773438,229.47897338867188,8691024,COALINDIA
2023-09-25,230.24837226889474,234.05480985868786,227.697260772363,233.28541564941406,9118957,COALINDIA
2023-09-26,233.6093619434811,235.99848765349657,231.74662737164292,232.23255920410156,11256196,COALINDIA
2023-09-27,233.2449070551033,237.61824411928256,230.4103335318642,236.11996459960938,12805340,COALINDIA
2023-09-28,236.11997287220214,238.22566107777195,234.05479340483828,235.0266571044922,12432497,COALINDIA
2023-09-29,237.13230725592464,240.93874436401765,235.99848281378604,239.07603454589844,8640829,COALINDIA
2023-10-03,240.57429465486845,240.61480339169435,234.94565633972488,236.40342712402344,9348540,COALINDIA
2023-10-04,235.51257035027174,236.07949497570146,231.5441721188273,233.20443725585938,6338888,COALINDIA
2023-10-05,233.89283946622402,235.310126468879,229.92444080189483,234.33828735351562,8687014,COALINDIA
2023-10-06,235.63406757111377,235.6745515941141,232.43503885742524,233.0829315185547,3741467,COALINDIA
2023-10-09,231.66564469625334,234.01431120276936,229.23601014373668,233.0829315185547,4647845,COALINDIA
2023-10-10,233.44737821045928,246.1219663948269,233.08292315445183,245.59555053710938,23283411,COALINDIA
2023-10-11,246.64840258556742,247.01285767161954,242.51804342642671,244.4617462158203,12321154,COALINDIA
2023-10-12,245.02864790913466,250.33336512998486,244.50223200422397,248.7946014404297,15375295,COALINDIA
2023-10-13,247.01290275620445,251.7506961620107,246.56747953908416,249.4020538330078,9516879,COALINDIA
2023-10-16,249.32101713683312,254.0183009674462,248.26816061237014,252.6820068359375,10535107,COALINDIA
2023-10-17,253.49183923985655,257.82469191437616,252.7629539103854,257.0552978515625,7760527,COALINDIA
2023-10-18,257.01483376544604,258.9585363666107,255.31408472110718,256.6908874511719,9662837,COALINDIA
2023-10-19,255.3545850937467,255.67855614428595,250.1308855633362,254.94964599609375,8977527,COALINDIA
2023-10-20,253.08691316547296,256.4884111646245,250.73827155440114,253.00592041015625,6009115,COALINDIA
2023-10-23,253.12741649798718,253.3703947824756,247.01284609559949,247.90371704101562,8086150,COALINDIA
2023-10-25,247.90370243845933,253.248903080581,247.01283154551916,251.30517578125,7253336,COALINDIA
2023-10-26,250.3738522148347,250.3738522148347,245.31211322975588,247.21533203125,8329092,COALINDIA
2023-10-27,247.8227642752175,256.85290254018014,247.8227642752175,254.2613067626953,10503070,COALINDIA
2023-10-30,255.11164747970687,255.75954019027168,252.6415287157156,254.7471923828125,6229982,COALINDIA
2023-10-31,256.5288606824245,256.56934469687855,251.66959260319945,254.50416564941406,7446586,COALINDIA
2023-11-01,253.65388437471773,255.75954810699287,247.70127413949766,248.3491668701172,9593653,COALINDIA
2023-11-02,250.21191318407452,253.3299248979691,248.8755942032345,250.13092041015625,7071960,COALINDIA
2023-11-03,251.54818226118834,254.8686879351496,251.30520396376363,252.6820068359375,4658440,COALINDIA
2023-11-06,253.65384087155286,258.79654723820823,253.49185535891777,256.3669128417969,10340818,COALINDIA
2023-11-07,256.3263911791235,258.1891007232869,254.01823389838844,254.50416564941406,6826885,COALINDIA
2023-11-08,255.9214734817721,257.6627064120414,254.74714037863922,257.0552978515625,6424833,COALINDIA
2023-11-09,257.9056528134562,262.80540470997875,255.67848836676143,262.0360107421875,15503280,COALINDIA
2023-11-10,262.7649681613926,264.14174614782416,260.4163018209452,261.9145812988281,8445203,COALINDIA
2023-11-13,269.6894550173003,283.4573851533186,267.50277387419425,282.93096923828125,42178783,COALINDIA
2023-11-15,290.74623894358,290.74623894358,282.3235116164518,283.9432678222656,35092206,COALINDIA
2023-11-16,285.88701073692806,287.10182806300566,279.2865082083441,280.0558776855469,17617280,COALINDIA
2023-11-17,281.83760812194515,282.283031237079,277.2212925854636,279.6104431152344,13542916,COALINDIA
2023-11-20,281.8375708376393,285.4010294338623,278.5575745115117,281.6351013183594,19032608,COALINDIA
2023-11-21,283.752711836455,286.7172924078806,278.54352543076817,283.0751037597656,15148068,COALINDIA
2023-11-22,284.4302511541645,286.2090042368373,279.5175291630539,281.338623046875,7599447,COALINDIA
2023-11-23,281.63515997159664,284.6420814151153,279.5176023778252,283.286865234375,6186567,COALINDIA
2023-11-24,284.04914517563145,285.8278985011438,281.2963206489611,281.88922119140625,7054445,COALINDIA
2023-11-28,283.58326133382394,290.105348112783,282.3127269625271,289.6394958496094,10791886,COALINDIA
2023-11-29,290.5288617304585,292.2229075714524,286.378454589841,289.9783020019531,14149513,COALINDIA
2023-11-30,292.2228887459215,292.2228887459215,286.336069488072,289.8088684082031,11959336,COALINDIA
2023-12-01,291.2064629612912,297.3897456467087,290.0630027244581,293.6204833984375,15105221,COALINDIA
2023-12-04,297.38970813321384,304.92820582974343,297.0085375362929,300.4389953613281,22705896,COALINDIA
2023-12-05,301.2861012330124,301.92136850366194,296.45805963643954,301.1590270996094,15782945,COALINDIA
2023-12-06,301.3708039012524,307.0458689216484,295.99222798010635,298.2791748046875,14817158,COALINDIA
2023-12-07,299.6767436861774,299.6767436861774,295.10282440223835,298.1097717285156,8507659,COALINDIA
2023-12-08,298.1520766559829,303.57301833445575,293.83225446643354,297.3050537109375,13444251,COALINDIA
2023-12-11,297.3050162304504,303.7423949710693,297.3050162304504,299.54962158203125,11420609,COALINDIA
2023-12-12,299.9731822485091,300.3543529279396,292.3499754526177,294.3404846191406,8789103,COALINDIA
2023-12-13,295.9497839919165,296.28858796824886,291.1217691687356,292.3923034667969,8091533,COALINDIA
2023-12-14,295.7804433924906,297.47448940081165,292.9005444990723,294.4252014160156,13142466,COALINDIA
2023-12-15,296.4580383300781,300.1425934048556,295.145163071395,296.4580383300781,14331890,COALINDIA
2023-12-18,297.3050614060383,297.5168171477805,289.9359512537742,294.467529296875,7959685,COALINDIA
2023-12-19,293.4934636497775,313.18674800723005,293.4934636497775,310.8150939941406,28937243,COALINDIA
2023-12-20,312.5515189850711,314.9231732881389,296.4580803381433,298.2791748046875,23224408,COALINDIA
2023-12-21,297.38980290738004,302.2178188621914,293.15468758784766,301.11669921875,10028664,COALINDIA
2023-12-22,304.0812437158573,311.19623143521267,301.87897884224765,307.68109130859375,13916380,COALINDIA
2023-12-26,308.1469327751969,314.92311624116354,307.0458133016127,310.052734375,11910267,COALINDIA
2023-12-27,310.85745795423213,312.7209189955019,306.9611467719084,309.671630859375,7890042,COALINDIA
2023-12-28,310.68803492523233,323.9863067443085,309.84101190106423,322.6734313964844,28310022,COALINDIA
2023-12-29,323.13927841186523,323.30869335355237,316.9983615875244,318.48065185546875,8859317,COALINDIA
2024-01-01,320.0053097744208,327.6285175060951,319.7088723752413,323.3934020996094,11124690,COALINDIA
2024-01-02,328.1366866282866,335.2940409165387,325.4685694977327,332.58355712890625,28363847,COALINDIA
2024-01-03,334.40460992105426,334.40460992105426,325.1297252485034,325.7226257324219,12903439,COALINDIA
2024-01-04,328.47549957954857,330.1695455306532,325.17211514471256,325.89208984375,11039940,COALINDIA
2024-01-05,327.6284650664924,329.06841441385916,323.98627673951387,325.46856689453125,8369460,COALINDIA
2024-01-08,327.3320238010645,329.19545874992457,321.2334483251313,322.20751953125,9424716,COALINDIA
2024-01-09,324.9603801000475,328.6025946363769,323.6475047439502,326.40032958984375,9473743,COALINDIA
2024-01-10,326.82383602822284,326.82383602822284,318.35360586472916,323.6051330566406,9670366,COALINDIA
2024-01-11,326.52732432820636,329.40719698644574,324.6638636292406,325.5532531738281,9163771,COALINDIA
2024-01-12,326.7814996278231,326.7814996278231,321.4876052854264,322.8005065917969,7471050,COALINDIA
2024-01-15,323.9862485244019,328.56016686316434,323.0545181954294,325.8073425292969,7490747,COALINDIA
2024-01-16,326.4426381719042,327.7555392474698,319.36999140399774,323.4780578613281,10165133,COALINDIA
2024-01-17,323.3933905324111,326.40033787291867,319.49710517708183,321.5722961425781,10996538,COALINDIA
2024-01-18,322.54633671067137,324.0286269085129,311.7044530318095,318.1841735839844,12493835,COALINDIA
2024-01-19,322.4192866336503,326.01913423686784,321.1064113768186,324.6215515136719,15893456,COALINDIA
2024-01-23,341.77375227987375,342.8748717493185,316.49011264771593,317.8876953125,16406737,COALINDIA
2024-01-24,321.6992738373205,328.47545675837273,316.99830727547504,324.0709533691406,22938994,COALINDIA
2024-01-25,327.6284845520393,331.7789179122042,326.40031671714786,329.83074951171875,13440949,COALINDIA
2024-01-29,332.7953105444436,351.2604262895063,331.6094835890388,349.65106201171875,27149058,COALINDIA
2024-01-30,352.14979921927153,352.19214002806854,340.1644293825887,340.9690856933594,14159072,COALINDIA
2024-01-31,343.0866107170961,346.5594097304702,339.1479594545872,344.0183410644531,23750822,COALINDIA
2024-02-01,346.26294981582987,348.88872596529984,340.9267159064936,344.4842224121094,8862155,COALINDIA
2024-02-02,347.95702402048295,358.20600707676005,346.9829527796043,355.5802307128906,25177075,COALINDIA
2024-02-05,358.5024945910582,381.160360463027,353.2933081678818,372.9018859863281,31418925,COALINDIA
2024-02-06,376.7557718827345,382.0073241508287,370.3607593901327,380.0168151855469,13386526,COALINDIA
2024-02-07,384.5484239101671,390.0964139595437,379.29687121757314,383.4049377441406,14430152,COALINDIA
2024-02-08,385.226020303149,396.91495230967877,381.1603205568448,388.95294189453125,18790158,COALINDIA
2024-02-09,391.49400273847067,392.84921872695907,369.00552877339453,386.411865234375,17472069,COALINDIA
2024-02-12,387.08952015901855,387.4706908576738,364.26223942926055,366.591552734375,19472346,COALINDIA
2024-02-13,375.90878643394063,387.80947475697894,367.60797160822943,383.1508483886719,35665854,COALINDIA
2024-02-14,382.5579076516679,396.40673796181846,375.231164352747,395.0091552734375,18592696,COALINDIA
2024-02-15,397.2537578347489,407.62978882296994,396.0255642352832,403.90289306640625,18501875,COALINDIA
2024-02-16,408.60386430650055,413.00839396884936,404.45345703760785,406.5710144042969,14513583,COALINDIA
2024-02-19,408.9426590600647,412.8813363522364,385.77660267205744,390.4775695800781,19798448,COALINDIA
2024-02-20,392.3625121401145,392.3625121401145,377.84007695487475,382.5523681640625,27899165,COALINDIA
2024-02-21,386.36503656098074,386.36503656098074,369.27226133732046,370.9429931640625,19032050,COALINDIA
2024-02-22,375.2697479034804,383.8375503670302,366.6591168863561,381.3957214355469,22083710,COALINDIA
2024-02-23,383.83754170901875,385.20839530163676,378.39698203801277,380.3247375488281,9625544,COALINDIA
2024-02-26,380.3247721744549,383.194991425685,377.4545529232248,378.95391845703125,7570244,COALINDIA
2024-02-27,378.95389729506536,381.52423806662637,372.7422404304596,378.18280029296875,8343526,COALINDIA
2024-02-28,377.2403154060074,379.42512062615685,368.71536801814096,372.01397705078125,8893614,COALINDIA
2024-02-29,380.4104612046609,380.4104612046609,368.11565841157966,374.1559753417969,11711699,COALINDIA
2024-03-01,375.2697385347474,384.5229545056283,375.2697385347474,382.4238586425781,8411615,COALINDIA
2024-03-04,387.1361445593397,392.40533764108767,383.88036406110285,390.1777038574219,11977226,COALINDIA
2024-03-05,390.69181909611393,395.6183058500671,388.5926968900334,394.67584228515625,9605493,COALINDIA
2024-03-06,396.218045067898,398.35999573612787,380.8816573658854,395.4897766113281,14061966,COALINDIA
2024-03-07,395.48977438113144,398.74552891973786,390.7346282363606,392.91943359375,9680802,COALINDIA
2024-03-11,394.97569257052606,396.5607412516449,387.60737724114034,388.8925476074219,7824738,COALINDIA
2024-03-12,388.89254935077156,390.5204265926541,382.7237472530811,384.95135498046875,8409613,COALINDIA
2024-03-13,384.9513861860711,385.46545960593255,351.27993016775923,357.3202209472656,17803423,COALINDIA
2024-03-14,358.990917292585,367.430207809145,353.16482217235534,366.4449157714844,20478918,COALINDIA
2024-03-15,366.44494019739426,366.74479238116584,343.7402625306319,355.77801513671875,25435001,COALINDIA
2024-03-18,356.4205697661052,362.8464213844845,354.3214477786918,361.4327392578125,9803914,COALINDIA
2024-03-19,357.27733302358166,363.7888675838383,354.7069924982322,359.0337219238281,8373676,COALINDIA
2024-03-20,359.6763351372975,362.24667586332924,353.59321633650876,359.4193115234375,6950340,COALINDIA
2024-03-21,363.27483479680683,371.4570759236989,362.5465663372999,370.1719055175781,9911230,COALINDIA
2024-03-22,369.18660771731567,373.727558770057,366.9589738185047,370.08624267578125,9172888,COALINDIA
2024-03-26,371.67126821339366,377.7972680209354,369.1866106761697,373.51336669921875,9389403,COALINDIA
2024-03-27,376.81196048997236,376.81196048997236,365.0312315210209,367.9443054199219,17985246,COALINDIA
2024-03-28,368.4155099314293,375.6553135504531,368.4155099314293,371.9283142089844,10332853,COALINDIA
2024-04-01,374.15593180795884,380.2390504406893,372.52802847562646,378.73968505859375,7256592,COALINDIA
2024-04-02,378.73968792747485,384.094564332664,373.5990065784933,379.7250061035156,11530800,COALINDIA
2024-04-03,379.72500311534367,382.9807574853351,377.7543929256269,381.6955871582031,6972648,COALINDIA
2024-04-04,385.55108789368336,388.5498185773009,379.168064979812,384.5657958984375,14743020,COALINDIA
2024-04-05,384.4801211731149,384.5658044239177,380.41041515512654,382.93792724609375,4820138,COALINDIA
2024-04-08,384.6943399850604,385.9366818312835,380.8816573371554,383.323486328125,3980972,COALINDIA
2024-04-09,384.4372766568739,385.8081040253641,374.62713315162244,376.8547668457031,8005012,COALINDIA
2024-04-10,379.16808567239565,392.91942424584494,378.78255025157586,390.9916687011719,15825331,COALINDIA
2024-04-12,389.8349867148732,397.0747897840348,387.73586478920436,390.34906005859375,11259294,COALINDIA
2024-04-15,384.6514784929667,390.52040190343433,377.9257487417808,386.4078674316406,7680715,COALINDIA
2024-04-16,384.69429845193997,391.03446651554066,382.4238362182875,388.29278564453125,4996845,COALINDIA
2024-04-18,389.7922070981226,391.37722973219627,372.82794150680934,375.7838439941406,10945138,COALINDIA
2024-04-19,373.5561469470854,375.78378057568216,366.74473426763376,372.9563903808594,7628287,COALINDIA
2024-04-22,377.75441848619266,380.8388327093863,375.2697609149858,379.5108337402344,6396926,COALINDIA
2024-04-23,381.9097448794211,381.9097448794211,376.34067400624957,377.7972106933594,5390120,COALINDIA
2024-04-24,378.31131111223016,384.4373108525738,377.96860423962386,380.28192138671875,6538090,COALINDIA
2024-04-25,379.5536840236554,388.97826759986356,378.4827086172681,387.6502685546875,10858594,COALINDIA
2024-04-26,388.9782223128629,394.5044652251697,387.43602836596017,390.5204162597656,7209435,COALINDIA
2024-04-29,393.0051258377447,393.0051258377447,386.0223456215025,388.3356628417969,5305655,COALINDIA
2024-04-30,391.0345344361585,392.74809508324665,387.30753479936953,389.23529052734375,6021793,COALINDIA
2024-05-02,392.0197902693353,393.7333507577107,385.0370365085773,388.8925476074219,14980896,COALINDIA
2024-05-03,392.3196884271323,407.65605034441126,385.0370559831919,406.6279296875,51071947,COALINDIA
2024-05-06,410.39771552807366,412.4968374754255,380.453237099172,394.6329650878906,36408390,COALINDIA
2024-05-07,396.6892648663437,402.25833661932694,387.99295035836474,390.6918029785156,13728379,COALINDIA
2024-05-08,391.2915629607382,403.88621734439704,389.92070928818003,397.9316101074219,16978094,COALINDIA
2024-05-09,398.7027421056439,400.71618116258514,378.1400136538753,379.9820861816406,15601338,COALINDIA
2024-05-10,383.152117064644,386.53638317682805,377.1974841977819,385.0370178222656,9190621,COALINDIA
2024-05-13,386.62205670330974,387.0932753441503,372.44235516550975,380.410400390625,11107909,COALINDIA
2024-05-14,382.72378673926175,386.1080533800193,381.3529329716115,384.4373474121094,6592194,COALINDIA
2024-05-15,385.55107335314176,402.6866766132814,385.12268327163827,400.8446044921875,23543942,COALINDIA
2024-05-16,401.53001133796636,406.97057050994397,392.27679619353495,401.2301330566406,17232651,COALINDIA
2024-05-17,401.87276267309426,405.85681172204437,399.9450071256118,402.9009094238281,10625019,COALINDIA
2024-05-21,402.42968143178945,423.16374715212237,402.42968143178945,420.37921142578125,27356982,COALINDIA
2024-05-22,423.6777910140242,434.68742134861316,421.1931337682878,429.84661865234375,28346931,COALINDIA
2024-05-23,431.30317755834557,431.6458844328974,421.6215710812503,426.0768127441406,14378840,COALINDIA
2024-05-24,424.9201575851443,433.0167149191986,419.09403644192463,429.24688720703125,12190536,COALINDIA
2024-05-27,430.9176419713253,430.96047052555656,420.46491234675324,423.635009765625,8811105,COALINDIA
2024-05-28,424.96305054378115,425.1344170712932,414.76736968147793,417.8089294433594,8165238,COALINDIA
2024-05-29,413.05376241397283,421.4501983779823,413.05376241397283,416.78076171875,8014727,COALINDIA
2024-05-30,416.39516653204925,418.06589833798813,410.8260953747276,413.0965576171875,7725080,COALINDIA
2024-05-31,415.02437264881394,422.47837172758307,410.39776425196334,420.8504943847656,11223848,COALINDIA
2024-06-03,441.24177124305874,451.86586587590944,433.1451884770413,438.9712829589844,24416215,COALINDIA
2024-06-04,438.9713265948618,439.01420744100886,351.9653053567591,378.6111755371094,48046493,COALINDIA
2024-06-05,387.2646580129402,396.5607285950558,364.2172754092406,394.5901184082031,18966089,COALINDIA
2024-06-06,402.6866605246507,415.0242891496521,398.102881606329,405.21417236328125,21757857,COALINDIA
2024-06-07,405.25705189173004,412.36831739641474,400.6304438436907,410.5262451171875,8317343,COALINDIA
2024-06-10,415.5384209079839,418.1087616558683,407.39900853968317,409.283935546875,10958537,COALINDIA
2024-06-11,412.96809213790704,414.2532625491246,407.14199673246435,408.1272888183594,11169021,COALINDIA
2024-06-12,412.1113081018891,423.5064751852561,410.6976258918261,418.7085266113281,15412796,COALINDIA
2024-06-13,423.16378359023577,423.16378359023577,414.25327372804276,418.0231018066406,7438571,COALINDIA
2024-06-14,418.02309305772064,421.878604314724,415.7526305468572,417.20916748046875,5974636,COALINDIA
2024-06-18,421.53590466010075,422.30700169535095,415.7098091194773,419.0083923339844,6946544,COALINDIA
2024-06-19,419.30825678134937,420.8504769476405,408.25579658379365,409.4981384277344,8962510,COALINDIA
2024-06-20,412.15418617097515,417.5947467451115,404.0147726630605,413.95343017578125,7864157,COALINDIA
2024-06-21,413.95335876792024,421.0217955949463,410.3977260782422,411.4258728027344,10340882,COALINDIA
2024-06-24,411.25451659500374,411.29734514840584,404.40027465175365,405.8568115234375,11124175,COALINDIA
2024-06-25,407.74174274596476,409.49815806288814,398.6598662651984,402.0441589355469,7951999,COALINDIA
2024-06-26,402.90095419921875,404.2718079702576,398.4456859800577,401.61578369140625,6655899,COALINDIA
2024-06-27,401.6157164780028,401.8299115267911,395.40406006314305,400.1591796875,14857335,COALINDIA
2024-06-28,402.6867065969762,407.82738795778863,400.97314614337205,405.38555908203125,8302706,COALINDIA
2024-07-01,405.55690926276935,408.0843951419916,403.75766562953174,406.7992248535156,8579861,COALINDIA
2024-07-02,409.5409654370437,415.5384272739879,405.55694244615967,410.4834289550781,14629287,COALINDIA
2024-07-03,412.8823796121618,417.8088658392604,410.74042907864066,415.4955749511719,7244652,COALINDIA
2024-07-04,418.7513233582939,422.2212727145918,415.79542120525736,419.4367370605469,7796954,COALINDIA
2024-07-05,419.39392245070496,422.64967686491934,417.16628862404673,421.10748291015625,5754517,COALINDIA
2024-07-08,422.13564148593423,424.9630058645965,417.4233500902583,422.6496887207031,7477292,COALINDIA
2024-07-09,425.7769118744785,425.7769118744785,420.7647426984688,423.0780334472656,6444684,COALINDIA
2024-07-10,423.0780433636316,424.0205067930932,411.72570595345246,420.4648742675781,5981477,COALINDIA
2024-07-11,421.5358823379352,433.530805819096,418.5799800213345,428.4329528808594,20146927,COALINDIA
2024-07-12,431.81727535969475,435.7584700070322,424.53464273954114,425.1343994140625,8198389,COALINDIA
2024-07-15,428.39012739946946,431.47454154611734,422.00710404247405,426.4623718261719,7106020,COALINDIA
2024-07-16,426.67655262678653,444.15489015789996,426.67655262678653,439.0570373535156,23169665,COALINDIA
2024-07-18,441.54164244726354,441.9272039849118,429.46106289236457,432.88818359375,12540956,COALINDIA
2024-07-19,432.9310526085834,433.87351611892495,417.03778932915355,418.1087646484375,9971704,COALINDIA
2024-07-22,418.10878696233425,424.96302937155286,414.2961041634625,420.8504943847656,7281653,COALINDIA
2024-07-23,423.24947637601065,424.7916704870577,398.01728559485053,417.25201416015625,11311831,COALINDIA
2024-07-24,416.9949152158382,427.8760075828207,415.62406172755743,423.0780334472656,6823248,COALINDIA
2024-07-25,420.67907955772,431.4316606436807,414.6816181383635,423.2494201660156,10281157,COALINDIA
2024-07-26,426.8907508126199,438.41445539766454,426.8907508126199,436.82940673828125,20437968,COALINDIA
2024-07-29,440.8134002878776,441.84154695720395,434.8159390594711,438.79998779296875,7259754,COALINDIA
2024-07-30,438.7999747547605,450.3236259376803,436.91504796595495,444.96875,13197520,COALINDIA
2024-07-31,448.48158922325376,450.15232100894383,437.38627559324317,447.4106140136719,11972565,COALINDIA
2024-08-01,458.37736423687875,464.5890201073785,452.37990339639623,463.0039978027344,34763894,COALINDIA
2024-08-02,457.5206066091591,460.26231358690745,447.4962682528004,449.3811950683594,10985150,COALINDIA
2024-08-05,441.2417944866272,441.2417944866272,426.2909698263476,434.2161865234375,11835031,COALINDIA
2024-08-06,435.32999447308543,443.12669897842136,426.67650982753355,428.04736328125,7142269,COALINDIA
2024-08-07,434.9873044435583,456.49246587592364,434.9873044435583,455.378662109375,18293730,COALINDIA
2024-08-08,457.5206183854047,458.377398569647,446.596671036315,448.4815979003906,13624148,COALINDIA
2024-08-09,454.09351616078027,455.2501485391757,447.1107364570485,453.9221496582031,6468264,COALINDIA
2024-08-12,453.23673328481897,454.5219036060425,448.35307560542685,448.9100036621094,5238736,COALINDIA
2024-08-13,449.80959049182815,454.00783425390324,445.52568963000124,447.0250549316406,5201294,COALINDIA
2024-08-14,448.0104028195408,452.29430396605113,427.5761629744572,432.4169921875,14766889,COALINDIA
2024-08-16,439.33983097015243,446.30591367891645,434.83998375890553,443.3204345703125,7313429,COALINDIA
2024-08-19,444.61850897627403,452.9691893353673,444.0560610290488,451.71441650390625,10737456,COALINDIA
2024-08-20,453.74792561776803,457.2959053992094,450.8922706442929,453.9642639160156,8191127,COALINDIA
2024-08-21,455.608491478646,463.1803325051192,453.791270759081,460.541015625,9067794,COALINDIA
2024-08-22,462.0985881991229,463.3533608465773,455.8680348734945,457.6419982910156,8531700,COALINDIA
2024-08-23,457.72862748981413,468.2859480569941,457.6420604717307,466.29559326171875,12566904,COALINDIA
2024-08-26,469.0214440866447,470.3627310109526,462.70437615957263,465.64654541015625,7193307,COALINDIA
2024-08-27,466.5119019365292,468.7618520091345,458.63720872483395,459.8487243652344,7865530,COALINDIA
2024-08-28,462.012065682278,463.43986668270907,454.6998210366713,455.4786071777344,6066259,COALINDIA
2024-08-29,455.47868584359793,458.6372464981577,446.60881456698263,456.5171203613281,9147836,COALINDIA
2024-08-30,458.63717376363843,464.6946458699506,451.7143484992816,454.26715087890625,30921282,COALINDIA
2024-09-02,456.04112036576333,457.7718267049123,447.9500893570281,450.71917724609375,6370038,COALINDIA
2024-09-03,450.848997242611,453.0988943362294,448.46927604795235,449.6374816894531,5526155,COALINDIA
2024-09-04,447.2577907037563,447.2577907037563,433.15254377883076,435.83514404296875,16783593,COALINDIA
2024-09-05,439.1667443933621,439.1667443933621,428.4796272037678,430.0805358886719,10830621,COALINDIA
2024-09-06,431.8112623764696,431.8112623764696,416.2781613127597,422.768310546875,13110103,COALINDIA
2024-09-09,422.292360721859,422.72503732095925,413.68208583637016,419.2203674316406,10189742,COALINDIA
2024-09-10,421.68658719274777,425.753757635997,416.92714478015023,424.9749450683594,9809547,COALINDIA
2024-09-11,426.4893273614146,427.0950587527164,417.0569828192929,418.7876892089844,8134497,COALINDIA
2024-09-12,421.4269928582155,430.296862831104,417.31656530980376,428.91229248046875,12058489,COALINDIA
2024-09-13,430.0805445568468,430.8161000656529,423.59039549411773,424.2394104003906,8093877,COALINDIA
2024-09-16,426.1864343441143,428.26327666125195,421.729870819979,426.83544921875,5244657,COALINDIA
2024-09-17,426.8354951200612,428.1767821084887,421.98951158662084,422.7250671386719,5063902,COALINDIA
2024-09-18,423.84995691731194,427.13831469058954,420.6914232416695,421.5135192871094,6527832,COALINDIA
2024-09-19,423.157723548996,425.4076471972111,412.124470020878,413.5955810546875,10014450,COALINDIA
2024-09-20,416.19162201828516,430.94588315736803,415.62912132512855,424.84515380859375,12982128,COALINDIA
2024-09-23,427.05178801244426,434.8399665172305,424.45572851084887,433.19580078125,6123879,COALINDIA
2024-09-24,437.0034018961202,438.43122951170733,434.01792254749483,436.39764404296875,7306001,COALINDIA
2024-09-25,438.30137380440607,438.7340503826927,434.4072845998259,437.262939453125,5059851,COALINDIA
2024-09-26,437.86876230146703,439.12353512837376,432.7198996912469,438.3446960449219,6877039,COALINDIA
2024-09-27,438.34465216561244,448.1231327459121,436.9168246696903,446.6087646484375,15443031,COALINDIA
2024-09-30,443.92619232565005,444.31561182968017,434.8399837107976,441.4599304199219,8881502,COALINDIA
2024-10-01,443.06080998033434,446.5222225583057,437.9984888033548,440.0320739746094,4743517,COALINDIA
2024-10-03,432.2439127197884,441.24358049572095,432.2439127197884,434.7101745605469,11285134,COALINDIA
2024-10-04,432.3304433734273,436.7004662615219,427.5277174974948,430.25360107421875,7170285,COALINDIA
2024-10-07,431.03248311715157,433.15258285265946,411.34569558300865,415.7590026855469,8940891,COALINDIA
2024-10-08,416.0617940185061,426.4027749744819,412.2975288517582,425.62396240234375,6049075,COALINDIA
2024-10-09,425.75375088256243,429.21516349136374,420.25875308439385,421.38372802734375,6874313,COALINDIA
2024-10-10,422.89815401176566,427.44125868355604,420.60494671731124,422.3789367675781,4700891,COALINDIA
2024-10-11,421.8596510577054,427.3979058104076,421.81639396457933,426.5758361816406,4364566,COALINDIA
2024-10-14,428.30659316779827,434.7967424142536,426.5758867020769,431.20550537109375,5369297,COALINDIA
2024-10-15,431.20552082388303,432.1141575960399,424.0663563969414,427.8739318847656,4279311,COALINDIA
2024-10-16,428.34982544499337,432.1573741672522,426.53257847959065,428.99884033203125,8000451,COALINDIA
2024-10-17,428.99887577389535,430.2969056552082,421.6001160138063,423.9365539550781,4334990,COALINDIA
2024-10-18,422.2923554150719,427.2681362421962,418.26846837570287,425.9268493652344,4573163,COALINDIA
2024-10-21,425.7537555828653,428.13347677768826,417.4031028536378,420.04241943359375,4737527,COALINDIA
2024-10-22,419.6963346261683,421.8597177943444,404.2930570321487,405.2882080078125,8671135,COALINDIA
2024-10-23,405.28816576501885,411.9513693834105,397.1538511822055,410.2639465332031,10686743,COALINDIA
2024-10-24,410.2639195644216,418.6578289851889,409.3552829431318,412.9897766113281,5045880,COALINDIA
2024-10-25,413.7253784734179,414.5474481847634,397.19712674126737,399.0143737792969,10330954,COALINDIA
2024-10-28,391.1396382542356,396.331757346106,376.64497245609743,382.1832275390625,21378247,COALINDIA
2024-10-29,384.3898693571747,386.46671157909174,379.7169413472592,385.5580749511719,7680865,COALINDIA
2024-10-30,387.67818905977936,394.4279326809099,385.08212975803974,388.67333984375,7818123,COALINDIA
2024-10-31,391.139634750385,393.3030176859513,383.52453738058495,391.1828918457031,8475238,COALINDIA
2024-11-01,393.43276808783776,397.67299285015525,391.4424665897541,393.0000915527344,3095957,COALINDIA
2024-11-04,396.33175575417795,396.4615534492567,376.8613092378701,383.6110534667969,15720990,COALINDIA
2024-11-05,385.0017605352581,391.41695559190595,383.1175702870919,390.2056884765625,10186343,COALINDIA
2024-11-06,392.80770656365354,393.7946661040278,386.88600408404045,391.01324462890625,9130749,COALINDIA
2024-11-07,392.8076964550191,395.09565179173256,389.98142445678747,390.6094970703125,5861077,COALINDIA
2024-11-08,390.60949007785763,391.19268470493915,377.9585285136597,380.47076416015625,9934413,COALINDIA
2024-11-11,379.5286874653868,381.9960725493816,374.459338132715,378.2276916503906,7201246,COALINDIA
2024-11-12,379.08005566942984,381.1436757891875,370.3769049772747,371.4984436035156,6564348,COALINDIA
2024-11-13,371.4536589931719,372.7995055837269,364.0066521446287,365.08331298828125,7170870,COALINDIA
2024-11-14,365.35242256736285,370.8703869620021,361.22515507384026,367.6403503417969,8776485,COALINDIA
2024-11-18,371.40876641492173,375.4911563256733,368.76192413345694,370.87042236328125,7352509,COALINDIA
2024-11-19,373.2032495763733,378.63148623455504,368.4927867736923,369.88348388671875,6291292,COALINDIA
2024-11-21,370.6012239269912,371.3638756921965,362.61587414256496,364.2757568359375,14141967,COALINDIA
2024-11-22,365.53186358817675,373.0237470877289,364.634632687184,371.4984436035156,8155453,COALINDIA
2024-11-25,377.73423119610624,383.5213817952237,372.9789180979452,374.549072265625,10903727,COALINDIA
2024-11-26,375.4463069083651,376.837003946594,367.59553599281105,369.2105407714844,5798977,COALINDIA
2024-11-27,376.83699033394197,377.7342212633085,370.2872155020923,374.2798767089844,9219932,COALINDIA
2024-11-28,376.83697072179507,381.23339657061996,371.00496998443396,372.5302734375,7788912,COALINDIA
2024-11-29,372.62000458476155,375.0425391153054,368.76192243155623,373.6069641113281,7057742,COALINDIA
2024-12-02,375.40142610712076,379.88758088225677,373.96585110281404,378.3623046875,6404844,COALINDIA
2024-12-03,381.32315569828097,381.77177117557306,376.25380628114345,378.72119140625,7928558,COALINDIA
2024-12-04,378.72118792055085,382.13065456406423,372.35084272537176,373.8312683105469,6836472,COALINDIA
2024-12-05,375.1771204826354,377.9585419351573,369.6591555543853,375.40142822265625,9500273,COALINDIA
2024-12-06,376.83699033394197,378.18283672799174,373.6069535119595,374.2798767089844,4252732,COALINDIA
2024-12-09,375.0425062686349,377.6893483060705,370.1077364493108,371.4535827636719,6662023,COALINDIA
2024-12-10,372.7994393624807,374.324742846694,369.2105157585098,371.4984436035156,6035289,COALINDIA
2024-12-11,373.2480530451777,376.52294034202765,372.84428818911766,374.1004333496094,5353413,COALINDIA
2024-12-12,373.69669354615525,374.9079608142246,365.2627280276192,367.05718994140625,9409378,COALINDIA
2024-12-13,367.0572198081458,368.98626104616613,360.68687401959585,368.1338806152344,9439175,COALINDIA
2024-12-16,368.3132832095108,370.42178129367215,364.7243596215984,368.2684326171875,5434635,COALINDIA
2024-12-17,368.26843344670027,368.7170488961998,360.68682139763234,361.49432373046875,5070262,COALINDIA
2024-12-18,362.03268206804637,363.19907133036156,354.00245425180526,355.1239929199219,7176597,COALINDIA
2024-12-19,350.77244679476064,353.9576056778655,347.2283736307578,351.669677734375,5745829,COALINDIA
2024-12-20,352.61172693062827,353.2397994832843,341.39634121400525,342.7421875,7923854,COALINDIA
2024-12-23,346.33114794701453,348.66395390167725,343.10111103912124,343.5946044921875,5163415,COALINDIA
2024-12-24,345.2993573725916,347.00409080396236,342.20389945620263,344.9853210449219,4242999,COALINDIA
2024-12-26,346.6900191832976,350.1892142664868,345.4787519749167,346.8694763183594,4190081,COALINDIA
2024-12-27,347.6769786939985,348.52935901364503,340.54398198504094,341.3963623046875,5909271,COALINDIA
2024-12-30,341.39634331734885,343.0113479179675,337.08964612815714,339.06353759765625,22328728,COALINDIA
2024-12-31,339.0635711998383,345.16475810070364,337.448566439168,344.6712646484375,7686615,COALINDIA
2025-01-01,344.1329192799768,348.2601871185643,343.1908377367551,346.6900329589844,3584876,COALINDIA
2025-01-02,348.4844774909761,353.46412543487315,344.58151758395246,352.56689453125,7538972,COALINDIA
2025-01-03,352.6117821343358,358.2643264679319,349.4714736420453,353.1949768066406,7122319,COALINDIA
2025-01-06,353.55382417036657,353.55382417036657,338.39062748046547,339.8262023925781,8774141,COALINDIA
2025-01-07,341.4412337725847,344.76099930527914,337.8074593062787,340.768310546875,6542121,COALINDIA
2025-01-08,340.9926245786954,342.78708654702183,337.3588500453612,341.2618103027344,7407778,COALINDIA
2025-01-09,342.33845883531836,342.33845883531836,332.6932260998464,333.9493713378906,6247612,COALINDIA
2025-01-10,333.23154169952386,334.846573704285,327.22011126218973,330.62957763671875,4893721,COALINDIA
2025-01-13,328.4762524986127,332.33433458677524,324.1246769648288,325.6051025390625,8661589,COALINDIA
2025-01-14,327.48931946751225,335.5643985776701,325.69485744303273,331.30255126953125,5698113,COALINDIA
2025-01-15,333.68018763010446,342.2487597033301,331.34738166425655,336.10272216796875,11117714,COALINDIA
2025-01-16,339.55703719683663,342.29358042596044,336.2821225825991,339.9159240722656,6923722,COALINDIA
2025-01-17,340.94774302569215,349.29197946826895,339.64674726425267,347.8115539550781,8380692,COALINDIA
2025-01-20,349.5611484808261,350.81726620837867,343.3253830522185,347.273193359375,14597375,COALINDIA
2025-01-21,348.1256522827597,349.6060780597602,341.84503484466865,342.3385009765625,20854879,COALINDIA
2025-01-22,342.2936006604416,344.446949421623,336.1475632981392,340.22998046875,10653690,COALINDIA
2025-01-23,338.7046369396864,348.3050177339453,337.53824781798176,346.1516418457031,5844752,COALINDIA
2025-01-24,346.37598843544936,351.9388311356905,342.4730558078302,343.6842956542969,5351964,COALINDIA
2025-01-27,341.75528622711363,343.6394768243461,334.4428589719974,337.1345520019531,6645109,COALINDIA
2025-01-28,337.35884596868675,338.79442100226356,329.95669043878866,332.55865478515625,10866038,COALINDIA
2025-01-29,334.2184888422848,345.4338743739051,332.6931854574595,340.4542541503906,6680927,COALINDIA
2025-01-30,342.47302779334655,347.54237664024527,341.30661125480503,345.4787292480469,6300164,COALINDIA
2025-01-31,345.524311348369,361.4120674771045,341.10851419697866,360.4560546875,10339434,COALINDIA
2025-02-01,360.45609941610144,363.6882938409643,345.114630436946,350.8050842285156,7015540,COALINDIA
2025-02-03,349.6214175300802,349.7579828392201,333.68814980409996,340.5166931152344,7689700,COALINDIA
2025-02-04,343.70336941466707,346.61689253446764,341.3361353530061,342.8384094238281,4649921,COALINDIA
2025-02-05,344.15857454654673,350.6229342816201,344.0675217475206,348.5743713378906,5914200,COALINDIA
2025-02-06,348.5288824636597,350.2132622451919,343.4302583909595,345.6153869628906,4652107,COALINDIA
2025-02-07,345.5242904995895,348.71094403515883,342.33763696402013,344.3861999511719,3006598,COALINDIA
2025-02-10,343.24811861807837,345.84297069521836,335.96433891265497,337.3300476074219,3380494,COALINDIA
2025-02-11,336.87481638448816,337.3300526228456,325.49391042555277,326.859619140625,6803431,COALINDIA
2025-02-12,327.67905188972657,329.40894410743897,320.0766008486732,328.0887756347656,4565992,COALINDIA
2025-02-13,329.59100976520324,334.6441204858362,326.49540915322035,329.2723388671875,3712240,COALINDIA
2025-02-14,331.3209153620701,332.3224406031624,319.1205902230368,322.4893493652344,4464446,COALINDIA
2025-02-17,322.48936295420816,329.5910371713587,317.98251307209125,327.86114501953125,6017586,COALINDIA
2025-02-18,327.9977601991122,329.909758251458,322.12520070663976,328.77166748046875,3843725,COALINDIA
2025-02-19,327.77009068345393,332.59558368212777,325.94914573521254,329.8641662597656,3097726,COALINDIA
2025-02-20,327.7700645915986,336.37403990129314,327.7700645915986,335.0083312988281,4624287,COALINDIA
2025-02-21,334.64415893972176,337.9674058196575,332.5955957983226,336.8293151855469,5235241,COALINDIA
2025-02-24,335.09935511903717,335.5090788124847,328.8171011271206,332.14031982421875,4533486,COALINDIA
2025-02-25,331.41192934388346,332.6865850535086,326.5864370912274,328.81707763671875,4525493,COALINDIA
2025-02-27,326.85956378609865,334.87170911014533,324.26471210982334,331.2753601074219,6196610,COALINDIA
2025-02-28,333.9612681899597,342.1100073569382,332.5955595777564,336.2829895019531,21899478,COALINDIA
2025-03-03,336.87482982861803,337.78530234166834,320.8505080418492,328.0887756347656,12675744,COALINDIA
2025-03-04,324.21919960786124,333.6881062050283,321.0325464790274,331.2753601074219,5535218,COALINDIA
2025-03-05,329.63655359354135,335.8732957015091,329.63655359354135,335.281494140625,5730797,COALINDIA
2025-03-06,336.92029559785965,349.75796180793367,335.1448911149698,348.34674072265625,11247215,COALINDIA
2025-03-07,348.34678257929056,354.72009005225306,345.43325947748434,346.57135009765625,8321771,COALINDIA
2025-03-10,346.6168592742639,351.9886409621106,340.5621954902081,341.563720703125,5541001,COALINDIA
2025-03-11,337.7852710513328,345.9795229097209,335.0538537652034,345.11456298828125,5340552,COALINDIA
2025-03-12,345.5698167497046,348.574392588259,340.33460001879365,346.61688232421875,3951912,COALINDIA
2025-03-13,347.3452244869247,348.7109331022075,343.56676954172485,344.43170166015625,3918004,COALINDIA
2025-03-17,346.16167122611387,352.39838590405816,345.11460557555847,351.21478271484375,5456361,COALINDIA
2025-03-18,351.21478271484375,351.21478271484375,351.21478271484375,351.21478271484375,0,COALINDIA
2025-03-19,355.1297656152737,362.4135451661915,353.99167506044273,360.4105224609375,5827114,COALINDIA
2025-03-20,362.09491629526406,362.4590997300655,356.9507245565644,360.9112854003906,7025398,COALINDIA
2025-03-21,360.91127764386334,374.2952339221409,359.72767455984234,369.10552978515625,16564019,COALINDIA
2025-03-24,371.4272573920738,374.93255419345127,368.7868649855192,369.6518249511719,5260300,COALINDIA
2025-03-25,371.47276840490446,371.7003865227996,361.5486240217583,362.64117431640625,5636291,COALINDIA
2025-03-26,362.82328814392054,366.4196656022987,357.95225475353766,359.45452880859375,5025274,COALINDIA
2025-03-27,358.04327763167294,363.87029553763597,356.95069961818666,361.32098388671875,7697174,COALINDIA
2025-03-28,361.45756232766803,365.9188717716068,358.27090875550977,362.5501403808594,6923988,COALINDIA
2025-04-01,362.1859427568236,366.51068705266874,359.6821434276501,362.04937744140625,4332950,COALINDIA
2025-04-02,365.6457540093236,365.6457540093236,356.4499763920622,361.9128112792969,4197123,COALINDIA
2025-04-03,359.6366248303106,364.18898716993476,357.99778550221174,361.5030822753906,4970602,COALINDIA
2025-04-04,360.54707664497323,360.54707664497323,348.346751830736,350.577392578125,6718760,COALINDIA
2025-04-07,326.72303354352067,345.43323066433186,324.12818158888655,343.7033386230469,10202400,COALINDIA
2025-04-08,350.5318814825939,350.9871176923116,342.92943122322646,348.5743713378906,3577328,COALINDIA
2025-04-09,348.0736406805984,348.43785192467317,339.69730998979816,341.0630187988281,5781453,COALINDIA
2025-04-11,355.0387665153535,357.6335909414466,347.9370642635698,356.99627685546875,6185984,COALINDIA
2025-04-15,363.27849890113555,363.27849890113555,358.2709005453555,359.8642272949219,4371156,COALINDIA
2025-04-16,359.86427436116793,364.2800717731575,357.3604748558088,363.50616455078125,4992290,COALINDIA
2025-04-17,361.36653525693464,363.7792818620009,353.5364660792907,363.1419677734375,8364450,COALINDIA
2025-04-21,363.50610505864864,369.6517937478055,360.22839886734914,364.6441955566406,8987570,COALINDIA
2025-04-22,367.375646766312,369.4697223623381,358.9992888113775,362.9143371582031,7558174,COALINDIA
2025-04-23,364.18895608696965,365.6457174684,358.72612174566507,363.23297119140625,7429142,COALINDIA
2025-04-24,363.18746922307935,365.3725976330868,361.3210117403557,364.05242919921875,5762303,COALINDIA
2025-04-25,364.4621124839294,367.8308716803158,354.76558639894455,357.9522399902344,7337588,COALINDIA
2025-04-28,357.9522265292755,363.0963901475405,356.495465099528,361.5941162109375,3458518,COALINDIA
2025-04-29,361.5941547111012,364.5076778808089,353.6730604813483,354.2648620605469,6274213,COALINDIA
2025-04-30,354.2648968050413,355.4029875633552,348.8020611651345,350.8050842285156,4559122,COALINDIA
2025-05-02,350.98714370429127,355.94922987212374,347.254200950872,349.16619873046875,5045851,COALINDIA
2025-05-05,351.39685695315023,353.17226157840634,347.5728615080511,351.07818603515625,6395704,COALINDIA
2025-05-06,351.8975975707281,352.9446353181896,343.6122928211651,344.3861999511719,5982166,COALINDIA
2025-05-07,337.1479282844353,352.6259595287675,337.1479282844353,348.98406982421875,9162368,COALINDIA
2025-05-08,355.0842275628708,359.59107694994896,348.0280666305317,350.94158935546875,14258083,COALINDIA
2025-05-09,345.160094509759,348.9385494358039,343.29360940708693,348.1646423339844,3809943,COALINDIA
2025-05-12,356.85969179150015,360.63814694320905,352.80807823055767,360.09185791015625,6743279,COALINDIA
2025-05-13,360.09186428308016,363.8248069920232,358.77166807862227,359.773193359375,6307140,COALINDIA
2025-05-14,361.22996860951815,367.87640682326474,360.95683797048264,367.011474609375,6822756,COALINDIA
2025-05-15,367.60327926521904,370.01602588164127,363.8248238713409,368.4226989746094,10511989,COALINDIA
2025-05-16,369.6518126672982,372.38323000227825,367.46668435639697,368.5592346191406,4702603,COALINDIA
2025-05-19,369.6063133841372,370.9720221004938,365.144976015707,366.64727783203125,5446656,COALINDIA
2025-05-20,369.19660865285874,379.89466081480964,367.8308998662267,371.5638427734375,18755291,COALINDIA
2025-05-21,374.7960246206487,376.52591693150566,368.05853321838515,369.06005859375,7393102,COALINDIA
2025-05-22,368.7413681775692,370.24364226861684,357.99780362631515,363.1419677734375,7936875,COALINDIA
2025-05-23,364.3710844329701,366.9203961706102,363.2785063823163,365.5546875,4178408,COALINDIA
2025-05-26,366.5106847320636,369.46972028416957,365.78231786417274,366.64727783203125,6067873,COALINDIA
2025-05-27,366.4651874524725,367.4211724794864,362.6411917735846,364.14349365234375,6553758,COALINDIA
2025-05-28,365.09945212442034,365.87335926331303,361.002326103074,362.5501403808594,6002200,COALINDIA
2025-05-29,364.18897967523225,365.2815577284236,361.45756232766803,362.5501403808594,7724668,COALINDIA
2025-05-30,363.2330147429392,368.5137441251932,360.8657806874607,361.730712890625,6565658,COALINDIA
2025-06-02,363.2329782136668,365.4636189415763,360.09183729252516,363.91583251953125,6119571,COALINDIA
2025-06-03,363.915849507803,364.6442163538948,355.5394918506765,357.6791076660156,7360608,COALINDIA
2025-06-04,357.6791340319862,359.63664438739136,354.7200983503178,359.2724609375,3861957,COALINDIA
2025-06-05,359.2724321249804,362.1859272758741,357.40594694267224,359.5455627441406,6097293,COALINDIA
2025-06-06,362.23144600508465,364.7352450781826,360.5925790314459,363.23297119140625,7633919,COALINDIA
2025-06-09,365.0084344939122,369.8339556108352,364.1890147677681,365.0994873046875,9626374,COALINDIA
2025-06-10,366.9203767299851,368.28608532823563,363.1419218319077,363.77923583984375,6362912,COALINDIA
2025-06-11,364.2800377413256,372.83847333028586,362.73222344117323,366.1009826660156,11946342,COALINDIA
2025-06-12,366.00992415756485,366.3285950715013,356.4499634519568,357.54254150390625,11262656,COALINDIA
2025-06-13,355.0842408386031,357.22385656484136,351.4423511889764,356.17681884765625,5253032,COALINDIA
2025-06-16,355.99471167950685,359.27241790678437,351.62445523341205,359.0447998046875,3706240,COALINDIA
2025-06-17,358.7261394724335,360.4105190346533,355.17530253220025,356.2678527832031,3248476,COALINDIA
2025-06-18,356.2678557333472,358.17985342020194,353.3543605878001,355.4029235839844,4118145,COALINDIA
2025-06-19,355.40291689432524,356.44995462669516,349.1661752218074,349.8490295410156,4416367,COALINDIA
2025-06-20,349.8035602525285,356.72312931376183,349.75801995437337,354.2193298339844,6531957,COALINDIA
2025-06-23,352.3528445492884,357.90673215223865,350.2587689904223,357.3604431152344,3359491,COALINDIA
2025-06-24,359.135907049729,360.00083929757824,355.72163500065216,357.4970397949219,4606984,COALINDIA
2025-06-25,358.5895794865098,360.0008006678644,355.9947274505674,356.6775817871094,4672204,COALINDIA
2025-06-26,356.90519125575173,359.36347792193374,355.6760479226607,358.8627014160156,5569101,COALINDIA
2025-06-27,359.6366085357702,362.0948952019522,356.9962440555017,358.8627014160156,16253653,COALINDIA
2025-06-30,360.09187698321426,361.8217691916636,355.8126450806254,356.8597106933594,4870935,COALINDIA
2025-07-01,357.3604275921815,358.63508343287987,354.17377409772894,354.85662841796875,5997283,COALINDIA
2025-07-02,355.08428065476573,356.63209504358116,350.9416418279599,352.2618103027344,7752338,COALINDIA
2025-07-03,353.17224964962105,354.173774878597,350.98712137711857,351.8520812988281,3851213,COALINDIA
2025-07-04,352.99020886190453,353.17228669555425,349.0751603353148,351.533447265625,3990767,COALINDIA
2025-07-07,351.89759249864034,351.89759249864034,349.6214114346129,349.8490295410156,2810768,COALINDIA
2025-07-08,350.48636897578746,350.9871176923116,348.0735948359533,348.5743713378906,5231160,COALINDIA
2025-07-09,348.7564721046716,353.3998873064905,348.57439428004864,352.7625732421875,4497121,COALINDIA
2025-07-10,353.30882092988844,354.0372155566457,348.30122248576447,349.66693115234375,4668066,COALINDIA
2025-07-11,349.6669554851285,349.8945736120646,346.52584200465935,346.8445129394531,4677164,COALINDIA
2025-07-14,347.800453283619,351.3512900506363,347.3452170882216,349.4848327636719,5109504,COALINDIA
2025-07-15,349.5303599336458,352.5804481278578,349.12066401184666,351.8520812988281,4586811,COALINDIA
2025-07-16,352.0341591133788,353.26330244960315,350.4863726553374,351.8520812988281,5205724,COALINDIA
2025-07-17,352.39838674458895,353.4454523976417,350.440876333719,351.3513488769531,3749218,COALINDIA
2025-07-18,352.3528277422931,354.4013906942831,349.7124632723663,353.7185363769531,5172481,COALINDIA
2025-07-21,354.17376573828955,354.53794914340574,350.8960595214182,352.17071533203125,4396850,COALINDIA
2025-07-22,352.17075859937694,356.67760867445867,350.9871554409798,354.2648620605469,5043629,COALINDIA
2025-07-23,354.5379465482438,357.31490403593006,354.037197843051,355.76708984375,3670943,COALINDIA
2025-07-24,355.1752893891691,355.76709089307315,349.5303493855938,351.0326232910156,4022204,COALINDIA
2025-07-25,351.0325988304633,351.3512697058715,345.97948846831406,346.7078552246094,4616856,COALINDIA
2025-07-28,347.0721164995444,349.4848629867197,343.2481210133465,344.4772644042969,4521716,COALINDIA
2025-07-29,343.2025859021191,349.84902337782546,343.2025859021191,349.302734375,4872086,COALINDIA
2025-07-30,349.6214006387725,349.66691314448235,345.11455115699835,345.8884582519531,5107774,COALINDIA
2025-07-31,344.15858501584097,345.06905746297286,341.1540370544715,342.65631103515625,6461803,COALINDIA
2025-08-01,341.4271821911703,347.02658242202244,337.51216161621096,339.1510009765625,13769152,COALINDIA
2025-08-04,339.10542896552147,344.84139350570973,337.0568662318242,341.15399169921875,19756930,COALINDIA
2025-08-05,342.33763844285244,346.61687003755367,340.9719297788517,345.5242919921875,6846687,COALINDIA
2025-08-06,345.524306398261,349.26593533699617,345.10855731883527,348.1573181152344,5808208,COALINDIA
2025-08-07,346.4481735041964,351.29844793325515,345.15477262858565,350.6517333984375,3468573,COALINDIA
2025-08-08,350.14359922552705,353.00757625641376,349.35831110824836,350.7903137207031,4172600,COALINDIA
2025-08-11,349.2197581571691,355.40964345502505,347.8801472781628,353.37713623046875,5740719,COALINDIA
2025-08-12,352.4994704779309,357.02641600681716,352.1761413921753,356.0101623535156,4860757,COALINDIA
2025-08-13,356.5644598211875,358.4583651636437,355.7791716813799,356.7030334472656,4216888,COALINDIA
2025-08-14,356.70301610313044,357.3959123938537,353.42329007729376,355.17864990234375,4034887,COALINDIA
2025-08-18,357.2110938163967,358.9664252756528,354.8090479381424,358.2735290527344,3520271,COALINDIA
2025-08-19,358.9203214834956,358.9203214834956,354.99390870021415,356.0101623535156,5219052,COALINDIA
2025-08-20,356.61064648556027,357.3959346360561,354.34717385072366,355.4096374511719,4904231,COALINDIA
2025-08-21,356.72059313853345,357.28240870494943,353.255911403874,354.0986633300781,6212604,COALINDIA
2025-08-22,354.09868658877735,354.89463012892116,350.25945136547,350.634033203125,4699261,COALINDIA
2025-08-25,351.14900689376026,356.5332916661313,350.9617159927852,355.83099365234375,4349832,COALINDIA
2025-08-26,354.89462213839846,355.6905656606214,347.7779960319164,348.76123046875,6381642,COALINDIA
2025-08-28,348.80805677949286,351.9918024549153,345.2029208128983,350.4935607910156,4372269,COALINDIA
2025-08-29,348.94848228031566,354.8946114325626,348.94848228031566,350.96173095703125,4578400,COALINDIA
2025-09-01,351.4299240932104,354.52005258269344,351.2426617637927,353.86456298828125,2829114,COALINDIA
2025-09-02,356.9078273223026,360.5129626642608,354.94138726518196,355.92462158203125,7511709,COALINDIA
2025-09-03,356.7206262314554,368.28511207944274,355.8310372078028,365.0077209472656,8111851,COALINDIA
2025-09-04,366.8804811134744,367.1614174727028,361.1684799713719,366.5527648925781,5515006,COALINDIA
2025-09-05,367.44232277631977,368.2382662572267,364.25857742927195,367.6764221191406,4535470,COALINDIA
2025-09-08,368.9405908165465,370.7197402346094,361.7303191085345,362.4326171875,4607020,COALINDIA
2025-09-09,363.9777192667796,364.633180370084,362.15173271322226,363.2754211425781,4376579,COALINDIA
2025-09-10,363.79034551988474,367.67638854049596,363.3689553106594,366.9740905761719,4285507,COALINDIA
2025-09-11,368.6128169585111,369.4087604339509,365.6631709745445,368.3319091796875,3442373,COALINDIA
2025-09-12,368.51917550092634,371.00065140594245,368.19145928094014,369.268310546875,4276055,COALINDIA
2025-09-15,369.26833004631845,375.16762238970716,369.2214930291471,369.64288330078125,4618798,COALINDIA
2025-09-16,369.8769921047522,371.7497870014852,368.98740309817117,370.6260986328125,2581384,COALINDIA
2025-09-17,376.4317537633384,376.8531440228103,372.21796547494284,374.3248596191406,5970395,COALINDIA
2025-09-18,375.0271492343359,375.2612485784273,365.7568209236347,368.1446228027344,5899621,COALINDIA
2025-09-19,368.94058424800977,370.06427258498144,366.5995906931366,369.4087829589844,5272435,COALINDIA
2025-09-22,369.4087784232147,371.7029635094539,368.3319271165114,369.5960693359375,3399517,COALINDIA
2025-09-23,369.6428553007497,370.5792526542665,367.16140802924616,368.98736572265625,4720322,COALINDIA
2025-09-24,369.4087584243779,370.43880123542715,366.8336656850444,367.86370849609375,5139791,COALINDIA
2025-09-25,367.1145899631463,370.06426464022627,366.74003671772397,367.5359802246094,4563970,COALINDIA
2025-09-26,367.53595412270414,367.95734435424066,363.3689745497897,364.3990173339844,4698693,COALINDIA
2025-09-29,365.0076844379181,366.6932168546804,361.0748326186329,363.60308837890625,6606409,COALINDIA
2025-09-30,364.9140635012332,366.5059218711182,362.4794246440554,365.1481628417969,5362610,COALINDIA
2025-10-01,365.00767989455215,369.78331215106465,363.22853062393204,363.7903747558594,4976933,COALINDIA
2025-10-03,363.79039753891476,364.3522417060286,357.23561560127666,358.96795654296875,7431240,COALINDIA
2025-10-06,359.10841004214524,359.6702542086357,355.78421063666406,357.61016845703125,7022052,COALINDIA
2025-10-07,359.5765965801592,364.2117750760825,359.3893056721416,360.2320861816406,7895734,COALINDIA
2025-10-08,360.9812003016137,361.82395225237127,356.8610574272357,357.7974548339844,3642904,COALINDIA
2025-10-09,358.64021173077055,361.7303117850245,356.34602662196465,358.96795654296875,4628511,COALINDIA
2025-10-10,359.57660110533163,362.1048855124858,358.5933952673165,360.0447998046875,5061600,COALINDIA
2025-10-13,358.87429664798526,359.8575024684435,356.43965773949304,357.28240966796875,4750043,COALINDIA
2025-10-14,357.7506258816416,360.65346362331064,355.92466804327194,356.7206115722656,4288494,COALINDIA
2025-10-15,357.0015072745011,360.8875507531238,357.0015072745011,359.8106994628906,6135157,COALINDIA
2025-10-16,360.5129929216699,363.2753766357278,360.0447942295638,362.9476318359375,3513302,COALINDIA
2025-10-17,362.94762935507424,364.72677865760016,360.74708980190104,364.0712890625,4093872,COALINDIA
2025-10-20,365.19499177330175,367.0677866029084,363.74358721098906,365.7568359375,4007425,COALINDIA
2025-10-21,368.0978314608062,368.1446399011665,365.75683791116563,366.22503662109375,678084,COALINDIA
2025-10-23,366.693216309925,369.3151175188867,365.616365048265,367.6764221191406,4311356,COALINDIA
2025-10-24,367.6764151430486,370.29834487884324,365.9440743237267,368.98736572265625,4070949,COALINDIA
2025-10-27,370.3451532979369,372.87343758294145,368.56600404165715,371.4688415527344,5438773,COALINDIA
2025-10-28,371.7029738462153,372.8734706418306,364.58634761355813,366.5059509277344,7672258,COALINDIA
2025-10-29,368.2382668300449,373.9034595044905,355.8778100792436,357.70379638671875,26856509,COALINDIA
2025-10-30,358.5934025490022,364.2117870553613,355.1755291130353,363.0412902832031,15154040,COALINDIA
2025-10-31,365.14818094520075,369.1278699320886,363.08809521547346,363.93084716796875,13103909,COALINDIA
2025-11-03,365.70995279653,366.0376975656914,362.6666615822469,363.837158203125,14152223,COALINDIA
2025-11-04,365.4722210411979,367.3957590466779,362.10602953160793,363.1158752441406,10536699,COALINDIA
2025-11-06,364.2219297654581,364.2219297654581,358.1146907834311,358.88409423828125,6648689,COALINDIA
2025-11-07,357.7780764965301,362.34647935502073,357.29719198511003,361.6251525878906,4650451,COALINDIA
2025-11-10,361.7213424144334,367.7804756361436,361.7213424144334,366.7706298828125,4451727,COALINDIA
2025-11-11,366.8667964646536,368.35752667298595,364.1257489469149,368.1651611328125,3299015,COALINDIA
2025-11-12,369.5597137411692,372.7816455476661,368.0689836303772,371.72369384765625,4326520,COALINDIA
2025-11-13,371.72372223175233,372.5893084702699,368.11708844554516,368.5498962402344,3480764,COALINDIA
2025-11-14,368.54992114584746,372.5412569354683,367.68430549797307,372.15655517578125,3760163,COALINDIA
2025-11-17,372.2046156960829,374.3205193086016,371.3871061480251,373.0221252441406,3847261,COALINDIA
2025-11-18,373.02210284938093,373.02210284938093,368.30944074173124,369.2712097167969,4462641,COALINDIA
2025-11-19,368.45368398519093,369.1750106847113,363.9814643183362,364.5585021972656,5332643,COALINDIA
2025-11-20,366.4339836006498,366.67442584710693,363.1158688591975,365.1355895996094,3971851,COALINDIA
2025-11-21,363.54869280354865,365.80885589088587,363.1158850003427,363.7410583496094,3088629,COALINDIA
2025-11-24,363.6929187697978,363.7410248273103,357.77804565931154,358.3070068359375,5543493,COALINDIA
2025-11-25,358.35511632145926,359.1245197404313,355.46980947402534,355.902587890625,4902920,COALINDIA
2025-11-26,357.63379366888284,363.260147955412,357.1048031303336,362.92352294921875,4102285,COALINDIA
2025-11-27,362.92352006647656,364.2219140224176,361.72130887594955,363.59674072265625,3330267,COALINDIA
2025-11-28,364.51042599424306,364.70279152139085,360.5671674945822,361.7693786621094,4689402,COALINDIA
2025-12-01,362.49072488858104,365.4722146148214,361.43277313399767,365.1355895996094,4217206,COALINDIA
2025-12-02,364.99136359412097,365.37606535356014,362.3464986405404,364.46240234375,3695491,COALINDIA
2025-12-03,364.4623655487425,364.79896120998086,357.97042495445123,360.90380859375,4650434,COALINDIA
2025-12-04,360.6633497601989,365.2317521904948,359.5092153006229,364.5585021972656,3135061,COALINDIA
2025-12-05,364.4142887011124,366.0973845456618,362.10604884161717,365.4241638183594,3154258,COALINDIA
2025-12-08,366.33779101709183,366.33779101709183,361.1923212105932,362.92352294921875,3911363,COALINDIA
2025-12-09,360.75955816158086,366.6263549381182,359.07646240975475,364.8470764160156,4242651,COALINDIA
2025-12-10,364.02952742433473,368.2613046999151,363.7890852001443,367.53997802734375,4752336,COALINDIA
2025-12-11,367.7323923996179,370.617699473211,365.9531138340632,369.3193054199219,2695140,COALINDIA
2025-12-12,369.8482274109504,371.00236185830596,367.6361706295203,368.6941223144531,1410201,COALINDIA
2025-12-15,369.319297920296,370.2810669252967,365.56840467096515,369.7521057128906,1870236,COALINDIA
2025-12-16,369.31928703709104,369.5116525727668,363.8852981891392,367.01104736328125,5109787,COALINDIA
2025-12-17,366.28972570571744,370.7619456389727,366.24161964570203,370.0406188964844,3651138,COALINDIA
2025-12-18,369.70396341106937,371.7236839937555,368.2132333397946,370.5695495605469,2379619,COALINDIA
2025-12-19,370.2810565223368,372.54121949076205,368.83840305536665,370.8581237792969,3611941,COALINDIA
2025-12-22,370.8581019209402,372.15649583485805,369.3673424824204,371.4832458496094,3112021,COALINDIA
2025-12-23,372.6373947527992,385.62127569399973,371.6756257941917,385.09228515625,18487395,COALINDIA
2025-12-24,388.3623209145254,396.6335404073621,386.39070615179304,386.9677734375,17624423,COALINDIA
2025-12-26,388.3622729339133,392.78641577659994,385.2846300418088,386.7753601074219,5435637,COALINDIA
2025-12-29,388.5546650839521,389.99731854342224,383.7458202190517,385.3327331542969,6105510,COALINDIA
2025-12-30,384.7075955951633,384.899961133305,380.3796351447177,382.7840576171875,4418163,COALINDIA
2025-12-31,383.16875183953204,388.55466394257127,382.3512423447284,383.7458190917969,4644679,COALINDIA
2026-01-01,383.74580416654663,387.40051437064653,383.02447746698545,385.140380859375,3161157,COALINDIA
2026-01-02,386.0059990476141,413.07979088005806,385.6693740230577,411.54095458984375,35090129,COALINDIA
2026-01-05,414.474345661825,420.004517189957,407.30915515894486,411.108154296875,17258568,COALINDIA
2026-01-06,410.6753424821993,414.8109372352361,408.46328563306037,410.7234191894531,6308113,COALINDIA
2026-01-07,410.6272863180242,415.9170158183808,407.4534310072939,415.1475830078125,8920605,COALINDIA
2026-01-08,415.14759496019286,417.407758045589,407.26110654312026,408.9922790527344,5991259,COALINDIA
2026-01-09,407.5015183683881,411.97373814329626,401.25002015483534,402.3560485839844,7306605,COALINDIA
2026-01-12,402.88500702655847,416.5902145552727,399.75925794106223,415.772705078125,14407896,COALINDIA
2026-01-13,417.4077129284174,419.1388852509109,409.32885983868425,412.502685546875,7104004,COALINDIA
2026-01-14,411.63713315534943,425.10189919314126,411.0600658835576,415.67657470703125,17125550,COALINDIA
2026-01-15,415.67657470703125,415.67657470703125,415.67657470703125,415.67657470703125,0,COALINDIA
2026-01-16,415.6765955389238,417.02306634001,411.63715378480276,414.5224609375,6410141,COALINDIA
2026-01-19,414.5224350494904,416.30171355270556,411.97375309395215,413.7049255371094,7105031,COALINDIA
2026-01-20,413.6568361790586,414.4743456664417,397.7395422569594,399.4226379394531,6768420,COALINDIA
2026-01-21,399.08604401652553,403.606340544335,395.81600605279414,398.2204284667969,7312100,COALINDIA
2026-01-22,401.2019101462056,410.5310806672249,401.2019101462056,407.0206298828125,11497522,COALINDIA
2026-01-23,407.7900565647403,409.52122902679355,399.51883728311356,402.4041442871094,6520896,COALINDIA
2026-01-27,404.9047310328992,410.6272680693136,402.8850103523494,406.7320861816406,8749844,COALINDIA
2026-01-28,407.30914633936817,428.9008707959308,405.4817912224211,427.073486328125,17496873,COALINDIA
2026-01-29,428.9489550566974,443.90445060588655,425.63084041288823,438.3262023925781,16915601,COALINDIA
2026-01-30,436.5950513200679,436.5950513200679,420.2930549539359,423.8996887207031,10191610,COALINDIA
2026-02-02,402.9812130618405,409.2327115938261,397.2105990323153,407.3091735839844,9618062,COALINDIA
2026-02-03,420.2930314381519,420.2930314381519,403.894882569753,412.98358154296875,13955805,COALINDIA
2026-02-04,415.00330683120103,424.5248136785932,412.069923239366,418.2733154296875,11476290,COALINDIA
2026-02-05,420.29303962493873,421.0624430601096,411.3485999499235,415.3399353027344,5252658,COALINDIA
2026-02-06,414.0896208782096,417.6001011213123,410.7234294621953,416.25360107421875,4738027,COALINDIA
2026-02-09,417.4077356155608,418.177139056075,413.3682941757114,415.1956787109375,4512635,COALINDIA
2026-02-10,415.4841803592711,417.1672759973005,412.310354610759,414.4743347167969,5103221,COALINDIA
2026-02-11,409.90595585074357,411.5890515855939,404.23149532113143,407.0687255859375,5715603,COALINDIA
2026-02-12,407.5496008942892,409.6655043678895,400.24015085468574,403.1254577636719,5987886,COALINDIA
2026-02-13,396.5373322371901,401.63472535845267,392.49792019768,393.3154296875,8190851,COALINDIA
2026-02-16,392.4017612795858,407.64580616025177,391.0552905179163,406.347412109375,9719418,COALINDIA
2026-02-17,406.10696586997364,408.36712892142333,402.50033207006265,405.4337158203125,4564907,COALINDIA
2026-02-18,407.7725137178407,408.1135590524194,402.55902256335366,407.333984375,4872345,COALINDIA
2026-02-19,407.33395822930726,409.1367580113489,404.0207214546411,405.5311584472656,3824366,COALINDIA
2026-02-20,405.3850039549284,414.642594189476,404.4592330359269,412.7423400878906,8843227,COALINDIA
2026-02-23,415.12982177734375,416.59154650191186,408.25972746741985,415.12982177734375,6515765,COALINDIA
2026-02-24,413.1808519994873,420.97671713155313,411.3293399783948,419.9535217285156,8950772,COALINDIA
2026-02-25,419.9535348771403,428.43152063038593,417.61475147320164,427.4083251953125,8935314,COALINDIA
2026-02-26,427.55448258871854,428.33405721413175,418.54051344012447,422.4384460449219,8650353,COALINDIA
2026-02-27,421.7562961584512,423.3154751489378,414.5938687845787,419.6611633300781,8147373,COALINDIA
2026-03-02,407.23650333529827,418.63796811098797,405.38499129398826,415.3734436035156,7498197,COALINDIA
2026-03-04,415.12981104208257,426.7261542760015,415.12981104208257,424.04632568359375,18921256,COALINDIA
2026-03-05,428.91873986870775,446.80051109134706,428.7725733482938,437.9327087402344,30106255,COALINDIA
2026-03-06,439.6380413367691,440.0765706240426,427.40829041856983,429.2110900878906,10553695,COALINDIA
2026-03-09,427.79810214341273,435.78887585576075,423.70526102462657,426.4825439453125,15824576,COALINDIA
2026-03-10,433.4500985814608,433.54755284543836,422.68207153642504,432.23199462890625,10860312,COALINDIA
2026-03-11,435.5939625813165,442.3178902841275,433.79116282867665,435.350341796875,9975869,COALINDIA
2026-03-12,435.3503358037143,461.90500094227326,433.6449903361004,458.1045227050781,27328045,COALINDIA
2026-03-13,460.93051689850444,463.8539662657254,450.50353559320376,455.0836181640625,20216953,COALINDIA
2026-03-16,455.083645150105,458.78666933929156,444.36433016798264,448.5545959472656,12312203,COALINDIA
2026-03-17,448.55457995520084,453.6219042070883,446.3132806162115,450.454833984375,9193238,COALINDIA
2026-03-18,450.45484171219164,451.03953755726565,437.7378483414447,443.5847473144531,9539041,COALINDIA
2026-03-19,439.3944477613891,448.2622504018954,439.1508269731272,442.6102600097656,10192726,COALINDIA
2026-03-20,445.0464703473446,460.3458380912666,444.55922876813304,456.20428466796875,23878653,COALINDIA
2026-03-23,454.1091472158584,454.1091472158584,439.1508249381209,443.6334533691406,10163783,COALINDIA
2026-03-24,451.1857237929352,451.1857237929352,427.79812687926255,430.81903076171875,20320746,COALINDIA
2026-03-25,432.2320080757556,435.0092911217551,427.6032129120453,432.3782043457031,8630612,COALINDIA
2026-03-27,434.6194659159683,437.0556736845556,429.79576263861975,433.6936950683594,17184280,COALINDIA
2026-03-30,433.69373013800725,448.16481140135926,431.7935057681705,438.9559631347656,19114688,COALINDIA
2026-04-01,452.1601682582007,452.9884848590329,435.3990466772215,437.9327087402344,14960312,COALINDIA
2026-04-02,436.95823181169686,441.73319322570217,429.25982099252116,437.8840026855469,6701003,COALINDIA
2026-04-06,437.83527794076815,449.6752722894202,435.9837658589643,447.82373046875,12403745,COALINDIA
2026-04-07,446.3619959640154,451.9652740890945,443.6821672954993,451.1856994628906,11316785,COALINDIA
2026-04-08,452.16018668266554,452.16018668266554,435.5939729464472,437.78656005859375,20653569,COALINDIA
2026-04-09,437.7865680184791,444.5592380057974,436.4222975161113,442.5128173828125,9468415,COALINDIA
2026-04-10,443.38985576314366,447.8724844285225,416.59156777745915,423.0231628417969,29605732,COALINDIA
2026-04-13,423.90019587781944,428.2853703179348,420.48950464661857,423.9976501464844,18702296,COALINDIA
2026-04-15,427.7981065375825,427.7981065375825,420.3920285859696,424.67974853515625,10149319,COALINDIA
2026-04-16,425.3618923564097,425.80042166675634,419.51499349240413,421.70758056640625,11776638,COALINDIA
2026-04-17,421.75628734991335,428.918744313061,419.5149880433694,427.5544738769531,10733309,COALINDIA
2026-04-20,427.4083197857799,432.37818984794853,422.2435411961278,430.4779357910156,8090840,COALINDIA
2026-04-21,431.0138769942993,433.93732638762856,430.6240896896284,431.8421936035156,5336558,COALINDIA
2026-04-22,432.4756058612528,436.3248261617997,431.20878967414046,432.8166809082031,6991939,COALINDIA
2026-04-23,432.91413176862653,439.9791344817893,431.3549528082935,439.15081787109375,8989280,COALINDIA
2026-04-24,441.19724859271133,450.21121777986224,439.54061533303997,444.36431884765625,16441909,COALINDIA
2026-04-27,446.8005120208909,448.8956447881559,439.15081355542105,440.95361328125,6922067,COALINDIA
2026-04-28,444.55921233761296,461.80754576089777,444.55921233761296,455.0836181640625,26732373,COALINDIA
2026-04-29,457.86093575270064,473.3065003626175,452.2089153705519,467.65447998046875,18063862,COALINDIA
2026-04-30,472.08836639563526,478.7148398145708,466.1927255886965,469.1649169921875,16935052,COALINDIA
2026-05-01,469.1649169921875,469.1649169921875,469.1649169921875,469.1649169921875,0,COALINDIA
2026-05-04,469.31107723777467,474.57328014582816,463.46417850907864,467.70318603515625,7757497,COALINDIA
2026-05-05,467.70319804108254,467.7519103028595,459.17647050952,460.5407409667969,6946902,COALINDIA
2026-05-06,461.758853452309,465.3157110550086,456.1068332548133,458.2019958496094,8596697,COALINDIA
2026-05-07,458.20198671934503,460.7843611060744,444.46176842572856,454.7425537109375,24264105,COALINDIA
2026-05-08,449.43162616779625,451.5267589248918,443.29236467765355,444.75408935546875,15767759,COALINDIA
2026-05-11,444.3643296074446,453.86554060234056,441.2947135414822,452.5987243652344,6258261,COALINDIA
2026-05-12,453.1346901798445,457.0326229985958,449.8701654963667,451.23443603515625,6464174,COALINDIA
2026-05-13,451.4293171298253,461.51522363300836,447.77500533438683,450.454833984375,12091924,COALINDIA
2026-05-14,452.16016926653634,457.8121594868221,439.93041796317056,442.46405029296875,11408675,COALINDIA
2026-05-15,445.3388036079673,456.54535993508244,443.63345807992806,450.4061279296875,7859575,COALINDIA
2026-05-18,450.21123103655486,456.5453717329566,445.3875273799022,450.3086853027344,7735499,COALINDIA
2026-05-19,450.3086825167521,451.4293322237166,442.41536282691277,445.29010009765625,7319865,COALINDIA
2026-05-20,444.3643363621158,448.31098140136413,441.14855371819993,446.9954528808594,3756072,COALINDIA
2026-05-21,446.99542860901926,453.3782812861203,445.582416159223,448.4571533203125,7425043,COALINDIA
2026-05-22,448.26227805321173,451.0395611584889,444.36434520057514,444.9002990722656,9201635,COALINDIA
2026-05-25,448.26225980400517,450.7471800008504,444.36432711005733,446.31329345703125,8441223,COALINDIA
2026-05-26,446.3132756162649,463.51289699300514,443.3898262126649,446.4594421386719,17073323,COALINDIA
2026-05-27,418.0532948110823,456.3504728597674,417.4685989404961,451.23443603515625,117042535,COALINDIA
2026-05-28,451.23443603515625,451.23443603515625,451.23443603515625,451.23443603515625,0,COALINDIA
2026-05-29,447.1903034447566,461.90500468960346,444.2668540479869,446.2158203125,97895486,COALINDIA
2026-06-01,444.90026862272566,464.82846086346666,444.90026862272566,460.5407409667969,47716517,COALINDIA
2026-06-02,457.8609344371012,462.8308046719781,451.4780516760305,460.10223388671875,24933269,COALINDIA
2026-06-03,459.85859525382983,466.33890229183896,454.304059109336,460.2483825683594,15291450,COALINDIA
2026-06-04,460.9305289643912,472.0883729035786,460.78436243997686,469.35980224609375,16059802,COALINDIA
2026-06-05,470.96769728168346,471.26006007173,457.13005431325735,460.2483825683594,9592529,COALINDIA
2026-06-08,453.1346551884511,458.5917666610743,452.11145979808776,453.0372009277344,10074583,COALINDIA
2026-06-09,453.03720924246437,455.6195836350959,446.703068784868,454.9861755371094,10972434,COALINDIA
2026-06-10,453.32958585120934,455.4734309973617,438.7123381957172,439.4919128417969,8127902,COALINDIA
2026-06-11,439.491930145799,440.4664133611999,433.69374311861674,434.8144226074219,6034733,COALINDIA
2026-06-12,441.7819538059967,441.7819538059967,428.4315223986873,432.18328857421875,9946830,COALINDIA
2026-06-15,436.86076093009837,438.1276068007943,429.94195472551246,432.7192077636719,10056872,COALINDIA
2026-06-16,434.570790833106,441.87941476411106,432.2807493869511,439.4432067871094,7262608,COALINDIA
2026-06-17,439.3944477812171,449.7726874138692,437.1531484246528,444.1206970214844,9064734,COALINDIA
2026-06-18,444.36430210349835,445.8260267814704,438.85847843091,440.46636962890625,5364436,COALINDIA
2026-06-19,440.7586933030188,443.1949010478705,436.5684278774196,439.7842102050781,6128782,COALINDIA
2026-06-22,440.46638770836233,442.70768707770367,436.27612202172736,437.5429382324219,3738644,COALINDIA
2026-06-23,437.7865582003207,439.9791453031604,432.18328004861934,433.0115966796875,3512212,COALINDIA
2026-06-24,433.0115979539708,435.78888090684734,429.6496191575099,430.4779357910156,4169224,COALINDIA
2026-06-25,431.2574959194143,431.5498587008069,420.9767108260374,424.2899475097656,7046971,COALINDIA
2026-06-26,424.2899475097656,424.2899475097656,424.2899475097656,424.2899475097656,0,COALINDIA
2026-06-29,424.5335833508713,436.471002078998,424.1437960340526,433.49884033203125,21400224,COALINDIA
2026-06-30,434.22968403440655,435.44778793388656,426.77489411736184,427.8468017578125,4363382,COALINDIA
2026-07-01,427.7981086191328,427.7981086191328,422.1461181684583,423.65655517578125,3391210,COALINDIA
2026-07-02,427.21341149605803,428.7725905001956,421.7562998510096,427.7006530761719,4941315,COALINDIA
2026-07-03,430.67283804511,434.0835290543271,426.62870920023164,427.5057678222656,4283263,COALINDIA
2026-07-06,427.50578421754716,429.2598420511539,420.2458726096711,421.31781005859375,5464728,COALINDIA
2026-07-07,421.3177837864981,423.26675003069255,413.6193730697032,418.0045471191406,5315215,COALINDIA
2026-07-08,417.0787943191283,420.9767269763164,415.56835731001433,418.10198974609375,3686631,COALINDIA
2026-07-09,421.415247713231,424.6797424560483,417.90710244543556,418.9302978515625,2855525,COALINDIA
2026-07-10,419.1739282117408,421.56142386572225,415.8606913927063,418.3456115722656,4872051,COALINDIA
2026-07-13,418.0532645933536,420.8792597349063,414.1553320563527,419.22265625,5650932,COALINDIA
2026-07-14,418.9790491651914,425.3619020076753,417.1275073584866,419.6124572753906,6155516,COALINDIA
2026-07-15,419.5637082383756,421.9024915889187,415.7145176400994,416.6402587890625,5624520,COALINDIA
2026-07-16,416.6402523187647,419.5149894614917,414.9836488331998,416.44537353515625,4570655,COALINDIA
2026-07-17,416.4941111351129,418.73544032445704,413.86302435483975,416.73773193359375,4142036,COALINDIA
2026-07-20,417.22495027471075,422.4384410193781,417.22495027471075,418.44305419921875,5363624,COALINDIA
2026-07-21,418.9790638621173,422.14613426307403,418.1994594585615,420.2458801269531,4612497,COALINDIA
2026-07-22,420.29456202342186,420.6843790664675,416.44537150369905,417.46856689453125,5625202,COALINDIA
2026-07-23,417.9071026408695,419.5149938821919,413.66809501275367,416.15301513671875,6064005,COALINDIA
2026-07-24,416.1043227785877,417.9558348947003,413.9117355976701,416.4941101074219,5403125,COALINDIA
2026-07-27,418.54051906295683,420.00224380939324,414.8862071968658,416.591552734375,5241433,COALINDIA
2026-07-28,412.10892552030344,412.7910756329879,396.41974057835654,399.68426513671875,14222229,COALINDIA
2026-07-29,402.510272096928,402.94880143054917,395.8837982615734,399.5868225097656,9914444,COALINDIA
2026-07-30,402.4128289341855,407.62628999878183,399.63554600721363,406.55438232421875,23225454,COALINDIA
2026-07-31,407.8381341442665,409.91189339595996,405.0237487409794,408.9737548828125,5938134,COALINDIA
2026-08-03,410.75126564101083,410.8006286621094,407.4431295512365,410.8006286621094,5371911,COALINDIA
2026-08-04,409.81313574176164,412.3806457519531,407.8381326779459,412.3806457519531,4057342,COALINDIA
2026-08-05,412.3806440010577,412.3806440010577,406.5543910147696,410.306884765625,5429514,COALINDIA
2026-08-06,409.31938194415324,410.5537588498956,406.99874733412673,410.4056396484375,4753639,COALINDIA
2026-08-07,409.81312218378423,410.05999755859375,407.34436843568915,410.05999755859375,3493763,COALINDIA
2026-08-10,409.81313478047537,409.9612539826831,405.2212586951059,405.8631286621094,6284552,COALINDIA
2026-08-11,405.86310684473176,408.2824975166374,404.134979260843,407.443115234375,10739893,COALINDIA
2026-08-12,407.443129759797,408.5293874499116,403.098129135493,404.1843566894531,4089147,COALINDIA
2026-08-13,404.1843404272088,405.3693542480469,401.61686070898185,405.3693542480469,4423109,COALINDIA
2026-08-14,404.67810733710866,405.2706142712087,400.53061907071793,402.0118713378906,5000302,COALINDIA
2026-08-17,402.01186816354345,403.3450012207031,400.2343473752791,403.3450012207031,4866733,COALINDIA
2026-08-18,403.8387577654821,407.5418884572936,401.6662423718241,401.8143615722656,7352659,COALINDIA
2026-08-19,401.8637580108829,402.5056279754732,392.3343441772275,395.0006103515625,6030203,COALINDIA
2026-08-20,395.0499695819172,398.4074988466057,390.8530881372113,397.4693603515625,5070984,COALINDIA
2026-08-21,397.5187170315459,400.8268530859488,396.6793648649181,400.1356201171875,10327739,COALINDIA
2026-08-24,400.9256162334618,405.81376080111494,399.5431201357498,401.8143615722656,8002459,COALINDIA
2026-08-25,402.9005979028079,402.9005979028079,396.0868438184469,398.9505920410156,8450049,COALINDIA
2026-08-26,399.93810036811686,400.3330949338423,396.38308900428063,398.45684814453125,5118183,COALINDIA
2026-08-27,398.4568656921387,399.8887549591251,393.42060188292527,395.0006103515625,4430005,COALINDIA
2026-08-28,395.98809814453125,401.27123715199457,392.5318429238184,395.98809814453125,38504284,COALINDIA
2026-08-31,397.02496764479713,400.5306160658315,394.6549700623321,396.7287292480469,7827528,COALINDIA
2026-09-01,396.72871611730085,402.1106111906528,394.4080816323834,396.5805969238281,6128444,COALINDIA
2026-09-02,403.0981191174421,417.1206221535703,401.4193545347908,412.62750244140625,34130970,COALINDIA
2026-09-03,416.7256277481623,423.14438741726906,411.5906079584154,414.79998779296875,15286175,COALINDIA
2026-09-04,418.0,418.0,412.54998779296875,415.3500061035156,6126850,COALINDIA
2026-09-07,416.6000061035156,420.29998779296875,413.29998779296875,418.8500061035156,13592701,COALINDIA
2026-09-08,418.1000061035156,423.6000061035156,416.04998779296875,420.25,5273145,COALINDIA
2026-09-09,420.8500061035156,435.3500061035156,419.79998779296875,431.0,22791556,COALINDIA
2026-09-10,433.0,436.29998779296875,430.0,432.0,8811171,COALINDIA
2026-09-11,432.0,434.29998779296875,424.20001220703125,426.3999938964844,3868222,COALINDIA
2026-09-14,426.3999938964844,426.3999938964844,426.3999938964844,426.3999938964844,0,COALINDIA
2026-09-15,426.3999938964844,427.0,418.0,419.25,6128458,COALINDIA
2026-09-16,419.25,423.45001220703125,417.6000061035156,422.25,7049685,COALINDIA
2026-09-17,421.1000061035156,422.79998779296875,416.54998779296875,418.0,3329425,COALINDIA
2026-09-18,418.0,419.95001220703125,409.6499938964844,409.8999938964844,7700870,COALINDIA
2026-09-21,411.70001220703125,415.3999938964844,410.45001220703125,414.70001220703125,3442984,COALINDIA
2026-09-22,424.70001220703125,428.75,419.6499938964844,428.0,16676174,COALINDIA
2026-09-23,428.25,429.3999938964844,421.54998779296875,424.54998779296875,7956161,COALINDIA
2026-09-24,422.0,423.8500061035156,418.79998779296875,422.0,3565762,COALINDIA
2026-09-25,424.0,426.6499938964844,421.3500061035156,426.1000061035156,4798343,COALINDIA
2026-09-28,426.3999938964844,429.29998779296875,421.20001220703125,422.5,5492668,COALINDIA
2026-09-29,420.54998779296875,426.0,420.54998779296875,425.0,7457218,COALINDIA
2026-09-30,425.1000061035156,432.8999938964844,423.95001220703125,425.0,7436925,COALINDIA
2026-10-01,421.20001220703125,426.3500061035156,416.29998779296875,420.3999938964844,7514836,COALINDIA
