Date,Open,High,Low,Close,Volume,Symbol
2021-10-04,743.4910687947713,749.2696065845623,740.9644042742369,741.9703979492188,7051028,HDFCBANK
2021-10-05,744.8948053722721,747.4682484812844,737.5254001055553,746.509033203125,10257178,HDFCBANK
2021-10-06,746.7663826422353,761.2010472242603,742.5552940183129,755.6096801757812,18600830,HDFCBANK
2021-10-07,761.0841230818784,761.5988003023383,751.9133186707471,753.5509643554688,11265724,HDFCBANK
2021-10-08,754.2527101071383,758.9316971425425,748.7081218934927,749.8778686523438,7245562,HDFCBANK
2021-10-11,748.5911640642425,769.6933846455007,748.170043798271,764.4529418945312,13080848,HDFCBANK
2021-10-12,760.3354092752614,768.079155828651,760.3354092752614,762.4877319335938,8176946,HDFCBANK
2021-10-13,765.9502127890877,771.0970987638464,762.6749217142412,767.0731811523438,6225644,HDFCBANK
2021-10-14,766.4180801076105,790.7488128094394,766.4180801076105,789.5322875976562,14757288,HDFCBANK
2021-10-18,797.7673126363635,807.125286978139,780.0105791694615,781.53125,28856456,HDFCBANK
2021-10-19,783.9409663371423,791.8952453762804,781.8588396705757,790.140625,8987540,HDFCBANK
2021-10-20,790.327716219395,794.8429502889365,778.7940013526002,783.1922607421875,10908568,HDFCBANK
2021-10-21,782.233078871667,786.982205040292,777.1095537754028,784.338623046875,9738190,HDFCBANK
2021-10-22,786.1165697632731,799.1709545066842,781.7417284789476,786.4207153320312,12175554,HDFCBANK
2021-10-25,790.7488240142435,790.7488240142435,755.0949649733542,775.3081665039062,16426766,HDFCBANK
2021-10-26,772.0329195806469,783.1922930858217,770.3250777594776,773.3196411132812,12090656,HDFCBANK
2021-10-27,773.3196320532794,779.0748093238908,766.090619464881,768.6640625,13249642,HDFCBANK
2021-10-28,772.0329334003637,772.0329334003637,742.6255085423319,745.6434326171875,17797750,HDFCBANK
2021-10-29,743.9589515672715,749.5737361074018,729.9219902169456,740.6134643554688,12406874,HDFCBANK
2021-11-01,741.6194314974399,753.7847975661676,740.9410012363768,751.1177978515625,8122320,HDFCBANK
2021-11-02,751.4452796035038,758.9316584787566,748.6613053058843,751.7962036132812,13237722,HDFCBANK
2021-11-03,751.0242516160887,753.2701884011461,737.197878202498,739.9584350585938,10207338,HDFCBANK
2021-11-04,746.2985064756734,747.6320064902674,744.0057911766709,745.8071899414062,1096808,HDFCBANK
2021-11-08,744.9414970446072,750.8370091478968,734.8114789267887,748.7548828125,18943580,HDFCBANK
2021-11-09,746.1112723146045,746.1112723146045,734.1564945316613,735.6537475585938,12695476,HDFCBANK
2021-11-10,733.6651713952741,734.1330701015211,725.2429946828283,727.699462890625,13714126,HDFCBANK
2021-11-11,725.2664546194623,727.5357520533504,718.5052836512886,724.4476318359375,7999404,HDFCBANK
2021-11-12,725.2430323240301,729.4775386819591,722.9269564545162,726.646728515625,14914092,HDFCBANK
2021-11-15,730.904612413564,735.4666251415645,727.3018149519153,728.6353149414062,9533594,HDFCBANK
2021-11-16,727.582542163149,728.6118965466009,721.3126876112315,724.3072509765625,8245406,HDFCBANK
2021-11-17,719.1135089681062,722.4355782478812,715.1831485439678,716.2593383789062,7598878,HDFCBANK
2021-11-18,714.0368884967193,722.2016985884679,713.6625466615229,720.2833251953125,9152874,HDFCBANK
2021-11-22,723.3713798098189,726.5062782081744,701.403559006971,709.0302734375,15261272,HDFCBANK
2021-11-23,702.7839115916332,714.8557220008774,700.1402722718575,709.1239624023438,11235214,HDFCBANK
2021-11-24,713.0777370872281,718.8562755674793,708.4221670965661,710.2937622070312,30802286,HDFCBANK
2021-11-25,708.7730260715878,717.4291526623336,705.1233930948175,713.9900512695312,10251652,HDFCBANK
2021-11-26,701.8480801025066,704.9829786803473,694.8295993014816,697.122314453125,18624936,HDFCBANK
2021-11-29,699.4150593721698,705.4275467576333,684.0679578541319,702.4329833984375,12990996,HDFCBANK
2021-11-30,699.5085694410911,715.4171255354036,695.5548481995625,698.8301391601562,25221542,HDFCBANK
2021-12-01,699.508569747121,705.1467720355122,696.7479559415331,704.0238037109375,8677634,HDFCBANK
2021-12-02,703.9536965882878,715.3236594994439,701.8481521318921,713.8965454101562,11203110,HDFCBANK
2021-12-03,713.9199310376165,718.6690576265519,705.1468295311404,708.1881713867188,8124694,HDFCBANK
2021-12-06,707.9307438918171,710.6445792398034,700.6081177018816,703.6260986328125,7029532,HDFCBANK
2021-12-07,708.3752369718545,716.8208316271332,706.4802814453766,713.873046875,12427534,HDFCBANK
2021-12-08,718.6924370302457,727.6059305314374,717.7566395861959,727.0210571289062,15295534,HDFCBANK
2021-12-09,722.9970627041388,727.4421004421224,712.1418354958904,714.4111328125,11747744,HDFCBANK
2021-12-10,713.4987815442046,714.9492561772763,705.8018132009037,712.3992309570312,7779384,HDFCBANK
2021-12-13,714.0134087105283,719.4644399316592,705.216890396181,707.0651245117188,10322142,HDFCBANK
2021-12-14,703.0178025474343,709.3344350495244,700.4677774580217,702.994384765625,9191100,HDFCBANK
2021-12-15,703.2517796630859,712.7735072392076,699.8127354772637,701.8480834960938,10115148,HDFCBANK
2021-12-16,707.8371842532578,709.8023359689812,699.0406657466433,701.8948364257812,13210432,HDFCBANK
2021-12-17,700.4444335425557,704.6555223213686,686.7349772271347,689.23828125,14994768,HDFCBANK
2021-12-20,679.3889341698829,682.1963264598411,661.6555614483385,667.059814453125,21156668,HDFCBANK
2021-12-21,673.5402650834045,678.8041261339001,669.0952268629861,674.616455078125,9118750,HDFCBANK
2021-12-22,679.5292796603638,681.2604819395565,671.76211583513,676.2071533203125,8577484,HDFCBANK
2021-12-23,679.9738508560433,682.1028129914248,672.3003000182912,675.6925659179688,9779166,HDFCBANK
2021-12-24,676.3475804899253,679.3889220832733,668.1593531232193,673.2594604492188,5561024,HDFCBANK
2021-12-27,668.5805208219992,680.3247677693998,665.4222043278841,678.8275146484375,4705098,HDFCBANK
2021-12-28,683.4596341615539,686.3606404814903,680.0440077919508,683.5064697265625,5450678,HDFCBANK
2021-12-29,681.2839280160719,683.6000037447715,677.2365928197368,680.2545166015625,7668702,HDFCBANK
2021-12-30,682.4302882045415,686.3372311223421,676.1136554374787,683.833984375,7215918,HDFCBANK
2021-12-31,683.8339524038007,694.7360149979426,683.8339524038007,692.2093505859375,6325736,HDFCBANK
2022-01-03,694.8295953810808,712.6097466433577,692.7240511526534,711.0422973632812,9069184,HDFCBANK
2022-01-04,711.2060471421149,717.2419519918268,705.4977056629859,715.2066040039062,8857352,HDFCBANK
2022-01-05,719.0668195884875,735.5368326901471,714.9960662063432,732.1913452148438,14332638,HDFCBANK
2022-01-06,721.967753419475,727.4655635961949,715.9084876032401,720.4470825195312,9628930,HDFCBANK
2022-01-07,722.4356675971685,733.0803641242641,718.6456991580834,725.5004272460938,11179384,HDFCBANK
2022-01-10,728.9861360571732,735.5367175108321,723.1374026164065,729.5242309570312,8856496,HDFCBANK
2022-01-11,730.6472691784858,733.992699333782,724.2136617774655,732.6826171875,8389198,HDFCBANK
2022-01-12,733.6652537465073,737.7125894331506,726.1788736062368,728.3546142578125,21085530,HDFCBANK
2022-01-13,727.5825458546584,727.5825458546584,711.3932607592723,714.9492797851562,41963896,HDFCBANK
2022-01-14,715.885077496062,724.6347611521733,710.7381913179858,722.9737548828125,11208968,HDFCBANK
2022-01-17,715.8850370439071,728.0504036864833,710.8083473875251,711.9078979492188,22989372,HDFCBANK
2022-01-18,717.2886776701968,725.6640754798688,712.609690862172,715.5340576171875,12341152,HDFCBANK
2022-01-19,717.7567450391675,720.4471630860875,708.0946235864837,710.4808959960938,14317626,HDFCBANK
2022-01-20,715.1597499962256,715.183167778,701.894833184986,706.0591430664062,15197846,HDFCBANK
2022-01-21,701.8481707142437,715.7915772190535,695.1104168520769,711.9547729492188,11537694,HDFCBANK
2022-01-24,706.5036291281489,711.790907358927,686.6647696631117,695.6016235351562,11868508,HDFCBANK
2022-01-25,682.5005398908226,699.5086484481759,675.6458116114823,696.2567749023438,13594248,HDFCBANK
2022-01-27,678.4531469966787,694.8296022690124,671.4346661656787,690.127197265625,28617838,HDFCBANK
2022-01-28,691.3204507128756,695.6250966625724,683.132222024229,684.6528930664062,24925208,HDFCBANK
2022-01-31,689.0978389232178,697.8943576936214,686.3138643897004,695.1571044921875,12842546,HDFCBANK
2022-02-01,705.8252323535418,709.8023715481092,689.4253590634428,700.4443969726562,14739484,HDFCBANK
2022-02-02,707.439422122886,718.2245100884196,704.468276778076,716.4464721679688,13969290,HDFCBANK
2022-02-03,715.3001273507508,720.5405698688631,706.0591281584843,709.0302734375,10564762,HDFCBANK
2022-02-04,715.1364024737923,717.2185288944974,708.4454280490403,713.07763671875,11579958,HDFCBANK
2022-02-07,707.5096208566665,710.7381333465257,683.1321097339879,686.9454956054688,12268042,HDFCBANK
2022-02-08,690.8056910143061,691.7648491334083,675.9031280031979,683.9977416992188,13981130,HDFCBANK
2022-02-09,689.6826995080589,701.7076735253208,686.4074085334615,700.72509765625,11308342,HDFCBANK
2022-02-10,708.398621088093,718.4584429859755,702.6200836537802,713.59228515625,14314530,HDFCBANK
2022-02-11,701.965063867404,713.5455573389709,701.614139822811,710.66796875,10711104,HDFCBANK
2022-02-14,697.1691307967247,701.5907510950923,687.4836496114692,689.5423583984375,14656620,HDFCBANK
2022-02-15,690.6185668794573,713.4988275713342,689.2382883898335,710.1767578125,13135066,HDFCBANK
2022-02-16,717.9204346111028,718.1076055341441,705.1234152402379,709.217529296875,10032264,HDFCBANK
2022-02-17,707.9774630468597,712.1417726148927,702.7837992559586,704.8893432617188,7351208,HDFCBANK
2022-02-18,701.0526444546318,709.8023272905024,697.3795939695534,707.6265869140625,7796128,HDFCBANK
2022-02-21,703.7197642192749,716.2126387826645,699.7660423799556,712.188720703125,7468066,HDFCBANK
2022-02-22,697.0755159478297,712.1886099012698,696.209857647376,706.8545532226562,9536196,HDFCBANK
2022-02-23,713.5922906483737,713.8730184429812,699.8126968823015,702.2691650390625,9029562,HDFCBANK
2022-02-24,678.4063475939694,690.1271759497945,658.4036778434378,664.1354370117188,23630766,HDFCBANK
2022-02-25,673.7507966491863,685.8928037417243,670.4287268763292,681.307373046875,18318654,HDFCBANK
2022-02-28,667.2236014871822,673.0957535053741,661.6322344054892,667.340576171875,24880832,HDFCBANK
2022-03-02,648.7416476547578,654.3096544672429,633.7221084904602,643.0098876953125,38505560,HDFCBANK
2022-03-03,646.1681843541296,651.315070688594,637.6992282634567,641.4891967773438,17527922,HDFCBANK
2022-03-04,636.3423249977131,648.5076929756106,625.5338748714294,639.3836669921875,21219364,HDFCBANK
2022-03-07,616.9244686053191,623.4048545200336,606.8880638056838,619.8722534179688,27054458,HDFCBANK
2022-03-08,609.2977469385984,624.1769504634315,604.5252023978661,621.2760009765625,39212492,HDFCBANK
2022-03-09,622.3052828761213,643.2203323186494,617.0882008482499,641.559326171875,23134694,HDFCBANK
2022-03-10,667.6914658500247,667.6914658500247,645.8172009386801,651.6425170898438,22273206,HDFCBANK
2022-03-11,649.4434424176493,659.2458980426811,642.284568944958,653.5609741210938,15150780,HDFCBANK
2022-03-14,662.0766532654897,678.4531075865442,662.0766532654897,674.96728515625,25018126,HDFCBANK
2022-03-15,675.4118058493968,678.219198184067,660.5560214117672,666.2877807617188,18867928,HDFCBANK
2022-03-16,677.0494904640341,680.7926804596888,671.9961611232817,677.5875854492188,13364108,HDFCBANK
2022-03-17,688.746881415176,697.0755010615136,688.0684511517023,692.5134887695312,14823954,HDFCBANK
2022-03-21,695.765382460701,698.8769203085982,689.1212436187219,695.5314331054688,12257876,HDFCBANK
2022-03-22,693.0984136042903,700.912299571318,681.8220084853747,699.1109008789062,10461814,HDFCBANK
2022-03-23,705.1233492347262,710.6445768066046,689.4955210466934,692.13916015625,31188256,HDFCBANK
2022-03-24,685.93952279829,687.6473645478017,671.22413091639,675.0140991210938,20160044,HDFCBANK
2022-03-25,678.9210493269327,679.3889480514861,663.948290141225,669.5162963867188,16366462,HDFCBANK
2022-03-28,669.5163154473864,672.8383850629837,655.8068595810566,670.4053344726562,15754886,HDFCBANK
2022-03-29,674.2420203619799,683.2490702523118,669.0951347103618,679.2953491210938,12377448,HDFCBANK
2022-03-30,688.7469124751822,693.7768236906089,680.3481533388308,691.06298828125,20109742,HDFCBANK
2022-03-31,688.2789990989702,694.6891885485168,685.8927271127579,687.974853515625,14295714,HDFCBANK
2022-04-01,690.8056661643701,706.5270513810643,687.9514954595828,704.6554565429688,14568556,HDFCBANK
2022-04-04,739.2799561112737,805.7683508673401,731.1151465312183,775.214599609375,97450970,HDFCBANK
2022-04-05,779.8467649375319,779.8467649375319,749.573740943305,752.4981079101562,30922582,HDFCBANK
2022-04-06,742.8827416727144,743.8653746340015,724.0030405883982,725.6406860351562,27027860,HDFCBANK
2022-04-07,721.1722998718208,721.1956605372436,708.2582498667109,709.6853637695312,40781732,HDFCBANK
2022-04-08,707.509594288743,713.8964227995248,700.5847279803062,708.7027587890625,41256322,HDFCBANK
2022-04-11,704.6554829326345,706.5270778408221,698.6897741627865,700.0466918945312,20799066,HDFCBANK
2022-04-12,694.3617247002636,705.0531994018879,692.5603259887371,698.8067626953125,27435402,HDFCBANK
2022-04-13,697.1691906503445,702.9243685607228,684.3721702855427,685.4483032226562,28892520,HDFCBANK
2022-04-18,663.8781640232578,669.8672911766866,650.402713602867,652.9293212890625,45620376,HDFCBANK
2022-04-19,646.1213875528598,650.1687231151512,620.901633806875,628.013671875,74096022,HDFCBANK
2022-04-20,633.7454320872375,636.2955145164841,624.8085774843098,633.67529296875,49325736,HDFCBANK
2022-04-21,638.6817380819679,645.6066618250044,633.2073460307391,643.0565795898438,52446270,HDFCBANK
2022-04-22,636.3422741404268,643.524508237747,631.2655843325418,634.2835083007812,20659148,HDFCBANK
2022-04-25,631.6632492341948,641.3253688772705,618.6790602221586,639.0326538085938,20935488,HDFCBANK
2022-04-26,641.956989934193,646.6125589606428,635.0087059489563,641.9804077148438,17016842,HDFCBANK
2022-04-27,636.3423251478798,645.2324017492105,634.5175085274548,642.2144775390625,18054334,HDFCBANK
2022-04-28,641.9569775911713,645.2322682931671,637.3247693178985,641.65283203125,20773722,HDFCBANK
2022-04-29,645.8640304031856,657.2807713665148,641.7465556586802,647.8526000976562,28401476,HDFCBANK
2022-05-02,637.3014921733744,658.0761502267766,637.3014921733744,656.7894287109375,19494316,HDFCBANK
2022-05-04,655.0583110798074,656.7427353135594,631.6633713983857,634.4707641601562,29055916,HDFCBANK
2022-05-05,643.3606451325346,643.3606451325346,630.0255335788785,633.04345703125,17862912,HDFCBANK
2022-05-06,622.3052510154229,624.6447444402929,614.3509733708648,616.5032958984375,26731268,HDFCBANK
2022-05-09,608.2683134837084,620.6676291047224,606.1627693216494,617.5560913085938,32762434,HDFCBANK
2022-05-10,615.3102195153957,633.0669526579659,615.3102195153957,627.4755859375,20113812,HDFCBANK
2022-05-11,633.0669444250589,634.002741829974,621.6736224435258,631.0081787109375,17102924,HDFCBANK
2022-05-12,625.328158341983,628.0262253837076,612.0273436365588,616.784423828125,22382290,HDFCBANK
2022-05-13,620.0978123194584,623.8608344529532,609.187324689644,611.246337890625,16768238,HDFCBANK
2022-05-16,614.867343445593,621.0207502699137,608.382622442987,617.7546997070312,9804356,HDFCBANK
2022-05-17,621.3047820818717,623.3874853125446,614.4886886817793,621.9674682617188,16641444,HDFCBANK
2022-05-18,626.7245072423251,631.1028928608465,620.0740713797754,621.9201049804688,15732384,HDFCBANK
2022-05-19,608.8085531555822,613.636645262878,605.0692215597546,609.2109375,20537506,HDFCBANK
2022-05-20,616.760668804318,626.7954317079133,611.7195972921158,625.257080078125,13919350,HDFCBANK
2022-05-23,621.9674599302327,629.5171940370686,614.9146971161438,617.2340698242188,19486320,HDFCBANK
2022-05-24,615.3407344006453,627.1742100621962,613.8733949747416,624.3104858398438,12870796,HDFCBANK
2022-05-25,629.5408230008094,632.3571667282956,626.3220949288518,628.9728393554688,12887112,HDFCBANK
2022-05-26,635.2919762956078,648.9477954459832,634.2742858480068,646.9124145507812,26992428,HDFCBANK
2022-05-27,649.3265057177756,660.1659233011529,648.8294766230603,658.91162109375,24031718,HDFCBANK
2022-05-30,667.5262901343535,672.3780146327596,661.9408671117387,663.4082641601562,12624674,HDFCBANK
2022-05-31,660.7338934097787,664.9466218858126,653.2077920753914,657.4441528320312,13485388,HDFCBANK
2022-06-01,653.2078050088518,662.887564224445,652.8054784242131,660.2368774414062,12091896,HDFCBANK
2022-06-02,656.6395776905593,656.9945819675592,652.5451834730333,655.6218872070312,11475020,HDFCBANK
2022-06-03,661.8698937980286,663.0295511428869,651.4564366321221,653.3497924804688,6957244,HDFCBANK
2022-06-06,651.4564884687982,656.5211926538722,644.0487215665758,652.47412109375,6173266,HDFCBANK
2022-06-07,644.6876878569063,650.5097803969437,640.9482983756177,644.9716796875,10253966,HDFCBANK
2022-06-08,650.036424833201,653.6811117575384,642.3209765785515,647.2437133789062,5986588,HDFCBANK
2022-06-09,644.806015573734,654.1781503456399,642.3919983690421,652.1190795898438,7311816,HDFCBANK
2022-06-10,643.7883099305161,647.5040092218784,635.9782170663667,639.5282592773438,9155430,HDFCBANK
2022-06-13,626.511501525943,629.5408827433928,619.2694493477306,627.9315185546875,10892572,HDFCBANK
2022-06-14,620.6657477122982,627.6474977818931,617.707379038741,621.020751953125,11870356,HDFCBANK
2022-06-15,616.1216730760376,622.8194309622124,614.5833214454613,618.8670043945312,11810470,HDFCBANK
2022-06-16,620.0740634178733,625.0678127660508,604.9272160672077,606.4892578125,12169192,HDFCBANK
2022-06-17,603.5072629824699,614.867399697434,601.8978987250547,610.489013671875,14723922,HDFCBANK
2022-06-20,617.5653345357969,627.174138793338,612.5716430424657,625.8251342773438,15936840,HDFCBANK
2022-06-21,632.8068924380476,640.9009774209887,626.7244981154012,632.6412353515625,13220684,HDFCBANK
2022-06-22,630.6059187767403,632.8305890915806,626.3221774697528,629.6592407226562,8159698,HDFCBANK
2022-06-23,629.7774779340417,638.0609096242678,624.0974104893153,631.978515625,15372244,HDFCBANK
2022-06-24,633.5879159905552,644.5220348931247,633.5879159905552,640.8063354492188,8013432,HDFCBANK
2022-06-27,648.4744761664746,651.3145103686636,639.9543735599078,641.966064453125,9804164,HDFCBANK
2022-06-28,636.1675999329924,639.48097284931,633.5169131560658,637.0669555664062,9770574,HDFCBANK
2022-06-29,630.1324782999224,639.362587841217,630.1324782999224,636.1438598632812,9994046,HDFCBANK
2022-06-30,632.3809665940282,640.9010694373609,632.3809665940282,638.06103515625,12475822,HDFCBANK
2022-07-01,636.1439086225995,643.7410224780701,629.5645429261943,640.7826538085938,11472452,HDFCBANK
2022-07-04,640.7589001990658,643.8356033101861,635.3391924463452,641.6819458007812,8487480,HDFCBANK
2022-07-05,645.6344186304245,652.9001609789714,638.203019182199,640.2383422851562,14325718,HDFCBANK
2022-07-06,638.0609093693026,650.0837303452961,637.6348927549916,649.0660400390625,15049078,HDFCBANK
2022-07-07,653.2078053283803,661.7279071370114,650.5807508251304,660.6865844726562,17743142,HDFCBANK
2022-07-08,667.4080875012877,667.4080875012877,660.1896666967525,661.302001953125,12474030,HDFCBANK
2022-07-11,659.8345520397675,667.3606535366644,659.4795477972783,665.5856323242188,7462880,HDFCBANK
2022-07-12,665.1595990343833,665.1595990343833,657.6571877869562,658.793212890625,9876974,HDFCBANK
2022-07-13,657.9412500032589,659.9292508118748,641.019379724398,642.723388671875,15945610,HDFCBANK
2022-07-14,644.6877388120965,649.7288108809627,638.6526663672696,639.5046997070312,10372410,HDFCBANK
2022-07-15,640.4276846012615,646.0604304121975,637.4930058328619,644.71142578125,13595646,HDFCBANK
2022-07-18,638.0609408531288,646.6283647787831,635.2445970528642,637.8479614257812,20332220,HDFCBANK
2022-07-19,632.8542367511087,643.0547152126437,632.8542367511087,638.0846557617188,15792538,HDFCBANK
2022-07-20,643.6937013470418,648.9950749004665,641.492663496681,646.1314086914062,20347862,HDFCBANK
2022-07-21,644.0014246445072,648.237785747247,642.8417093809554,644.0960693359375,12640278,HDFCBANK
2022-07-22,646.581029089991,661.2545370708034,644.8770203644754,659.12451171875,12729592,HDFCBANK
2022-07-25,660.3078547606243,664.8518972587639,654.7698119942409,661.065185546875,10143126,HDFCBANK
2022-07-26,660.7812603349215,663.6212944051289,656.189895033676,659.7162475585938,8527964,HDFCBANK
2022-07-27,657.4205091247603,665.5145939819267,655.219471350983,664.7572631835938,9212778,HDFCBANK
2022-07-28,669.7983540849104,674.0347148899765,667.8813080826944,670.6503295898438,17420406,HDFCBANK
2022-07-29,680.6615655369162,680.9455574156423,669.9167920304767,678.8628540039062,20019736,HDFCBANK
2022-08-01,681.1348405708483,685.6078711371147,676.898479511382,684.5192260742188,13193036,HDFCBANK
2022-08-02,682.5548362631915,683.7855061039321,673.5850853482716,676.9931030273438,15036510,HDFCBANK
2022-08-03,674.4844023747412,679.5964868191563,670.7213803397141,678.5787963867188,10975498,HDFCBANK
2022-08-04,681.6081431357295,684.7794912450086,668.8043003902649,677.7741088867188,12012206,HDFCBANK
2022-08-05,678.2947985756512,680.1644645453026,672.6857428860559,675.4784545898438,9268982,HDFCBANK
2022-08-08,675.9280724889151,693.2049454902074,675.5020558450844,692.0452880859375,15357736,HDFCBANK
2022-08-10,691.7139440904666,696.5183465521361,685.8919089915445,694.0570068359375,17353102,HDFCBANK
2022-08-11,703.6183793470861,705.7484047134244,697.9620017642866,703.2396850585938,18301766,HDFCBANK
2022-08-12,702.9084187458374,704.9437995689399,698.6246776607533,702.9794311523438,8850370,HDFCBANK
2022-08-16,707.5471540191029,714.0318751491698,704.3521157975206,711.0261840820312,12563756,HDFCBANK
2022-08-17,710.0084517055847,716.0435235450822,703.2633714143817,714.6945190429688,12384350,HDFCBANK
2022-08-18,710.0084658675503,716.5878892073837,709.8428087816419,715.5465087890625,8342138,HDFCBANK
2022-08-19,714.7419456325393,715.6886237062248,705.2751648956845,706.7188720703125,8063702,HDFCBANK
2022-08-22,702.8137823590608,704.494101169479,694.7196390958088,695.9739990234375,8234066,HDFCBANK
2022-08-23,687.9036356580337,698.6247184668651,686.5309409144127,693.8203735351562,14966884,HDFCBANK
2022-08-24,691.9743095906954,698.4117085642,690.696259596575,697.1573486328125,13455520,HDFCBANK
2022-08-25,700.4944420172992,703.7604928802608,689.654966674725,693.3706665039062,11823040,HDFCBANK
2022-08-26,696.778693332773,701.3937485514476,691.642918993121,693.4889526367188,7706176,HDFCBANK
2022-08-29,680.1880716427379,684.4481221958239,676.2120129037309,681.3240966796875,8653178,HDFCBANK
2022-08-30,684.6611742208433,705.251420744394,683.0755001251575,703.4290771484375,10135400,HDFCBANK
2022-09-01,693.3232687724303,705.014718429371,690.6015696459982,696.8259887695312,22403136,HDFCBANK
2022-09-02,696.8260165078848,705.5117755531663,693.5362758079048,703.1450805664062,12038086,HDFCBANK
2022-09-05,703.4290477623429,709.5351321703702,702.482369800808,707.6654663085938,12131932,HDFCBANK
2022-09-06,709.4878176550125,713.156194796427,703.5947126110668,704.9674072265625,12238696,HDFCBANK
2022-09-07,696.4236424775478,705.2750580128373,696.4236424775478,701.63037109375,9776206,HDFCBANK
2022-09-08,705.3224549448381,710.0085227511238,701.5594328865137,708.8724975585938,11164690,HDFCBANK
2022-09-09,708.2096781461895,714.268439512758,707.1920456795393,709.345703125,15128888,HDFCBANK
2022-09-12,710.0084575913257,711.9018134782359,705.2750678740501,706.9554443359375,11080492,HDFCBANK
2022-09-13,709.4877773732925,717.534539678244,709.3221202937293,716.2091674804688,13001966,HDFCBANK
2022-09-14,707.1921240116534,728.4213656433966,706.3874130797399,723.5696411132812,20219760,HDFCBANK
2022-09-15,724.2086553128241,729.3916941454547,715.6885534856144,719.8065795898438,13539372,HDFCBANK
2022-09-16,711.4758292509372,716.9665500169183,701.9617270420313,706.5767822265625,20560046,HDFCBANK
2022-09-19,704.8017372069685,716.6352116395905,700.5416864112245,711.2391357421875,12076038,HDFCBANK
2022-09-20,716.6352314664156,721.3686213704209,714.694553161901,719.8065795898438,10781668,HDFCBANK
2022-09-21,713.7952277007117,720.1853043412685,712.3752106694769,718.6942749023438,9072304,HDFCBANK
2022-09-22,710.955137435071,714.812861621089,701.8433622049612,703.3817138671875,12048144,HDFCBANK
2022-09-23,696.9206851182904,698.1750450604594,680.1881625436476,684.5192260742188,15806252,HDFCBANK
2022-09-26,674.6737596977232,679.9278112565614,671.1947294615087,675.2891235351562,8923486,HDFCBANK
2022-09-27,678.0108084136324,681.6081733278456,665.9879860224158,669.2303466796875,12639700,HDFCBANK
2022-09-28,665.5146136488581,667.6919614261478,656.0005115959231,657.7282104492188,11816132,HDFCBANK
2022-09-29,660.9232428535685,663.7158966193714,652.6398106789119,654.3201293945312,14410388,HDFCBANK
2022-09-30,652.6398551450152,677.5611079896381,646.1077536442672,672.7803955078125,15781756,HDFCBANK
2022-10-03,667.3842557736752,671.1236451823496,663.1952174570123,668.922607421875,11541112,HDFCBANK
2022-10-04,676.638129699665,690.1282917818199,675.0524555373647,687.7615966796875,11538526,HDFCBANK
2022-10-06,691.0512787778197,692.3056387362966,678.8627990191503,680.1881713867188,12549198,HDFCBANK
2022-10-07,676.9930584243101,679.2177284598232,672.3069910888432,677.25341796875,13297994,HDFCBANK
2022-10-10,666.4612853356891,674.9813869948101,661.8225402090238,669.774658203125,13109302,HDFCBANK
2022-10-11,663.195218193418,670.721319359864,662.4141973381068,662.9822387695312,14521620,HDFCBANK
2022-10-12,664.1892100752841,669.7036205529012,661.3965564168059,667.3132934570312,9225050,HDFCBANK
2022-10-13,663.6450131620727,665.6330139849169,655.1012205192,659.645263671875,14714234,HDFCBANK
2022-10-14,670.7213084715949,684.9214773171474,669.8929652889377,681.134765625,12849920,HDFCBANK
2022-10-17,679.2414685381723,689.9389184377674,675.4547565184473,684.7085571289062,18410500,HDFCBANK
2022-10-18,690.1519292027847,692.4476117206183,681.6081374235195,683.4304809570312,10561108,HDFCBANK
2022-10-19,692.968326325787,699.3110807594875,687.9509442623435,690.4359741210938,12967040,HDFCBANK
2022-10-20,683.5015092803935,687.7142378951055,682.7915007873737,685.7735595703125,7898078,HDFCBANK
2022-10-21,687.2881883606218,689.9625651125049,678.768086852019,680.9454345703125,10492606,HDFCBANK
2022-10-24,688.3769222390107,692.4949483754677,688.3769222390107,691.5719604492188,2167794,HDFCBANK
2022-10-25,691.5956128933714,694.7670189147169,683.9748664222344,686.767578125,13773394,HDFCBANK
2022-10-27,693.204906271337,694.5539107499477,686.9331650572058,688.4241943359375,15937276,HDFCBANK
2022-10-28,686.3415077571179,694.3882702618566,685.1108379889911,690.4595336914062,10474278,HDFCBANK
2022-10-31,696.7550217495098,709.061835992368,694.5066614551414,708.4464721679688,12830528,HDFCBANK
2022-11-01,711.6652179833346,723.7353630173054,709.487870043139,716.2802734375,19073756,HDFCBANK
2022-11-02,718.0552306509842,723.3802941610854,715.4991886100082,716.7298583984375,12720406,HDFCBANK
2022-11-03,708.9198397362794,719.5936579391653,708.5885255286502,713.582275390625,10332352,HDFCBANK
2022-11-04,711.5231511022943,717.6292356675809,705.0857523541924,708.6594848632812,10818060,HDFCBANK
2022-11-07,714.7418728342593,715.6885508115232,706.2690933816195,714.1738891601562,9835834,HDFCBANK
2022-11-09,717.1323437722431,718.5049807792466,711.9019242088494,713.9609375,9269790,HDFCBANK
2022-11-10,708.6357381129083,722.7885844263019,707.6654279233491,721.7235717773438,12774182,HDFCBANK
2022-11-11,731.3087317757319,774.8559183927981,727.9953588809551,762.6201171875,56722338,HDFCBANK
2022-11-14,763.0224185196467,770.5958420285266,756.3956729493768,764.4661254882812,19195390,HDFCBANK
2022-11-15,768.3001837702703,768.3001837702703,759.8274043968535,766.3358154296875,11030202,HDFCBANK
2022-11-16,766.170202291269,777.2226566503574,763.022486309608,772.915283203125,13578150,HDFCBANK
2022-11-17,765.9098426520217,772.2762870225876,763.9218419167568,765.9335327148438,12100930,HDFCBANK
2022-11-18,767.2825705697473,768.2292486333745,759.8274808186842,763.921875,10459232,HDFCBANK
2022-11-21,760.9634887596205,763.0225019450933,752.7036881737774,756.0880737304688,8344816,HDFCBANK
2022-11-22,757.3424030172414,759.4014161193165,753.0823520002695,754.9757080078125,8546314,HDFCBANK
2022-11-23,759.7090237756768,759.7090237756768,754.5022952638185,756.9400024414062,10185738,HDFCBANK
2022-11-24,760.1586834269335,772.489186507646,756.9400131515326,769.246826171875,17197960,HDFCBANK
2022-11-25,771.4004771220918,772.3471550385603,764.0164009297646,765.69677734375,8410496,HDFCBANK
2022-11-28,758.7150531969597,760.8687108608916,754.5260148319932,757.460693359375,16105980,HDFCBANK
2022-11-29,756.0407762005783,763.1881840970266,753.9580728834337,756.3247680664062,12638236,HDFCBANK
2022-11-30,755.9697158820187,763.448495298528,755.9697158820187,761.3421020507812,15184806,HDFCBANK
2022-12-01,767.7558572644913,774.8559422576894,764.4424842676656,766.572509765625,20446366,HDFCBANK
2022-12-02,762.0758197096427,766.1465237122118,759.7801370262731,760.703125,7811078,HDFCBANK
2022-12-05,762.052089952201,764.2531278294877,755.5436787874839,763.4721069335938,11592622,HDFCBANK
2022-12-06,757.8157149339461,763.827096930786,757.342375948978,762.6201171875,12353092,HDFCBANK
2022-12-07,764.0401462647712,766.1464816690436,759.4487233693498,762.2887573242188,11674720,HDFCBANK
2022-12-08,762.0757892699328,769.6492132626774,759.7090942722001,766.572509765625,14803634,HDFCBANK
2022-12-09,769.6491658684815,773.8382042003839,766.8091320460886,772.03955078125,11963384,HDFCBANK
2022-12-12,769.175858298182,782.7133418481023,767.4718494913106,778.0509643554688,14434808,HDFCBANK
2022-12-13,781.0093651173817,784.322738181516,778.6426700715715,780.2047119140625,17031702,HDFCBANK
2022-12-14,782.4292928873821,788.3460298269417,781.0092760218877,786.8076782226562,14227640,HDFCBANK
2022-12-15,784.3464018645261,790.1921268749417,770.146232067255,772.3945922851562,18182648,HDFCBANK
2022-12-16,766.8327975258877,778.6899036859147,761.6023789583885,776.1102294921875,14647958,HDFCBANK
2022-12-19,778.1693487623974,779.4237087213362,769.7438910954138,778.5243530273438,9604542,HDFCBANK
2022-12-20,766.9038071781762,774.5719334714851,766.9038071781762,773.1519165039062,7174698,HDFCBANK
2022-12-21,776.7493009218134,778.5480122385196,760.4427954437242,765.6731567382812,9269198,HDFCBANK
2022-12-22,767.850487106121,770.3592068674686,761.6024355451656,763.046142578125,9747096,HDFCBANK
2022-12-23,751.1889697537788,759.3067449086949,750.455271214228,756.2300415039062,10693152,HDFCBANK
2022-12-26,757.1057463283763,775.8026372192614,752.6090257343659,771.2822265625,9907322,HDFCBANK
2022-12-27,772.9625880792587,774.3589150189524,763.732477566371,772.063232421875,7926772,HDFCBANK
2022-12-28,768.2764094267546,772.9624764124482,768.2764094267546,771.4478149414062,8691870,HDFCBANK
2022-12-29,766.8564752725806,777.9326190377025,762.5491020807658,776.8912963867188,11012896,HDFCBANK
2022-12-30,778.6426820230166,778.6426820230166,766.8092066123324,770.6669311523438,7122640,HDFCBANK
2023-01-02,770.1225318929031,776.1576039774972,766.1228405647803,770.9271850585938,4381378,HDFCBANK
2023-01-03,767.8504260872918,777.6958994173672,767.8504260872918,775.9682006835938,8378030,HDFCBANK
2023-01-04,773.9092723546631,778.9976666530196,760.6557802287117,762.0994873046875,10351600,HDFCBANK
2023-01-05,764.4424882611195,765.8861953295342,752.3250213655542,757.2003784179688,10941436,HDFCBANK
2023-01-06,758.2890149353148,761.6497099996876,747.0235245599769,754.691650390625,9092462,HDFCBANK
2023-01-09,755.4490491123827,762.8094937244492,752.6090150931632,756.1590576171875,10729340,HDFCBANK
2023-01-10,757.3423465426853,757.3423465426853,740.775482712064,742.3375244140625,16371766,HDFCBANK
2023-01-11,742.1718091980973,756.3956682495882,738.4087875277582,753.0349731445312,15195798,HDFCBANK
2023-01-12,751.5676897826115,759.1884361515325,749.8399908708047,757.0584106445312,9250070,HDFCBANK
2023-01-13,756.750729788885,762.0284712196939,750.7156575106625,757.6500854492188,9244546,HDFCBANK
2023-01-16,764.4425457184223,767.4246047675382,748.0177042260798,750.3843994140625,14748094,HDFCBANK
2023-01-17,752.5143515673539,762.5491150718101,746.6922588614403,761.5551147460938,10786354,HDFCBANK
2023-01-18,759.709052840869,777.033247723356,757.2003331678316,774.9979248046875,19090642,HDFCBANK
2023-01-19,774.8559185317824,781.0093253374716,772.9625625915704,778.2166137695312,11172162,HDFCBANK
2023-01-20,778.2166322807672,790.002784845069,777.8853180956044,786.1923828125,18843404,HDFCBANK
2023-01-23,788.7011815871622,796.4402633957444,786.4054987812821,791.9435424804688,15444400,HDFCBANK
2023-01-24,792.8665656285084,805.812376548019,792.8428755647417,802.5463256835938,24983940,HDFCBANK
2023-01-25,800.6056037705797,801.3392445591735,778.7846872191718,780.370361328125,14704142,HDFCBANK
2023-01-27,772.4892355564111,774.8559305182873,752.5853078147762,764.8211669921875,35179948,HDFCBANK
2023-01-30,754.9757076943356,769.3179025577755,748.8223006723755,764.0401611328125,18512822,HDFCBANK
2023-01-31,766.6671531399184,768.0871701361255,754.975702983403,758.9990844726562,18596244,HDFCBANK
2023-02-01,768.7024970580272,788.1093950748863,760.18239548965,770.3828735351562,17302790,HDFCBANK
2023-02-02,761.1763996984457,768.9391705012463,752.0173020214557,758.9280395507812,17497106,HDFCBANK
2023-02-03,762.5491759812612,785.9794579248195,760.65581986461,785.1748046875,14411100,HDFCBANK
2023-02-06,785.7426930007946,790.1920908907817,779.2105920792565,781.837646484375,11167672,HDFCBANK
2023-02-07,785.4586505805794,788.06201475717,772.773143844212,782.9972534179688,10264588,HDFCBANK
2023-02-08,783.0209836671545,789.6240391235308,781.0092930638084,782.9026489257812,8444826,HDFCBANK
2023-02-09,785.7427448206556,786.5237657315753,774.1696293119086,781.2697143554688,11777336,HDFCBANK
2023-02-10,780.441377066591,785.0327423176034,777.3172933990301,784.3700561523438,8172116,HDFCBANK
2023-02-13,783.3759959273335,786.5710339771882,778.4296267994425,784.961669921875,5736944,HDFCBANK
2023-02-14,788.1094517520668,794.026189377833,784.7723886188783,792.2274780273438,10908592,HDFCBANK
2023-02-15,794.2627899763636,794.2627899763636,784.204336885185,790.6181030273438,11438712,HDFCBANK
2023-02-16,791.9908166376073,796.1089007357218,786.216103767944,787.7544555664062,8062500,HDFCBANK
2023-02-17,786.2160191131189,789.6004042614547,777.6722277016523,783.802001953125,8956270,HDFCBANK
2023-02-20,785.7427119293137,790.2157422072587,773.8145926677021,776.4415893554688,8086706,HDFCBANK
2023-02-21,776.2759576421577,786.8550727038969,773.4359236507838,779.3526611328125,12389296,HDFCBANK
2023-02-22,775.8026119130404,777.1989388344294,761.6261321413451,764.0637817382812,10359102,HDFCBANK
2023-02-23,763.4957310605046,766.2647523789618,753.6029353883428,758.8806762695312,27882010,HDFCBANK
2023-02-24,765.8151364213195,765.8151364213195,750.336917326773,752.1119384765625,17061740,HDFCBANK
2023-02-27,750.6683165199346,756.8690457387776,746.5976127581428,753.981689453125,14312972,HDFCBANK
2023-02-28,753.5557112171675,759.8511432233867,751.993669356785,757.153076171875,18993992,HDFCBANK
2023-03-01,763.0224281514963,763.4957671267764,755.330669803195,756.4193725585938,14137256,HDFCBANK
2023-03-02,754.5022826213072,760.1586599339753,748.8222152490013,749.9818725585938,17391814,HDFCBANK
2023-03-03,755.4490119813835,766.8091474999005,751.6623001418777,764.8684692382812,14986234,HDFCBANK
2023-03-06,766.8091895470669,776.0156100994345,765.8862015978312,770.2645874023438,27004710,HDFCBANK
2023-03-08,766.8092286366291,776.03933972207,766.8092286366291,771.802978515625,20099774,HDFCBANK
2023-03-09,771.5188971092862,779.0923212778464,770.1225701404643,771.8739013671875,20700166,HDFCBANK
2023-03-10,762.2887256418968,763.8507673644085,750.2422718962587,751.969970703125,27387000,HDFCBANK
2023-03-13,751.6149691826986,759.1410704335563,740.7518050492812,742.4558715820312,26443550,HDFCBANK
2023-03-14,743.2604847931999,749.5795482072941,738.077446413025,740.4677734375,33185612,HDFCBANK
2023-03-15,746.9288948951588,749.2482674050162,727.3326499748621,729.8413696289062,37264754,HDFCBANK
2023-03-16,728.4687442505466,737.9828468980804,725.1790612078056,734.5748291015625,21753342,HDFCBANK
2023-03-17,737.2253879854995,747.4968197170898,728.9419566598198,744.396484375,22950876,HDFCBANK
2023-03-20,742.1718613024195,742.2428737084866,731.4981015299404,739.2371826171875,26503114,HDFCBANK
2023-03-21,744.0652527440902,749.0590025399467,736.6101631453514,747.6152954101562,33050494,HDFCBANK
2023-03-22,749.768929690198,750.7392976925187,740.9175140491653,745.8875732421875,14177324,HDFCBANK
2023-03-23,742.0771890697815,752.7746385074203,737.722493547406,739.8998413085938,28364178,HDFCBANK
2023-03-24,738.4088708154069,744.9882947461084,736.018485653395,738.716552734375,31477748,HDFCBANK
2023-03-27,739.4501509534972,747.6152485739262,737.8881669466679,741.9351806640625,31872006,HDFCBANK
2023-03-28,741.1067998011212,749.2482647269658,740.3494690077168,747.97021484375,39276302,HDFCBANK
2023-03-29,749.7689157853254,758.2890171010677,748.7749155212824,751.567626953125,39763612,HDFCBANK
2023-03-31,755.2597399090109,763.4721604711577,753.7450781349003,761.8628540039062,34711228,HDFCBANK
2023-04-03,760.916103659407,764.7737701383646,758.6440534334533,762.3361206054688,40025398,HDFCBANK
2023-04-05,766.1464855665928,783.8493755314626,764.9158157360166,782.7843627929688,43365392,HDFCBANK
2023-04-06,780.3230137466818,790.0974176490104,779.6366375439686,788.7484130859375,44637344,HDFCBANK
2023-04-10,787.2810222797373,790.9493992060369,782.9026369160893,785.0089721679688,31813286,HDFCBANK
2023-04-11,785.2694286862951,790.1921660159843,781.5300388983272,787.3048095703125,42361542,HDFCBANK
2023-04-12,789.5294292037479,799.0908536154229,789.4347845187364,797.5288696289062,26955504,HDFCBANK
2023-04-13,799.138228506588,803.2799446098875,794.3338262706332,801.1025390625,35330086,HDFCBANK
2023-04-17,814.1430025509777,814.1430025509777,782.5713173666323,788.890380859375,32405148,HDFCBANK
2023-04-18,790.4761429987975,793.9078508052294,784.0387440490672,785.5534057617188,29637226,HDFCBANK
2023-04-19,788.1094206815565,790.6181404482337,784.3937211551915,788.4407348632812,24741168,HDFCBANK
2023-04-20,791.280785812552,794.0024850715804,788.7721237726142,791.37548828125,32922716,HDFCBANK
2023-04-21,790.0027556575246,793.7657774269219,787.2810565292857,792.6534423828125,20128618,HDFCBANK
2023-04-24,798.5229093249309,800.6292448057368,792.4168245439707,799.0672607421875,35675852,HDFCBANK
2023-04-25,798.8541908386393,798.8541908386393,786.6420795569525,787.7070922851562,50353068,HDFCBANK
2023-04-26,785.7427019581631,792.8427866144116,783.376007072747,791.328125,27392750,HDFCBANK
2023-04-27,790.7127411596693,797.6944908945422,788.5117034159383,795.6828002929688,47790392,HDFCBANK
2023-04-28,797.4342510399031,800.4163100797197,790.4761903211897,798.8069458007812,27916272,HDFCBANK
2023-05-02,799.3274927082318,804.202907194295,796.1561447326687,798.6411743164062,32221184,HDFCBANK
2023-05-03,797.5524239138897,802.7828423136223,795.043762200039,801.433837890625,29407270,HDFCBANK
2023-05-04,798.5701525541848,820.9827408858079,798.5701525541848,817.8350830078125,56854638,HDFCBANK
2023-05-05,775.8025843027785,786.192351749063,767.8031440250422,769.4835205078125,62770416,HDFCBANK
2023-05-08,773.9092936156137,781.1750359781396,771.5425985281042,778.38232421875,37244524,HDFCBANK
2023-05-09,780.9620480823568,783.8494045017483,776.2522902407883,778.406005859375,43688938,HDFCBANK
2023-05-10,778.4059920594077,783.210394506021,773.0099158578086,782.0033569335938,46340550,HDFCBANK
2023-05-11,788.1804838313546,798.9962689250709,780.6543818274131,782.5240478515625,35734618,HDFCBANK
2023-05-12,779.5893400518114,791.8015094745331,778.287657790037,789.434814453125,22478760,HDFCBANK
2023-05-15,791.4228462180713,795.5645626680762,788.1567954042247,793.2215576171875,18512260,HDFCBANK
2023-05-16,800.4029520198595,800.4029520198595,787.0932017516233,788.6731567382812,32722086,HDFCBANK
2023-05-17,789.9658807338478,789.9658807338478,778.1642575542323,784.4360961914062,30466868,HDFCBANK
2023-05-18,789.0083841897797,791.8570257917997,785.1782464024507,787.5720825195312,49646942,HDFCBANK
2023-05-19,789.0083216684993,789.9658560394562,781.1326248446826,788.481689453125,30460332,HDFCBANK
2023-05-22,787.5720763787239,791.3543491028732,781.6832161993159,785.6809692382812,28334032,HDFCBANK
2023-05-23,789.4871228939105,789.7743715289307,782.0422694614203,783.837646484375,22470074,HDFCBANK
2023-05-24,779.2175554402136,782.6646557954235,772.538718142512,773.592041015625,33588112,HDFCBANK
2023-05-25,773.5441253964981,775.6268094273125,764.7587591498904,770.6236572265625,29776930,HDFCBANK
2023-05-26,775.1240726305493,775.1240726305493,767.1047222806039,773.592041015625,26635066,HDFCBANK
2023-05-29,779.6723723310973,785.6569622323185,777.9248603912886,783.0237426757812,21816292,HDFCBANK
2023-05-30,782.1141249746089,786.446991726549,779.6963855607993,783.6222534179688,37125928,HDFCBANK
2023-05-31,780.3427069263231,782.7604463317739,768.2538345692759,771.22216796875,43334270,HDFCBANK
2023-06-01,775.5549758597977,775.5549758597977,766.0274971750312,767.9425659179688,50366938,HDFCBANK
2023-06-02,771.9881679023533,773.1133176055869,766.5063067001975,769.1395263671875,17859710,HDFCBANK
2023-06-05,772.9696311869709,773.9271655706029,767.2004631482836,768.1340942382812,18697242,HDFCBANK
2023-06-06,769.6901249341668,770.7433894299307,762.3170981340278,765.7402954101562,32182852,HDFCBANK
2023-06-07,767.6792895707576,772.0361181070452,764.112497093835,769.7140502929688,24949026,HDFCBANK
2023-06-08,767.5834912360843,778.4754447215801,767.5834912360843,770.1927490234375,37395522,HDFCBANK
2023-06-09,773.6399676877086,774.8847507794242,769.3789277124094,771.1024780273438,18212578,HDFCBANK
2023-06-12,772.0360982895694,773.5920917430839,765.7642009992537,766.4105834960938,13408292,HDFCBANK
2023-06-13,761.287754551761,770.3364668139276,761.287754551761,767.7032470703125,27926108,HDFCBANK
2023-06-14,771.030546307908,771.7726587801916,766.1231829378727,766.8652954101562,20113968,HDFCBANK
2023-06-15,767.9425712071014,768.8761438484094,755.9733914813049,757.4336547851562,35377476,HDFCBANK
2023-06-16,759.8754201529412,770.4322024997265,758.3672916910389,767.3441772460938,15779272,HDFCBANK
2023-06-19,771.2939478800904,772.8499412572538,765.2375312003252,768.014404296875,24829146,HDFCBANK
2023-06-20,768.0144276761805,771.2939713592292,761.5510703742875,769.6182861328125,20005626,HDFCBANK
2023-06-21,773.6877691232111,783.8615717803077,771.2939332038942,783.0715942382812,24308946,HDFCBANK
2023-06-22,785.1781832214814,793.580570693625,784.7233777731387,786.9017333984375,56596140,HDFCBANK
2023-06-23,784.0051796001923,794.7056138469821,782.3294945543738,786.8538208007812,21339218,HDFCBANK
2023-06-26,787.571994837304,790.3249060654587,779.7680665871447,783.0476684570312,16130314,HDFCBANK
2023-06-27,786.5905337191974,800.9296461673263,784.4840048316838,794.083251953125,33831864,HDFCBANK
2023-06-28,799.5412267594668,804.2810337444777,794.9929383437692,802.4856567382812,59562950,HDFCBANK
2023-06-30,815.8193069543128,818.1174128864183,805.8848875767882,814.5745239257812,40699016,HDFCBANK
2023-07-03,819.8888869527296,841.4334124492976,818.691968869587,823.3839111328125,44104116,HDFCBANK
2023-07-04,825.1313123295552,836.406303333363,820.5112555769142,827.4054565429688,38795188,HDFCBANK
2023-07-05,821.6841820227852,823.4795589682101,798.8470106542848,801.1211547851562,37165754,HDFCBANK
2023-07-06,800.977524195429,808.0872054143094,794.9450691746598,801.93505859375,52156544,HDFCBANK
2023-07-07,797.1473857846021,801.9350577712964,792.9821345334826,794.945068359375,19926336,HDFCBANK
2023-07-10,795.2323081500037,802.772891445225,789.8222154878739,793.0538940429688,38398442,HDFCBANK
2023-07-11,796.1898182223189,802.4137915457645,787.8113925946035,789.1998291015625,50670426,HDFCBANK
2023-07-12,792.5273150200137,797.7698512050471,779.0261026386073,781.8029174804688,70958358,HDFCBANK
2023-07-13,793.1735905563402,793.5326659534852,784.2446291019418,785.704833984375,41913546,HDFCBANK
2023-07-14,791.6894113288874,791.6894113288874,782.7843533101579,787.3326416015625,24727214,HDFCBANK
2023-07-17,789.9658626293475,805.2864126924621,781.8268204083179,803.80224609375,49252928,HDFCBANK
2023-07-18,812.9466853634967,815.8192884919896,799.5412040971963,803.1319580078125,81076818,HDFCBANK
2023-07-19,804.8555001145571,808.518080755261,801.935031985233,806.7705688476562,32935134,HDFCBANK
2023-07-20,804.8794475665894,810.0740597242783,804.328853626943,808.51806640625,56210948,HDFCBANK
2023-07-21,804.3288890002611,809.0208308967337,801.0972104283851,802.2941284179688,42154248,HDFCBANK
2023-07-24,803.6107922802456,806.5552224214,799.589135875981,803.5629272460938,32179444,HDFCBANK
2023-07-25,806.5551228956,813.4254200816819,803.5628280895314,812.2763671875,55992596,HDFCBANK
2023-07-26,813.7126998116902,813.7126998116902,808.1590121278992,809.45166015625,24794358,HDFCBANK
2023-07-27,813.85633843129,815.3405049960073,798.3203084228094,801.04931640625,59741302,HDFCBANK
2023-07-28,795.471629607848,799.0145182505155,785.7047679378544,786.8538208007812,41015684,HDFCBANK
2023-07-31,789.989808735889,793.2214872008873,784.5557544882844,790.5403442382812,34565006,HDFCBANK
2023-08-01,792.0962813602819,798.3202542585794,789.965790937782,795.8306884765625,35394188,HDFCBANK
2023-08-02,786.1357533490648,790.6840418124119,781.8986752587043,785.4176025390625,28116322,HDFCBANK
2023-08-03,785.1781976196645,790.6121935791729,777.0391553272656,779.7442016601562,57673946,HDFCBANK
2023-08-04,782.856158727379,793.0778262359121,780.0314207032054,791.0191040039062,37388304,HDFCBANK
2023-08-07,796.2376491558498,796.2376491558498,788.7928549114002,790.5642700195312,28300918,HDFCBANK
2023-08-08,790.7797145936216,792.6469182530226,786.1596581385537,789.91796875,43773828,HDFCBANK
2023-08-09,791.4021180992739,792.1202688416507,780.9171055719207,790.2052001953125,33361236,HDFCBANK
2023-08-10,788.5534502391737,792.0005503088863,780.8692141779015,783.1912231445312,50781118,HDFCBANK
2023-08-11,784.4122069559019,784.4122069559019,773.7835398495799,775.0283813476562,28225822,HDFCBANK
2023-08-14,771.2939587813216,773.2090275802822,766.1472113841155,771.24609375,31304410,HDFCBANK
2023-08-16,757.936278873205,770.6475703412267,757.0745330516527,768.9957885742188,34137542,HDFCBANK
2023-08-17,764.8784583736676,770.7673182443161,763.1549081618289,764.73486328125,52884040,HDFCBANK
2023-08-18,760.0668453838622,764.2560581283789,759.085349306415,761.598876953125,25633366,HDFCBANK
2023-08-21,766.2668661889733,766.2668661889733,759.8035093045302,761.0004272460938,21837270,HDFCBANK
2023-08-22,764.2799958764373,765.069973432526,756.4521639695814,757.7448120117188,32273570,HDFCBANK
2023-08-23,756.4520870169149,761.5031037600577,753.2204087970642,759.6119384765625,36498588,HDFCBANK
2023-08-24,762.8197446808867,764.2081226998831,754.6088761414499,756.1170043945312,43145792,HDFCBANK
2023-08-25,753.8429059393314,755.2552457791736,746.1108040957927,747.594970703125,30069756,HDFCBANK
2023-08-28,747.5949720764402,757.7209098998453,747.5949720764402,755.3749389648438,28867238,HDFCBANK
2023-08-29,761.0961768187698,762.5085750919843,757.1463475103358,761.3834838867188,35538932,HDFCBANK
2023-08-30,767.918583020737,767.918583020737,753.4358760513546,755.8297119140625,28084204,HDFCBANK
2023-08-31,755.9734194012763,757.9603149977916,748.3610091258726,752.3587036132812,100075772,HDFCBANK
2023-09-01,752.1432576208482,755.9733951516992,746.5656081528945,753.9146728515625,43226776,HDFCBANK
2023-09-04,761.2398731833899,761.9340622690505,754.0104999128797,758.630615234375,25073638,HDFCBANK
2023-09-05,760.473793886353,760.473793886353,751.9517147780502,754.0104370117188,38712082,HDFCBANK
2023-09-06,754.9201238552107,766.0274992165465,754.010454511239,763.873046875,56320910,HDFCBANK
2023-09-07,763.8731027987624,772.730296406896,759.8754081832036,771.22216796875,34208342,HDFCBANK
2023-09-08,770.0012791246807,781.7789400663747,769.6661070326583,777.2306518554688,34502210,HDFCBANK
2023-09-11,779.8638828046087,783.5025017381441,777.51791189902,781.2523193359375,31573022,HDFCBANK
2023-09-12,785.1782585237241,786.5666951817179,778.0207118004635,783.694091796875,39033340,HDFCBANK
2023-09-13,781.0129551372609,790.7318942113928,779.7202486339522,787.04541015625,46420094,HDFCBANK
2023-09-14,787.2129133414476,789.9658245482066,782.8321820803015,786.5665893554688,23538848,HDFCBANK
2023-09-15,789.9658552054733,799.5411989049336,789.9658552054733,795.5913696289062,173411202,HDFCBANK
2023-09-18,791.7612564347212,792.3597154342939,778.5233316755201,779.9357299804688,37056288,HDFCBANK
2023-09-20,765.5486976798287,765.5486976798287,747.0682967790859,748.648193359375,115474648,HDFCBANK
2023-09-21,743.5254363384076,751.161749541656,735.8891231351594,743.6929931640625,72841442,HDFCBANK
2023-09-22,746.3980579436757,748.9834124885792,729.5215142987016,732.3462524414062,61704250,HDFCBANK
2023-09-25,730.1199506265053,737.636571986799,730.1199506265053,732.9925537109375,40208754,HDFCBANK
2023-09-26,730.1199143423902,737.3014216965777,730.1199143423902,736.1763305664062,27575308,HDFCBANK
2023-09-27,729.1623733855774,733.7106613351264,725.3322361649047,731.005615234375,39338538,HDFCBANK
2023-09-28,734.4288841265327,736.1524343562999,726.9361657647512,729.49755859375,55354188,HDFCBANK
2023-09-29,729.4975901133708,735.1231049512756,728.8273627596361,730.742431640625,32053782,HDFCBANK
2023-10-03,731.0774976675469,731.0774976675469,721.0233866976592,722.0048828125,38971694,HDFCBANK
2023-10-04,715.7569109328484,734.9075975129915,713.0039997369529,732.29833984375,54649430,HDFCBANK
2023-10-05,734.9316099718342,742.8312687313597,733.7585952718871,735.2667236328125,48512674,HDFCBANK
2023-10-06,739.2165299136511,739.6952970962377,732.4419625913994,734.4528198242188,17759356,HDFCBANK
2023-10-09,731.55630088108,732.513835306317,723.8960254791839,725.9307861328125,16454972,HDFCBANK
2023-10-10,727.989492834349,732.035052316478,725.4280415474352,730.0481567382812,33266292,HDFCBANK
2023-10-11,732.5616968533279,738.330865115236,731.7956810054357,737.1099853515625,31333360,HDFCBANK
2023-10-12,735.4343454713572,743.0467562738991,733.2798928919548,742.0173950195312,22025336,HDFCBANK
2023-10-13,737.3014842223872,741.5146589381054,732.4898505097352,735.2667236328125,39745300,HDFCBANK
2023-10-16,733.2319349541434,734.6442747554978,727.9654959828763,732.322265625,17856084,HDFCBANK
2023-10-17,744.8420626176685,744.8420626176685,734.9076433348039,737.8759765625,32902558,HDFCBANK
2023-10-18,737.8760401745988,737.8760401745988,726.8165287202147,727.6065063476562,31216200,HDFCBANK
2023-10-19,720.7360972438319,730.7183808812238,719.6827744216524,725.3082885742188,30252364,HDFCBANK
2023-10-20,720.5446319365362,731.0775102771368,720.5446319365362,729.0667114257812,21094010,HDFCBANK
2023-10-23,729.4018275247573,731.9153553189844,718.1986633818357,721.04736328125,22376136,HDFCBANK
2023-10-25,728.2048937755804,729.066698092264,714.0572999767982,716.47509765625,28311996,HDFCBANK
2023-10-26,713.9615844716288,714.3206598703572,699.1198013241884,700.6279296875,55561798,HDFCBANK
2023-10-27,703.548416210113,707.6179375015631,702.3036331507926,703.380859375,31940532,HDFCBANK
2023-10-30,700.5560392009198,713.3390988556793,699.9097152306466,711.01708984375,23310982,HDFCBANK
2023-10-31,720.0658162779376,720.0658162779376,705.7028013255851,706.8997192382812,32634824,HDFCBANK
2023-11-01,700.077362339955,707.3546006535829,700.077362339955,705.9422607421875,33877466,HDFCBANK
2023-11-02,710.9692996573848,713.6025192857455,702.4233167339939,707.0194702148438,45225154,HDFCBANK
2023-11-03,712.4056102569502,714.0334304636632,709.3654501545199,710.370849609375,18095340,HDFCBANK
2023-11-06,717.193263319672,717.193263319672,710.0117553425058,715.517578125,25593730,HDFCBANK
2023-11-07,715.2781873463503,715.2781873463503,707.234875115352,712.0465087890625,41952848,HDFCBANK
2023-11-08,710.4665472159254,715.014835514477,709.054207384732,714.105224609375,31399546,HDFCBANK
2023-11-09,711.4481354625899,714.6079876326531,710.2512173342882,711.2805786132812,22116740,HDFCBANK
2023-11-10,708.6233409063911,716.2357512885518,708.5994376116778,714.081298828125,14015186,HDFCBANK
2023-11-13,714.3685319579603,716.2117740009877,711.4001986764561,712.7886352539062,20605914,HDFCBANK
2023-11-15,720.1137927400063,723.3933366396359,718.4142041069291,720.2574462890625,41245460,HDFCBANK
2023-11-16,722.7948225701767,727.2473809327844,719.9461810912933,722.1484985351562,29713838,HDFCBANK
2023-11-17,713.3630955591337,721.7415211781168,712.8843283809061,720.5924682617188,23701874,HDFCBANK
2023-11-20,724.3747884733571,724.3747884733571,718.8929272981045,720.640380859375,19331452,HDFCBANK
2023-11-21,727.2473578304415,728.6836593929769,723.9438525479579,726.74462890625,24959972,HDFCBANK
2023-11-22,727.7260937743376,727.7260937743376,719.8503972552013,724.1593017578125,29123650,HDFCBANK
2023-11-23,722.2202676591917,729.5693319457266,722.2202676591917,728.3485107421875,13046220,HDFCBANK
2023-11-24,728.3006518298484,734.0219550188177,727.654327789123,733.5192260742188,16469192,HDFCBANK
2023-11-28,735.0033214761758,735.9848175325754,730.5029569217514,731.867431640625,28489338,HDFCBANK
2023-11-29,734.3809775281464,748.3130905581396,733.950075384279,746.4698486328125,34042488,HDFCBANK
2023-11-30,751.2575357769422,752.8374324125391,738.3308218551477,746.3023071289062,69491440,HDFCBANK
2023-12-01,745.8714174875178,749.6297282428743,743.09454440636,744.6744995117188,22153536,HDFCBANK
2023-12-04,760.2823241901957,771.7727371502491,753.4120264631497,770.5279541015625,50662456,HDFCBANK
2023-12-05,783.5025725396295,784.6994906156142,773.9272279317513,777.3743286132812,52230820,HDFCBANK
2023-12-06,784.4360428215049,784.4360428215049,773.9989536278642,779.3372192382812,38613060,HDFCBANK
2023-12-07,777.996699171334,782.3056039667443,773.7835244385168,780.60595703125,20450386,HDFCBANK
2023-12-08,780.605970823838,792.3597291563016,780.605970823838,791.4979248046875,33728038,HDFCBANK
2023-12-11,789.9898356540881,796.5249611291558,788.5295723280279,790.4446411132812,23187620,HDFCBANK
2023-12-12,791.9766596766761,792.9581557902037,781.2762247045517,782.5928344726562,36581476,HDFCBANK
2023-12-13,781.563526294323,783.2631733056354,773.256926701281,780.8214721679688,29346914,HDFCBANK
2023-12-14,788.0507632436652,794.2507747290626,787.5719960728002,790.0376586914062,35172366,HDFCBANK
2023-12-15,789.9658581899005,798.5836675519721,788.3380380661904,793.101806640625,138837130,HDFCBANK
2023-12-18,795.0886602023099,797.0037289891579,790.4206800343679,792.69482421875,18014754,HDFCBANK
2023-12-19,789.9658725265142,794.1072204559873,787.1172310907685,791.3543090820312,24008446,HDFCBANK
2023-12-20,793.795966876438,799.038444004139,787.308648353673,793.3171997070312,34232520,HDFCBANK
2023-12-21,793.31719852569,808.9968233004131,790.0855201370065,807.5365600585938,36589240,HDFCBANK
2023-12-22,806.0524630799391,807.1536510402615,798.1528041148157,799.9481811523438,48578850,HDFCBANK
2023-12-26,801.0971963079616,807.1775162105685,798.8470139045111,805.5018310546875,18045856,HDFCBANK
2023-12-27,805.0470435987298,817.0162235511344,803.6586070355986,815.4841918945312,27009078,HDFCBANK
2023-12-28,818.3568162242175,824.149887782185,814.8617922105217,816.4177856445312,44076470,HDFCBANK
2023-12-29,812.4679265922668,821.0378710363707,811.9891593992248,818.3328247070312,25011426,HDFCBANK
2024-01-01,816.7768404269046,818.2849687904367,810.0740996496615,812.9945678710938,14239686,HDFCBANK
2024-01-02,813.3297325444754,815.2448013204753,808.4941371304667,813.4733276367188,29242092,HDFCBANK
2024-01-03,814.8617397029581,816.1543877106121,799.038461039413,800.9296264648438,28389762,HDFCBANK
2024-01-04,803.3713517790169,811.4864323425077,799.8763278844378,809.5234985351562,26734056,HDFCBANK
2024-01-05,807.7521349770598,816.2502532169135,798.6315959676855,805.3822021484375,31889470,HDFCBANK
2024-01-08,803.6107431564817,805.4539851831421,794.7535499790049,796.4052734375,17998470,HDFCBANK
2024-01-09,798.1766851243468,803.2755670838737,788.4098233393704,790.2052001953125,25326888,HDFCBANK
2024-01-10,786.6145023545687,794.7295829425168,785.8484865302768,792.8145141601562,16115824,HDFCBANK
2024-01-11,794.7535608406137,796.1419974247106,786.6145183500772,789.4871215820312,18314010,HDFCBANK
2024-01-12,790.9234559912412,792.8385248919463,782.1141273593444,785.7527465820312,19773552,HDFCBANK
2024-01-15,788.8646717373587,804.7597774337735,786.9017379565865,800.8817749023438,28320356,HDFCBANK
2024-01-16,800.977566949657,806.076449581534,793.8439236127375,803.9219970703125,25322500,HDFCBANK
2024-01-17,751.6644868680132,764.4954709128732,731.7477834906084,736.1045532226562,170145236,HDFCBANK
2024-01-18,715.2782083529884,725.3323197153799,708.5994291824192,711.5198974609375,161070930,HDFCBANK
2024-01-19,720.999446229209,723.0581685801238,703.0217728163159,704.0989990234375,109600538,HDFCBANK
2024-01-23,701.3939438294391,706.0379622645205,682.243255943311,683.3683471679688,115469402,HDFCBANK
2024-01-24,660.8184204446432,698.2579916906107,660.8184204446432,697.0371704101562,86004404,HDFCBANK
2024-01-25,695.409322831776,697.731331945695,679.5621410018516,686.9830322265625,98941852,HDFCBANK
2024-01-29,693.2788688648152,700.3406850803747,692.2016426624417,696.438720703125,65645498,HDFCBANK
2024-01-30,696.3908845219285,700.53217422801,689.8557002681358,691.4835205078125,41728768,HDFCBANK
2024-01-31,689.1853406292018,706.1576134139724,687.8926926486038,700.220947265625,65761040,HDFCBANK
2024-02-01,701.4178599181299,705.5112841214318,697.1089554241759,702.0402221679688,32690740,HDFCBANK
2024-02-02,706.1816237651476,708.9824002114282,690.4062678183428,692.3692016601562,44867754,HDFCBANK
2024-02-05,692.2973590957444,695.1220972150085,686.5761145330804,691.7467651367188,38605046,HDFCBANK
2024-02-06,692.0819428119112,694.0687799185687,685.8818725644124,691.3876953125,41075740,HDFCBANK
2024-02-07,695.6487669186412,696.0318040698868,683.0332624281431,684.6131591796875,54837086,HDFCBANK
2024-02-08,684.5653014988382,688.9220715355453,670.5134952051483,671.734375,69106124,HDFCBANK
2024-02-09,666.515758652701,677.0725401801844,664.0500959229506,671.9976196289062,56642124,HDFCBANK
2024-02-12,670.1065656569043,676.809306881893,662.3026364247897,665.4864501953125,34447812,HDFCBANK
2024-02-13,666.4199643535106,672.3566891768745,662.7813454112104,667.6168823242188,57580994,HDFCBANK
2024-02-14,658.7837177497752,666.2046099191948,652.8230890297091,662.6378173828125,91320810,HDFCBANK
2024-02-15,663.0925826953933,677.6949825309235,662.7813723217212,677.0007934570312,41584944,HDFCBANK
2024-02-16,681.7166435513678,683.5359238875297,674.31965507416,679.8015747070312,32175742,HDFCBANK
2024-02-19,684.1583399970523,684.1583399970523,677.5513291516161,678.4609985351562,34451756,HDFCBANK
2024-02-20,677.4555450204665,697.6834579371554,675.9235134549672,696.2711181640625,56133508,HDFCBANK
2024-02-21,700.9151754054046,700.9151754054046,687.0309267122648,689.017822265625,45893136,HDFCBANK
2024-02-22,678.7722288264276,684.0626300055545,676.1150473676641,679.634033203125,50560882,HDFCBANK
2024-02-23,681.0702888003248,686.5042847124961,678.8918747107963,680.1366577148438,29833452,HDFCBANK
2024-02-26,676.761348833584,686.9590543726445,676.761348833584,680.9505615234375,23506870,HDFCBANK
2024-02-27,676.7613520010825,683.0570934898373,676.5219684176848,679.9212036132812,32087150,HDFCBANK
2024-02-28,679.9212837827165,681.8602559709077,672.1891814386264,674.7745361328125,25321986,HDFCBANK
2024-02-29,671.2794957514693,675.2532869853846,668.9814482015562,671.9019165039062,53295700,HDFCBANK
2024-03-01,670.2740637422462,685.9536891619308,670.2740637422462,684.9961547851562,34738898,HDFCBANK
2024-03-04,685.0919059296933,687.9884708858845,681.9081507835436,685.9297485351562,35616474,HDFCBANK
2024-03-05,680.8069758120575,690.8610872691976,680.6394189764245,689.8317260742188,37991672,HDFCBANK
2024-03-06,686.3367475409569,695.576919496979,686.3367475409569,690.6695556640625,42409530,HDFCBANK
2024-03-07,692.0579662212759,694.7151474764962,690.0950324505662,692.34521484375,49348046,HDFCBANK
2024-03-11,684.6370656855901,692.2733788101641,681.2856954339823,683.5838012695312,50531094,HDFCBANK
2024-03-12,686.5522029862251,700.9152197851,684.2780586597365,698.7847290039062,65418454,HDFCBANK
2024-03-13,701.6333514911945,704.553819805337,694.260324713518,699.191650390625,63067454,HDFCBANK
2024-03-14,700.0055299615263,701.8727337796063,691.4835086418929,696.8217163085938,52432158,HDFCBANK
2024-03-15,694.2123954494871,698.6649535010525,690.5019498876019,695.4811401367188,143613804,HDFCBANK
2024-03-18,692.7761555716247,697.0850604784281,687.413986176019,692.3213500976562,21437856,HDFCBANK
2024-03-19,687.2702704859524,695.3614473234808,687.2702704859524,693.9011840820312,36183594,HDFCBANK
2024-03-20,693.7575794231888,695.0023623556473,682.0756489825828,685.1397705078125,43606094,HDFCBANK
2024-03-21,690.6695449843953,694.8108929167894,688.6108811083764,692.1776733398438,28922860,HDFCBANK
2024-03-22,689.9034770136652,694.5714568199686,688.3474837448974,690.7891845703125,45980326,HDFCBANK
2024-03-26,683.2965603924812,688.4433080631126,680.8788209713061,682.434814453125,56844290,HDFCBANK
2024-03-27,681.5491372067122,693.2310112679723,680.4479491623351,689.7599487304688,62168668,HDFCBANK
2024-03-28,689.7598723903825,699.2394862002545,689.7598723903825,693.20703125,55592142,HDFCBANK
2024-04-01,698.0425707036562,705.6071157662267,696.8935177463561,704.0271606445312,25199570,HDFCBANK
2024-04-02,701.4657698820595,715.685132245699,700.5561005197442,708.6472778320312,41225446,HDFCBANK
2024-04-03,704.793175292623,716.0681660997278,704.4580616337976,709.6766357421875,45584386,HDFCBANK
2024-04-04,720.0658521240722,732.5137990357915,720.0658521240722,731.36474609375,88935066,HDFCBANK
2024-04-05,736.8227010597361,744.2435924609226,732.5856231419043,741.8737182617188,59055902,HDFCBANK
2024-04-08,744.4590593119542,745.5602472863112,738.0436253706997,740.4613647460938,20482940,HDFCBANK
2024-04-09,744.4111567395224,744.4111567395224,737.4451291623751,741.3949584960938,21884494,HDFCBANK
2024-04-10,742.041335404094,742.041335404094,733.9261958559255,735.5540161132812,27807400,HDFCBANK
2024-04-12,728.2048236560291,732.4419011780001,724.5901083532815,727.2233276367188,41084208,HDFCBANK
2024-04-15,716.9778144689066,722.9384424882777,714.3445949763995,715.61328125,23415248,HDFCBANK
2024-04-16,711.9268363888184,724.3269187314523,709.6526921569106,722.5794067382812,20744886,HDFCBANK
2024-04-18,722.8427124294902,727.1755203466597,713.8658277959437,715.61328125,34234884,HDFCBANK
2024-04-19,711.7113984519393,734.8836839791993,708.6951417404246,733.13623046875,34576434,HDFCBANK
2024-04-22,745.6320734709891,745.6320734709891,722.124614867159,723.9917602539062,42298438,HDFCBANK
2024-04-23,730.7424105369589,730.838140600938,719.7068030516607,721.7894287109375,26827060,HDFCBANK
2024-04-24,725.3323355684494,728.5640142912791,722.4836939974829,723.7523803710938,22441580,HDFCBANK
2024-04-25,721.1430939897369,727.5824894434112,721.1430939897369,723.2975463867188,35445204,HDFCBANK
2024-04-26,727.6304456461381,731.5563134799157,720.8080127488288,722.8427734375,24854694,HDFCBANK
2024-04-29,725.3322898363435,734.6442882658492,721.2867304749565,732.2744140625,36093350,HDFCBANK
2024-04-30,732.1308179153048,737.0621437156515,725.2844816560712,727.7740478515625,52307382,HDFCBANK
2024-05-02,728.6837005042626,735.8652087221101,727.8937229116466,733.591064453125,33475006,HDFCBANK
2024-05-03,734.0698523195007,737.5887797565925,721.59794265299,727.53466796875,31865242,HDFCBANK
2024-05-06,728.6836626849343,734.6682525558684,726.361653503664,728.994873046875,28793396,HDFCBANK
2024-05-07,728.6597013791286,729.6651592326485,720.1376804638342,721.09521484375,28480602,HDFCBANK
2024-05-08,716.211807311795,716.6905745370962,708.7430502857517,709.84423828125,41687862,HDFCBANK
2024-05-09,706.1576388307392,711.8071150125822,691.9622384959757,693.0155029296875,46281278,HDFCBANK
2024-05-10,698.3538309269745,704.6385064038308,692.4331341667237,697.8200073242188,27276608,HDFCBANK
2024-05-13,694.956710818051,708.4482125597933,694.1317160729689,706.2400512695312,27047202,HDFCBANK
2024-05-14,704.7841569928967,711.2144479759614,703.8378359787137,709.0062866210938,25665142,HDFCBANK
2024-05-15,708.3995858863757,708.3995858863757,696.8008453990276,698.1111450195312,38931996,HDFCBANK
2024-05-16,701.7752582341244,709.782790041372,696.655267230535,708.6665649414062,34945236,HDFCBANK
2024-05-17,701.848002597153,712.4276743183018,701.848002597153,710.5349731445312,20920190,HDFCBANK
2024-05-21,703.7407019802051,713.2526672307866,703.7407019802051,707.962890625,43769978,HDFCBANK
2024-05-22,707.5018325662894,711.2629460513618,702.7943980944078,708.156982421875,39996278,HDFCBANK
2024-05-23,707.8900706969359,725.8463536828482,707.1135946322969,724.3661499023438,40861920,HDFCBANK
2024-05-24,721.8911533778286,737.6150464828621,721.1631959122375,736.3046875,31060206,HDFCBANK
2024-05-27,739.2893258205864,749.7961904344879,737.2025499615863,741.400390625,29385440,HDFCBANK
2024-05-28,742.5651435020584,745.4527436990592,739.9930626339711,742.75927734375,27908904,HDFCBANK
2024-05-29,736.6929693394153,739.5319916615282,728.5641108173895,731.9855346679688,35147706,HDFCBANK
2024-05-30,727.569210732381,739.4106642295702,726.8170235494816,735.1642456054688,33755350,HDFCBANK
2024-05-31,737.1782587165238,745.4284433104547,734.751733835956,743.2688598632812,74079588,HDFCBANK
2024-06-03,776.0026570209221,776.0026570209221,752.2227131847588,762.9964599609375,72637256,HDFCBANK
2024-06-04,755.6198511271432,756.5904610836327,705.6334383679294,719.7800903320312,89531240,HDFCBANK
2024-06-05,725.0699500696824,756.8816568854197,719.3918460943981,753.0963134765625,81631650,HDFCBANK
2024-06-06,759.4537972959696,759.7206794979887,750.5726922052945,756.93017578125,46422870,HDFCBANK
2024-06-07,757.585349822155,768.8929201187634,753.2176050765474,763.5545654296875,36712216,HDFCBANK
2024-06-10,763.8700759254958,767.0973660487972,755.9110620154896,757.7067260742188,22454058,HDFCBANK
2024-06-11,755.1345658211561,762.4141406844706,753.2903831592504,759.4052734375,29545326,HDFCBANK
2024-06-12,764.3553684919713,770.8099486335476,760.1817573757736,763.94287109375,39280436,HDFCBANK
2024-06-13,767.6311179466796,769.5480488358222,763.8700045190919,767.1458129882812,24120192,HDFCBANK
2024-06-14,768.7231350719568,776.0027102146836,765.6656898154778,774.9835815429688,25540554,HDFCBANK
2024-06-18,774.983540294414,781.5836762242601,771.3679826211641,780.2733764648438,32415714,HDFCBANK
2024-06-19,782.9910236928816,810.4107535609992,778.4291452824868,804.5628051757812,90131196,HDFCBANK
2024-06-20,810.3622215983705,816.0159768197282,801.7237698729426,810.143798828125,41408742,HDFCBANK
2024-06-21,811.8423818466847,811.8423818466847,797.4288483846301,808.396728515625,51630776,HDFCBANK
2024-06-24,799.2972656586157,812.9343231272944,798.6906344612428,811.6240234375,28544994,HDFCBANK
2024-06-25,810.9931467609703,833.2443684249017,810.9931467609703,830.5266723632812,74521548,HDFCBANK
2024-06-26,828.8765922572081,830.3082774504516,820.699215435536,825.7463989257812,47596666,HDFCBANK
2024-06-27,823.1257354693937,831.3274011881083,818.5153383232833,823.1500244140625,55074650,HDFCBANK
2024-06-28,823.8536668700472,828.2214113967111,814.8270066965403,817.156494140625,26476046,HDFCBANK
2024-07-01,815.3123910533884,828.5612411045389,815.3123910533884,827.5420532226562,21187024,HDFCBANK
2024-07-02,832.2980286836319,841.9556094944659,826.353042764463,839.8687744140625,45921690,HDFCBANK
2024-07-03,869.1812101031826,870.6371250279785,856.3934358619908,858.3346557617188,123217802,HDFCBANK
2024-07-04,854.0154497500956,854.0154497500956,837.0782938778042,838.1945190429688,45848658,HDFCBANK
2024-07-05,817.7388187080663,817.7388187080663,796.9677437114144,799.8310546875,82242548,HDFCBANK
2024-07-08,798.4723137874327,803.1554594894733,789.6640164804963,793.6434936523438,39087800,HDFCBANK
2024-07-09,788.6205312494033,799.1516248009418,786.363851419409,794.2015380859375,48550878,HDFCBANK
2024-07-10,791.0228924563764,795.9002315965357,786.5581099756618,789.1544799804688,45507182,HDFCBANK
2024-07-11,788.1109895551602,789.0330808548738,776.973264088155,787.1161499023438,44177074,HDFCBANK
2024-07-12,787.1647047300575,795.1237185250396,781.899157363576,787.50439453125,56049960,HDFCBANK
2024-07-15,787.8926346206944,790.9500796896383,783.8645795922547,787.2131958007812,33375694,HDFCBANK
2024-07-16,786.5580588939988,789.5912150674294,784.6411278889234,786.07275390625,28950324,HDFCBANK
2024-07-18,780.3704345530638,788.1110255525017,776.0754971813087,783.6705322265625,33717064,HDFCBANK
2024-07-19,784.2528302190582,787.649965003423,778.1865181041212,780.0307006835938,26002152,HDFCBANK
2024-07-22,784.7381297391379,801.2384985771903,782.6270649860646,797.1376953125,53744822,HDFCBANK
2024-07-23,799.5642547535156,799.6855810002239,778.9145038672318,785.4176025390625,52002152,HDFCBANK
2024-07-24,780.4432298173384,786.6793870769927,770.6886113878456,778.4534912109375,61728206,HDFCBANK
2024-07-25,773.0908809941293,788.6206413154175,773.0908809941293,784.5440673828125,25535732,HDFCBANK
2024-07-26,778.9144923179402,787.0433507268658,774.7651110455088,785.2962646484375,43810540,HDFCBANK
2024-07-29,783.7675425920842,791.9449196556922,775.6629731237323,778.9387817382812,51001148,HDFCBANK
2024-07-30,777.4585786816452,793.3523167913979,776.0026637402938,784.0344848632812,54595834,HDFCBANK
2024-07-31,783.2822470366172,790.0279981871195,780.9527594083772,784.1315307617188,37820484,HDFCBANK
2024-08-01,787.6014491725216,800.7774909815698,785.1991540216145,795.3178100585938,26215174,HDFCBANK
2024-08-02,791.5323792943032,810.7019249608421,791.5323792943032,805.1937255859375,44119238,HDFCBANK
2024-08-05,795.9486953170099,798.8120065813332,776.9732822215763,784.1315307617188,41333634,HDFCBANK
2024-08-06,791.0471196604719,792.4787456590307,773.2364505401089,777.0703125,45116050,HDFCBANK
2024-08-07,784.7381567736204,791.0471215466921,777.5556193354371,787.8926391601562,42346264,HDFCBANK
2024-08-08,788.1352699911228,802.3547292854007,785.8300713873926,797.21044921875,33976950,HDFCBANK
2024-08-09,801.7237923493824,806.8437833638833,798.7149252998082,800.8502197265625,26644618,HDFCBANK
2024-08-12,801.7238266679481,813.3468572381819,799.4671466635041,805.65478515625,39316196,HDFCBANK
2024-08-13,790.0765423217451,792.2118961762867,777.0461148817201,778.0409545898438,54055042,HDFCBANK
2024-08-14,779.6424562895212,783.1366284755188,778.0409261468292,780.2733764648438,32334428,HDFCBANK
2024-08-16,790.319198015761,793.0611831331643,781.8263604564881,792.0662841796875,27849246,HDFCBANK
2024-08-19,794.759726022084,794.759726022084,787.9896858897818,791.7993774414062,19502164,HDFCBANK
2024-08-20,789.8095595425733,798.8119905444514,789.8095595425733,794.783935546875,31134494,HDFCBANK
2024-08-21,790.1250771140934,793.255329982036,785.126471042094,789.0089111328125,47630904,HDFCBANK
2024-08-22,792.0177904024437,795.0752357163401,790.0765703279278,791.6781005859375,21300638,HDFCBANK
2024-08-23,792.9883534236101,792.9883534236101,787.6499985352013,788.6448974609375,20333422,HDFCBANK
2024-08-26,792.1147410094821,799.7582942162704,792.1147410094821,795.8758544921875,22364266,HDFCBANK
2024-08-27,797.550212512406,799.4914324239653,792.1147612152419,794.8082275390625,35773244,HDFCBANK
2024-08-28,794.8081358287445,795.7787456725287,791.14405997193,794.49267578125,26921188,HDFCBANK
2024-08-29,796.8707505966252,798.035494358065,791.6052035874162,795.1964721679688,49052604,HDFCBANK
2024-08-30,803.6650036895526,806.5768334130655,786.7521378937474,794.3956909179688,445342100,HDFCBANK
2024-09-02,799.200245545704,799.200245545704,787.747000900005,789.56689453125,34049680,HDFCBANK
2024-09-03,792.9883149182248,795.8758557711201,788.4264363868309,794.6140747070312,37282860,HDFCBANK
2024-09-04,795.4148040993854,798.2295964742419,792.0176694876126,796.773681640625,24682744,HDFCBANK
2024-09-05,798.8119853769339,800.7046866194709,796.8707654853739,798.5450439453125,22876318,HDFCBANK
2024-09-06,795.0751309568867,799.6612390821284,793.0368146024134,794.419921875,26029602,HDFCBANK
2024-09-09,794.9295342541234,800.0252363967779,791.0956131747174,799.0546264648438,23792914,HDFCBANK
2024-09-10,802.6943484628727,802.6943484628727,794.9294696385643,800.9229736328125,26606646,HDFCBANK
2024-09-11,800.9473289635273,801.9664575454252,795.5118777911906,797.7928466796875,22226684,HDFCBANK
2024-09-12,802.6944342572692,810.4593139115112,799.32158835399,808.8092651367188,32424046,HDFCBANK
2024-09-13,812.400503038587,812.400503038587,804.1746076631325,808.4937744140625,23860532,HDFCBANK
2024-09-16,809.0033572167779,814.2446744093743,807.5717313009576,810.9202880859375,15172820,HDFCBANK
2024-09-17,814.3417351276187,814.3417351276187,807.6202731787942,809.876953125,20127122,HDFCBANK
2024-09-18,811.3570886275262,824.4846115422112,810.9931099061356,822.494873046875,40917342,HDFCBANK
2024-09-19,824.6301946967953,834.2392569551141,824.6059649927001,829.1435546875,30651776,HDFCBANK
2024-09-20,833.0259912779876,846.8328941482245,828.6825354394553,845.0130004882812,60623386,HDFCBANK
2024-09-23,848.7984163669939,857.2184459846895,844.5519977602407,854.0397338867188,26965350,HDFCBANK
2024-09-24,856.5633141386422,864.6436541344489,851.3462854547951,858.0435180664062,33039036,HDFCBANK
2024-09-25,854.2095613390953,867.7252930088929,854.2095613390953,863.4060668945312,31965312,HDFCBANK
2024-09-26,860.4700264333525,867.7253122548344,858.0435015109396,865.5171508789062,31899644,HDFCBANK
2024-09-27,862.3869272945984,862.9692695590985,849.2836931713828,850.5697631835938,35613502,HDFCBANK
2024-09-30,848.7013681367213,849.987378933711,836.8599148404105,840.572509765625,26383534,HDFCBANK
2024-10-01,836.6658121791694,845.4013020975134,834.773110848595,837.7334594726562,24572284,HDFCBANK
2024-10-03,832.613483062025,837.7091852435565,812.0850591484665,816.282958984375,48473398,HDFCBANK
2024-10-04,812.6431358067093,820.4808225688465,802.2090794198211,804.4657592773438,48683232,HDFCBANK
2024-10-07,801.8209097089745,805.1210074565657,782.7969771111757,785.12646484375,94458296,HDFCBANK
2024-10-08,791.0470635179641,804.0532597925816,787.1646239424159,801.2627563476562,29734406,HDFCBANK
2024-10-09,800.510591541895,804.0290527657074,790.4162239204929,792.5758666992188,41125642,HDFCBANK
2024-10-10,795.4147877416559,808.2510795642027,792.2603056670246,806.7709350585938,21754766,HDFCBANK
2024-10-11,807.7658537028776,807.7658537028776,797.4774117796152,801.238525390625,23672594,HDFCBANK
2024-10-14,803.689297804442,821.1602762579215,802.6943989459767,819.2432861328125,18527508,HDFCBANK
2024-10-15,822.1065938917583,824.0478137120458,813.1284522229286,817.3020629882812,19651130,HDFCBANK
2024-10-16,815.3608435545054,828.8765747113987,815.3608435545054,824.92138671875,20470682,HDFCBANK
2024-10-17,822.5675882717809,823.8779471608134,808.1297662380588,811.9879760742188,14695732,HDFCBANK
2024-10-18,807.1106759435778,820.6506963237373,802.7429312558701,816.2101440429688,24809724,HDFCBANK
2024-10-21,832.2980010606213,848.3858722296796,830.3810701774502,838.9466552734375,46548354,HDFCBANK
2024-10-22,839.6018778313584,844.4306385333365,830.2111793718472,832.0796508789062,38875280,HDFCBANK
2024-10-23,827.4692671141377,847.5851345291038,827.4692671141377,842.3923950195312,38036090,HDFCBANK
2024-10-24,843.5085346118838,858.3346247570413,843.5085346118838,849.1138305664062,30832258,HDFCBANK
2024-10-25,851.7102142266036,853.0933215296461,838.9466699408074,846.0806884765625,26130478,HDFCBANK
2024-10-28,845.4012471416386,849.7689918168825,839.043763962605,841.6158447265625,22012142,HDFCBANK
2024-10-29,837.7092042477628,856.0779859182065,837.1996103215174,850.1815185546875,35794926,HDFCBANK
2024-10-30,845.4012662208864,851.5889046504595,836.7628139716957,841.8099975585938,32715724,HDFCBANK
2024-10-31,838.6069864702176,843.8968224808245,834.4333755848933,842.3438110351562,22895912,HDFCBANK
2024-11-01,841.0335262277963,846.4203996311912,837.6849100339031,843.120361328125,1759692,HDFCBANK
2024-11-04,846.8571409139798,846.8571409139798,830.3082539054162,831.8612060546875,28089248,HDFCBANK
2024-11-05,826.4743572133567,855.447039991069,823.999313734677,853.0933227539062,44232406,HDFCBANK
2024-11-06,859.7178102794018,859.7178102794018,847.0270726401069,851.8316040039062,27787910,HDFCBANK
2024-11-07,846.5174998307751,854.5977803501312,843.4600547619757,847.6094360351562,18895456,HDFCBANK
2024-11-08,850.2543248355499,855.0103373353861,847.2696873607207,851.4432983398438,19902986,HDFCBANK
2024-11-11,851.4918803256005,865.2017460745226,849.8660612419557,857.1942138671875,24565362,HDFCBANK
2024-11-12,859.9603824917264,861.4162973605047,829.2163253609564,833.8509521484375,31395406,HDFCBANK
2024-11-13,833.1473377113161,839.2864576545572,811.9152444974701,815.967529296875,35728500,HDFCBANK
2024-11-14,811.9637453515568,827.3721783747438,811.4784403744485,821.5,27146470,HDFCBANK
2024-11-18,825.0184258091194,834.190701332557,822.5919010273279,827.4934692382812,27081968,HDFCBANK
2024-11-19,831.8127176211167,851.1035901563789,826.3287477699067,845.5225830078125,50981272,HDFCBANK
2024-11-21,848.9925368361551,853.6514527573436,841.6158656563873,845.0130004882812,35716512,HDFCBANK
2024-11-22,846.1535367827626,851.370565411524,839.3592669406547,847.1483764648438,24773612,HDFCBANK
2024-11-25,866.293664684976,875.2718066744363,856.5147576427843,866.560546875,427737274,HDFCBANK
2024-11-26,878.4019987795361,878.4019987795361,858.8927626136716,866.5363159179688,30935566,HDFCBANK
2024-11-27,868.6474059809165,881.9690041453489,866.3422072982357,879.5182495117188,32714976,HDFCBANK
2024-11-28,882.7697308653094,891.0684339141281,867.725276958314,870.224609375,35722392,HDFCBANK
2024-11-29,874.1799313606635,875.7814023363161,865.2503073983569,871.632080078125,27669536,HDFCBANK
2024-12-02,875.2475527258944,877.5042327860683,861.4163604593637,875.8298950195312,15110876,HDFCBANK
2024-12-03,884.565415610868,891.6994347831544,881.3624144018961,886.3125610351562,43410242,HDFCBANK
2024-12-04,891.9905313310416,905.0937654692016,888.6662041479593,902.7157592773438,44669084,HDFCBANK
2024-12-05,902.6671991983368,912.3490091706271,890.6316128458285,905.4577026367188,39682714,HDFCBANK
2024-12-06,901.2113107944992,904.7054828102569,894.9023463139778,900.6531982421875,17783156,HDFCBANK
2024-12-09,899.5855395249345,912.3733132102273,897.3288596413352,907.520263671875,26947912,HDFCBANK
2024-12-10,911.2570600965298,911.2570600965298,901.963517909446,906.59814453125,13325480,HDFCBANK
2024-12-11,903.492253077643,908.4423993938311,901.0900171351183,904.1716918945312,14045426,HDFCBANK
2024-12-12,898.2994568437374,906.8651010060448,897.183231769173,902.30322265625,17293790,HDFCBANK
2024-12-13,903.8804969466607,909.9468090067054,887.7441068669418,908.3695678710938,19009002,HDFCBANK
2024-12-16,905.1422772502634,907.4959944793276,900.3620351992098,905.1907958984375,13107082,HDFCBANK
2024-12-17,900.8958970749953,903.8077269850552,886.4095551207139,889.6853637695312,21079532,HDFCBANK
2024-12-18,888.0353013877913,891.0199388482123,877.0189020931173,878.74169921875,23422312,HDFCBANK
2024-12-19,873.3548187057529,874.0827761662058,863.3575480971324,870.3944702148438,25380770,HDFCBANK
2024-12-20,864.9105130352275,872.3599918831414,857.5581899695972,859.7177734375,25692348,HDFCBANK
2024-12-23,864.8135067920166,876.4608267488114,864.4738169898098,874.0343017578125,11044592,HDFCBANK
2024-12-24,874.5438211790217,877.7710517489787,868.4775092184595,872.6268310546875,14485834,HDFCBANK
2024-12-26,872.8452779528201,879.3726061062491,864.2068257857081,869.0598754882812,10481678,HDFCBANK
2024-12-27,871.0253675774094,876.4364704987394,868.2590937552997,872.6996459960938,7259330,HDFCBANK
2024-12-30,869.7635560951499,880.8285332674382,859.4751142791366,862.82373046875,22222218,HDFCBANK
2024-12-31,859.1354326463724,864.7164399349241,856.8544636879918,860.3729248046875,14117236,HDFCBANK
2025-01-01,860.6640693133434,870.637110073425,854.6705648241472,865.1774291992188,7313806,HDFCBANK
2025-01-02,862.4354683380634,875.2232427161829,860.4457297678027,870.5158081054688,18558576,HDFCBANK
2025-01-03,869.181218624921,871.2437647886038,847.4881097293069,848.8954467773438,24426194,HDFCBANK
2025-01-06,844.4791507386858,852.7778537230372,827.8332261221516,830.1141357421875,18816348,HDFCBANK
2025-01-07,832.2980215119891,835.209851324859,825.0184469798143,831.5215454101562,13527906,HDFCBANK
2025-01-08,829.0221775951162,830.6722262669281,816.9380725391129,822.252197265625,19738190,HDFCBANK
2025-01-09,817.3263871062876,819.6801043914131,804.6841687860751,809.3916625976562,40420222,HDFCBANK
2025-01-10,810.9445873725031,812.8372885629307,802.6944030605147,804.0289916992188,17453280,HDFCBANK
2025-01-13,795.9002084068898,799.1760171914914,788.2809435229427,791.4596557617188,21669066,HDFCBANK
2025-01-14,795.8515690343077,803.7620038731537,794.4441728846588,799.1030883789062,26661432,HDFCBANK
2025-01-15,803.9076378434971,806.9165047926833,794.1045016943054,797.3803100585938,14022892,HDFCBANK
2025-01-16,802.1363163454865,805.873200199019,797.2832665938832,801.7481079101562,21212454,HDFCBANK
2025-01-17,797.5986843852027,800.9958190311999,790.3191101437801,794.3228759765625,23112076,HDFCBANK
2025-01-20,789.1058522041777,806.0672365854673,789.1058522041777,801.3598022460938,17557618,HDFCBANK
2025-01-21,804.756952160241,806.115829748555,792.5272908307279,797.0648803710938,31158144,HDFCBANK
2025-01-22,797.0648841596673,811.3813805875693,788.8389294808721,808.5423583984375,30619306,HDFCBANK
2025-01-23,818.7094808723397,818.7094808723397,801.359828269384,807.9842529296875,34909158,HDFCBANK
2025-01-24,805.6062147090801,810.604879376396,798.0839880054712,800.6561279296875,24236200,HDFCBANK
2025-01-27,796.433983923838,797.6472463633178,789.1058906376462,790.9500732421875,22804166,HDFCBANK
2025-01-28,799.2972941154203,817.3991933860295,799.2972941154203,810.6534423828125,30179312,HDFCBANK
2025-01-29,812.8857890816031,815.8704263644069,809.9011517987993,814.0020141601562,12619890,HDFCBANK
2025-01-30,815.7976693049923,823.9993352943973,811.696865930955,820.8933715820312,25744846,HDFCBANK
2025-01-31,818.830797136207,827.2993450265934,817.2292670650723,824.4118041992188,15821686,HDFCBANK
2025-02-01,823.8051750140157,831.3274019434516,813.3954072501344,820.6264038085938,5587528,HDFCBANK
2025-02-03,810.4592960980566,818.6124432523412,807.2805248629369,814.3417358398438,20276540,HDFCBANK
2025-02-04,819.534460691003,837.5393220656948,815.3366201880791,835.1613159179688,28616502,HDFCBANK
2025-02-05,841.0335494558958,846.4689416589049,834.1907609306318,843.363037109375,23675506,HDFCBANK
2025-02-06,842.2467875560731,848.7984047453597,836.6657803207547,846.299072265625,26760716,HDFCBANK
2025-02-07,849.2837426225924,857.5339275509261,837.1511177279839,840.9122314453125,23509600,HDFCBANK
2025-02-10,833.4142336911924,836.3988118099606,829.1435263354559,832.6619873046875,17195950,HDFCBANK
2025-02-11,826.4743520691721,830.3567917735487,819.5344674010676,825.6978759765625,22724704,HDFCBANK
2025-02-12,821.6213102303759,830.8421046157138,815.8946879155817,828.3185424804688,22809570,HDFCBANK
2025-02-13,824.5331418355402,831.9340426083429,821.8882534526111,823.9022216796875,12602434,HDFCBANK
2025-02-14,825.9405276867242,825.9405276867242,815.3123371576534,822.5191040039062,19959892,HDFCBANK
2025-02-17,817.8359099627821,834.7245465784594,815.918979031997,833.4384765625,12938946,HDFCBANK
2025-02-18,831.3516624481879,840.329803960056,828.003046468469,836.2047119140625,16350910,HDFCBANK
2025-02-19,833.2686021535318,843.4114874933574,831.0604409265417,838.2186889648438,11884112,HDFCBANK
2025-02-20,830.3567961314325,832.152400807599,817.8844822121968,818.7579956054688,26390510,HDFCBANK
2025-02-21,815.74907568617,822.567574466393,813.977700828203,821.3786010742188,15680940,HDFCBANK
2025-02-24,815.8461881773111,817.3506217636291,806.1400885993494,813.9049682617188,20693646,HDFCBANK
2025-02-25,810.9930781817751,819.1947435645432,810.9930781817751,816.4527587890625,24138708,HDFCBANK
2025-02-27,816.5498559350805,830.235431637752,816.5498559350805,825.3580932617188,35786800,HDFCBANK
2025-02-28,817.7388430279666,843.0960267361039,817.7388430279666,840.7423095703125,54516728,HDFCBANK
2025-03-03,844.3336059197142,845.9108470636534,822.1551333662954,825.7706909179688,21205364,HDFCBANK
2025-03-04,824.04786119963,831.9583561196923,821.7426625301964,829.8715209960938,19920958,HDFCBANK
2025-03-05,825.9647760106438,830.2597724194886,819.316121569752,820.1654052734375,21583872,HDFCBANK
2025-03-06,818.7094845214233,824.9699304836942,811.5512362127743,820.7477416992188,32966088,HDFCBANK
2025-03-07,816.2829914666041,825.576593853863,814.1476376668198,819.8014526367188,13372914,HDFCBANK
2025-03-10,819.6801059027778,824.969941998729,816.7925649870414,818.9521484375,15604050,HDFCBANK
2025-03-11,816.4770728267864,822.1065984888339,810.4835684463997,817.9815063476562,19898430,HDFCBANK
2025-03-12,820.9176607269924,833.9966062113717,820.9176607269924,830.4296264648438,18784106,HDFCBANK
2025-03-13,832.8076029783965,835.1128015457978,825.0427235934661,828.221435546875,15736264,HDFCBANK
2025-03-17,827.4450150114936,836.6658099001849,827.4450150114936,830.065673828125,18950652,HDFCBANK
2025-03-18,830.065673828125,830.065673828125,830.065673828125,830.065673828125,0,HDFCBANK
2025-03-19,842.004146653194,849.7690263917825,840.6452690024086,846.42041015625,15221406,HDFCBANK
2025-03-20,851.2249302948321,860.9310298420936,848.9440205977578,858.3831787109375,17833978,HDFCBANK
2025-03-21,851.9771897387066,860.9795616616999,851.9771897387066,859.15966796875,33508264,HDFCBANK
2025-03-24,863.3575457763671,875.6843039218336,860.7611760226637,873.5489501953125,17393736,HDFCBANK
2025-03-25,875.9269782864857,894.7567761384419,874.2769294910811,883.958740234375,39101416,HDFCBANK
2025-03-26,885.681575218163,886.8948376499686,874.5195608455505,876.7277221679688,24478442,HDFCBANK
2025-03-27,873.548970937254,893.4464752752693,872.6268796196651,885.8514404296875,41658100,HDFCBANK
2025-03-28,887.6227647317345,891.0198994245295,876.3879431494396,887.2344970703125,28773648,HDFCBANK
2025-04-01,874.5195261060333,878.3534470865061,856.7330877140463,857.9463500976562,28511006,HDFCBANK
2025-04-02,859.3294691298255,873.16066049231,859.3294691298255,872.0444946289062,11573564,HDFCBANK
2025-04-03,864.3767387506249,875.4902352930214,862.3870000641348,871.0496826171875,11250038,HDFCBANK
2025-04-04,879.8579280746396,893.9074835384829,878.9358367650708,881.9447631835938,33540454,HDFCBANK
2025-04-07,855.4956105111871,863.7700245665659,843.5570610557007,853.0205078125,37995450,HDFCBANK
2025-04-08,856.5633039940931,864.8134887917699,849.4293443655757,858.5773315429688,35563872,HDFCBANK
2025-04-09,856.5632934570312,861.4163432783175,850.982286162552,856.5632934570312,22454608,HDFCBANK
2025-04-11,861.2950087869681,882.9638878798253,861.2950087869681,876.8247680664062,32775766,HDFCBANK
2025-04-15,905.0937456982635,910.8203678930464,900.240696123474,905.0452270507812,49298344,HDFCBANK
2025-04-16,914.2175024102767,914.2175024102767,902.9098732067754,911.4027099609375,19136820,HDFCBANK
2025-04-17,913.3439239431574,931.6398970227459,910.7717839889756,925.3309326171875,35703084,HDFCBANK
2025-04-21,933.726706667588,946.6843248983055,926.9324374922522,935.2311401367188,34247298,HDFCBANK
2025-04-22,939.0651467003056,956.3419923313835,939.0651467003056,952.0227661132812,45961750,HDFCBANK
2025-04-23,960.3699954066212,960.3699954066212,932.0281739470523,933.67822265625,30570642,HDFCBANK
2025-04-24,926.9324466168475,933.6781972127433,924.5544405338061,930.2325439453125,25931754,HDFCBANK
2025-04-25,934.1150265036636,938.094503546439,918.099962552793,927.5148315429688,18500878,HDFCBANK
2025-04-28,927.5148236825167,936.4929655182809,926.156005327847,931.882568359375,13920492,HDFCBANK
2025-04-29,931.2031470797607,936.0561965032714,922.17642775897,926.35009765625,18918308,HDFCBANK
2025-04-30,928.3883766867898,939.9871769317172,927.0780770079656,934.2120361328125,31936870,HDFCBANK
2025-05-02,936.5415014593009,942.4136794135693,931.7854893276606,932.7075805664062,17840404,HDFCBANK
2025-05-05,941.0063068714467,947.3152712805899,937.754787372496,939.9386596679688,15068024,HDFCBANK
2025-05-06,936.638567281111,941.5401354999643,933.8723527219415,937.4635620117188,17490156,HDFCBANK
2025-05-07,938.5798247058746,945.7137841650697,932.9502988258117,944.2093505859375,21420778,HDFCBANK
2025-05-08,948.6741890736062,948.6741890736062,931.348765916796,935.91064453125,34803430,HDFCBANK
2025-05-09,926.9809824392288,931.3002083857921,915.6734125356725,917.0807495117188,17188796,HDFCBANK
2025-05-12,930.6208021509265,951.149226156264,928.0487213449755,949.8388671875,18618972,HDFCBANK
2025-05-13,946.3446699698328,952.0227142931207,931.7855212010662,933.0473022460938,24242102,HDFCBANK
2025-05-14,932.8047011833116,936.7356597192896,923.5353878045329,927.2236938476562,15445308,HDFCBANK
2025-05-15,928.6310129632633,943.8210814498384,920.6234813646776,938.4827270507812,32241458,HDFCBANK
2025-05-16,938.4827675522878,943.3358172154161,935.8621088859327,938.9194946289062,15868010,HDFCBANK
2025-05-19,940.0357230243618,943.9181627683963,937.1238932163359,940.8607177734375,10202964,HDFCBANK
2025-05-20,935.7164876572758,938.8709699179398,928.3883945615378,929.3104858398438,23879090,HDFCBANK
2025-05-21,935.1826696209016,944.8402502940019,932.3193584728106,935.0856323242188,15132040,HDFCBANK
2025-05-22,929.4560306672615,933.8237752836327,924.6029810935157,931.7369995117188,21306670,HDFCBANK
2025-05-23,931.8340640363383,940.0357299039,929.1163680438908,938.3856811523438,9566072,HDFCBANK
2025-05-26,939.0651219212037,946.2961778607493,935.13416349166,941.5886840820312,10802860,HDFCBANK
2025-05-27,937.415037254252,945.3740503477449,929.989907003196,934.8429565429688,26162148,HDFCBANK
2025-05-28,931.8825397952628,938.8224242656362,930.6692774222134,933.4840698242188,18157594,HDFCBANK
2025-05-29,935.6679454442282,941.8798725130029,925.6221566559584,935.42529296875,28917794,HDFCBANK
2025-05-30,937.560664423884,945.7623300992254,934.406182182701,943.86962890625,28748078,HDFCBANK
2025-06-02,936.6871049098005,939.5504160632175,925.9618769879231,937.65771484375,14668822,HDFCBANK
2025-06-03,940.5210428582492,947.3153125176999,931.7855532960983,934.0179443359375,24377584,HDFCBANK
2025-06-04,932.2708380103269,943.0931624292062,932.2223193620798,942.073974609375,12961542,HDFCBANK
2025-06-05,945.3740366284826,950.6638723983343,941.5886343458625,946.1505126953125,22255418,HDFCBANK
2025-06-06,943.4328899516395,968.8143643397722,942.8019697752012,960.27294921875,30127008,HDFCBANK
2025-06-09,968.1833931080394,968.1833931080394,958.9140802403333,960.3699951171875,13202588,HDFCBANK
2025-06-10,962.2627345803987,962.2627345803987,951.7315810074685,953.7698974609375,15533126,HDFCBANK
2025-06-11,954.8860400853163,954.8860400853163,944.8887696252715,946.538818359375,11096394,HDFCBANK
2025-06-12,946.3447246989118,951.6830795561876,939.2107650861756,943.1417236328125,16349130,HDFCBANK
2025-06-13,931.7855323379068,938.0944968797781,928.3883975845915,930.6207885742188,12117762,HDFCBANK
2025-06-16,933.7267280054107,940.957783641244,931.8340268436207,939.2592163085938,16513746,HDFCBANK
2025-06-17,940.0357266330969,942.268117646221,931.3487558242051,936.4444580078125,16978736,HDFCBANK
2025-06-18,930.329645039179,939.6960548333931,930.329645039179,938.5313110351562,18433816,HDFCBANK
2025-06-19,938.5312545811619,944.7917002839463,934.5031997999406,939.210693359375,16876220,HDFCBANK
2025-06-20,937.415115265286,956.0023202459611,937.415115265286,953.4786987304688,32900408,HDFCBANK
2025-06-23,945.5681762695312,950.1785732937573,942.3651754483343,945.5681762695312,11739518,HDFCBANK
2025-06-24,953.6242600004867,960.4185295373859,949.0623814631601,951.634521484375,22625322,HDFCBANK
2025-06-25,954.1096083800328,961.8744882040819,953.0904797513926,961.0009155273438,18405932,HDFCBANK
2025-06-26,961.5833031108746,983.7617170900772,960.9038642878594,981.1896362304688,50084830,HDFCBANK
2025-06-27,987.666092322087,991.0024945345428,978.0494846238399,988.5983276367188,28213384,HDFCBANK
2025-06-30,986.9301202198938,988.0586250503452,979.0798184930638,982.023681640625,13649020,HDFCBANK
2025-07-01,983.740927917604,989.138010315157,983.250284063281,987.2244873046875,14389386,HDFCBANK
2025-07-02,991.0515399227539,991.0515399227539,970.4444979040134,974.418701171875,18878250,HDFCBANK
2025-07-03,978.7854199779471,985.2128423794024,973.584607191008,974.9583740234375,16860506,HDFCBANK
2025-07-04,974.9583893832662,983.0049605598704,971.4748300017685,976.037841796875,7863944,HDFCBANK
2025-07-07,975.8906089947405,980.5026731224453,973.3392849545877,975.1055908203125,11349426,HDFCBANK
2025-07-08,970.0028875050783,983.740915249207,970.0028875050783,981.974609375,15224316,HDFCBANK
2025-07-09,984.7222177139129,988.058619887602,980.3554754225707,986.7828979492188,13861428,HDFCBANK
2025-07-10,989.1379844829171,989.6286283244265,981.2876830187669,984.3296508789062,17030310,HDFCBANK
2025-07-11,980.3063919997392,983.6427940678678,971.9163943170895,973.2901611328125,12516922,HDFCBANK
2025-07-14,972.94677734375,975.7434233970494,966.8627814826074,972.94677734375,13088850,HDFCBANK
2025-07-15,968.0403470063502,983.0540373178538,968.0403470063502,979.079833984375,14498168,HDFCBANK
2025-07-16,990.1192987637652,992.4253009235872,977.6569328760377,979.4723510742188,17994612,HDFCBANK
2025-07-17,983.2502884954769,983.6428275379242,972.7995503940688,974.8602905273438,22529158,HDFCBANK
2025-07-18,974.8602851924708,979.8157761377424,958.2274465683581,960.3862915039062,16129446,HDFCBANK
2025-07-21,970.5916382285527,982.2689857931025,969.7575676423911,981.5330200195312,22309078,HDFCBANK
2025-07-22,987.7151032772119,990.1192700741381,982.7596124670459,984.771240234375,14836814,HDFCBANK
2025-07-23,986.6848008986999,995.9089294093236,982.7596500249109,993.2103881835938,13634916,HDFCBANK
2025-07-24,999.7849522880986,999.7849522880986,985.4091233743482,988.2548217773438,19107176,HDFCBANK
2025-07-25,991.1076548914018,991.1076548914018,983.237817433207,985.9922485351562,9306598,HDFCBANK
2025-07-28,985.205265864704,994.2555908496133,983.9756037755068,987.9105224609375,12059580,HDFCBANK
2025-07-29,983.6804999207345,996.7640925817828,981.9097985152405,994.3539428710938,19895696,HDFCBANK
2025-07-30,997.5018784172968,999.764444634085,992.091365270063,996.4197998046875,15154036,HDFCBANK
2025-07-31,990.9108782036614,999.1742313953042,987.664582321978,992.6815795898438,22183032,HDFCBANK
2025-08-01,990.6157884442932,997.6494796779898,988.3040477115343,989.7304077148438,11317258,HDFCBANK
2025-08-04,988.6974801605747,992.8291567300697,977.8764539291843,979.7947387695312,13933946,HDFCBANK
2025-08-05,977.0894619202779,980.975205994727,966.7603007320947,972.7118530273438,23978058,HDFCBANK
2025-08-06,969.5147509914575,977.8272785976125,968.9737116887809,976.499267578125,14080204,HDFCBANK
2025-08-07,973.9415460716062,984.5166400056098,972.3184281442016,981.4671020507812,13081186,HDFCBANK
2025-08-08,977.3846207407715,980.1882863803764,968.9737439061473,970.8920288085938,13895264,HDFCBANK
2025-08-11,971.8757166821836,982.5491593344192,970.4984711596596,981.5654296875,9105854,HDFCBANK
2025-08-12,979.7455870293594,981.7622208654035,967.7440729221851,968.924560546875,12937802,HDFCBANK
2025-08-13,980.7784409396806,980.7784409396806,968.5309950398891,974.0399169921875,13577396,HDFCBANK
2025-08-14,972.908633518138,981.7622004561191,969.5639286580633,979.35205078125,17511716,HDFCBANK
2025-08-18,988.6483131467888,996.8132573563983,981.5654475516468,985.5003662109375,19284796,HDFCBANK
2025-08-19,982.8935135816985,986.7300232295675,977.1878335213248,979.35205078125,12352438,HDFCBANK
2025-08-20,977.3354453835109,979.7947696044055,973.4005266300795,977.9256591796875,9950228,HDFCBANK
2025-08-21,982.5000176251586,982.5000176251586,975.4663263982883,979.4012451171875,12439850,HDFCBANK
2025-08-22,978.7618310909676,981.7621945267439,962.6286407512459,966.317626953125,19833502,HDFCBANK
2025-08-25,964.1534314319724,972.6135426708398,962.5794879672083,966.0717163085938,17518044,HDFCBANK
2025-08-26,963.5632270654481,969.6623631247153,952.2503356808104,957.5625,16917731,HDFCBANK
2025-08-28,951.2665723546679,956.3819785474136,939.4618165446824,942.2162475585938,25438255,HDFCBANK
2025-08-29,938.4781016808785,947.6267755693488,934.6415319653455,936.1171264648438,14823813,HDFCBANK
2025-09-01,934.1496321868741,941.8719458039564,930.9525108908947,935.1333618164062,20178344,HDFCBANK
2025-09-02,935.5269334024698,939.2650942089082,928.6408255856272,929.1326904296875,14196320,HDFCBANK
2025-09-03,929.6245191670979,940.740652202688,924.7058709175366,938.9207763671875,16083481,HDFCBANK
2025-09-04,944.5772033181551,949.9877162864987,940.6914592688354,945.610107421875,17597657,HDFCBANK
2025-09-05,951.7584261964354,951.7584261964354,938.5272505370174,947.7251586914062,11602111,HDFCBANK
2025-09-08,953.2340258485783,957.3165278914954,944.823149393627,950.2828369140625,11711307,HDFCBANK
2025-09-09,958.1526998830964,958.5462157684692,947.0365666053971,949.4467163085938,13985539,HDFCBANK
2025-09-10,958.0543466125587,958.0543466125587,946.0528326679372,950.1845092773438,18091100,HDFCBANK
2025-09-11,944.6755555766032,953.4799478098324,944.2820997482355,952.0535278320312,15113633,HDFCBANK
2025-09-12,954.1194397337725,954.9555859441327,946.5938836721522,951.5617065429688,14363519,HDFCBANK
2025-09-15,953.824233432933,956.5294899386951,949.2991011128589,951.3157348632812,14486377,HDFCBANK
2025-09-16,945.560981879392,953.5783427584718,945.560981879392,951.1190185546875,18661794,HDFCBANK
2025-09-17,949.4467082101403,958.5462075924,948.6596764461077,950.7747192382812,17361476,HDFCBANK
2025-09-18,957.4640913046234,963.7108108355188,953.4799980850369,961.0055541992188,17791598,HDFCBANK
2025-09-19,959.0380500102757,960.8087513537787,946.4462625851606,951.168212890625,31243267,HDFCBANK
2025-09-22,948.315388056543,955.3982535857159,946.298754270858,948.5121459960938,10854415,HDFCBANK
2025-09-23,951.2665762064279,952.447063800625,939.9536851760515,941.6260375976562,21022298,HDFCBANK
2025-09-24,936.7074240016012,940.8882751893465,927.6570988338277,935.5761108398438,15117220,HDFCBANK
2025-09-25,937.0024763946197,942.4129893816753,931.9854792780051,934.3955688476562,31413279,HDFCBANK
2025-09-26,929.7228805294212,935.9695999150294,925.9847198182591,929.6737060546875,14874656,HDFCBANK
2025-09-29,930.6574059019287,941.232499440892,923.8204729543667,934.8382568359375,32398179,HDFCBANK
2025-09-30,942.4621986714628,944.3804835370663,930.9033750448373,935.5269165039062,28296687,HDFCBANK
2025-10-01,937.1992488555558,953.8242439027433,930.6082481971154,949.5450439453125,25350832,HDFCBANK
2025-10-03,936.5106471136629,951.0206597658967,936.5106471136629,949.4467163085938,26658296,HDFCBANK
2025-10-06,956.0868643620497,961.4973774003239,946.3479168763192,957.6116333007812,18542683,HDFCBANK
2025-10-07,958.1527020714059,973.7447933808842,955.201513050652,966.514404296875,25535736,HDFCBANK
2025-10-08,960.1201629857547,969.8591107869768,958.6937429483099,962.7762451171875,15939710,HDFCBANK
2025-10-09,958.6445364195181,963.0713198098597,954.3653364923583,961.2022094726562,15370950,HDFCBANK
2025-10-10,963.0713193511867,970.1541847807785,962.1859386567031,964.9404296875,13757080,HDFCBANK
2025-10-13,958.4477997344204,965.0388004923793,956.1852335153851,961.1038818359375,18634254,HDFCBANK
2025-10-14,954.2177737318785,964.4977607253469,951.2665847409552,961.25146484375,22934382,HDFCBANK
2025-10-15,959.1364356766506,968.8753835018975,957.5132576917447,962.3335571289062,23310447,HDFCBANK
2025-10-16,966.6619807603523,980.384961573746,965.5306676270898,978.1715698242188,22936566,HDFCBANK
2025-10-17,977.7781081157631,992.5832274986775,969.9574453059425,986.2381591796875,25210511,HDFCBANK
2025-10-20,980.7784494751901,1003.4042311581684,980.7784494751901,986.6316528320312,22195202,HDFCBANK
2025-10-21,989.6320299074079,993.5669485153896,987.664570603417,991.3043823242188,3471600,HDFCBANK
2025-10-23,999.4693402098319,1003.8961237048558,989.6320435542233,992.386474609375,43526526,HDFCBANK
2025-10-24,994.5506701933195,995.4852253636408,975.1711841959709,978.5650634765625,17707768,HDFCBANK
2025-10-27,980.286584655995,992.6323796093756,979.9914777728962,986.6316528320312,15700796,HDFCBANK
2025-10-28,981.4178939740924,991.5994716753507,978.8109864255694,987.2218627929688,33904289,HDFCBANK
2025-10-29,988.5499498614066,996.0262711888014,983.729650556841,991.451904296875,17769445,HDFCBANK
2025-10-30,983.7296659041476,993.0750977302371,980.8768258561881,981.9097900390625,19962917,HDFCBANK
2025-10-31,977.8272677237645,988.1072545286754,965.1863657946757,971.2362670898438,23221330,HDFCBANK
2025-11-03,968.9737116887809,978.3683179002891,967.3013592642496,976.499267578125,16607180,HDFCBANK
2025-11-04,970.9411924643373,980.7784892471573,967.6948965344255,969.2196655273438,20024544,HDFCBANK
2025-11-06,965.0388182096445,974.9252895070431,958.1527104344483,968.6294555664062,22279516,HDFCBANK
2025-11-07,964.0550607577244,968.8753600783504,958.8904800750938,966.317626953125,15004568,HDFCBANK
2025-11-10,966.3176552483678,974.8269410200376,964.2518469316628,968.4818725585938,15988262,HDFCBANK
2025-11-11,967.4981021987119,977.3353986115102,962.0875891716729,975.564697265625,10200530,HDFCBANK
2025-11-12,982.549186657653,982.7459446009269,971.629811290036,973.4005126953125,13137263,HDFCBANK
2025-11-13,967.990016129637,973.9907432290495,966.6127705451346,970.596923828125,14124839,HDFCBANK
2025-11-14,960.169315545859,975.5155341538173,960.169315545859,973.4988403320312,21386965,HDFCBANK
2025-11-17,975.121999344663,981.7129998984626,969.5639028977658,980.3357543945312,18396408,HDFCBANK
2025-11-18,981.4178963551165,982.7459073482096,973.8923406153428,976.302490234375,20002640,HDFCBANK
2025-11-19,973.8923481205824,980.3357652840727,967.9899702531849,978.41748046875,19813847,HDFCBANK
2025-11-20,979.106143718625,995.1409255797437,976.3025381325072,992.4356689453125,19850865,HDFCBANK
2025-11-21,986.7792242744008,991.8946306513916,980.3358068377918,981.8114013671875,17499897,HDFCBANK
2025-11-24,983.7296398293618,994.9933562138265,977.4337461176169,982.8934936523438,32204053,HDFCBANK
2025-11-25,987.6645910314578,989.7303993265384,972.3184321597589,973.6956176757812,24989383,HDFCBANK
2025-11-26,965.3338969506472,990.566586579224,965.3338969506472,987.5662231445312,19494356,HDFCBANK
2025-11-27,985.7954498771661,1000.2562876177888,984.7133712881919,993.0750732421875,25536848,HDFCBANK
2025-11-28,990.615779865885,995.583602701878,987.8613487922537,991.2059936523438,15988807,HDFCBANK
2025-12-01,1000.9449320171519,1000.9449320171519,983.0410401436599,985.7954711914062,16746566,HDFCBANK
2025-12-02,971.9249162739843,978.2208101938114,968.9737272569581,973.6956176757812,27316662,HDFCBANK
2025-12-03,969.957416921422,985.9921979107919,969.957416921422,984.2214965820312,15448777,HDFCBANK
2025-12-04,983.7296507402166,988.3531921071142,976.8435431850351,980.9752197265625,14528169,HDFCBANK
2025-12-05,975.8598190407668,991.5994935414243,974.0891176678615,986.9759521484375,12843366,HDFCBANK
2025-12-08,983.7296369469886,990.1238795871441,981.2703128546212,986.7791748046875,12901022,HDFCBANK
2025-12-09,978.7126738119038,986.4841021884776,977.82729309106,980.8768310546875,15294322,HDFCBANK
2025-12-10,981.2703481612342,982.2540778335763,969.2688341502419,973.6956176757812,15322830,HDFCBANK
2025-12-11,973.892376646044,986.3857555063869,972.4167821359742,984.0247802734375,11844809,HDFCBANK
2025-12-12,986.6808557305643,988.3532081724247,981.9589653386773,985.2052612304688,11988618,HDFCBANK
2025-12-15,975.8597989154725,985.5003373398883,975.8597989154725,979.89306640625,9790060,HDFCBANK
2025-12-16,973.9906989646398,982.4508099496376,973.9906989646398,978.1223754882812,20049088,HDFCBANK
2025-12-17,979.7947462128429,979.7947462128429,964.8420432983647,967.989990234375,19080922,HDFCBANK
2025-12-18,957.464054962666,971.334679033018,957.464054962666,963.7599487304688,14912404,HDFCBANK
2025-12-19,970.9411706561548,971.9249003123414,962.7762265182249,969.465576171875,25952384,HDFCBANK
2025-12-22,971.9249286743926,976.745228147207,967.8916609831689,971.6298217773438,13540411,HDFCBANK
2025-12-23,974.3842218605324,982.647574967353,971.6297908389565,980.3849487304688,17927849,HDFCBANK
2025-12-24,976.8435431850351,983.1394369666097,976.8435431850351,980.9752197265625,13699996,HDFCBANK
2025-12-26,979.7947606844748,980.9752483081762,971.6298163538564,975.9581909179688,9360853,HDFCBANK
2025-12-29,976.9418827381613,981.1719682293385,971.1379138798658,975.564697265625,13545749,HDFCBANK
2025-12-30,974.0891482066822,978.8110386964976,966.219310709625,974.7777709960938,33155849,HDFCBANK
2025-12-31,974.8761180311038,981.3687099365719,971.531413084593,975.0728759765625,10963454,HDFCBANK
2026-01-01,977.3354223369146,981.3195154723957,973.4005036762727,975.023681640625,7132074,HDFCBANK
2026-01-02,975.0236621058955,986.8775923251652,972.7118614138294,985.3035888671875,11751459,HDFCBANK
2026-01-05,989.3861276768052,990.0255759869466,960.4152765333309,961.5957641601562,27647379,HDFCBANK
2026-01-06,947.0365425575541,950.9714611429873,940.445541918535,946.544677734375,31988783,HDFCBANK
2026-01-07,940.4455758755977,940.8882662408619,930.6082790568153,933.608642578125,52884712,HDFCBANK
2026-01-08,929.3294156929511,937.4943598087852,926.083119844739,931.296875,21928849,HDFCBANK
2026-01-09,929.6245460388378,935.1334082207486,918.1148967937476,923.72216796875,38183839,HDFCBANK
2026-01-12,922.246544668881,926.6733280832916,914.4750564356341,921.7055053710938,21071666,HDFCBANK
2026-01-13,932.2806373194226,932.2806373194226,917.4262830054705,922.0989990234375,32042827,HDFCBANK
2026-01-14,914.8685971701506,924.7550683892156,905.2280583696796,910.3926391601562,36688248,HDFCBANK
2026-01-15,910.3926391601562,910.3926391601562,910.3926391601562,910.3926391601562,0,HDFCBANK
2026-01-16,906.9987674975428,920.7218085803552,904.2443363942556,915.95068359375,37780235,HDFCBANK
2026-01-19,920.6726328615482,920.9185652819042,904.5394420693568,912.8027954101562,38191942,HDFCBANK
2026-01-20,914.1799618930222,919.2953681382725,904.637772173591,916.049072265625,36022727,HDFCBANK
2026-01-21,909.9499161549952,916.9836070913005,900.6044845836736,905.3755493164062,32766854,HDFCBANK
2026-01-22,912.9011151422527,913.1962220288154,898.3419283315923,903.75244140625,44444755,HDFCBANK
2026-01-23,905.0312717738813,911.0319985807623,894.4561781091321,901.1947021484375,30985247,HDFCBANK
2026-01-27,891.2590997657288,916.0490999795524,890.2753700750383,911.3272094726562,44753093,HDFCBANK
2026-01-28,917.3279002643548,926.1322926560076,913.2946327089841,917.524658203125,35347138,HDFCBANK
2026-01-29,914.9669494914904,924.0172745375145,909.310503842987,920.2791137695312,37175628,HDFCBANK
2026-01-30,914.8685955943554,923.6238136980638,912.6552038308206,914.1307983398438,29691233,HDFCBANK
2026-02-02,900.1126164754811,914.6718030723491,894.5053455447564,912.9994506835938,28032106,HDFCBANK
2026-02-03,967.7440559401642,977.8272849855383,929.6245315003357,933.2643432617188,50336968,HDFCBANK
2026-02-04,937.0024986247718,941.62604002273,932.5265406922532,937.5927124023438,24366770,HDFCBANK
2026-02-05,940.4455315704454,940.4947060438036,931.2968579683982,934.248046875,28103169,HDFCBANK
2026-02-06,929.6245335781572,932.674071523322,922.3449100391202,925.7879638671875,18120272,HDFCBANK
2026-02-09,929.6245151050697,934.5431633331389,920.1315000080592,922.0006103515625,23947829,HDFCBANK
2026-02-10,914.868578036692,925.5912552799808,914.8194035624206,917.2295532226562,31525385,HDFCBANK
2026-02-11,916.098249190927,920.7709650928405,910.2450456843219,912.0157470703125,24869804,HDFCBANK
2026-02-12,911.9174149760892,913.4913584500406,903.5557126812706,905.6215209960938,33872203,HDFCBANK
2026-02-13,898.1451529282086,913.097855324917,886.3403973585059,889.1932373046875,50188359,HDFCBANK
2026-02-16,889.1932346170704,914.3766890728148,887.4224732532938,910.7368774414062,18806989,HDFCBANK
2026-02-17,907.9824677389611,912.9994649414832,903.6540332583628,910.6385498046875,22599629,HDFCBANK
2026-02-18,908.1792516728873,910.4418179261975,904.5886143276533,909.6548461914062,12738702,HDFCBANK
2026-02-19,913.8848827326366,914.0816406792112,897.6041683586819,900.702880859375,21209234,HDFCBANK
2026-02-20,896.1777087970013,902.9162328649714,893.6200357305538,897.0138549804688,22654907,HDFCBANK
2026-02-23,901.5882362795462,910.5893867142319,900.3585742006053,908.5726928710938,23270122,HDFCBANK
2026-02-24,912.8519465614362,912.8519465614362,894.3578410316289,895.6858520507812,31313985,HDFCBANK
2026-02-25,895.7350222932594,901.0963609031212,888.4062243801156,892.8330078125,27884303,HDFCBANK
2026-02-26,897.1614323550999,897.1614323550999,880.4380284625158,883.9794311523438,41165937,HDFCBANK
2026-02-27,883.9794733683615,884.3238147843207,870.6007736322075,873.3060302734375,34620755,HDFCBANK
2026-03-02,861.9439110956672,873.3059762779105,857.3695443137591,865.0918579101562,38378924,HDFCBANK
2026-03-04,834.202743374385,864.993469417403,834.202743374385,854.5167846679688,39862322,HDFCBANK
2026-03-05,859.6321193633155,867.0593261570968,849.4505416361635,863.4686889648438,31324582,HDFCBANK
2026-03-06,853.9264946975441,857.5171318697022,841.1871839599715,843.10546875,34439647,HDFCBANK
2026-03-09,811.5769775858611,828.7430723323081,808.1339237415574,827.0215454101562,35592613,HDFCBANK
2026-03-10,836.2193641547399,842.8595391904452,826.923107096334,835.629150390625,52866024,HDFCBANK
2026-03-11,831.2515482012323,835.0388833093358,814.1346283989498,820.38134765625,42261076,HDFCBANK
2026-03-12,806.7566625998296,822.7915039414563,806.7566625998296,819.2008666992188,46107561,HDFCBANK
2026-03-13,806.6583423777922,810.3965031755142,798.7885048911796,803.7071533203125,41700464,HDFCBANK
2026-03-16,803.7071599773169,830.7597265616207,802.3791489072894,826.9231567382812,52182605,HDFCBANK
2026-03-17,833.907625869114,835.0881134427475,821.5125964091002,831.5958251953125,38826979,HDFCBANK
2026-03-18,831.5958180920426,833.0222380629118,818.0695356894909,829.333251953125,23507063,HDFCBANK
2026-03-19,757.4718247668609,802.3791069663046,757.4718247668609,785.2130126953125,171637393,HDFCBANK
2026-03-20,772.2277890336613,780.8354236248008,765.5384393026802,767.7518310546875,103129469,HDFCBANK
2026-03-23,750.7333447737776,756.1930326018271,728.9928823726722,732.04248046875,72341738,HDFCBANK
2026-03-24,742.7158864237038,760.1770877270425,735.5346719806084,752.454833984375,61269986,HDFCBANK
2026-03-25,755.7011518436857,781.8683373030494,755.7011518436857,769.5717163085938,59230640,HDFCBANK
2026-03-27,760.6197661066401,762.2921184952538,742.2731843894259,743.8963623046875,65485199,HDFCBANK
2026-03-30,733.0753333889118,738.7809532430898,714.8271607333363,719.6473999023438,103500135,HDFCBANK
2026-04-01,730.9111370884557,743.6012737142313,727.0745673991486,730.17333984375,78862761,HDFCBANK
2026-04-02,718.1226435138951,742.7158847301245,714.8271732077576,738.6826171875,49310300,HDFCBANK
2026-04-06,746.6508105088765,760.1770933079504,732.8785952952741,758.45556640625,42976659,HDFCBANK
2026-04-07,753.5368922732654,761.4067292682865,748.6182441513773,759.4392700195312,51309793,HDFCBANK
2026-04-08,786.9837533249241,804.4941298279846,783.0488345582994,802.82177734375,70269512,HDFCBANK
2026-04-09,801.7397031581198,805.674621946626,780.1959987742106,784.72119140625,48879392,HDFCBANK
2026-04-10,790.9186649096054,799.0344347920734,787.9674758614352,797.1161499023438,38156026,HDFCBANK
2026-04-13,778.6220116333144,785.5081191272287,774.5395096022282,781.7699584960938,47549328,HDFCBANK
2026-04-15,791.8531825431569,801.5428954413671,790.9186273804953,796.72265625,39769515,HDFCBANK
2026-04-16,804.6908427624061,806.7074765090769,779.3106301457999,782.5077514648438,62861293,HDFCBANK
2026-04-17,777.2447773125524,790.8694690755784,775.3757269911107,786.8853759765625,37282544,HDFCBANK
2026-04-20,784.130869340026,796.7718311959621,777.146412936798,782.5077514648438,52148044,HDFCBANK
2026-04-21,782.2618278432276,801.6413139109341,782.2618278432276,798.5425415039062,49135752,HDFCBANK
2026-04-22,796.8210214869076,799.8213849297669,785.0162656130275,786.8853759765625,23876412,HDFCBANK
2026-04-23,779.1138736217773,783.6882404572269,769.7684420568696,771.5883178710938,37677616,HDFCBANK
2026-04-24,764.6530532653331,774.7854567622786,764.3579463755373,772.0802001953125,27720358,HDFCBANK
2026-04-27,774.6870798664892,780.0975928052393,772.227755803421,776.9496459960938,18115375,HDFCBANK
2026-04-28,772.2277766082829,781.5732082997206,765.6367759332712,769.817626953125,35366803,HDFCBANK
2026-04-29,772.7196209849993,777.1464043006358,764.7022005187322,766.3253784179688,25799963,HDFCBANK
2026-04-30,757.4718126650201,766.1286213727735,749.847908057028,759.1441650390625,47998755,HDFCBANK
2026-05-01,759.1441650390625,759.1441650390625,759.1441650390625,759.1441650390625,0,HDFCBANK
2026-05-04,760.0295232783589,773.8017387354295,760.0295232783589,766.7189331054688,29028060,HDFCBANK
2026-05-05,761.8002432312857,764.2595672860843,751.2743242683289,759.734375,38887657,HDFCBANK
2026-05-06,762.5380651832903,785.9508189360297,760.9148872376333,783.58984375,35530831,HDFCBANK
2026-05-07,781.0813276889071,788.5084744009563,775.7199891869062,783.0979614257812,46137553,HDFCBANK
2026-05-08,771.2440360478325,775.9167518274592,764.5546865191014,768.145263671875,38016841,HDFCBANK
2026-05-11,759.3901026416063,762.2428825536997,749.5036318326614,751.2251586914062,41123422,HDFCBANK
2026-05-12,744.2898305325124,747.3394284783378,735.6330216051203,738.2399291992188,43937132,HDFCBANK
2026-05-13,739.7647228184694,747.5853858194506,735.1903557682459,737.4037475585938,28960919,HDFCBANK
2026-05-14,738.7810009702333,765.6368096362314,734.846082190099,757.0291748046875,50992358,HDFCBANK
2026-05-15,760.4230253238243,769.1782432932904,752.9467039429112,755.0125122070312,24347873,HDFCBANK
2026-05-18,746.6507839481793,761.5050772404568,739.1252283144738,756.143798828125,29812079,HDFCBANK
2026-05-19,754.2255287138954,758.2587962302428,747.8804605130283,750.044677734375,40307830,HDFCBANK
2026-05-20,747.2410491475586,749.8479568451309,742.8635000569833,747.1427001953125,24013451,HDFCBANK
2026-05-21,754.5206547496631,755.7503168336749,742.8634822100684,746.7984008789062,34664725,HDFCBANK
2026-05-22,746.7984174780529,762.390509033052,746.7984174780529,754.3239135742188,25604071,HDFCBANK
2026-05-25,763.3742255318324,775.0313981291084,762.5872538025895,774.0476684570312,26043952,HDFCBANK
2026-05-26,771.2932224692265,777.9825721015808,764.1120080103449,766.22705078125,31528062,HDFCBANK
2026-05-27,756.9799611769273,761.3083956280444,744.584991677417,746.3065185546875,63680153,HDFCBANK
2026-05-28,746.3065185546875,746.3065185546875,746.3065185546875,746.3065185546875,0,HDFCBANK
2026-05-29,733.9115075895189,748.1264133157719,725.7465633447872,732.4359130859375,101299431,HDFCBANK
2026-06-01,736.8135126590627,740.1089829912345,727.1729740345589,730.6160278320312,47996441,HDFCBANK
2026-06-02,725.0087855549667,741.3386744827858,721.2214502442791,736.0757446289062,47314447,HDFCBANK
2026-06-03,732.3375535846441,744.5849997963322,730.5176176978582,741.3878784179688,36109480,HDFCBANK
2026-06-04,736.9610714527732,744.9784318589446,732.8785694984622,741.9288940429688,42673538,HDFCBANK
2026-06-05,741.6829610502508,746.355676758121,732.5342875674706,734.8952026367188,22116568,HDFCBANK
2026-06-08,725.9925096938186,729.4355636015806,722.5494557860566,726.6319580078125,21550700,HDFCBANK
2026-06-09,727.4189306755471,731.8457142768752,720.3852393810432,726.3367919921875,38539563,HDFCBANK
2026-06-10,724.5169081730804,743.6504624272108,724.418559222074,734.698486328125,44458159,HDFCBANK
2026-06-11,730.9111639255492,743.699649970007,728.0583237911012,732.485107421875,32632007,HDFCBANK
2026-06-12,742.4207572291352,761.8494172504803,740.8467538097462,759.8819580078125,36088159,HDFCBANK
2026-06-15,777.1464134002696,780.5894671305239,762.980682607529,764.7022094726562,39990334,HDFCBANK
2026-06-16,767.8010209255166,774.8838866823837,766.7681167622869,772.1294555664062,27820970,HDFCBANK
2026-06-17,774.8346784396643,781.376444549763,770.3586605239058,774.2935791015625,32405604,HDFCBANK
2026-06-18,773.7033792240301,789.8857441736253,773.4082723338255,786.0,41492071,HDFCBANK
2026-06-19,788.7000122070312,789.0499877929688,776.2000122070312,779.7999877929688,33798761,HDFCBANK
2026-06-22,789.9000244140625,789.9000244140625,783.0999755859375,786.4000244140625,25194765,HDFCBANK
2026-06-23,783.0499877929688,790.9000244140625,772.5499877929688,774.6500244140625,28289062,HDFCBANK
2026-06-24,773.0,794.9000244140625,772.6500244140625,793.2000122070312,34701292,HDFCBANK
2026-06-25,798.5,804.4500122070312,794.75,796.2999877929688,46707966,HDFCBANK
2026-06-26,796.2999877929688,796.2999877929688,796.2999877929688,796.2999877929688,0,HDFCBANK
2026-06-29,800.0,805.9000244140625,793.2999877929688,798.9000244140625,46695977,HDFCBANK
2026-06-30,806.0999755859375,806.0999755859375,792.75,797.9500122070312,45778356,HDFCBANK
2026-07-01,793.5,802.25,793.5,796.1500244140625,26094378,HDFCBANK
2026-07-02,795.0,805.4500122070312,794.0,795.9000244140625,34143823,HDFCBANK
2026-07-03,803.0,807.0,798.5499877929688,801.0499877929688,25871958,HDFCBANK
2026-07-06,805.0,831.5,805.0,829.8499755859375,63203327,HDFCBANK
2026-07-07,843.0,843.0,826.0999755859375,829.2999877929688,57611729,HDFCBANK
2026-07-08,825.9000244140625,834.3499755859375,806.9500122070312,810.2999877929688,38754632,HDFCBANK
2026-07-09,813.0,822.8499755859375,812.2999877929688,817.5499877929688,39891798,HDFCBANK
2026-07-10,824.0,827.7000122070312,820.2999877929688,824.9500122070312,23595785,HDFCBANK
2026-07-13,817.0,821.9500122070312,811.0,817.9500122070312,21741736,HDFCBANK
2026-07-14,811.4000244140625,818.4000244140625,807.0,809.4000244140625,25605395,HDFCBANK
2026-07-15,811.0,819.7000122070312,809.7000122070312,815.4500122070312,21488739,HDFCBANK
2026-07-16,814.5,818.0,806.5,808.2999877929688,18698186,HDFCBANK
2026-07-17,810.0,823.7000122070312,808.5,819.5999755859375,17415322,HDFCBANK
2026-07-20,790.0,790.0,774.5499877929688,777.5999755859375,56061789,HDFCBANK
2026-07-21,769.1500244140625,772.5,760.0999755859375,761.4500122070312,42246009,HDFCBANK
2026-07-22,760.25,761.3499755859375,750.3499755859375,753.1500244140625,23385446,HDFCBANK
2026-07-23,749.4000244140625,751.0,743.25,747.25,32532090,HDFCBANK
2026-07-24,738.5,748.25,737.25,742.7999877929688,23837859,HDFCBANK
2026-07-27,746.0999755859375,747.9500122070312,738.0999755859375,739.5499877929688,29678752,HDFCBANK
2026-07-28,732.0,740.25,732.0,735.4000244140625,33886037,HDFCBANK
2026-07-29,743.0,751.25,740.7999877929688,748.2000122070312,20460659,HDFCBANK
2026-07-30,752.7999877929688,757.9000244140625,745.5,753.9500122070312,35844392,HDFCBANK
2026-07-31,753.9500122070312,757.5499877929688,747.2000122070312,748.1500244140625,25522483,HDFCBANK
2026-08-03,753.0499877929688,756.8499755859375,750.0499877929688,753.0,14827841,HDFCBANK
2026-08-04,753.2000122070312,753.2000122070312,738.0,742.0,31559802,HDFCBANK
2026-08-05,733.7999877929688,741.9500122070312,732.5999755859375,735.0,60050538,HDFCBANK
2026-08-06,739.0,740.5,733.5499877929688,734.2999877929688,44772122,HDFCBANK
2026-08-07,733.0,736.0,728.2000122070312,731.0,19382042,HDFCBANK
2026-08-10,731.5,737.5499877929688,728.5,731.0,23660590,HDFCBANK
2026-08-11,730.5,730.8499755859375,726.5499877929688,729.0,29154365,HDFCBANK
2026-08-12,729.0,730.6500244140625,722.0,729.0,26993177,HDFCBANK
2026-08-13,726.9000244140625,729.0,724.5,725.0,22129893,HDFCBANK
2026-08-14,725.0,729.5999755859375,723.5,727.0,20364131,HDFCBANK
2026-08-17,727.0499877929688,732.0999755859375,724.5,729.0,14823722,HDFCBANK
2026-08-18,726.2999877929688,729.0,723.0,723.0,17916507,HDFCBANK
2026-08-19,724.0,725.4000244140625,715.0999755859375,720.0,21342651,HDFCBANK
2026-08-20,725.5,728.2999877929688,724.2999877929688,725.0499877929688,17603805,HDFCBANK
2026-08-21,728.2999877929688,732.7999877929688,726.5999755859375,726.9500122070312,26029811,HDFCBANK
2026-08-24,732.5,734.4000244140625,724.0999755859375,729.0,11408345,HDFCBANK
2026-08-25,726.5999755859375,728.7000122070312,722.0,727.5,17511874,HDFCBANK
2026-08-26,728.0,731.0,724.1500244140625,727.2000122070312,21156463,HDFCBANK
2026-08-27,728.1500244140625,728.1500244140625,710.0,711.0,46515020,HDFCBANK
2026-08-28,710.8499755859375,720.2999877929688,707.0,720.2999877929688,16494301,HDFCBANK
2026-08-31,723.0499877929688,739.75,704.1500244140625,709.0,78157067,HDFCBANK
2026-09-01,705.0499877929688,715.4500122070312,698.5,711.9000244140625,44417092,HDFCBANK
2026-09-02,702.2999877929688,705.6500244140625,700.0,700.7999877929688,36950338,HDFCBANK
2026-09-03,705.0,712.5999755859375,705.0,706.6500244140625,27770641,HDFCBANK
2026-09-04,708.3499755859375,716.5,708.3499755859375,712.0999755859375,14488024,HDFCBANK
2026-09-07,712.0999755859375,713.0,707.0499877929688,710.5,12180390,HDFCBANK
2026-09-08,707.0999755859375,708.9000244140625,703.0,703.0,19883515,HDFCBANK
2026-09-09,698.0,700.0,687.0999755859375,687.0999755859375,39173990,HDFCBANK
2026-09-10,687.0999755859375,694.5,686.2000122070312,693.7999877929688,27108053,HDFCBANK
2026-09-11,683.9000244140625,709.0,681.9000244140625,708.25,31411934,HDFCBANK
2026-09-14,708.25,708.25,708.25,708.25,0,HDFCBANK
2026-09-15,722.4000244140625,730.75,715.0499877929688,716.5499877929688,50387632,HDFCBANK
2026-09-16,714.9000244140625,725.4000244140625,710.8499755859375,721.5,27476943,HDFCBANK
2026-09-17,717.5,719.4000244140625,713.0,713.0,21543303,HDFCBANK
2026-09-18,715.25,733.7999877929688,715.25,731.0,39400710,HDFCBANK
2026-09-21,731.0,742.6500244140625,729.0499877929688,739.5,35482683,HDFCBANK
2026-09-22,738.8499755859375,749.2999877929688,738.5999755859375,738.5999755859375,35483669,HDFCBANK
2026-09-23,735.6500244140625,742.7999877929688,734.0,737.25,23197231,HDFCBANK
2026-09-24,725.0,734.8499755859375,722.7000122070312,728.9000244140625,29575194,HDFCBANK
2026-09-25,723.0,739.6500244140625,723.0,735.5999755859375,19853034,HDFCBANK
2026-09-28,731.5999755859375,733.0,718.0999755859375,719.0499877929688,21675579,HDFCBANK
2026-09-29,713.7000122070312,722.7000122070312,706.25,722.7000122070312,42755901,HDFCBANK
2026-09-30,711.5,720.2999877929688,708.7000122070312,708.7000122070312,39365496,HDFCBANK
2026-10-01,708.4000244140625,721.2999877929688,707.0999755859375,721.2000122070312,37389857,HDFCBANK
