Date,Open,High,Low,Close,Volume,Symbol
2021-10-04,2475.7181685362875,2497.7245522566104,2457.104390867413,2463.064453125,1025005,HINDUNILVR
2021-10-05,2463.0648060611325,2489.426623670192,2462.8814642759608,2483.64990234375,562784,HINDUNILVR
2021-10-06,2470.262218323035,2506.893629475423,2453.711540774042,2462.9267578125,862471,HINDUNILVR
2021-10-07,2473.8845220471962,2479.6153516479353,2444.5426744914103,2447.66015625,1082816,HINDUNILVR
2021-10-08,2448.6688477844427,2456.050201009896,2407.315092246942,2420.748291015625,1579941,HINDUNILVR
2021-10-11,2422.7194230860855,2444.0839987798045,2416.576019052401,2425.378662109375,1086252,HINDUNILVR
2021-10-12,2406.9483469886904,2464.7609987237042,2406.9483469886904,2453.849365234375,1174337,HINDUNILVR
2021-10-13,2464.806857905465,2469.849987709411,2423.0864204364584,2426.8916015625,1660007,HINDUNILVR
2021-10-14,2426.891772026629,2454.3997547075774,2402.363820802784,2429.459228515625,2158809,HINDUNILVR
2021-10-18,2450.7779314820264,2456.3710870149,2423.49918180767,2433.53955078125,1758177,HINDUNILVR
2021-10-19,2448.118416627324,2505.0600242932765,2311.128766922109,2335.244140625,5431133,HINDUNILVR
2021-10-20,2355.599832160393,2369.3538210597335,2264.8235054247452,2272.7548828125,4864654,HINDUNILVR
2021-10-21,2295.449214993159,2296.91639684673,2226.312579458627,2242.588134765625,3254632,HINDUNILVR
2021-10-22,2254.737509592624,2290.727118072295,2228.146461289173,2250.24462890625,1845622,HINDUNILVR
2021-10-25,2250.24448896833,2258.909457673494,2209.807669863553,2251.84912109375,1560381,HINDUNILVR
2021-10-26,2277.7270467983776,2277.7270467983776,2229.8920521058185,2248.158935546875,1595060,HINDUNILVR
2021-10-27,2264.9034933520934,2265.0879618277268,2205.9974610781574,2211.025634765625,3083879,HINDUNILVR
2021-10-28,2214.161944731133,2228.923024362674,2184.6397854680513,2204.61328125,2015791,HINDUNILVR
2021-10-29,2214.1622073582007,2216.0073425309993,2189.252882525421,2207.842529296875,2453400,HINDUNILVR
2021-11-01,2207.7043527236015,2224.2182233118274,2184.8708037349224,2220.712646484375,1941114,HINDUNILVR
2021-11-02,2228.0007093391137,2239.994087898703,2216.007330779524,2231.5986328125,1350154,HINDUNILVR
2021-11-03,2245.5296116490113,2245.5296116490113,2201.430833883266,2224.633544921875,1591607,HINDUNILVR
2021-11-04,2240.916620364744,2241.839187931794,2232.613512261293,2235.242919921875,245719,HINDUNILVR
2021-11-08,2259.3677911050045,2259.3677911050045,2214.2543307768506,2243.591796875,2555533,HINDUNILVR
2021-11-09,2250.8807364317577,2256.785079661651,2229.33869038028,2242.900390625,1696949,HINDUNILVR
2021-11-10,2224.3569043498624,2232.6138402406914,2210.4722153788002,2214.30078125,1794509,HINDUNILVR
2021-11-11,2216.6533662997094,2220.5742790221566,2182.979645271631,2192.205322265625,1282647,HINDUNILVR
2021-11-12,2203.0912850134637,2226.7091041265194,2192.2049429967233,2218.728759765625,1651974,HINDUNILVR
2021-11-15,2217.9451603014845,2241.839574311785,2217.9451603014845,2236.99609375,1007999,HINDUNILVR
2021-11-16,2246.1292576965247,2246.1292576965247,2214.2547253123867,2220.29736328125,1245209,HINDUNILVR
2021-11-17,2217.852643057335,2223.4342224184347,2202.3534614030305,2205.99755859375,956809,HINDUNILVR
2021-11-18,2204.936597102425,2220.0206676833723,2186.4852448254173,2213.608642578125,1236943,HINDUNILVR
2021-11-22,2222.834522463927,2223.2958063131337,2193.081714190079,2203.59912109375,1629290,HINDUNILVR
2021-11-23,2202.9071803024035,2214.1624610990734,2155.5794126491605,2208.8115234375,1932539,HINDUNILVR
2021-11-24,2219.6979168037424,2219.6979168037424,2183.717776007672,2190.86767578125,999070,HINDUNILVR
2021-11-25,2202.1686180698252,2202.1686180698252,2159.7305131551993,2167.1572265625,1363272,HINDUNILVR
2021-11-26,2162.498358838923,2181.8722775827873,2145.1540436781247,2154.28759765625,2450902,HINDUNILVR
2021-11-29,2153.641891110843,2160.884137456397,2107.7903226960016,2149.029052734375,1724612,HINDUNILVR
2021-11-30,2142.201816029922,2178.18194989089,2123.7504653319897,2138.096435546875,3931035,HINDUNILVR
2021-12-01,2158.808659185595,2174.26166988703,2143.3556484841597,2163.283203125,1263139,HINDUNILVR
2021-12-02,2174.4920399996026,2203.0916383194954,2163.421227746741,2198.755615234375,1673117,HINDUNILVR
2021-12-03,2198.7557270711723,2204.8445389781946,2156.871016775684,2162.17578125,1890178,HINDUNILVR
2021-12-06,2162.4983834746913,2180.903561443795,2122.8279779757954,2127.902099609375,1079171,HINDUNILVR
2021-12-07,2147.6452482457335,2160.3305540587744,2132.976511981882,2141.833251953125,895313,HINDUNILVR
2021-12-08,2138.742098625674,2162.913321985202,2138.742098625674,2159.361572265625,839769,HINDUNILVR
2021-12-09,2159.7310905403556,2166.7426954952234,2141.7871929515513,2158.577880859375,716666,HINDUNILVR
2021-12-10,2165.266186534611,2165.266186534611,2140.356860997144,2152.165771484375,724539,HINDUNILVR
2021-12-13,2169.878707242946,2169.878707242946,2122.8277658869124,2125.91845703125,1804894,HINDUNILVR
2021-12-14,2126.518379735286,2144.9235588423635,2125.5958121085027,2138.78857421875,1219031,HINDUNILVR
2021-12-15,2136.666733497352,2144.7853740777527,2122.3669345469166,2141.2333984375,755122,HINDUNILVR
2021-12-16,2141.2330307430143,2145.246289531218,2125.549382974457,2130.669677734375,926493,HINDUNILVR
2021-12-17,2124.672937494746,2130.1621690337374,2053.635240496441,2057.55615234375,2439222,HINDUNILVR
2021-12-20,2053.6354404246763,2098.2416731716976,2030.7095458851932,2093.398193359375,2175705,HINDUNILVR
2021-12-21,2112.6798547820667,2124.3964185364493,2078.3142108560264,2096.85791015625,1591415,HINDUNILVR
2021-12-22,2121.9056100305556,2137.958197159767,2093.3060126779696,2101.2861328125,1661605,HINDUNILVR
2021-12-23,2120.936563069817,2126.518141634147,2098.4721790146714,2122.5048828125,1423081,HINDUNILVR
2021-12-24,2131.1311046716482,2133.898807404988,2106.4985953921687,2119.091552734375,895503,HINDUNILVR
2021-12-27,2119.0916406401966,2129.3784047009017,2101.839671267297,2123.197021484375,584302,HINDUNILVR
2021-12-28,2131.131001935489,2138.880479120769,2119.829549652498,2130.30078125,783710,HINDUNILVR
2021-12-29,2135.651831428715,2142.0638569909866,2121.029268848687,2128.225341796875,1410236,HINDUNILVR
2021-12-30,2129.2861566098636,2149.5826451044118,2118.8149235874967,2145.5234375,963711,HINDUNILVR
2021-12-31,2158.808301164332,2186.8083194384603,2149.5826246636298,2177.39794921875,1123597,HINDUNILVR
2022-01-03,2193.8655728433496,2193.8655728433496,2170.8013847352404,2178.458740234375,879278,HINDUNILVR
2022-01-04,2185.516692283363,2221.635352622563,2172.9699067945844,2215.315673828125,1484275,HINDUNILVR
2022-01-05,2217.6677158185908,2232.6132636935977,2206.781374692184,2228.738525390625,1202512,HINDUNILVR
2022-01-06,2212.3170634845283,2225.23300964332,2184.363220679326,2206.22802734375,1198901,HINDUNILVR
2022-01-07,2203.0915779741426,2234.366531637317,2203.0915779741426,2229.061767578125,1026186,HINDUNILVR
2022-01-10,2237.2265481535815,2237.2265481535815,2216.00749223295,2220.66650390625,919447,HINDUNILVR
2022-01-11,2229.984694748078,2231.045782872727,2206.7822043909055,2217.530029296875,1321335,HINDUNILVR
2022-01-12,2220.80471306216,2228.923353104157,2212.7784198759605,2226.2939453125,1487554,HINDUNILVR
2022-01-13,2230.7682527784877,2234.366175994937,2217.160381923036,2227.262451171875,1586299,HINDUNILVR
2022-01-14,2232.613699122521,2233.536266766787,2177.9977396292516,2180.673095703125,1596037,HINDUNILVR
2022-01-17,2180.949836818986,2208.811333680341,2163.421052174502,2204.521484375,912205,HINDUNILVR
2022-01-18,2222.1885306139893,2222.1885306139893,2174.8607677391096,2186.02392578125,1667579,HINDUNILVR
2022-01-19,2180.9495659710296,2185.193466557672,2126.564256993739,2131.03857421875,2145255,HINDUNILVR
2022-01-20,2144.9695542032005,2145.4770114030516,2069.319015087217,2086.663330078125,2829711,HINDUNILVR
2022-01-21,2089.4311612090123,2153.595783317832,2075.777115579289,2145.338623046875,4596050,HINDUNILVR
2022-01-24,2157.7934877442076,2163.37506733587,2091.184145335836,2107.6982421875,2231103,HINDUNILVR
2022-01-25,2106.6833179017785,2152.996170843873,2067.3818442545667,2147.045654296875,1843543,HINDUNILVR
2022-01-27,2131.131248488314,2145.5233937674066,2098.841381086976,2117.61572265625,2620474,HINDUNILVR
2022-01-28,2116.923419558641,2139.157160578381,2101.654882790564,2106.72900390625,1967721,HINDUNILVR
2022-01-31,2112.6799570076278,2132.8381506220467,2095.1511713381324,2097.688232421875,1639875,HINDUNILVR
2022-02-01,2124.9500211800946,2140.3568552199918,2101.9779525491404,2127.117919921875,1270508,HINDUNILVR
2022-02-02,2144.1391991085875,2152.349959696187,2118.7224196465886,2147.644775390625,1246111,HINDUNILVR
2022-02-03,2148.6597848218175,2151.3813139975136,2112.679651027034,2120.198486328125,1448039,HINDUNILVR
2022-02-04,2127.4407541453415,2133.668085060555,2106.221700656468,2127.994384765625,1014561,HINDUNILVR
2022-02-07,2117.523152102328,2137.3121808433843,2063.783592747155,2082.78857421875,1207402,HINDUNILVR
2022-02-08,2092.3833950526905,2092.3833950526905,2072.59436433985,2089.01611328125,1190660,HINDUNILVR
2022-02-09,2091.9683346232428,2103.77724567414,2080.9436961748984,2101.2861328125,1049611,HINDUNILVR
2022-02-10,2103.4545972093874,2108.067436238355,2081.1746747939847,2106.360595703125,1195100,HINDUNILVR
2022-02-11,2102.5316351323763,2102.5316351323763,2074.8546061486245,2083.15771484375,2100036,HINDUNILVR
2022-02-14,2048.1002824123775,2063.092007452558,2036.106902380233,2055.98828125,1661501,HINDUNILVR
2022-02-15,2073.886095748568,2125.73435743088,2050.4529653638756,2112.7724609375,1533070,HINDUNILVR
2022-02-16,2112.772261362589,2125.3652196667686,2098.841399779446,2109.450927734375,995668,HINDUNILVR
2022-02-17,2105.299203055527,2133.89879783849,2099.763797613663,2128.870849609375,869374,HINDUNILVR
2022-02-18,2116.37069594672,2147.5535350319037,2116.37069594672,2133.484375,890713,HINDUNILVR
2022-02-21,2120.060325542813,2125.64190451936,2107.836304953848,2117.108154296875,737919,HINDUNILVR
2022-02-22,2103.454222892399,2103.454222892399,2075.869540502473,2094.182373046875,902667,HINDUNILVR
2022-02-23,2094.228320529739,2097.872417273726,2077.8527466577552,2085.37158203125,1324411,HINDUNILVR
2022-02-24,2029.6487068776512,2068.3965458271337,1993.0228184416958,2003.26318359375,2997629,HINDUNILVR
2022-02-25,2025.0361161001338,2025.9586838067853,1994.729676842128,2002.61767578125,2193728,HINDUNILVR
2022-02-28,1996.436170396908,2011.104904290088,1955.843198355566,2003.9090576171875,2334036,HINDUNILVR
2022-03-02,1964.100070792032,1987.9485312073057,1958.6570125347691,1982.68994140625,2034688,HINDUNILVR
2022-03-03,1990.808676007574,2000.0805260964498,1925.029781622644,1929.0889892578125,2372998,HINDUNILVR
2022-03-04,1914.327745279424,1917.0492746170337,1822.3016283677987,1863.125244140625,6320118,HINDUNILVR
2022-03-07,1826.2224928441972,1826.8221842843884,1777.787695736685,1793.4251708984375,2976453,HINDUNILVR
2022-03-08,1775.5273755035412,1806.3872141713298,1754.3083224259412,1798.0841064453125,3211938,HINDUNILVR
2022-03-09,1811.9228110423805,1851.6393922481686,1799.929431946886,1843.1978759765625,2879079,HINDUNILVR
2022-03-10,1893.016364632082,1950.3079025741886,1890.3410086918223,1939.19091796875,4879791,HINDUNILVR
2022-03-11,1937.391932448207,1946.8020767871385,1909.714904841804,1932.2254638671875,2481643,HINDUNILVR
2022-03-14,1932.7791241690913,1932.7791241690913,1887.665545954839,1899.843505859375,1730325,HINDUNILVR
2022-03-15,1886.650824336971,1919.6787909056195,1868.1994715317196,1880.3773193359375,2391023,HINDUNILVR
2022-03-16,1900.4891366459435,1918.9404874871664,1874.7034188925782,1911.6982421875,2808685,HINDUNILVR
2022-03-17,1935.6388625934694,1952.7984820718762,1921.108425213526,1939.282958984375,2995889,HINDUNILVR
2022-03-21,1943.3886385101139,1947.4478458328756,1887.5732990228782,1892.37060546875,1674982,HINDUNILVR
2022-03-22,1894.7232488895797,1894.7232488895797,1816.5356431228643,1839.1385498046875,5356303,HINDUNILVR
2022-03-23,1856.2060329404437,1860.403760616855,1822.3016732433457,1825.34619140625,3212162,HINDUNILVR
2022-03-24,1817.4581637989966,1837.1549594464946,1800.2522556130125,1813.6756591796875,3054664,HINDUNILVR
2022-03-25,1821.978912685095,1823.9162822670653,1794.3941168484785,1801.774658203125,2233647,HINDUNILVR
2022-03-28,1808.186407756052,1827.4220332167306,1781.7549348653629,1822.163330078125,1794533,HINDUNILVR
2022-03-29,1826.683963313727,1840.3840705149553,1821.1947307944522,1833.1881103515625,1249125,HINDUNILVR
2022-03-30,1845.1352295498923,1862.6640142306164,1840.5685649040033,1859.8040771484375,1476829,HINDUNILVR
2022-03-31,1863.032835458969,1894.953648494209,1861.7412184329667,1890.017822265625,2540524,HINDUNILVR
2022-04-01,1895.7839472795958,1924.3375928229545,1880.561695492296,1917.233642578125,1714996,HINDUNILVR
2022-04-04,1917.095545937541,1967.329308626722,1909.8994733357633,1963.6390380859375,1693019,HINDUNILVR
2022-04-05,1978.4462522395434,1990.9009150538282,1962.3013189617668,1974.1102294921875,1277652,HINDUNILVR
2022-04-06,1969.6820099917516,1996.8054098709079,1957.0428777383522,1976.1861572265625,1736115,HINDUNILVR
2022-04-07,1974.2486635833036,2006.584705844274,1969.7743454729411,1997.174560546875,1824732,HINDUNILVR
2022-04-08,2009.0754037479765,2023.652016775644,1995.9749889647164,2014.01123046875,1693462,HINDUNILVR
2022-04-11,2018.5780770854776,2024.2058300091462,1973.2799140545533,1995.56005859375,1380107,HINDUNILVR
2022-04-12,1975.1248950778788,1997.3588644486824,1960.4561602556353,1967.144775390625,1370233,HINDUNILVR
2022-04-13,1972.172727313377,1997.3588680173782,1965.714754068055,1985.5037841796875,1071601,HINDUNILVR
2022-04-18,1981.6752569101895,2013.8727769023644,1969.7280512232717,2009.029296875,1828131,HINDUNILVR
2022-04-19,2016.4559648177424,2035.9684047628139,1938.360707318754,1949.4315185546875,1775996,HINDUNILVR
2022-04-20,1950.6769054291142,2000.726199322018,1930.6572329192002,1997.312744140625,1511804,HINDUNILVR
2022-04-21,2015.809998008398,2033.1081387235731,2000.1263504266392,2027.7572021484375,2244813,HINDUNILVR
2022-04-22,2013.0423935435165,2019.5003663917314,1955.8432054593286,1962.2550048828125,3520828,HINDUNILVR
2022-04-25,1937.39193661304,1994.5911271225677,1888.4958544032822,1938.0838623046875,2437310,HINDUNILVR
2022-04-26,1976.3246082965982,1990.8550505009514,1956.766216852913,1981.99853515625,1447088,HINDUNILVR
2022-04-27,1981.4907654390372,1985.7344413196465,1940.6209751113377,1978.9998779296875,2214481,HINDUNILVR
2022-04-28,2057.3255415830213,2075.776891731748,1997.3586535996596,2068.258056640625,5865359,HINDUNILVR
2022-04-29,2070.610633368373,2112.6798060639644,2050.452666430418,2061.80029296875,2678692,HINDUNILVR
2022-05-02,2048.1001492098185,2077.622313522753,2035.091855464936,2057.787109375,1543544,HINDUNILVR
2022-05-04,2068.3505289089035,2076.561516258867,1982.2749208249636,2003.40185546875,1608395,HINDUNILVR
2022-05-05,2009.352386427738,2031.4478370898294,1986.841825361155,1998.835205078125,1101451,HINDUNILVR
2022-05-06,1960.456015155076,2001.9715542995366,1943.1117004208143,1982.7821044921875,1585602,HINDUNILVR
2022-05-09,1957.226983950491,1973.7408523819151,1946.75575255606,1952.75244140625,1341414,HINDUNILVR
2022-05-10,1968.759238076086,2027.7112170130201,1954.9207242189436,2011.5662841796875,2162232,HINDUNILVR
2022-05-11,2015.8103020008812,2020.1463248801338,1952.1531345692745,1995.97509765625,1858636,HINDUNILVR
2022-05-12,1997.220305912026,1997.220305912026,1945.879290335057,1973.1873779296875,1531515,HINDUNILVR
2022-05-13,2001.972201841008,2046.2554579185971,1987.349411562539,2024.2061767578125,2057239,HINDUNILVR
2022-05-16,2029.648576238161,2049.898888576567,2004.0935005754961,2045.5628662109375,1396818,HINDUNILVR
2022-05-17,2064.613743076452,2100.6862228563473,2049.299257533322,2071.1640625,2055096,HINDUNILVR
2022-05-18,2062.9533861422306,2123.7504975188517,2062.9533861422306,2113.97119140625,2137455,HINDUNILVR
2022-05-19,2071.7178290173856,2106.9598652076074,2071.5793087399024,2089.200439453125,1734602,HINDUNILVR
2022-05-20,2112.6799292669716,2166.188853239672,2105.9451403404,2145.84619140625,2599505,HINDUNILVR
2022-05-23,2130.208537617383,2203.0913762799096,2127.763823630156,2195.5263671875,2363306,HINDUNILVR
2022-05-24,2195.7108243415714,2195.7108243415714,2123.7967270537633,2130.80810546875,3078655,HINDUNILVR
2022-05-25,2149.5365390709167,2149.5365390709167,2109.4510180845896,2120.706298828125,1884260,HINDUNILVR
2022-05-26,2112.818419982746,2118.2155313570597,2083.1579572318124,2103.638916015625,2299127,HINDUNILVR
2022-05-27,2119.1376270697115,2154.102846538108,2103.9152627481394,2150.135986328125,1011303,HINDUNILVR
2022-05-30,2160.837854055566,2181.872441029013,2150.5051416653823,2167.065185546875,939562,HINDUNILVR
2022-05-31,2177.2595579252097,2184.54775194411,2125.5034249495284,2171.0322265625,3123979,HINDUNILVR
2022-06-01,2186.4852537874876,2226.8937604870093,2123.7506557885217,2129.701171875,2197599,HINDUNILVR
2022-06-02,2117.292467917809,2128.3171047841256,2082.373197034353,2107.88232421875,1460335,HINDUNILVR
2022-06-03,2107.1443924137075,2144.923490479133,2089.753903108621,2114.478759765625,1845303,HINDUNILVR
2022-06-06,2096.258170795974,2123.7045584032867,2073.5631417313366,2103.91552734375,2131405,HINDUNILVR
2022-06-07,2075.776967348787,2084.864347722556,2036.1527365081945,2040.3504638671875,2034730,HINDUNILVR
2022-06-08,2043.4870437844068,2047.1311404179544,2016.7325858748143,2026.927001953125,1506843,HINDUNILVR
2022-06-09,2026.881347231475,2037.3525812909693,2002.6639437882225,2027.527099609375,1497867,HINDUNILVR
2022-06-10,1995.5137417473939,2037.8135567883126,1995.3292732725188,2029.556396484375,1641981,HINDUNILVR
2022-06-13,2000.126702866766,2045.3325185680906,1989.0558908582784,2026.788818359375,1519441,HINDUNILVR
2022-06-14,2021.2075906882687,2042.5187699969383,1992.7462862736065,2002.89453125,1592475,HINDUNILVR
2022-06-15,2009.12997070331,2009.316067845654,1983.3492678056143,1997.8218994140625,1432377,HINDUNILVR
2022-06-16,1996.3797471204837,2014.0632973280776,1987.1191965356963,1997.9619140625,1353485,HINDUNILVR
2022-06-17,2010.340017697,2010.7122119955238,1954.4972394276388,1964.22314453125,3252189,HINDUNILVR
2022-06-20,1964.7352388806999,2050.267676864812,1962.0826158113082,2043.752685546875,2022000,HINDUNILVR
2022-06-21,2042.914794921875,2077.351171875,2021.6479144811628,2052.221923828125,1606187,HINDUNILVR
2022-06-22,2037.517065444526,2070.7434775451175,2034.5854100804563,2050.221435546875,1741378,HINDUNILVR
2022-06-23,2055.0140404155354,2100.944811964209,2040.2157965035597,2096.52392578125,1585753,HINDUNILVR
2022-06-24,2108.0648874286912,2158.1372909061834,2103.457903649479,2144.26953125,1930048,HINDUNILVR
2022-06-27,2155.391646400277,2170.2830533947563,2138.824910673951,2159.85888671875,1450391,HINDUNILVR
2022-06-28,2159.859033532507,2162.977012973852,2120.024698894455,2157.06689453125,1404108,HINDUNILVR
2022-06-29,2137.1031691398257,2140.546761833503,2070.8364482410825,2078.700927734375,1682914,HINDUNILVR
2022-06-30,2070.743094395346,2093.17336676102,2060.039895765843,2076.04833984375,2387212,HINDUNILVR
2022-07-01,2071.766646349695,2134.124402551595,2050.918770987039,2124.21240234375,1235612,HINDUNILVR
2022-07-04,2118.302947562289,2213.5149400791533,2118.302947562289,2210.629638671875,2410245,HINDUNILVR
2022-07-05,2219.285299796351,2244.879909041224,2207.279192167795,2235.107421875,2463079,HINDUNILVR
2022-07-06,2233.71114676327,2335.2520235331563,2233.71114676327,2325.293212890625,4770394,HINDUNILVR
2022-07-07,2331.4360868273643,2355.634625053916,2294.6729229831803,2301.606689453125,3333262,HINDUNILVR
2022-07-08,2304.863906518729,2330.318995121599,2282.8526374119147,2323.8505859375,1346970,HINDUNILVR
2022-07-11,2314.683034001477,2350.0501249914473,2308.1680435559565,2318.03369140625,1587197,HINDUNILVR
2022-07-12,2303.5147259287196,2318.0339399396685,2275.0813977051125,2279.828125,1116476,HINDUNILVR
2022-07-13,2293.2769117205485,2344.7919689512937,2290.856966946483,2324.6884765625,2528792,HINDUNILVR
2022-07-14,2329.342091585672,2348.095868699102,2297.185910184536,2324.735107421875,1663307,HINDUNILVR
2022-07-15,2354.704166387848,2395.5623809937165,2328.6907804294483,2390.53662109375,2996964,HINDUNILVR
2022-07-18,2402.1697979641913,2424.50690573294,2357.542163512841,2376.5751953125,1566888,HINDUNILVR
2022-07-19,2373.2713375549665,2396.585741377214,2347.955991867715,2390.024169921875,1473121,HINDUNILVR
2022-07-20,2396.5857174969105,2436.606372196859,2359.9157201268895,2424.041748046875,4012897,HINDUNILVR
2022-07-21,2435.6757073308668,2447.6818130876923,2412.1286250515586,2426.787353515625,1990695,HINDUNILVR
2022-07-22,2435.6759511785335,2460.0605866356937,2430.1382542048914,2457.640869140625,1905780,HINDUNILVR
2022-07-25,2462.20112637264,2470.1121865027353,2431.022242330499,2441.818603515625,1253821,HINDUNILVR
2022-07-26,2443.1213398317363,2443.1213398317363,2362.2424804620946,2370.618896484375,1685576,HINDUNILVR
2022-07-27,2359.6833528392845,2411.0120851479155,2350.050382165021,2403.054443359375,1404133,HINDUNILVR
2022-07-28,2443.1216822137303,2443.1216822137303,2405.893161341902,2438.561279296875,1442054,HINDUNILVR
2022-07-29,2457.082053802768,2461.7356182986064,2416.130686239388,2454.662109375,1463059,HINDUNILVR
2022-08-01,2454.7558450165557,2455.221201574853,2401.2398408124036,2413.339111328125,1559918,HINDUNILVR
2022-08-02,2419.853744456171,2456.2447128108165,2418.923031477534,2452.661376953125,1359934,HINDUNILVR
2022-08-03,2434.046682440114,2479.418932041091,2417.898724256305,2444.377685546875,1767904,HINDUNILVR
2022-08-04,2451.4978019028654,2460.292993446503,2433.8142566347733,2445.866943359375,1189384,HINDUNILVR
2022-08-05,2455.2207253193606,2473.5091436229527,2445.4948205825285,2462.10791015625,1176666,HINDUNILVR
2022-08-08,2462.1076334544227,2473.8347060207443,2444.0984765005587,2466.71484375,1024511,HINDUNILVR
2022-08-10,2466.715160647105,2491.239310571789,2448.891871300013,2459.688232421875,1098949,HINDUNILVR
2022-08-11,2472.020030037307,2482.909325463082,2425.9963228277325,2432.604248046875,810674,HINDUNILVR
2022-08-12,2443.0283723257335,2444.1454096642437,2405.986178077577,2415.153564453125,1473527,HINDUNILVR
2022-08-16,2427.2529025034546,2464.853843722323,2411.0585873295126,2461.2705078125,1584117,HINDUNILVR
2022-08-17,2467.320268969836,2507.3409296886975,2461.2706342100078,2498.638671875,1711381,HINDUNILVR
2022-08-18,2498.964552207388,2526.885943852163,2480.024450651735,2496.218994140625,1465489,HINDUNILVR
2022-08-19,2502.6872877942105,2511.947836813186,2444.5177245784657,2452.010009765625,1324508,HINDUNILVR
2022-08-22,2464.5280903001526,2482.0255406158353,2438.561287791541,2444.703857421875,1410895,HINDUNILVR
2022-08-23,2421.7616327531014,2447.4957544605686,2406.125610033763,2413.10595703125,1305045,HINDUNILVR
2022-08-24,2397.5167342799186,2429.160976890756,2383.835298360793,2408.91796875,1242489,HINDUNILVR
2022-08-25,2420.9703123620866,2446.285657403186,2387.6973267048506,2395.841064453125,1106593,HINDUNILVR
2022-08-26,2419.7605765470635,2433.5351740432916,2384.486645630063,2393.375,1048791,HINDUNILVR
2022-08-29,2373.3178841108324,2427.206069883653,2373.3178841108324,2397.330322265625,1450034,HINDUNILVR
2022-08-30,2409.336523273569,2482.211391344048,2406.4514495172953,2475.556884765625,2227943,HINDUNILVR
2022-09-01,2466.3893587664284,2471.0429235942897,2414.2694326943833,2425.43798828125,1702269,HINDUNILVR
2022-09-02,2433.8141373132494,2441.259840218988,2405.8927514167303,2423.2041015625,937600,HINDUNILVR
2022-09-05,2417.0616957774732,2440.7017154276723,2406.91701482145,2420.412353515625,1274074,HINDUNILVR
2022-09-06,2411.663395325669,2438.467974227799,2385.4173350938354,2394.817626953125,1250776,HINDUNILVR
2022-09-07,2393.6078266821864,2416.9685875045343,2383.3699833064925,2386.90673828125,1344964,HINDUNILVR
2022-09-08,2401.2392925885038,2416.130699054169,2385.417173218734,2398.586669921875,1004533,HINDUNILVR
2022-09-09,2417.992346167213,2463.597282642268,2404.450426728119,2409.336669921875,1785443,HINDUNILVR
2022-09-12,2411.4772202898994,2424.507201410725,2395.6551003574687,2401.611572265625,1595709,HINDUNILVR
2022-09-13,2417.9923614738445,2428.230204420808,2400.308814565452,2407.38232421875,1342130,HINDUNILVR
2022-09-14,2373.318183967383,2425.4381127133333,2370.246785578454,2393.2353515625,1610054,HINDUNILVR
2022-09-15,2401.239624928891,2418.737075392725,2374.2489469742636,2382.99755859375,1199906,HINDUNILVR
2022-09-16,2377.971421306689,2386.2083212293255,2344.1399170451355,2352.981689453125,2516820,HINDUNILVR
2022-09-19,2355.634362107898,2408.6849976828294,2334.2745463871684,2400.541259765625,1166725,HINDUNILVR
2022-09-20,2418.550977759535,2439.8642153192604,2400.867430137537,2404.543701171875,1253333,HINDUNILVR
2022-09-21,2403.1008536360446,2463.364517568242,2401.239427723081,2441.818603515625,1960049,HINDUNILVR
2022-09-22,2441.3534191357107,2514.088550922145,2438.5146989733626,2506.177490234375,2620240,HINDUNILVR
2022-09-23,2510.9706597246945,2535.0296830818893,2488.7267086043034,2496.218994140625,1789791,HINDUNILVR
2022-09-26,2483.607129194256,2539.9152541019766,2459.9205336656387,2476.2080078125,2678551,HINDUNILVR
2022-09-27,2490.5874880446954,2525.721896741888,2469.553287577115,2493.6123046875,1898501,HINDUNILVR
2022-09-28,2484.957079976139,2521.068789110069,2468.29740849411,2514.879638671875,1526197,HINDUNILVR
2022-09-29,2523.25583411824,2538.0540783385327,2504.6415761179574,2513.436767578125,2019666,HINDUNILVR
2022-09-30,2519.439916524358,2526.7924578252405,2483.0489498545553,2509.620849609375,1340054,HINDUNILVR
2022-10-03,2534.3315814168254,2544.5694247497618,2436.187937820151,2440.794921875,1683197,HINDUNILVR
2022-10-04,2466.3894502184908,2491.0533447206753,2451.6375582772425,2483.095703125,1327939,HINDUNILVR
2022-10-06,2495.520569163032,2505.758411165381,2424.5537098285663,2432.883544921875,1752351,HINDUNILVR
2022-10-07,2430.9288703943835,2431.9527454481067,2396.5856561534156,2419.57421875,1025923,HINDUNILVR
2022-10-10,2391.932203005508,2429.8121733824573,2365.8722412607012,2425.065673828125,1043728,HINDUNILVR
2022-10-11,2429.160755023565,2429.6726925816597,2368.6644143812155,2373.9228515625,1129783,HINDUNILVR
2022-10-12,2385.8359521177263,2424.134924513287,2377.226857742,2411.802978515625,882873,HINDUNILVR
2022-10-13,2404.0319597441926,2426.5085904290845,2385.324535369588,2388.58203125,753331,HINDUNILVR
2022-10-14,2410.5463999400217,2443.0281891110585,2392.1182391596076,2397.330322265625,1001536,HINDUNILVR
2022-10-17,2395.283053935558,2429.114334956377,2390.070970275546,2411.05859375,778918,HINDUNILVR
2022-10-18,2438.4684002425784,2458.944089099577,2417.061998255716,2421.9482421875,1123374,HINDUNILVR
2022-10-19,2434.0935671739553,2436.1410901715394,2399.750123779902,2404.031494140625,1241979,HINDUNILVR
2022-10-20,2390.210313735455,2429.1607406390854,2390.210313735455,2420.691162109375,1428125,HINDUNILVR
2022-10-21,2425.437982906568,2481.978795439789,2425.437982906568,2470.01904296875,2458302,HINDUNILVR
2022-10-24,2429.254006741838,2457.082233573049,2373.3180665194227,2394.817626953125,719908,HINDUNILVR
2022-10-25,2406.823659209532,2406.823659209532,2326.7823464902667,2331.80810546875,2923789,HINDUNILVR
2022-10-27,2321.19823927991,2354.7039075293396,2315.6139612383386,2344.466064453125,1846329,HINDUNILVR
2022-10-28,2351.0739605456774,2374.1554588131044,2337.950817693374,2349.35205078125,1164951,HINDUNILVR
2022-10-31,2368.664464037761,2393.7937137544677,2365.9189062729406,2373.969482421875,1324443,HINDUNILVR
2022-11-01,2407.0438460978403,2413.4620965488507,2386.9930468593743,2390.92822265625,1280132,HINDUNILVR
2022-11-02,2402.359198201214,2402.359198201214,2343.705563094823,2359.540283203125,1338284,HINDUNILVR
2022-11-03,2357.104134454052,2388.3048675676064,2350.1707398729995,2385.822021484375,730444,HINDUNILVR
2022-11-04,2384.5102013800715,2385.494052611196,2356.6826063748276,2361.461181640625,889055,HINDUNILVR
2022-11-07,2371.5336825328113,2391.1160066043662,2358.3224877050116,2373.12646484375,1283685,HINDUNILVR
2022-11-09,2351.7637077299682,2384.463438301821,2335.5074009596337,2350.639404296875,1436444,HINDUNILVR
2022-11-10,2346.141834275377,2377.9983927279977,2343.377855100694,2355.13671875,1459152,HINDUNILVR
2022-11-11,2384.5570335917323,2386.2436029803034,2337.7091547392424,2345.251708984375,1162847,HINDUNILVR
2022-11-14,2348.7654157270244,2355.2772254587667,2300.3714172362206,2302.8544921875,2137131,HINDUNILVR
2022-11-15,2302.85437521008,2313.3482543076043,2290.064767052659,2302.5732421875,1558333,HINDUNILVR
2022-11-16,2308.241599273803,2326.465376144146,2275.0265030243595,2321.64013671875,1330395,HINDUNILVR
2022-11-17,2323.6080304666507,2340.520161450394,2299.528265107938,2304.915771484375,960476,HINDUNILVR
2022-11-18,2314.285308458912,2331.6659179626067,2294.4687464064905,2327.12158203125,1075675,HINDUNILVR
2022-11-21,2327.12146322156,2353.6374081154167,2314.332083932797,2343.70556640625,1354881,HINDUNILVR
2022-11-22,2347.922017585297,2364.881042072989,2339.583186234649,2357.104248046875,921265,HINDUNILVR
2022-11-23,2362.0698961627077,2365.817726224053,2344.267703371319,2349.280517578125,734152,HINDUNILVR
2022-11-24,2358.322459003739,2398.6116388754754,2352.841165126067,2388.445556640625,999929,HINDUNILVR
2022-11-25,2393.926806880716,2394.3014984426877,2359.4467194505132,2377.483154296875,783480,HINDUNILVR
2022-11-28,2367.6919405844546,2382.2147839081817,2362.8198066386367,2366.00537109375,830905,HINDUNILVR
2022-11-29,2367.8793207894287,2473.5212955351185,2367.8793207894287,2468.1337890625,2542932,HINDUNILVR
2022-11-30,2467.946406116617,2527.911694647924,2457.6398721502983,2515.122314453125,3698270,HINDUNILVR
2022-12-01,2511.0465154871617,2513.8573884522593,2479.9864607226045,2494.977783203125,1675569,HINDUNILVR
2022-12-02,2492.3073440103817,2492.3073440103817,2442.789040807247,2450.238037109375,2101890,HINDUNILVR
2022-12-05,2436.0895342853623,2459.5134721150293,2422.1756237147833,2454.688232421875,1640511,HINDUNILVR
2022-12-06,2442.460961058087,2492.260162810065,2439.6969820649256,2487.20068359375,1484562,HINDUNILVR
2022-12-07,2492.354460945033,2548.337685436268,2488.7939758132748,2536.672607421875,2368561,HINDUNILVR
2022-12-08,2525.148064749626,2540.139388956596,2516.4343118044335,2534.892333984375,1314703,HINDUNILVR
2022-12-09,2552.9283128574275,2568.763033459541,2540.326278956975,2550.6328125,1883397,HINDUNILVR
2022-12-12,2531.8472262184077,2552.2729512403394,2519.151402755849,2545.948486328125,1163204,HINDUNILVR
2022-12-13,2545.713849591254,2548.524722446894,2527.724309065042,2539.436279296875,1265839,HINDUNILVR
2022-12-14,2548.524865486891,2548.524865486891,2502.9419662859514,2515.4033203125,886858,HINDUNILVR
2022-12-15,2500.130870117913,2514.0914466719687,2481.4852768769233,2495.352294921875,990722,HINDUNILVR
2022-12-16,2499.8030135322433,2518.2610335119625,2486.029781808769,2502.89501953125,1793864,HINDUNILVR
2022-12-19,2502.894726078457,2548.5245125945157,2502.894726078457,2546.744384765625,1546941,HINDUNILVR
2022-12-20,2535.4074585596272,2535.454352193079,2485.982941398127,2505.940185546875,827567,HINDUNILVR
2022-12-21,2518.4950379508336,2525.241086660539,2483.031331409457,2498.1162109375,779092,HINDUNILVR
2022-12-22,2507.766947485057,2519.010438376079,2475.441911173368,2478.580810546875,852567,HINDUNILVR
2022-12-23,2466.0723653240034,2482.516016701331,2443.6322768985397,2455.859619140625,1189702,HINDUNILVR
2022-12-26,2455.7190489630993,2471.553770123414,2442.414296397516,2452.439697265625,605144,HINDUNILVR
2022-12-27,2459.5137856958872,2468.7895747593143,2412.900143471746,2429.765380859375,870960,HINDUNILVR
2022-12-28,2429.5314323955586,2438.9947971183215,2415.570853497076,2420.72412109375,822651,HINDUNILVR
2022-12-29,2417.5848899054668,2420.442656385594,2379.3100797727616,2406.154052734375,1345863,HINDUNILVR
2022-12-30,2417.303867244519,2423.3940920296754,2394.114165177963,2399.595458984375,696432,HINDUNILVR
2023-01-02,2411.6353935455586,2417.3978207960135,2378.045596400387,2397.112548828125,681703,HINDUNILVR
2023-01-03,2389.2888740055228,2400.4854720460166,2375.1876157832367,2381.793212890625,821843,HINDUNILVR
2023-01-04,2389.7103596638617,2397.1122332067716,2367.738749685802,2376.21826171875,1672649,HINDUNILVR
2023-01-05,2377.5768796889943,2428.547283259781,2377.5299860576115,2420.8173828125,2008493,HINDUNILVR
2023-01-06,2417.3506593630577,2447.2395159383605,2412.572084001759,2414.0244140625,991782,HINDUNILVR
2023-01-09,2426.1113944322215,2463.683259131931,2407.981172315986,2458.623779296875,1267078,HINDUNILVR
2023-01-10,2458.6237301691544,2486.076634650193,2450.2380050779525,2477.175537109375,1413088,HINDUNILVR
2023-01-11,2477.3159807161624,2480.923359101618,2424.9401405510166,2429.765380859375,1471687,HINDUNILVR
2023-01-12,2423.066153055006,2438.525953532815,2410.5576775322857,2426.76708984375,1703829,HINDUNILVR
2023-01-13,2426.9074485857586,2472.865263078271,2404.842052094002,2458.57666015625,1348015,HINDUNILVR
2023-01-16,2462.277808968446,2462.277808968446,2421.098566027576,2433.372802734375,930068,HINDUNILVR
2023-01-17,2441.1959494351263,2506.3613913603754,2437.7761459522812,2499.381103515625,1892865,HINDUNILVR
2023-01-18,2499.803128602817,2523.695549809478,2492.3074670477863,2516.855712890625,2038075,HINDUNILVR
2023-01-19,2501.7705475587823,2510.3905116196725,2447.239432930238,2482.703369140625,1649842,HINDUNILVR
2023-01-20,2389.2417535786535,2440.7744188519187,2376.1712415001334,2388.070556640625,4569549,HINDUNILVR
2023-01-23,2398.611629271074,2439.8377666491706,2391.115967929602,2432.716796875,1388360,HINDUNILVR
2023-01-24,2439.8377013585127,2445.4594472141775,2418.1003297998273,2436.558349609375,1462462,HINDUNILVR
2023-01-25,2436.5583895331097,2475.442132338579,2430.4681647563493,2457.031005859375,1591810,HINDUNILVR
2023-01-27,2469.3519299648224,2479.705357929131,2415.664209926572,2447.473876953125,1581382,HINDUNILVR
2023-01-30,2445.4593254849115,2445.4593254849115,2370.6900635765246,2406.24755859375,2744039,HINDUNILVR
2023-01-31,2406.1072844911223,2426.9076989109026,2380.996773311189,2414.3056640625,2366794,HINDUNILVR
2023-02-01,2436.277139068055,2438.9006661337953,2386.29058767451,2411.963134765625,2014615,HINDUNILVR
2023-02-02,2407.512646879557,2473.3339208407515,2401.4224222425783,2468.742919921875,1980667,HINDUNILVR
2023-02-03,2473.5677353704577,2489.9175975683897,2465.27557021236,2481.76611328125,1638238,HINDUNILVR
2023-02-06,2465.13532458132,2478.2527303373595,2435.8554010187336,2471.3193359375,1697446,HINDUNILVR
2023-02-07,2478.252900765544,2478.7682732055678,2431.6861528791146,2437.214111328125,1495745,HINDUNILVR
2023-02-08,2429.250154856986,2443.1171744059943,2415.804949267634,2419.974365234375,1061956,HINDUNILVR
2023-02-09,2423.909306857504,2435.995968376085,2404.2331972927545,2423.628173828125,1102484,HINDUNILVR
2023-02-10,2422.0354830337656,2423.58137162955,2394.2547806952557,2415.00830078125,1523011,HINDUNILVR
2023-02-13,2398.6114877954283,2427.422934377346,2389.241911671227,2418.28759765625,1146525,HINDUNILVR
2023-02-14,2422.035554089223,2437.963834328881,2408.1685349542227,2416.97607421875,1944364,HINDUNILVR
2023-02-15,2389.2418808116263,2409.6676022484476,2377.0614320074883,2387.78955078125,2009134,HINDUNILVR
2023-02-16,2398.6114580984527,2400.3915860402444,2363.8035747277663,2367.78564453125,1982857,HINDUNILVR
2023-02-17,2365.8178448890317,2385.728193088593,2348.8588215110553,2356.916748046875,1395341,HINDUNILVR
2023-02-20,2359.259188216002,2382.683127733635,2350.076958175208,2353.1220703125,632091,HINDUNILVR
2023-02-21,2368.6289184613074,2383.573347098075,2353.9187292349884,2357.52587890625,862797,HINDUNILVR
2023-02-22,2357.5262096168694,2364.459834388457,2326.231911490717,2336.819580078125,885515,HINDUNILVR
2023-02-23,2334.898285011658,2357.2914796321907,2323.748581330186,2333.63330078125,757215,HINDUNILVR
2023-02-24,2335.0859938226713,2352.9350842133827,2316.112599913136,2327.59033203125,732783,HINDUNILVR
2023-02-27,2330.213499681786,2330.213499681786,2301.167814723951,2312.5517578125,853991,HINDUNILVR
2023-02-28,2314.0508189349907,2318.360914996789,2282.10047622532,2305.5244140625,1780454,HINDUNILVR
2023-03-01,2303.0418281566776,2314.285319587874,2293.6722519640143,2310.771728515625,967339,HINDUNILVR
2023-03-02,2310.7715838012773,2314.2851746534843,2289.924278078184,2300.558837890625,827174,HINDUNILVR
2023-03-03,2310.537136446846,2332.9303286296063,2300.8395350678447,2315.221923828125,1176008,HINDUNILVR
2023-03-06,2325.48190441963,2341.3166253465765,2319.532360820119,2328.19921875,1214503,HINDUNILVR
2023-03-08,2330.213721820577,2343.7058207487166,2311.6619142323125,2328.43359375,1448340,HINDUNILVR
2023-03-09,2328.1988866963707,2334.85114755765,2302.010742119405,2306.22705078125,1038910,HINDUNILVR
2023-03-10,2295.5462667016423,2314.753898729146,2290.9552656680103,2310.022216796875,772024,HINDUNILVR
2023-03-13,2310.537698648282,2331.6192469936127,2290.861586859306,2300.324951171875,1314549,HINDUNILVR
2023-03-14,2306.7897357879506,2316.1593122939944,2285.9424280620037,2288.47216796875,1250763,HINDUNILVR
2023-03-15,2297.326543093733,2304.447513268379,2242.1398248632777,2254.4140625,1738040,HINDUNILVR
2023-03-16,2272.0754044015916,2313.629567620044,2255.959778594288,2304.306884765625,1628035,HINDUNILVR
2023-03-17,2315.8310843335667,2326.6529900073347,2285.9891230052194,2293.10986328125,2127178,HINDUNILVR
2023-03-20,2293.1099972967613,2357.9943127536376,2272.1222380205863,2352.887939453125,1561128,HINDUNILVR
2023-03-21,2356.4482918782055,2364.178191841623,2303.7444284912676,2307.351806640625,1595161,HINDUNILVR
2023-03-22,2316.7215163262267,2324.9665604311444,2299.668704542479,2320.235107421875,1063244,HINDUNILVR
2023-03-23,2318.9702297973176,2342.4410651457583,2310.5376107798725,2328.43359375,1578627,HINDUNILVR
2023-03-24,2316.346370580144,2340.4261334621233,2314.2851097545336,2324.404296875,1449326,HINDUNILVR
2023-03-27,2328.3398676853553,2347.079021550026,2308.663756127451,2341.457275390625,1387736,HINDUNILVR
2023-03-28,2351.576421713068,2355.0431193654704,2316.065588531859,2326.278564453125,1412387,HINDUNILVR
2023-03-29,2328.339717443786,2379.685041469694,2323.7018229114383,2371.29931640625,2613254,HINDUNILVR
2023-03-31,2397.4871231129973,2406.5286723419163,2357.90066500037,2398.939453125,2146167,HINDUNILVR
2023-04-03,2407.9810328704666,2407.9810328704666,2356.4952584817374,2376.21826171875,918048,HINDUNILVR
2023-04-05,2354.1059745660814,2425.361645934174,2344.2679197469993,2419.92724609375,1489612,HINDUNILVR
2023-04-06,2412.6658543080293,2422.035430441264,2392.052786814912,2403.530517578125,797414,HINDUNILVR
2023-04-10,2403.5302304996508,2406.9969275050007,2365.8176910677785,2372.516845703125,853322,HINDUNILVR
2023-04-11,2379.872610866819,2393.9269766790244,2373.313906821123,2387.134033203125,913184,HINDUNILVR
2023-04-12,2394.863546824328,2394.863546824328,2359.8680901156886,2369.518798828125,1109809,HINDUNILVR
2023-04-13,2365.817888436723,2400.813345533759,2365.817888436723,2376.311767578125,1261711,HINDUNILVR
2023-04-17,2410.7919035266423,2416.413649123673,2381.1839518825154,2390.975341796875,1566977,HINDUNILVR
2023-04-18,2398.6117482459163,2398.6117482459163,2370.5030168211597,2380.8564453125,1474786,HINDUNILVR
2023-04-19,2387.3682119969135,2387.3682119969135,2351.9980589345573,2372.002197265625,1320243,HINDUNILVR
2023-04-20,2359.0717334113074,2372.751176207683,2323.654692747772,2335.46044921875,1401364,HINDUNILVR
2023-04-21,2334.8982926722233,2351.2950503454836,2328.9485205310198,2340.47314453125,1206288,HINDUNILVR
2023-04-24,2344.268066845747,2346.985152561744,2319.0639972751146,2342.159912109375,1735797,HINDUNILVR
2023-04-25,2333.8209652172677,2342.159796485265,2321.8278620036335,2333.446044921875,1701098,HINDUNILVR
2023-04-26,2333.0241776808525,2359.258987710999,2325.715863422577,2352.512939453125,1245903,HINDUNILVR
2023-04-27,2355.4651045459827,2363.0076608708214,2302.105401570027,2313.302001953125,2743893,HINDUNILVR
2023-04-28,2282.475637067844,2312.2240412567344,2266.500464029124,2302.385986328125,3761927,HINDUNILVR
2023-05-02,2315.971855388902,2321.7809467940324,2295.5461338359078,2297.138916015625,1760370,HINDUNILVR
2023-05-03,2302.057705803351,2333.0241972231997,2298.028742765095,2329.2763671875,1258140,HINDUNILVR
2023-05-04,2330.1666992972782,2351.1546871627665,2323.7953417533013,2348.718505859375,1150227,HINDUNILVR
2023-05-05,2342.3937174316457,2361.132867171099,2337.4277970008134,2343.096435546875,1354871,HINDUNILVR
2023-05-08,2347.781555269767,2367.551452542733,2339.7236282415865,2357.66650390625,972810,HINDUNILVR
2023-05-09,2365.818207331652,2365.818207331652,2342.441158319986,2357.1982421875,1651327,HINDUNILVR
2023-05-10,2362.069815684325,2375.187220452108,2347.8750013103713,2363.66259765625,2025658,HINDUNILVR
2023-05-11,2377.0142587826963,2435.1525167938507,2364.506013539371,2428.968505859375,1749356,HINDUNILVR
2023-05-12,2430.4679431640157,2473.5679915007713,2423.3469741129625,2458.014404296875,2170011,HINDUNILVR
2023-05-15,2471.6474104831673,2502.3796674441996,2457.68683286568,2494.41552734375,1561055,HINDUNILVR
2023-05-16,2501.676631857383,2509.5469836938037,2483.4997470807257,2507.20458984375,1477905,HINDUNILVR
2023-05-17,2503.5505923029964,2505.4245074169953,2480.1735470057365,2493.94677734375,839404,HINDUNILVR
2023-05-18,2497.4605726208124,2500.927270115609,2456.5624634096835,2461.903076171875,1434067,HINDUNILVR
2023-05-19,2462.9338970082476,2482.0010787125584,2436.6990800192134,2474.927001953125,1174757,HINDUNILVR
2023-05-22,2468.883425701609,2488.044164033545,2457.6868274525827,2471.7880859375,768232,HINDUNILVR
2023-05-23,2466.0724102706818,2482.7503013483833,2459.5137070518767,2462.605712890625,703864,HINDUNILVR
2023-05-24,2454.8290940902366,2471.694332141238,2443.5856020562355,2450.097412109375,628872,HINDUNILVR
2023-05-25,2445.4593932735347,2460.5911673681608,2417.866037057171,2433.51318359375,1072231,HINDUNILVR
2023-05-26,2439.6031766906667,2489.2150323160236,2438.9942457939405,2485.139404296875,947073,HINDUNILVR
2023-05-29,2501.677014754281,2510.6250063809107,2478.299966302625,2483.218994140625,698267,HINDUNILVR
2023-05-30,2488.090855821525,2496.9919528391506,2483.7340945705564,2489.07470703125,948051,HINDUNILVR
2023-05-31,2489.0745706913394,2511.046179007778,2471.6939627695965,2499.381103515625,3388305,HINDUNILVR
2023-06-01,2498.8659721401505,2559.065499215518,2487.154001892024,2527.81787109375,1541080,HINDUNILVR
2023-06-02,2539.155290676707,2565.577451272608,2521.962025898736,2545.432861328125,1509260,HINDUNILVR
2023-06-05,2545.1986707322853,2550.3988316606133,2514.934891601561,2525.8505859375,1000190,HINDUNILVR
2023-06-06,2529.7853296984927,2537.187202681926,2501.817055942623,2521.4931640625,655372,HINDUNILVR
2023-06-07,2520.416110477185,2555.08354396702,2510.4376028778556,2544.96435546875,1428490,HINDUNILVR
2023-06-08,2536.3445263540516,2549.977306813379,2506.2680922994305,2510.952880859375,923536,HINDUNILVR
2023-06-09,2519.4323305648973,2519.4323305648973,2454.922930965873,2470.0078125,1413808,HINDUNILVR
2023-06-12,2478.252867148135,2489.49635841686,2467.00937587941,2476.800537109375,775484,HINDUNILVR
2023-06-13,2463.8236387402744,2526.9744854379633,2461.8559364064695,2507.20458984375,1787924,HINDUNILVR
2023-06-14,2502.613685082793,2531.753157191345,2484.811491141732,2528.6142578125,1536248,HINDUNILVR
2023-06-15,2542.855987016174,2546.1822321862073,2509.312859789837,2520.134765625,1830192,HINDUNILVR
2023-06-16,2520.1352109211957,2552.2729074514027,2514.044985554663,2544.44921875,1748145,HINDUNILVR
2023-06-19,2552.3364390198453,2561.215681534716,2526.831966831268,2534.625,1068263,HINDUNILVR
2023-06-20,2522.108880091478,2531.932732545881,2501.4220118614003,2527.87109375,1129279,HINDUNILVR
2023-06-21,2537.1752269999993,2556.9177147100518,2520.644551715775,2528.34326171875,1201840,HINDUNILVR
2023-06-22,2520.833422303501,2529.6656181838885,2501.9884986425827,2507.32568359375,830052,HINDUNILVR
2023-06-23,2504.4444086804806,2513.1820507253838,2481.915369106827,2495.28173828125,991214,HINDUNILVR
2023-06-26,2495.8013848354094,2526.0761834675086,2495.8013848354094,2505.200439453125,758700,HINDUNILVR
2023-06-27,2505.200889314846,2514.174686521642,2489.9925723278143,2504.492431640625,687747,HINDUNILVR
2023-06-28,2506.0034396679093,2538.7343195838625,2495.660004697041,2513.84375,1397573,HINDUNILVR
2023-06-30,2518.2834193160834,2537.12834595479,2504.4922492993014,2529.8076171875,1160181,HINDUNILVR
2023-07-03,2538.167147813337,2555.973139106291,2512.143095391975,2551.43896484375,980665,HINDUNILVR
2023-07-04,2551.4391523518384,2556.7761071606037,2526.832013165509,2550.447265625,721907,HINDUNILVR
2023-07-05,2550.399774845032,2606.5567943547785,2546.7631646422487,2603.20361328125,1717547,HINDUNILVR
2023-07-06,2607.029245191542,2611.8468488053127,2584.122450947951,2604.384521484375,1265020,HINDUNILVR
2023-07-07,2600.606392198823,2616.2395062641617,2541.9460074716203,2548.65283203125,1178930,HINDUNILVR
2023-07-10,2559.7988641116162,2561.1687332755905,2504.161420460869,2509.404052734375,1518183,HINDUNILVR
2023-07-11,2509.9234410943345,2566.2693379928464,2499.4381773549544,2535.8056640625,2476367,HINDUNILVR
2023-07-12,2555.122735165759,2555.122735165759,2496.1318876714754,2525.556396484375,2395826,HINDUNILVR
2023-07-13,2536.230950893927,2538.5924762454397,2504.350358648507,2507.656494140625,1495067,HINDUNILVR
2023-07-14,2507.940324127267,2537.695548311828,2504.209159599102,2528.627197265625,1419016,HINDUNILVR
2023-07-17,2522.108996496163,2553.470006059391,2522.108996496163,2533.160888671875,912701,HINDUNILVR
2023-07-18,2536.797628873859,2551.486361639526,2529.0045957679067,2534.199951171875,1215904,HINDUNILVR
2023-07-19,2534.152426227333,2547.51856520983,2513.5126058978612,2523.6201171875,1166542,HINDUNILVR
2023-07-20,2521.211472609234,2565.8442969854914,2510.962361431316,2553.51708984375,1430764,HINDUNILVR
2023-07-21,2503.2164636661746,2528.107029051962,2448.4290844614056,2459.764404296875,5198952,HINDUNILVR
2023-07-24,2459.7645667813194,2461.606510252722,2432.3708753693927,2437.330078125,1777469,HINDUNILVR
2023-07-25,2437.2827434233677,2443.328385961522,2420.3743162018372,2425.900146484375,1653775,HINDUNILVR
2023-07-26,2436.6216173368666,2454.852637375737,2429.8204711189323,2440.211181640625,1300033,HINDUNILVR
2023-07-27,2419.1466993587183,2439.9281235625026,2411.5898178300695,2427.506591796875,2276136,HINDUNILVR
2023-07-28,2427.6480528732664,2450.0825436342548,2423.1138780906617,2441.439453125,966450,HINDUNILVR
2023-07-31,2432.418213062982,2439.8332637607236,2412.5341249153757,2418.95751953125,2003252,HINDUNILVR
2023-08-01,2427.6482064933307,2431.237771365776,2404.0329515663525,2409.795166015625,1758897,HINDUNILVR
2023-08-02,2397.4203701639326,2430.906751196545,2395.5311500140792,2426.656005859375,2082908,HINDUNILVR
2023-08-03,2416.264962323735,2419.1933453998568,2396.6643059679495,2409.9833984375,1475310,HINDUNILVR
2023-08-04,2409.9837745344507,2417.2099494932445,2394.6338605350475,2404.977294921875,1359318,HINDUNILVR
2023-08-07,2399.3092811924766,2431.4260196021396,2398.128518750945,2426.891845703125,803823,HINDUNILVR
2023-08-08,2426.8920884923928,2442.005849255998,2413.9982535880167,2423.727783203125,1002061,HINDUNILVR
2023-08-09,2423.727805877062,2426.655958681791,2400.254153724417,2410.833740234375,1212549,HINDUNILVR
2023-08-10,2407.858409737453,2410.0781050909627,2387.5965693152134,2396.1923828125,1313334,HINDUNILVR
2023-08-11,2394.586100261989,2396.144614352377,2360.5801438085646,2363.22509765625,1472199,HINDUNILVR
2023-08-14,2363.2251669987254,2399.309220170674,2350.2840570922026,2392.79150390625,1060479,HINDUNILVR
2023-08-16,2393.6418310067957,2413.525918386328,2384.5734824149445,2411.211669921875,1155882,HINDUNILVR
2023-08-17,2411.211835360745,2418.8157621774308,2392.697385139432,2402.379638671875,1532873,HINDUNILVR
2023-08-18,2391.8471070850114,2425.5223618143514,2391.8471070850114,2413.242431640625,1970819,HINDUNILVR
2023-08-21,2413.2426796633026,2432.276481141719,2398.4123470528325,2420.799560546875,977004,HINDUNILVR
2023-08-22,2431.0486690370512,2432.371030942716,2411.589608542429,2423.6806640625,960025,HINDUNILVR
2023-08-23,2432.3709662687493,2440.400151982646,2420.563340218901,2431.4736328125,1136112,HINDUNILVR
2023-08-24,2441.8171903374696,2448.1933087261655,2424.7669313374904,2438.27490234375,1143934,HINDUNILVR
2023-08-25,2424.8140343786336,2437.755146132379,2410.1725783860866,2421.55517578125,802955,HINDUNILVR
2023-08-28,2422.9248122900835,2425.7586424798965,2398.364950645038,2414.139892578125,619841,HINDUNILVR
2023-08-29,2417.1625413385354,2417.1625413385354,2382.4010763286196,2386.2265625,958564,HINDUNILVR
2023-08-30,2386.2262943800138,2395.5307944842025,2380.4170355284664,2391.705078125,1227377,HINDUNILVR
2023-08-31,2391.7996342845563,2399.1203612876757,2353.1179035335426,2366.295166015625,3235414,HINDUNILVR
2023-09-01,2366.295478687051,2375.221997637154,2361.5251517569636,2366.059326171875,813413,HINDUNILVR
2023-09-04,2374.7498359805163,2374.7498359805163,2353.9684133903925,2362.84765625,1143301,HINDUNILVR
2023-09-05,2370.9713681447347,2383.676327958066,2363.509040547854,2368.184814453125,844088,HINDUNILVR
2023-09-06,2374.230011834587,2386.179466974246,2368.5623517069744,2383.723388671875,1094146,HINDUNILVR
2023-09-07,2370.9708130507574,2382.164532443096,2361.5247141939817,2368.56201171875,1894798,HINDUNILVR
2023-09-08,2365.303566397401,2381.409213881592,2362.989317897267,2374.560791015625,1018234,HINDUNILVR
2023-09-11,2374.56064166783,2398.2702140730084,2370.073744210262,2395.76708984375,1121083,HINDUNILVR
2023-09-12,2407.8110675906596,2407.8110675906596,2350.1898533407457,2360.43896484375,3946716,HINDUNILVR
2023-09-13,2355.8577428337417,2370.026895256559,2353.968522510699,2367.712646484375,1231305,HINDUNILVR
2023-09-14,2371.9162279805573,2374.750058599411,2355.007797535154,2362.28125,2081195,HINDUNILVR
2023-09-15,2337.721168306451,2352.079195989755,2329.408553136842,2332.903564453125,3750697,HINDUNILVR
2023-09-18,2334.462141550995,2354.865580279929,2325.629945327959,2350.8037109375,1499641,HINDUNILVR
2023-09-20,2313.9639482061284,2342.6329558606117,2309.571603660966,2330.21142578125,1795159,HINDUNILVR
2023-09-21,2329.4085857819123,2345.4669580277728,2307.5879994831007,2336.3515625,2223720,HINDUNILVR
2023-09-22,2331.297453264445,2352.0788730261215,2321.8513533727737,2344.947021484375,1176741,HINDUNILVR
2023-09-25,2344.9471786006093,2361.241702005508,2323.7407290464666,2338.712890625,1122778,HINDUNILVR
2023-09-26,2336.96509585249,2351.134245584821,2324.9213185800086,2341.640869140625,1263548,HINDUNILVR
2023-09-27,2338.8545135592585,2366.059329468946,2332.242243125125,2363.17822265625,1086791,HINDUNILVR
2023-09-28,2361.5247349714623,2362.469344865451,2317.3169458092666,2324.071044921875,1612346,HINDUNILVR
2023-09-29,2328.9832409544006,2335.831663481838,2314.7668142739085,2329.030517578125,1249567,HINDUNILVR
2023-10-03,2352.079069763762,2360.580560377366,2325.441111964675,2332.147705078125,1585626,HINDUNILVR
2023-10-04,2330.4002931408627,2371.963135754009,2328.6053956574083,2368.9404296875,1587335,HINDUNILVR
2023-10-05,2378.5279958666974,2384.9513900330817,2357.1326714710435,2379.9921875,1909928,HINDUNILVR
2023-10-06,2380.3700344827253,2380.4173111084674,2355.85744996211,2360.958251953125,1083342,HINDUNILVR
2023-10-09,2347.3556872087443,2377.110900145193,2343.577247470783,2372.198974609375,1468771,HINDUNILVR
2023-10-10,2373.049440469926,2381.2204561827293,2364.6897794788897,2376.827880859375,1092373,HINDUNILVR
2023-10-11,2378.8590382001694,2421.9331222114447,2376.875264659182,2414.80126953125,1697398,HINDUNILVR
2023-10-12,2413.478699804611,2425.33360216398,2398.553814754688,2415.367919921875,1625010,HINDUNILVR
2023-10-13,2411.6369043036275,2433.976841314084,2401.8600973497582,2427.12841796875,1531977,HINDUNILVR
2023-10-16,2418.201982536736,2438.983405824161,2411.211959678051,2416.59619140625,954899,HINDUNILVR
2023-10-17,2416.595747084089,2427.647637676827,2405.4020266243865,2414.564697265625,1253538,HINDUNILVR
2023-10-18,2427.695084097668,2428.8285700243123,2398.8844778222215,2407.1025390625,1084689,HINDUNILVR
2023-10-19,2385.1405952351524,2412.9120410078367,2385.1405952351524,2406.961181640625,1272343,HINDUNILVR
2023-10-20,2380.4175013752265,2402.663115815191,2347.40342381898,2356.94384765625,3608160,HINDUNILVR
2023-10-23,2355.8576151427546,2370.924100278848,2342.963779383942,2345.939208984375,922707,HINDUNILVR
2023-10-25,2337.957390840775,2352.0792664172077,2328.46401273832,2340.082763671875,1435836,HINDUNILVR
2023-10-26,2324.6855181935252,2352.0792118252243,2319.6317617764566,2339.232421875,2650560,HINDUNILVR
2023-10-27,2330.6363382038703,2356.8019895190832,2327.3774797727606,2344.5693359375,1784812,HINDUNILVR
2023-10-30,2334.131422886168,2353.9682338455405,2326.007684246207,2341.59375,875135,HINDUNILVR
2023-10-31,2333.375469284453,2353.9680124672905,2331.108497635082,2346.4111328125,920414,HINDUNILVR
2023-11-01,2347.3557889052863,2355.810002061713,2330.1639334762745,2335.31201171875,1267131,HINDUNILVR
2023-11-02,2355.0569594361164,2375.03926091012,2343.924009362425,2366.28515625,1595123,HINDUNILVR
2023-11-03,2375.990630954531,2390.7394714750735,2365.3334507176373,2387.64697265625,1125583,HINDUNILVR
2023-11-06,2393.1180109195598,2395.7347403549593,2370.376346204631,2376.370849609375,1338677,HINDUNILVR
2023-11-07,2375.0386512722803,2383.7927536853495,2364.809618619565,2375.466796875,1473411,HINDUNILVR
2023-11-08,2376.942137312586,2402.6336656182066,2376.6566294251475,2397.257568359375,745022,HINDUNILVR
2023-11-09,2397.9233366863427,2399.77878928841,2353.20105155686,2356.674072265625,1823094,HINDUNILVR
2023-11-10,2356.959640581963,2367.9975743738846,2345.874315737013,2366.046875,771062,HINDUNILVR
2023-11-13,2357.150040381176,2366.6654209997896,2351.250550859455,2358.053955078125,760809,HINDUNILVR
2023-11-15,2380.6528921237327,2381.7473002380734,2356.008150196764,2365.904052734375,1457029,HINDUNILVR
2023-11-16,2360.004517474422,2384.363983366674,2355.3896975279267,2370.471435546875,1420578,HINDUNILVR
2023-11-17,2345.5413365463196,2410.721694174483,2345.5413365463196,2406.24951171875,1756043,HINDUNILVR
2023-11-20,2411.6254864138623,2411.6731097766415,2378.8450481126865,2384.982421875,944231,HINDUNILVR
2023-11-21,2383.60293578797,2395.021392965398,2376.9421691011376,2383.8408203125,1088806,HINDUNILVR
2023-11-22,2386.219423948532,2401.9198009778015,2382.6511564418797,2399.68359375,816610,HINDUNILVR
2023-11-23,2384.7447362298585,2405.250428716341,2384.7447362298585,2397.78076171875,1023670,HINDUNILVR
2023-11-24,2393.2133351940906,2397.68551736679,2385.9339300524603,2393.308349609375,735137,HINDUNILVR
2023-11-28,2409.05634834171,2409.05634834171,2378.8450166305024,2388.8837890625,1880641,HINDUNILVR
2023-11-29,2390.2635345737363,2406.1065498709017,2386.5526291753827,2402.68115234375,1265214,HINDUNILVR
2023-11-30,2394.2121445967914,2430.7037182782874,2394.2121445967914,2422.1875,3095684,HINDUNILVR
2023-12-01,2424.0431539867304,2456.8235929635157,2418.80969477302,2439.410400390625,1345599,HINDUNILVR
2023-12-04,2452.1132992420225,2481.991497973885,2450.210223340399,2476.187255859375,2188039,HINDUNILVR
2023-12-05,2509.205964012819,2509.205964012819,2432.416885978685,2439.030029296875,3108717,HINDUNILVR
2023-12-06,2445.4527600494966,2458.488784721016,2438.791993776988,2443.216552734375,1573754,HINDUNILVR
2023-12-07,2427.4685638863816,2435.746897612477,2377.5128213731346,2396.21044921875,3925967,HINDUNILVR
2023-12-08,2396.9240872990254,2411.1495331377755,2386.7426777330106,2400.064208984375,1605805,HINDUNILVR
2023-12-11,2400.0644390234593,2407.3436120884426,2377.8935562825754,2382.318115234375,2012243,HINDUNILVR
2023-12-12,2378.8451843597045,2395.9728696870943,2375.990570138473,2381.4619140625,1677929,HINDUNILVR
2023-12-13,2386.3146698320634,2394.735641759348,2376.9895509561466,2390.168212890625,1513205,HINDUNILVR
2023-12-14,2399.160522215659,2402.4432819810836,2379.9868913870355,2394.40283203125,2166569,HINDUNILVR
2023-12-15,2397.8758864843303,2409.2943430866367,2385.505891831832,2400.63525390625,2543337,HINDUNILVR
2023-12-18,2398.0185536861045,2421.188598416162,2393.118225591137,2412.624755859375,1969036,HINDUNILVR
2023-12-19,2412.19689848545,2442.550873363048,2412.1492751148458,2436.603759765625,1656220,HINDUNILVR
2023-12-20,2448.2598103471983,2448.2598103471983,2423.5674440982407,2433.55859375,1468642,HINDUNILVR
2023-12-21,2419.047502143593,2454.9680619649803,2413.1003895903837,2429.466796875,1945695,HINDUNILVR
2023-12-22,2435.176373323538,2454.730528657896,2423.377393253539,2450.78173828125,1174984,HINDUNILVR
2023-12-26,2450.781799931097,2466.053801689587,2442.6461021278706,2459.48828125,893776,HINDUNILVR
2023-12-27,2460.67738365646,2485.4173728192854,2455.82444670473,2481.896728515625,1073278,HINDUNILVR
2023-12-28,2487.177993887164,2512.0606226614736,2480.517227084653,2506.1611328125,1635216,HINDUNILVR
2023-12-29,2506.1610729677977,2537.847337890644,2494.2192234523473,2534.849853515625,1305681,HINDUNILVR
2024-01-01,2534.754792526063,2540.0356429919357,2510.157440378096,2526.095703125,526353,HINDUNILVR
2024-01-02,2519.672680825229,2525.3342855910964,2480.659621945382,2487.130126953125,1310629,HINDUNILVR
2024-01-03,2473.0472868784123,2501.2129048853863,2469.7645272072045,2480.2314453125,1008270,HINDUNILVR
2024-01-04,2480.23168969662,2495.884445034577,2462.628234785015,2466.91015625,1376844,HINDUNILVR
2024-01-05,2469.2410754095913,2502.4496582207557,2469.2410754095913,2493.0771484375,1150738,HINDUNILVR
2024-01-08,2497.739759008787,2498.738920423555,2442.1224064230973,2453.302978515625,1189828,HINDUNILVR
2024-01-09,2457.3945775462025,2463.531951357175,2446.9276592515216,2454.730224609375,1017205,HINDUNILVR
2024-01-10,2454.968232542675,2468.5752734716893,2440.695161423241,2452.494140625,881278,HINDUNILVR
2024-01-11,2454.9681848045034,2463.5320273096354,2409.1517203256853,2413.290771484375,2399600,HINDUNILVR
2024-01-12,2410.7214975896873,2431.179564374048,2390.1207930304627,2420.712646484375,2979841,HINDUNILVR
2024-01-15,2422.616012767572,2453.778885673361,2408.342941207669,2448.497802734375,1391204,HINDUNILVR
2024-01-16,2448.497846598297,2459.34552056362,2432.46456864424,2444.5966796875,1599406,HINDUNILVR
2024-01-17,2425.4704913619616,2446.7374597198636,2416.6687643925234,2438.69677734375,3047652,HINDUNILVR
2024-01-18,2445.4526346107855,2445.4526346107855,2414.5752732931774,2424.518798828125,1273095,HINDUNILVR
2024-01-19,2440.6951612875596,2449.2113805931954,2409.2944048265504,2441.07568359375,1323064,HINDUNILVR
2024-01-23,2332.2195173136815,2360.2898868611123,2250.815399164317,2260.426025390625,4369332,HINDUNILVR
2024-01-24,2272.272831171449,2327.3667905613916,2252.433170186705,2323.32275390625,1551469,HINDUNILVR
2024-01-25,2335.835384346178,2348.395638707272,2302.912078659475,2310.61962890625,2364765,HINDUNILVR
2024-01-29,2293.2063973156114,2330.316376359308,2293.2063973156114,2325.939208984375,1587091,HINDUNILVR
2024-01-30,2335.074464258939,2373.6593801281356,2328.6992055412425,2339.4990234375,1793711,HINDUNILVR
2024-01-31,2331.268234546181,2365.428357794056,2323.418045593117,2361.289306640625,1445004,HINDUNILVR
2024-02-01,2355.151916447557,2389.8354318488737,2348.7290346210502,2353.724609375,1727534,HINDUNILVR
2024-02-02,2356.960114873306,2366.380250103568,2323.656277965528,2333.74267578125,1956115,HINDUNILVR
2024-02-05,2344.5897815922713,2345.3034351378046,2295.8234559808247,2302.246337890625,1315445,HINDUNILVR
2024-02-06,2307.431867662592,2323.0372291728754,2300.8663488385705,2308.76416015625,1557511,HINDUNILVR
2024-02-07,2321.6576375957156,2321.6576375957156,2294.6816727718942,2307.907958984375,1149076,HINDUNILVR
2024-02-08,2323.465851916783,2323.465851916783,2282.7399734976043,2299.915283203125,1758661,HINDUNILVR
2024-02-09,2299.9148741619647,2310.7623139893262,2289.4955799550644,2306.670654296875,886474,HINDUNILVR
2024-02-12,2306.623444399983,2312.0947881032084,2266.563600188382,2270.03662109375,1292460,HINDUNILVR
2024-02-13,2274.1757816579207,2284.5950761204376,2264.7556485403748,2277.98193359375,957865,HINDUNILVR
2024-02-14,2269.4181070464574,2277.98194895984,2255.145037190819,2272.22509765625,1397975,HINDUNILVR
2024-02-15,2253.575255883098,2269.1327637686886,2233.021940876607,2236.92333984375,2553695,HINDUNILVR
2024-02-16,2255.097914351098,2266.5639961418537,2243.3465569471764,2260.14111328125,2363302,HINDUNILVR
2024-02-19,2273.700074434181,2278.8859101258126,2258.760974142025,2271.4638671875,576683,HINDUNILVR
2024-02-20,2255.240478966608,2291.731824668169,2253.432417243069,2287.5927734375,1032995,HINDUNILVR
2024-02-21,2287.5928953954176,2305.3866118412207,2278.0775141613935,2290.447509765625,1127778,HINDUNILVR
2024-02-22,2303.0076435378983,2303.0076435378983,2251.101195216598,2272.3681640625,2258516,HINDUNILVR
2024-02-23,2272.796066238622,2288.924588379188,2268.4188986500394,2278.0771484375,1210775,HINDUNILVR
2024-02-26,2275.2227191568054,2289.923935534392,2264.6605539019442,2287.7353515625,831596,HINDUNILVR
2024-02-27,2287.5451965256293,2292.2076402527696,2273.3671395694214,2288.734619140625,1120424,HINDUNILVR
2024-02-28,2294.2534952803453,2307.4797813093674,2284.6428680098106,2304.197021484375,629152,HINDUNILVR
2024-02-29,2307.4795049095815,2311.095395544037,2281.0743270698945,2295.39501953125,2848084,HINDUNILVR
2024-03-01,2299.8197932900557,2320.610992152407,2287.4974222733213,2292.921142578125,2326244,HINDUNILVR
2024-03-04,2299.106276780367,2310.239225924015,2287.878080904484,2304.625244140625,1501261,HINDUNILVR
2024-03-05,2288.449156471972,2302.722228133959,2275.222869655507,2283.548828125,1587199,HINDUNILVR
2024-03-06,2287.497512070002,2292.112564616578,2260.188416020836,2284.45263671875,1354111,HINDUNILVR
2024-03-07,2288.401154131255,2308.4310745083208,2286.545701584293,2302.293701171875,1820704,HINDUNILVR
2024-03-11,2292.25506306885,2296.0612151038335,2268.038467208084,2274.033203125,2040761,HINDUNILVR
2024-03-12,2264.6605848205845,2269.4182751248295,2246.3911005141035,2262.900146484375,1012157,HINDUNILVR
2024-03-13,2259.902984034686,2259.902984034686,2192.201141247142,2200.527099609375,2322669,HINDUNILVR
2024-03-14,2193.15243804242,2228.216473730242,2190.297824060878,2221.460693359375,2292515,HINDUNILVR
2024-03-15,2217.131226818886,2223.6967462831662,2203.6668243480685,2214.89501953125,2751403,HINDUNILVR
2024-03-18,2208.329652394355,2212.3260659225875,2185.6829993222295,2188.489990234375,2487402,HINDUNILVR
2024-03-19,2172.599473723718,2192.248643531876,2137.9635781031657,2157.08935546875,4220638,HINDUNILVR
2024-03-20,2140.9607093608674,2155.661926436658,2131.445328430375,2133.30078125,2995013,HINDUNILVR
2024-03-21,2125.735961002828,2149.6670495560147,2125.735961002828,2133.681396484375,3504486,HINDUNILVR
2024-03-22,2130.5409580268743,2156.184857688052,2123.880192800124,2147.19287109375,3507809,HINDUNILVR
2024-03-26,2123.928254544735,2149.667173922062,2123.8330078125,2131.4453125,3027027,HINDUNILVR
2024-03-27,2140.961046614106,2153.331043772321,2127.6395112129517,2131.16015625,2168861,HINDUNILVR
2024-03-28,2136.20288054334,2177.023769167726,2131.540437113006,2154.615234375,3186360,HINDUNILVR
2024-04-01,2159.991244302335,2183.779694129453,2152.378940357657,2175.12060546875,1427873,HINDUNILVR
2024-04-02,2186.6345068390233,2186.6345068390233,2166.699830533969,2175.882080078125,1221495,HINDUNILVR
2024-04-03,2171.267075188301,2171.267075188301,2151.4750383541527,2155.423828125,1175309,HINDUNILVR
2024-04-04,2159.9911040304573,2171.4095592059484,2140.24669195617,2155.185791015625,1890255,HINDUNILVR
2024-04-05,2155.1862791751128,2169.9827438199663,2148.6683822548757,2157.08935546875,1153449,HINDUNILVR
2024-04-08,2166.6521151770908,2178.022948283286,2157.3269959314625,2158.9921875,1127294,HINDUNILVR
2024-04-09,2160.942688440038,2164.3683179899913,2146.431734675745,2154.424560546875,1189343,HINDUNILVR
2024-04-10,2166.55712999579,2166.55712999579,2148.2876439001657,2151.33251953125,2308993,HINDUNILVR
2024-04-12,2151.3322566982424,2155.0910177947553,2120.597763925149,2124.118408203125,3388551,HINDUNILVR
2024-04-15,2119.741083507388,2119.7887068675727,2083.8681485983543,2087.721923828125,4909564,HINDUNILVR
2024-04-16,2077.2073559454366,2123.1190622781746,2066.7880617990954,2113.175537109375,2821129,HINDUNILVR
2024-04-18,2107.704437250615,2129.256681498311,2101.995208860857,2107.466552734375,3392171,HINDUNILVR
2024-04-19,2112.4147012121916,2135.013732362547,2089.577785523411,2123.45263671875,2337694,HINDUNILVR
2024-04-22,2140.9606320927674,2144.3386386629995,2121.025956224656,2132.87255859375,1804108,HINDUNILVR
2024-04-23,2143.8150341424634,2163.3215624158415,2139.7233744330624,2153.092529296875,1991778,HINDUNILVR
2024-04-24,2156.232834312824,2158.4214182791357,2136.8213188005566,2150.7138671875,1404398,HINDUNILVR
2024-04-25,2129.589797086767,2131.3026120529203,2107.752045118327,2122.73876953125,4951866,HINDUNILVR
2024-04-26,2136.2030043143795,2145.7183851799227,2111.0824917529876,2114.93603515625,2307512,HINDUNILVR
2024-04-29,2125.735806975703,2125.735806975703,2112.4142755085322,2118.21875,1395292,HINDUNILVR
2024-04-30,2123.8807082132403,2131.683274339112,2117.1723180022423,2122.358154296875,2119102,HINDUNILVR
2024-05-02,2098.188996387385,2134.4900796001903,2098.188996387385,2118.4091796875,2140383,HINDUNILVR
2024-05-03,2123.8326230803814,2127.305643541275,2097.18956150052,2109.607177734375,2595307,HINDUNILVR
2024-05-06,2117.1721666480007,2151.9033055615523,2104.8021719664616,2146.860107421875,1619256,HINDUNILVR
2024-05-07,2156.1850424716877,2273.7952286210457,2149.524276674114,2264.08935546875,8277810,HINDUNILVR
2024-05-08,2251.719247345545,2257.2858371169455,2212.3256702695326,2227.597900390625,1813439,HINDUNILVR
2024-05-09,2227.1700153936445,2247.6280831254676,2207.0448465882805,2212.9443359375,1558987,HINDUNILVR
2024-05-10,2208.5199417588396,2256.0968470099992,2208.5199417588396,2248.056396484375,2610266,HINDUNILVR
2024-05-13,2258.951417394285,2266.230590832508,2234.1161804125177,2246.248291015625,1170617,HINDUNILVR
2024-05-14,2246.200805229027,2257.333753909957,2233.0219103629047,2235.73388671875,689430,HINDUNILVR
2024-05-15,2235.6863710142675,2241.633484090581,2205.3321664872997,2210.70849609375,812282,HINDUNILVR
2024-05-16,2223.7443255783614,2234.306490394986,2189.822088503335,2229.59619140625,1880021,HINDUNILVR
2024-05-17,2237.922206273115,2237.922206273115,2202.905792515625,2207.9013671875,1264582,HINDUNILVR
2024-05-21,2195.1981059581112,2212.135528356664,2190.2025315947476,2198.71875,1663959,HINDUNILVR
2024-05-22,2199.0044285495906,2258.9513255632746,2198.718920673421,2252.1953125,1914851,HINDUNILVR
2024-05-23,2252.1954633173386,2271.131211122761,2240.8722527134705,2267.03955078125,1614718,HINDUNILVR
2024-05-24,2263.23319883726,2267.7530044687405,2250.101927593456,2254.2412109375,974100,HINDUNILVR
2024-05-27,2254.240924474228,2283.6433528695225,2248.0083047231305,2268.942138671875,1116934,HINDUNILVR
2024-05-28,2274.175797760931,2292.255019584135,2263.2807342292895,2279.83740234375,1631747,HINDUNILVR
2024-05-29,2265.802414530094,2278.9336864083803,2254.5742187991223,2258.38037109375,1592495,HINDUNILVR
2024-05-30,2253.2419122833867,2257.4762097868,2220.9372446734023,2237.4462890625,1837380,HINDUNILVR
2024-05-31,2238.9689767771592,2262.2340350676586,2205.284623556336,2216.1796875,5529186,HINDUNILVR
2024-06-03,2265.611721361948,2271.7490943049183,2230.690327179499,2241.72802734375,1207445,HINDUNILVR
2024-06-04,2258.951313785197,2388.408110980156,2228.597343141122,2375.324462890625,7826048,HINDUNILVR
2024-06-05,2410.7690967329754,2591.9418352796642,2402.633400538643,2476.615478515625,11061076,HINDUNILVR
2024-06-06,2473.999177643706,2473.999177643706,2395.9730497334044,2426.041748046875,4102547,HINDUNILVR
2024-06-07,2431.465392406467,2470.668716293692,2402.633741052021,2452.875,3974253,HINDUNILVR
2024-06-10,2454.0164768149452,2467.9564154482496,2422.6157231372044,2441.028076171875,1449122,HINDUNILVR
2024-06-11,2441.6466046084306,2451.8280151494614,2427.6590419168024,2432.46435546875,1402423,HINDUNILVR
2024-06-12,2443.5497898876715,2443.5497898876715,2395.021347798781,2406.154296875,1754677,HINDUNILVR
2024-06-13,2367.378861098653,2384.3639068951125,2327.8900350917966,2366.85546875,3123098,HINDUNILVR
2024-06-14,2376.0797273343774,2412.013876045768,2373.5815310828184,2382.565185546875,1729552,HINDUNILVR
2024-06-18,2382.709074497223,2400.0998034109475,2376.223616661745,2388.810302734375,1820933,HINDUNILVR
2024-06-19,2397.217018956521,2397.217018956521,2355.421852493752,2360.706298828125,986976,HINDUNILVR
2024-06-20,2360.706616671376,2392.4132989465716,2350.76215431065,2384.9189453125,2163310,HINDUNILVR
2024-06-21,2378.0010255446114,2380.88345103012,2331.4499008681246,2345.621826171875,3646215,HINDUNILVR
2024-06-24,2339.568797683873,2371.1314520893884,2331.9304166962634,2346.486572265625,1945519,HINDUNILVR
2024-06-25,2343.7483395788545,2350.8101414046546,2332.7468944491416,2336.87841796875,833789,HINDUNILVR
2024-06-26,2341.4903708409693,2370.314626534539,2337.070557805665,2349.75341796875,1738656,HINDUNILVR
2024-06-27,2353.93272429665,2385.8796067402795,2340.5294927122213,2365.654541015625,3402726,HINDUNILVR
2024-06-28,2366.471512485225,2392.893748211309,2366.327485028409,2376.127685546875,2129791,HINDUNILVR
2024-07-01,2364.597966641717,2424.1200103499796,2354.077159765737,2406.921630859375,3312865,HINDUNILVR
2024-07-02,2416.4334016689368,2416.4334016689368,2382.1806721302996,2387.753173828125,1305210,HINDUNILVR
2024-07-03,2389.1944701801613,2421.093501473132,2377.3286254147783,2411.9658203125,1406405,HINDUNILVR
2024-07-04,2416.481418640606,2437.4270904546393,2395.1993700290486,2398.1298828125,1977010,HINDUNILVR
2024-07-05,2398.130118634334,2453.9051033921646,2398.130118634334,2447.179443359375,1754286,HINDUNILVR
2024-07-08,2459.6697583062924,2493.2980557831365,2436.8505564470056,2485.755615234375,2818809,HINDUNILVR
2024-07-09,2485.755514072415,2511.553315058721,2467.356125887833,2488.637939453125,1479529,HINDUNILVR
2024-07-10,2479.846813854659,2523.0831976684753,2472.160345621092,2508.142578125,1764036,HINDUNILVR
2024-07-11,2514.4359645699687,2514.4840519117424,2488.542221172962,2506.60546875,1432671,HINDUNILVR
2024-07-12,2499.0630428864465,2536.0541721256345,2499.0630428864465,2519.480224609375,1912642,HINDUNILVR
2024-07-15,2525.0046235125783,2526.2056340831227,2511.2169283337776,2517.6064453125,920101,HINDUNILVR
2024-07-16,2523.035159123248,2618.203292695142,2521.6901209853186,2583.085693359375,3298003,HINDUNILVR
2024-07-18,2594.1829285927874,2643.376276472366,2550.9465464495743,2631.077880859375,5569762,HINDUNILVR
2024-07-19,2631.654702970297,2635.4979372937296,2609.5080182670367,2620.125,1668862,HINDUNILVR
2024-07-22,2599.659583162453,2642.175360458866,2599.611495821651,2628.099609375,1911629,HINDUNILVR
2024-07-23,2638.3800709030206,2701.1209112005877,2624.928752260398,2657.9326171875,3906259,HINDUNILVR
2024-07-24,2640.3016724627655,2649.3812655791385,2570.258828910882,2610.564697265625,3611927,HINDUNILVR
2024-07-25,2610.5646429880785,2618.058995803944,2565.358558553034,2601.1005859375,2166670,HINDUNILVR
2024-07-26,2617.2424725522474,2620.1248981828116,2581.9327585778365,2604.800048828125,2135309,HINDUNILVR
2024-07-29,2604.943905005056,2613.3990665465953,2587.2651227956057,2605.328369140625,957011,HINDUNILVR
2024-07-30,2609.1716754019894,2646.403005047723,2580.15507083308,2585.919921875,1560399,HINDUNILVR
2024-07-31,2598.9871405340136,2603.4548064845294,2570.210971234448,2599.611572265625,1751085,HINDUNILVR
2024-08-01,2607.63447908741,2618.155286095555,2589.571230917644,2609.123779296875,1886392,HINDUNILVR
2024-08-02,2605.7123343354174,2651.3507325216015,2576.0713018950255,2587.024658203125,1738872,HINDUNILVR
2024-08-05,2571.075464055805,2634.5369125284533,2561.707581161147,2609.459716796875,3118731,HINDUNILVR
2024-08-06,2613.495316474495,2663.120982084399,2602.493871399837,2642.271484375,2296031,HINDUNILVR
2024-08-07,2672.680937724784,2672.8251997421476,2628.291632268289,2636.506591796875,1713875,HINDUNILVR
2024-08-08,2646.066651142138,2651.1108958474742,2613.783391199029,2626.081787109375,1464161,HINDUNILVR
2024-08-09,2647.988365284219,2649.909982385296,2612.0542193230376,2639.533203125,1284031,HINDUNILVR
2024-08-12,2630.693760855518,2655.098203741582,2615.7050539259953,2640.974365234375,1297178,HINDUNILVR
2024-08-13,2634.5370281742244,2649.5735880618686,2623.1035003273,2633.96044921875,1051237,HINDUNILVR
2024-08-14,2633.5761711471446,2635.0654712777045,2600.524451664369,2615.368896484375,946995,HINDUNILVR
2024-08-16,2630.5975302627953,2645.682411553872,2604.4635856599443,2640.5419921875,1727926,HINDUNILVR
2024-08-19,2642.271493522543,2651.591289168054,2629.7809828751347,2635.0654296875,1130327,HINDUNILVR
2024-08-20,2635.065549158341,2648.2285794460054,2627.8594849965834,2643.232421875,1097889,HINDUNILVR
2024-08-21,2641.742926879829,2685.555887581203,2635.449584394862,2681.80859375,1417729,HINDUNILVR
2024-08-22,2693.0983044544705,2699.8720517122147,2673.0655867359187,2683.34619140625,1552947,HINDUNILVR
2024-08-23,2689.495284360127,2710.4409579614417,2662.736906606856,2705.252685546875,2111401,HINDUNILVR
2024-08-26,2705.252661115509,2723.84416591014,2693.7229584562397,2710.5849609375,1152244,HINDUNILVR
2024-08-27,2698.9110690675607,2713.419371206562,2651.39913578788,2658.4609375,1357212,HINDUNILVR
2024-08-28,2651.83161941354,2672.729205544788,2638.1400974654807,2656.01123046875,1723549,HINDUNILVR
2024-08-29,2661.391380337622,2699.871806559106,2637.419255873575,2676.091796875,2129934,HINDUNILVR
2024-08-30,2686.1324855620223,2705.925236031188,2651.9278410437555,2669.126220703125,4029712,HINDUNILVR
2024-09-02,2684.499119525131,2698.815073255556,2670.086991109642,2679.7431640625,957950,HINDUNILVR
2024-09-03,2671.0477444623643,2717.1184670971547,2666.2437017564966,2684.787353515625,2022116,HINDUNILVR
2024-09-04,2671.0476947453803,2732.3954127863854,2663.0248497469543,2729.897216796875,1640986,HINDUNILVR
2024-09-05,2728.7444187868173,2743.1084599551136,2712.9870175378533,2727.20703125,1945173,HINDUNILVR
2024-09-06,2717.262624333097,2754.109489722698,2717.262624333097,2727.687255859375,1672730,HINDUNILVR
2024-09-09,2741.282787084872,2823.0474485552013,2731.770642323624,2807.290283203125,3342754,HINDUNILVR
2024-09-10,2819.0122846882073,2822.471289295926,2774.334687129243,2784.999755859375,1536584,HINDUNILVR
2024-09-11,2797.4902425402506,2834.3851966953944,2784.5193272333395,2790.33203125,1913665,HINDUNILVR
2024-09-12,2796.913807637595,2847.260083963289,2780.772176398719,2840.534423828125,2454564,HINDUNILVR
2024-09-13,2840.534331776925,2840.534331776925,2804.1197811969887,2818.00341796875,1902001,HINDUNILVR
2024-09-16,2795.9527214811214,2795.9527214811214,2697.3736760288116,2754.734130859375,1489057,HINDUNILVR
2024-09-17,2754.7339764439957,2799.6996238481406,2748.0083173535195,2760.883056640625,1098661,HINDUNILVR
2024-09-18,2761.363767778583,2780.1476218120856,2749.5457757201657,2763.141357421875,464796,HINDUNILVR
2024-09-19,2763.5255740396533,2819.3005569204092,2760.7393230916587,2797.63427734375,1713010,HINDUNILVR
2024-09-20,2810.172827301893,2872.193064647857,2781.924915858446,2860.903564453125,3641632,HINDUNILVR
2024-09-23,2863.209629130844,2916.054102151715,2853.5534557825476,2909.85693359375,1300470,HINDUNILVR
2024-09-24,2901.64167780885,2901.64167780885,2830.6380232967213,2834.91357421875,1929308,HINDUNILVR
2024-09-25,2834.913608154621,2844.3295785071546,2791.244908103834,2833.376220703125,1055354,HINDUNILVR
2024-09-26,2835.4422567851584,2875.5560144698934,2825.9301112254557,2869.070556640625,1902889,HINDUNILVR
2024-09-27,2869.0706798652327,2911.2500839522754,2837.027618940621,2849.99853515625,2977081,HINDUNILVR
2024-09-30,2848.0287842912826,2880.407986959027,2827.27545942713,2842.360107421875,1627702,HINDUNILVR
2024-10-01,2846.587262073405,2846.587262073405,2778.0815699262566,2809.163818359375,1184642,HINDUNILVR
2024-10-03,2794.7516790969526,2808.5393746775317,2748.9692486426334,2779.955322265625,1233447,HINDUNILVR
2024-10-04,2777.6974314563677,2799.7960274174525,2706.6456883133583,2737.103271484375,2456486,HINDUNILVR
2024-10-07,2733.5004540047285,2754.109751462268,2714.3323694403375,2722.35498046875,1280975,HINDUNILVR
2024-10-08,2732.5397229556534,2772.893685109007,2689.01504543291,2708.327392578125,1761488,HINDUNILVR
2024-10-09,2712.746640266062,2715.1008087621585,2652.5039938931,2660.4306640625,1476282,HINDUNILVR
2024-10-10,2661.4396754977797,2678.1576503885535,2626.081874049611,2646.7392578125,2065078,HINDUNILVR
2024-10-11,2656.4435309289793,2680.65585951984,2629.781093616551,2674.122314453125,679307,HINDUNILVR
2024-10-14,2682.1932811757006,2694.7797326210543,2656.6356795435354,2679.791259765625,874010,HINDUNILVR
2024-10-15,2683.6344784180606,2689.591444565931,2656.8758662364426,2672.44091796875,1082666,HINDUNILVR
2024-10-16,2679.8390730118053,2687.9100055740655,2647.6041338219375,2672.248779296875,1170797,HINDUNILVR
2024-10-17,2670.5191491058513,2672.969257705141,2616.713872890363,2631.318115234375,1368242,HINDUNILVR
2024-10-18,2631.318027881403,2632.61521314749,2587.889531863665,2610.61279296875,1137277,HINDUNILVR
2024-10-21,2608.5951357141957,2630.693731707355,2575.3991543839065,2587.98583984375,792345,HINDUNILVR
2024-10-22,2579.8669872871565,2603.7910250164714,2568.961717025015,2576.60009765625,1272253,HINDUNILVR
2024-10-23,2518.2791120453326,2587.5054123069553,2518.2791120453326,2555.078125,1431962,HINDUNILVR
2024-10-24,2543.2602724519998,2543.2602724519998,2356.479181179084,2406.921630859375,9216267,HINDUNILVR
2024-10-25,2404.230863823927,2440.453292950492,2402.1171322956857,2428.9716796875,2761166,HINDUNILVR
2024-10-28,2444.2968286647133,2488.1097901772814,2421.3335992998454,2474.8505859375,852829,HINDUNILVR
2024-10-29,2484.3625217211766,2484.3625217211766,2436.6103856054533,2447.8037109375,1695654,HINDUNILVR
2024-10-30,2456.7873312900288,2462.840471746598,2434.1121568907006,2454.817626953125,1200637,HINDUNILVR
2024-10-31,2454.8176022437847,2463.03256173984,2425.176801099299,2429.1640625,1901355,HINDUNILVR
2024-11-01,2444.2489262035915,2446.1705433526063,2412.9267074180943,2438.0517578125,118532,HINDUNILVR
2024-11-04,2447.179267173946,2447.179267173946,2405.384097122094,2425.849365234375,1097260,HINDUNILVR
2024-11-05,2421.2377266411363,2431.0860150133867,2408.7472145592574,2422.534912109375,702046,HINDUNILVR
2024-11-06,2444.744462450784,2451.4513228337587,2425.1103499635406,2430.650634765625,1219166,HINDUNILVR
2024-11-07,2430.650546317653,2439.5927892011046,2397.019901101359,2406.156494140625,1322446,HINDUNILVR
2024-11-08,2414.3698717211782,2444.793147696757,2398.1863642528074,2437.45458984375,1700877,HINDUNILVR
2024-11-11,2438.7181349716725,2444.452769822316,2405.719186544309,2421.27099609375,1175577,HINDUNILVR
2024-11-12,2425.110183644532,2427.005512880814,2387.202649711812,2392.548583984375,1624222,HINDUNILVR
2024-11-13,2393.1320758129814,2403.5323013697825,2381.7596248219456,2395.902099609375,1262017,HINDUNILVR
2024-11-14,2391.479431181601,2395.6590274804553,2316.9279912203806,2322.27392578125,2443393,HINDUNILVR
2024-11-18,2333.8892867149557,2357.0712993634347,2309.200882252652,2355.030029296875,1374215,HINDUNILVR
2024-11-19,2363.7776960673323,2371.8452445208204,2337.728605593575,2342.83154296875,1133370,HINDUNILVR
2024-11-21,2356.828074767604,2356.828074767604,2309.540950041982,2316.05322265625,1291829,HINDUNILVR
2024-11-22,2323.9751435738744,2383.4123644935075,2311.2422405117045,2376.754150390625,1696471,HINDUNILVR
2024-11-25,2400.8106354018087,2435.5105635219556,2388.758077739939,2402.219970703125,4368045,HINDUNILVR
2024-11-26,2416.6054934792924,2425.061742768364,2391.4795053433168,2409.7529296875,982442,HINDUNILVR
2024-11-27,2405.816200610109,2423.1176358895655,2389.1466999635395,2417.237060546875,948232,HINDUNILVR
2024-11-28,2416.3623676782477,2468.023439226603,2384.48111118336,2393.22900390625,2540530,HINDUNILVR
2024-11-29,2386.328105245208,2437.2601873197295,2386.328105245208,2426.22802734375,1795164,HINDUNILVR
2024-12-02,2415.390571345119,2420.736506211275,2391.62550835502,2409.704345703125,1006993,HINDUNILVR
2024-12-03,2410.530520207273,2421.659736640615,2396.922686625458,2413.30078125,1641588,HINDUNILVR
2024-12-04,2411.599696499456,2423.1662596170304,2387.7373419097,2395.464599609375,1321495,HINDUNILVR
2024-12-05,2396.5340239678508,2444.550142583365,2381.4195611129917,2424.7216796875,2071795,HINDUNILVR
2024-12-06,2425.110340492518,2425.8879784428123,2405.670578244081,2414.22412109375,1308086,HINDUNILVR
2024-12-09,2395.9507252372305,2407.5659358566236,2316.5393429808005,2333.50048828125,3385021,HINDUNILVR
2024-12-10,2341.2279687941573,2345.4075655839893,2321.3995041053026,2330.196044921875,2063838,HINDUNILVR
2024-12-11,2337.631401911156,2341.859645105597,2318.191639733101,2334.083740234375,1718225,HINDUNILVR
2024-12-12,2318.240245124781,2332.722772767621,2272.5081579587118,2279.263427734375,3231056,HINDUNILVR
2024-12-13,2279.263758833911,2327.474470097073,2268.0858941577417,2323.149169921875,2260902,HINDUNILVR
2024-12-16,2323.343284729169,2325.9676052312534,2296.807961204117,2299.86962890625,1247552,HINDUNILVR
2024-12-17,2287.428194383181,2313.3315812440496,2287.428194383181,2297.05078125,2131569,HINDUNILVR
2024-12-18,2284.220904890491,2316.2478684521607,2284.220904890491,2293.114501953125,988403,HINDUNILVR
2024-12-19,2281.2559523920368,2320.086827512877,2270.5640838465265,2293.74609375,1655915,HINDUNILVR
2024-12-20,2286.21332261703,2307.013773197231,2259.532059224196,2268.52294921875,2069691,HINDUNILVR
2024-12-23,2271.536130079183,2285.8729541778853,2250.395389459062,2273.3828125,1066199,HINDUNILVR
2024-12-24,2265.801653352284,2290.9274044487324,2265.801653352284,2270.126953125,683646,HINDUNILVR
2024-12-26,2266.919279380392,2276.25046019758,2259.5807216577036,2267.4052734375,1033769,HINDUNILVR
2024-12-27,2277.368215575781,2279.9438892300855,2263.031390488396,2275.667236328125,556816,HINDUNILVR
2024-12-30,2275.9100277987986,2293.0655220263493,2259.872224912324,2277.85400390625,924180,HINDUNILVR
2024-12-31,2274.4522031674646,2286.7477579775477,2258.171402140518,2261.670654296875,1878762,HINDUNILVR
2025-01-01,2259.872381567988,2271.681942318693,2255.255437992742,2257.0537109375,559893,HINDUNILVR
2025-01-02,2264.7322920787183,2312.9914067295535,2250.6384645099884,2303.61181640625,1650744,HINDUNILVR
2025-01-03,2315.129778453579,2346.962386357394,2298.5573351226903,2338.84619140625,1274239,HINDUNILVR
2025-01-06,2350.2673355310308,2351.190676808784,2295.4957086180993,2309.63818359375,900419,HINDUNILVR
2025-01-07,2310.5615649077026,2334.958562700219,2308.714882320198,2323.829345703125,922768,HINDUNILVR
2025-01-08,2324.0237704097904,2341.519557890918,2301.668041961683,2333.74365234375,953351,HINDUNILVR
2025-01-09,2337.6802325968333,2404.3584797296335,2319.5525105592806,2367.179931640625,2425267,HINDUNILVR
2025-01-10,2367.1796915296013,2387.2027410371884,2346.184891237052,2373.6435546875,1651911,HINDUNILVR
2025-01-13,2349.344066488188,2391.5769052431565,2341.5681610860565,2382.343017578125,2595013,HINDUNILVR
2025-01-14,2395.9508859718553,2398.866850538961,2297.8773726189215,2301.619384765625,2052741,HINDUNILVR
2025-01-15,2307.40252642736,2318.0943958552334,2284.2693987793928,2306.52783203125,1215150,HINDUNILVR
2025-01-16,2310.3669829255227,2313.3315939832087,2260.892885353062,2279.31201171875,2762596,HINDUNILVR
2025-01-17,2284.172106072775,2312.6514057492745,2277.368189161069,2288.06005859375,1333005,HINDUNILVR
2025-01-20,2290.441458627697,2301.6679693677006,2270.224057382351,2279.506591796875,1382273,HINDUNILVR
2025-01-21,2287.5740781905074,2310.7074432888235,2267.113680466325,2274.938232421875,1842885,HINDUNILVR
2025-01-22,2276.93063564134,2295.835755601157,2266.8704644841923,2277.3193359375,2658047,HINDUNILVR
2025-01-23,2250.152278472374,2275.7156109970133,2190.71530564855,2256.66455078125,3408925,HINDUNILVR
2025-01-24,2267.502315356967,2314.109092797453,2257.9281385744644,2301.764892578125,1688664,HINDUNILVR
2025-01-27,2298.7518143345746,2342.199634147266,2295.0095652975047,2325.82177734375,2477358,HINDUNILVR
2025-01-28,2333.7436436161242,2339.5755727546903,2312.797250666414,2321.93408203125,1892156,HINDUNILVR
2025-01-29,2318.3374809178226,2328.883647447392,2297.7800261125353,2317.171142578125,699576,HINDUNILVR
2025-01-30,2317.2196613907627,2357.0711740237416,2317.2196613907627,2341.2763671875,1419960,HINDUNILVR
2025-01-31,2334.229440018275,2409.558518344911,2334.229440018275,2399.644287109375,2116148,HINDUNILVR
2025-02-01,2405.670552055616,2529.113040989379,2366.936731276553,2435.850830078125,2970999,HINDUNILVR
2025-02-03,2434.830035851016,2449.409856424974,2348.8090944646624,2373.546142578125,2528480,HINDUNILVR
2025-02-04,2381.371070811044,2381.371070811044,2335.5419224710554,2369.755859375,1992474,HINDUNILVR
2025-02-05,2384.28688281628,2384.28688281628,2320.1356662382636,2324.072265625,1357416,HINDUNILVR
2025-02-06,2332.7714061901434,2341.470652098705,2294.1835266397707,2306.236083984375,1132113,HINDUNILVR
2025-02-07,2313.3317910048513,2315.2271204320805,2270.6616062511516,2297.63427734375,855602,HINDUNILVR
2025-02-10,2304.486509688912,2330.827482329024,2286.164676239331,2295.30126953125,1326354,HINDUNILVR
2025-02-11,2304.5835957957092,2311.3388650754578,2232.219135155264,2250.395263671875,1389260,HINDUNILVR
2025-02-12,2260.5525432249356,2274.354725969566,2240.5297319283436,2267.162109375,1341909,HINDUNILVR
2025-02-13,2264.8296518793604,2279.8954679957756,2248.5488505922667,2256.470458984375,1334967,HINDUNILVR
2025-02-14,2256.9563530266864,2299.7238291391645,2248.597160502172,2253.40869140625,1135380,HINDUNILVR
2025-02-17,2253.4086473996276,2270.564141993552,2235.572571312144,2264.14892578125,1409168,HINDUNILVR
2025-02-18,2264.149124063214,2273.042958104678,2223.908909176285,2231.684814453125,1035705,HINDUNILVR
2025-02-19,2234.357783007968,2241.1130532602374,2185.029383883377,2187.362060546875,1521343,HINDUNILVR
2025-02-20,2187.3619104978293,2191.2985097365113,2164.1314899859503,2185.077880859375,2206196,HINDUNILVR
2025-02-21,2185.077799541156,2190.423733855982,2164.0341157208236,2178.85693359375,1781509,HINDUNILVR
2025-02-24,2167.533624682074,2187.9453763046404,2156.647404610398,2178.662841796875,1627949,HINDUNILVR
2025-02-25,2180.169242301758,2206.024219899787,2175.2606550849946,2196.0126953125,1988040,HINDUNILVR
2025-02-27,2206.0727565313555,2206.0727565313555,2170.546780346935,2182.064697265625,1699658,HINDUNILVR
2025-02-28,2182.1617186640974,2186.5843115483717,2124.620076213195,2128.896728515625,3683249,HINDUNILVR
2025-03-03,2137.4020017993853,2137.4020017993853,2098.0364806202697,2115.87255859375,1306470,HINDUNILVR
2025-03-04,2118.8854906754163,2118.934137542599,2076.166659537152,2096.918701171875,1800330,HINDUNILVR
2025-03-05,2091.7182355374134,2130.5004629205846,2089.7742594820816,2109.6513671875,1145673,HINDUNILVR
2025-03-06,2114.074138785248,2167.3391346618955,2103.139272550152,2156.79296875,1856868,HINDUNILVR
2025-03-07,2164.3260745394045,2164.3260745394045,2127.8765170889214,2142.796630859375,1738356,HINDUNILVR
2025-03-10,2146.1496079412746,2203.6426060050444,2133.173472592118,2184.7861328125,1242387,HINDUNILVR
2025-03-11,2177.2534958213787,2199.074582727622,2149.3088359977787,2154.84912109375,1325891,HINDUNILVR
2025-03-12,2155.237955656902,2167.4848636040488,2123.794045012546,2131.47265625,1526212,HINDUNILVR
2025-03-13,2123.794114513715,2148.0451714730893,2103.819710507243,2113.8798828125,1845629,HINDUNILVR
2025-03-17,2100.4663210186386,2133.951264191827,2096.0923744917604,2110.42919921875,1111886,HINDUNILVR
2025-03-18,2110.42919921875,2110.42919921875,2110.42919921875,2110.42919921875,0,HINDUNILVR
2025-03-19,2145.177877700536,2150.8641033799995,2132.007390619496,2138.422607421875,1341405,HINDUNILVR
2025-03-20,2142.1646370243157,2185.9041047576643,2127.1474672295594,2179.586181640625,1426689,HINDUNILVR
2025-03-21,2182.1134468098517,2192.027678706935,2163.451321362083,2183.27978515625,2152415,HINDUNILVR
2025-03-24,2187.2162299631173,2202.525042593678,2178.225340005486,2192.99951171875,1454404,HINDUNILVR
2025-03-25,2187.702353641122,2227.7968652873274,2180.509736169552,2207.6767578125,2229340,HINDUNILVR
2025-03-26,2208.3569585052783,2216.035569558241,2175.1150130163032,2183.03662109375,1416907,HINDUNILVR
2025-03-27,2181.3358461347175,2197.5680014294758,2138.3740156444046,2181.773193359375,3752627,HINDUNILVR
2025-03-28,2184.057042557216,2231.684454700208,2177.5447703980153,2195.5751953125,2280152,HINDUNILVR
2025-04-01,2195.7212865784686,2220.652688338022,2157.8137477663568,2171.27587890625,2495962,HINDUNILVR
2025-04-02,2180.849492088161,2180.849492088161,2128.7024292797687,2175.2119140625,1351493,HINDUNILVR
2025-04-03,2163.110957010432,2189.791983972201,2158.3969569161945,2181.676025390625,1310088,HINDUNILVR
2025-04-04,2167.5335505043304,2203.5457585235163,2159.7576453904135,2181.676025390625,1120226,HINDUNILVR
2025-04-07,2089.7743723315093,2198.248336997428,2089.7743723315093,2186.389892578125,3435185,HINDUNILVR
2025-04-08,2204.760675866648,2241.598930289759,2189.2575129830993,2225.123779296875,2774874,HINDUNILVR
2025-04-09,2229.6921366684232,2288.205774983497,2225.3668369244515,2284.172119140625,2989089,HINDUNILVR
2025-04-11,2327.5228811667503,2327.76587820031,2278.680477421297,2299.86962890625,3836083,HINDUNILVR
2025-04-15,2332.77164275884,2332.77164275884,2279.5066427888187,2295.35009765625,3042779,HINDUNILVR
2025-04-16,2285.14401964844,2309.443722111737,2285.14401964844,2300.30712890625,1131979,HINDUNILVR
2025-04-17,2291.0731880539342,2313.2343263375133,2277.4653549947234,2308.4716796875,1962402,HINDUNILVR
2025-04-21,2301.764888627587,2305.9442472059845,2283.005472678344,2285.143798828125,1478430,HINDUNILVR
2025-04-22,2303.612042656163,2338.603617987649,2289.1295133424655,2331.508056640625,2352346,HINDUNILVR
2025-04-23,2342.49130202455,2369.706968604088,2326.35620477454,2355.90478515625,2226066,HINDUNILVR
2025-04-24,2355.904893997615,2417.723197131752,2252.193807236699,2260.1640625,7065430,HINDUNILVR
2025-04-25,2266.5792056868227,2276.2990877598427,2230.1296479129974,2266.870849609375,2859858,HINDUNILVR
2025-04-28,2279.3120011970113,2283.199953437859,2250.152359390653,2253.651611328125,1555660,HINDUNILVR
2025-04-29,2262.7881228007286,2267.1620689143897,2247.81960213246,2256.66455078125,1896387,HINDUNILVR
2025-04-30,2255.012618257728,2286.6022346772866,2251.1246654676283,2276.49365234375,2083807,HINDUNILVR
2025-05-02,2268.7174262614103,2279.3120011970113,2245.2924190895933,2253.651611328125,1424284,HINDUNILVR
2025-05-05,2258.997813142575,2288.934859100469,2254.1378722660597,2282.8115234375,2074103,HINDUNILVR
2025-05-06,2274.646499038448,2323.148847500318,2274.646499038448,2315.081298828125,1888125,HINDUNILVR
2025-05-07,2302.639778279785,2320.038270117709,2289.3235889472185,2304.389404296875,1610400,HINDUNILVR
2025-05-08,2295.544136531012,2305.4583672078948,2275.424031301092,2288.9345703125,2323073,HINDUNILVR
2025-05-09,2264.73235471963,2277.0765565746965,2237.8083308384716,2267.551025390625,1805685,HINDUNILVR
2025-05-12,2293.8922276692024,2320.1359099349093,2280.3816861642495,2315.761962890625,1274873,HINDUNILVR
2025-05-13,2309.0552002736067,2330.827640442929,2286.893822453739,2293.89208984375,1929665,HINDUNILVR
2025-05-14,2303.611972519145,2303.611972519145,2272.9943450362957,2284.658203125,1568111,HINDUNILVR
2025-05-15,2285.727303591603,2303.514495923454,2274.4521467468458,2289.226318359375,3236681,HINDUNILVR
2025-05-16,2293.8921741926106,2320.135855846509,2283.2003038891703,2314.692626953125,1473000,HINDUNILVR
2025-05-19,2308.4717935959884,2337.6314373045693,2308.4717935959884,2315.9560546875,936655,HINDUNILVR
2025-05-20,2327.522599114509,2327.522599114509,2272.9939764708975,2275.521240234375,1617408,HINDUNILVR
2025-05-21,2280.284124796257,2309.1521244400974,2279.3121366782702,2297.6826171875,1570754,HINDUNILVR
2025-05-22,2289.0322024287943,2296.9054017400363,2248.305991922015,2265.412841796875,2423653,HINDUNILVR
2025-05-23,2271.4391177464427,2298.266086846468,2264.3437937651006,2293.114501953125,844118,HINDUNILVR
2025-05-26,2301.6678802484216,2330.147179774353,2297.8772214812275,2327.036865234375,892618,HINDUNILVR
2025-05-27,2327.0371461384607,2342.005670151259,2294.1838960837363,2313.5263671875,1865258,HINDUNILVR
2025-05-28,2321.107381770613,2321.107381770613,2286.1158132012065,2295.835693359375,897517,HINDUNILVR
2025-05-29,2302.6399170703785,2309.4438340900037,2289.518077103958,2300.404296875,1111275,HINDUNILVR
2025-05-30,2293.891989062484,2308.374517293052,2277.8541849016656,2282.519775390625,3288892,HINDUNILVR
2025-06-02,2282.1309268833143,2317.2197947019963,2277.9515675984035,2305.167236328125,1178205,HINDUNILVR
2025-06-03,2298.8492103092544,2312.84574439433,2276.9794774877073,2286.40771484375,1643913,HINDUNILVR
2025-06-04,2293.405928626477,2301.2791271801098,2276.4934305579545,2298.265869140625,3287896,HINDUNILVR
2025-06-05,2298.2661985112804,2313.332016264262,2283.1030870133595,2309.832763671875,1787978,HINDUNILVR
2025-06-06,2306.8193742991416,2329.369450456811,2303.7090598811487,2322.857177734375,997488,HINDUNILVR
2025-06-09,2326.939747394223,2331.79968838711,2311.67958013692,2326.162109375,1293622,HINDUNILVR
2025-06-10,2326.356086953054,2332.9656531051187,2311.776266309573,2328.105712890625,1778782,HINDUNILVR
2025-06-11,2328.106190084242,2335.5904520882627,2304.875766018113,2309.832763671875,1977707,HINDUNILVR
2025-06-12,2320.0381494311273,2321.107431191998,2258.997490579552,2267.3564453125,3339584,HINDUNILVR
2025-06-13,2240.4324505317823,2259.7749177653404,2237.516486387923,2254.040283203125,1740682,HINDUNILVR
2025-06-16,2255.0124608859933,2271.1475587596,2248.3058377118327,2262.205078125,1105297,HINDUNILVR
2025-06-17,2255.012389459953,2267.745528476323,2248.3057664982202,2263.37158203125,1119284,HINDUNILVR
2025-06-18,2262.496584614853,2266.09289301594,2221.4787354933574,2232.9482421875,2056563,HINDUNILVR
2025-06-19,2235.6699307829094,2243.154191716161,2226.144399912506,2229.93505859375,1214549,HINDUNILVR
2025-06-20,2230.712900802916,2248.2086882601934,2228.1856365828094,2241.59912109375,2685864,HINDUNILVR
2025-06-23,2242.777637332428,2245.3314785900775,2218.517104573964,2234.62548828125,842856,HINDUNILVR
2025-06-24,2254.171508269237,2260.0647671143856,2220.0888759075924,2222.839111328125,2440747,HINDUNILVR
2025-06-25,2238.455843673713,2249.751254907696,2230.9909542436453,2238.1611328125,1047270,HINDUNILVR
2025-06-26,2248.179876457905,2250.2426129211913,2231.187839049338,2240.22412109375,1874722,HINDUNILVR
2025-06-27,2240.223846681488,2269.395425704689,2238.7505321874146,2265.859375,1050745,HINDUNILVR
2025-06-30,2268.8059358629935,2275.7797201777867,2247.295640814318,2253.7783203125,1403754,HINDUNILVR
2025-07-01,2259.082297140465,2261.636138264844,2245.9207831543013,2254.662353515625,759914,HINDUNILVR
2025-07-02,2254.171318752975,2267.9222549022306,2246.9030627072866,2266.05615234375,1128034,HINDUNILVR
2025-07-03,2268.9044793168537,2285.503727857006,2263.011220929018,2272.243896484375,1060039,HINDUNILVR
2025-07-04,2276.762233670115,2299.7458462360423,2269.199266444391,2297.683349609375,1242346,HINDUNILVR
2025-07-07,2299.3528119827433,2372.723825559003,2299.3528119827433,2367.51806640625,2701583,HINDUNILVR
2025-07-08,2362.607071634493,2375.474114379278,2343.552299734942,2350.133056640625,1471046,HINDUNILVR
2025-07-09,2356.3210447333263,2396.29693113012,2354.45494224249,2380.286865234375,1741690,HINDUNILVR
2025-07-10,2380.2868562218573,2390.6983748083844,2354.946038170592,2365.5537109375,1053695,HINDUNILVR
2025-07-11,2455.5244711336377,2484.9907647872415,2417.218289383953,2474.77587890625,7242235,HINDUNILVR
2025-07-14,2455.5240816011337,2487.445894661949,2445.7019852747294,2471.828857421875,2427712,HINDUNILVR
2025-07-15,2475.8561480958347,2484.8924301255456,2465.3465513939755,2481.94580078125,1700294,HINDUNILVR
2025-07-16,2481.356455874828,2487.8388961282812,2462.890865236824,2472.811279296875,1284379,HINDUNILVR
2025-07-17,2468.2929253596812,2480.472229470397,2461.613851577524,2465.14990234375,807474,HINDUNILVR
2025-07-18,2470.1590393490687,2470.1590393490687,2437.353331809416,2445.309326171875,771112,HINDUNILVR
2025-07-21,2446.5862827986753,2449.2384410834075,2411.717835071157,2421.048828125,1169960,HINDUNILVR
2025-07-22,2426.057819495432,2440.7909641482383,2408.967467617087,2435.585205078125,861632,HINDUNILVR
2025-07-23,2436.8623544586453,2442.755612873297,2398.5561747634065,2406.806640625,1320795,HINDUNILVR
2025-07-24,2412.2087602925917,2422.1291744035116,2377.9297369143965,2394.430908203125,693984,HINDUNILVR
2025-07-25,2382.9390347834888,2385.3945590187477,2362.6071022777146,2372.42919921875,769388,HINDUNILVR
2025-07-28,2372.429243771511,2404.7440871927433,2369.384537540986,2398.163330078125,987995,HINDUNILVR
2025-07-29,2401.3064573670335,2413.7804732980653,2386.4749941452433,2409.949951171875,732282,HINDUNILVR
2025-07-30,2398.5561023639793,2409.262092241855,2355.829980147422,2394.037841796875,1224146,HINDUNILVR
2025-07-31,2377.0459063535795,2503.652646914568,2377.0459063535795,2476.34716796875,5505507,HINDUNILVR
2025-08-01,2504.6346709904583,2678.976888284892,2491.767628330378,2508.268798828125,4259653,HINDUNILVR
2025-08-04,2501.688117328015,2537.2440606709806,2489.9999177635377,2498.44677734375,1293028,HINDUNILVR
2025-08-05,2492.357168773925,2507.5814194600316,2472.516580355361,2489.60693359375,756361,HINDUNILVR
2025-08-06,2493.535917373264,2517.501979853343,2481.651322928679,2490.4912109375,885487,HINDUNILVR
2025-08-07,2490.5890589949863,2498.741447368421,2450.613172635303,2472.712890625,847151,HINDUNILVR
2025-08-08,2471.2397680498043,2484.892387860569,2442.362896885792,2454.1494140625,839794,HINDUNILVR
2025-08-11,2445.800579905625,2479.5884991865532,2434.4068509541976,2473.596923828125,992436,HINDUNILVR
2025-08-12,2473.2040732697083,2491.47326996814,2435.9784208260676,2439.612548828125,1406211,HINDUNILVR
2025-08-13,2440.7910122672074,2456.9974717047967,2429.397284258838,2450.71142578125,969803,HINDUNILVR
2025-08-14,2454.44372812859,2464.3641420365734,2429.200986749531,2436.469482421875,1104362,HINDUNILVR
2025-08-18,2493.830443434499,2550.798606380226,2476.445379598451,2522.412841796875,3089136,HINDUNILVR
2025-08-19,2526.439827717028,2568.47845225644,2512.8852854397333,2558.4599609375,1400717,HINDUNILVR
2025-08-20,2552.762973091036,2632.3219576313877,2542.449771391361,2622.303466796875,3156954,HINDUNILVR
2025-08-21,2619.651659128844,2619.651659128844,2580.559664029887,2600.891357421875,2235686,HINDUNILVR
2025-08-22,2599.9091636055095,2611.20457553655,2572.4072910777595,2583.11328125,1223445,HINDUNILVR
2025-08-25,2595.980052850747,2595.980052850747,2568.674577169291,2584.782958984375,667598,HINDUNILVR
2025-08-26,2577.9077368329176,2656.877302702266,2577.9077368329176,2644.697998046875,4348648,HINDUNILVR
2025-08-28,2699.1121669118434,2699.1121669118434,2599.7125964973993,2607.17724609375,3198743,HINDUNILVR
2025-08-29,2617.392493882605,2674.5570512791683,2594.4086426961376,2612.4814453125,1972773,HINDUNILVR
2025-09-01,2612.4813094408382,2625.7411398904956,2592.346011350618,2602.364501953125,1096729,HINDUNILVR
2025-09-02,2601.8736154116664,2644.5014224406004,2598.043093323752,2629.37548828125,1525106,HINDUNILVR
2025-09-03,2633.304255827349,2639.099197248745,2611.00814317238,2617.294189453125,1010692,HINDUNILVR
2025-09-04,2701.0768426775303,2701.0768426775303,2608.2580202655204,2619.16064453125,2494678,HINDUNILVR
2025-09-05,2620.1427902324845,2625.348310000531,2577.1219557941918,2586.551025390625,944879,HINDUNILVR
2025-09-08,2583.2115458729263,2597.5519036054347,2572.210845043877,2577.219970703125,903410,HINDUNILVR
2025-09-09,2590.087242016731,2599.123524215233,2564.844498121878,2594.998291015625,1610956,HINDUNILVR
2025-09-10,2594.9981209437656,2605.704111140776,2572.407297029418,2596.471435546875,1031486,HINDUNILVR
2025-09-11,2596.765978572866,2610.418597093595,2567.4960823902916,2575.353759765625,1212707,HINDUNILVR
2025-09-12,2578.300619467218,2582.131141611505,2523.296872918584,2534.59228515625,1368380,HINDUNILVR
2025-09-15,2534.5921470999765,2547.262556392294,2522.7073137348634,2535.083251953125,752745,HINDUNILVR
2025-09-16,2542.1552867248165,2543.9233122758214,2526.8329581431617,2534.985107421875,1040928,HINDUNILVR
2025-09-17,2540.9764060412954,2545.0035615909655,2520.8411078875088,2523.984130859375,970247,HINDUNILVR
2025-09-18,2525.162751622593,2563.468928857849,2525.162751622593,2540.780029296875,1550153,HINDUNILVR
2025-09-19,2553.745387548905,2558.3617254823207,2509.3495541555926,2514.064208984375,2214708,HINDUNILVR
2025-09-22,2523.2966742412086,2541.1728425025335,2514.6531810760985,2526.439697265625,1174161,HINDUNILVR
2025-09-23,2523.1982437079832,2529.484529270965,2473.4002630096147,2477.3291015625,1430474,HINDUNILVR
2025-09-24,2477.3294242524616,2530.1723576313984,2465.3465130647555,2504.143798828125,1882881,HINDUNILVR
2025-09-25,2500.7057886709636,2521.8232963129217,2486.758459490149,2493.142822265625,1624258,HINDUNILVR
2025-09-26,2489.901473834488,2500.1163583210514,2454.9347142199126,2467.1142578125,885612,HINDUNILVR
2025-09-29,2450.6133575294402,2472.6147602913434,2399.538449877524,2453.461669921875,2403556,HINDUNILVR
2025-09-30,2453.461508732884,2481.3564080346573,2447.273779473271,2469.66796875,1678088,HINDUNILVR
2025-10-01,2470.650311487506,2504.6348647874647,2453.4616408468078,2491.080322265625,1483899,HINDUNILVR
2025-10-03,2491.080068139014,2503.2596116860273,2463.676514803471,2499.625244140625,1242611,HINDUNILVR
2025-10-06,2490.0978867192407,2504.2418497280028,2475.3647417917477,2496.58056640625,818923,HINDUNILVR
2025-10-07,2494.812642046405,2513.8674143383946,2463.676642465363,2472.418212890625,1291750,HINDUNILVR
2025-10-08,2466.328548368669,2480.0794841222178,2441.8716228402013,2455.62255859375,1225128,HINDUNILVR
2025-10-09,2456.506502076689,2478.1151158494545,2453.854583800399,2472.811279296875,1259173,HINDUNILVR
2025-10-10,2465.3462454628498,2489.8031700666565,2461.908511654435,2483.909912109375,1018875,HINDUNILVR
2025-10-13,2474.3826327864285,2486.5621769669815,2441.183896906515,2448.452392578125,1114750,HINDUNILVR
2025-10-14,2448.648848847169,2464.560598461446,2438.139252730148,2457.783447265625,1461017,HINDUNILVR
2025-10-15,2458.07813584284,2486.75861164498,2458.07813584284,2474.186279296875,881070,HINDUNILVR
2025-10-16,2473.0076593520143,2522.8056437611326,2462.498063399367,2515.93017578125,1446646,HINDUNILVR
2025-10-17,2519.85903126701,2568.478412302955,2514.4568778185712,2557.37939453125,2050690,HINDUNILVR
2025-10-20,2562.585231279587,2578.00587635619,2539.6016191065405,2548.244873046875,1011485,HINDUNILVR
2025-10-21,2547.8519036554026,2560.3259186012747,2539.11033344381,2545.5927734375,82020,HINDUNILVR
2025-10-23,2554.727472782394,2619.7497080594576,2549.914741090149,2555.31689453125,3386744,HINDUNILVR
2025-10-24,2538.0300447047853,2538.0300447047853,2430.478074931111,2471.632568359375,3110800,HINDUNILVR
2025-10-27,2471.6322783442465,2480.0793772907623,2461.4173938576832,2467.1142578125,2127832,HINDUNILVR
2025-10-28,2474.186322669988,2481.0617908155573,2437.7462455795494,2452.676025390625,2294976,HINDUNILVR
2025-10-29,2467.900320582059,2468.8825303347708,2439.8090257355866,2443.836181640625,1870143,HINDUNILVR
2025-10-30,2446.684475836149,2452.5777343086565,2411.22660810764,2425.665283203125,1195631,HINDUNILVR
2025-10-31,2425.075917782587,2435.389120349099,2409.2622445950133,2421.63818359375,1401937,HINDUNILVR
2025-11-03,2412.405317967791,2430.8706683206365,2396.8863568906377,2416.23583984375,1049185,HINDUNILVR
2025-11-04,2416.236077610307,2419.4774178690022,2397.86880254078,2402.1904296875,1251588,HINDUNILVR
2025-11-06,2420.066396652233,2420.066396652233,2389.3234247182095,2392.662841796875,1329256,HINDUNILVR
2025-11-07,2392.662907838229,2400.582354781839,2376.4281382767645,2389.693115234375,817896,HINDUNILVR
2025-11-10,2380.7836246996762,2404.8389919884094,2379.7936938785956,2384.54541015625,780558,HINDUNILVR
2025-11-11,2397.8104470854564,2409.194651815599,2378.9029129343594,2403.05712890625,1422399,HINDUNILVR
2025-11-12,2406.126077343887,2410.283738675327,2391.870927758796,2400.08740234375,1680827,HINDUNILVR
2025-11-13,2404.542090020514,2406.5219517661053,2380.7837490734196,2383.357666015625,1256059,HINDUNILVR
2025-11-14,2380.882834280137,2405.729954130381,2367.91464319838,2403.255126953125,975973,HINDUNILVR
2025-11-17,2406.9177360630524,2413.847251909541,2391.672897873711,2400.582275390625,920038,HINDUNILVR
2025-11-18,2391.474933232895,2398.503297074712,2377.7147497683018,2379.793701171875,1229034,HINDUNILVR
2025-11-19,2387.7133295616327,2426.023607035294,2386.7233986621463,2417.015380859375,1465143,HINDUNILVR
2025-11-20,2420.480036715518,2434.239978963932,2400.5823298037967,2403.947998046875,1396929,HINDUNILVR
2025-11-21,2411.6696515110984,2418.5991679296735,2388.703302574577,2409.19482421875,1840712,HINDUNILVR
2025-11-24,2417.312010655888,2420.281803162537,2388.703106181435,2399.790283203125,4092327,HINDUNILVR
2025-11-25,2397.612593614541,2399.7903932161203,2381.7736995196474,2389.792236328125,1240672,HINDUNILVR
2025-11-26,2387.713234421413,2403.2551005876053,2384.7434418412868,2400.7802734375,1242683,HINDUNILVR
2025-11-27,2401.6713428676044,2434.932874570679,2400.5823222546774,2427.013427734375,1872248,HINDUNILVR
2025-11-28,2425.3307221458876,2445.129340285854,2422.5588672698223,2441.763671875,973225,HINDUNILVR
2025-12-01,2441.7635217623283,2462.9479451967945,2434.042012825968,2439.6845703125,1924828,HINDUNILVR
2025-12-02,2446.119251627908,2459.3842290026473,2435.2300117380223,2452.850830078125,2179406,HINDUNILVR
2025-12-03,2453.2466947597763,2459.879183417393,2378.903029581739,2423.350830078125,3535932,HINDUNILVR
2025-12-04,2415.431298091029,2457.9983250655837,2398.8004113086886,2437.40771484375,2587753,HINDUNILVR
2025-12-05,2397.6126302941066,2397.6126302941066,2263.674931718664,2315.052490234375,4008271,HINDUNILVR
2025-12-08,2326.4365509724244,2331.3862051452247,2278.8207811571547,2290.699951171875,1898154,HINDUNILVR
2025-12-09,2294.659840185007,2306.934886746879,2274.960311827886,2283.275634765625,1471488,HINDUNILVR
2025-12-10,2283.2756424827394,2293.570827267341,2271.891437024881,2278.52392578125,2857290,HINDUNILVR
2025-12-11,2273.1783599753567,2289.710157566845,2268.9216087951613,2282.384765625,1108032,HINDUNILVR
2025-12-12,2283.6714979780418,2285.750449542293,2222.097844295659,2237.837890625,3203114,HINDUNILVR
2025-12-15,2237.83786456232,2275.8511140306505,2229.32436224316,2270.406494140625,1274115,HINDUNILVR
2025-12-16,2270.3073037063286,2279.513708903146,2253.0826036728013,2258.13134765625,1256042,HINDUNILVR
2025-12-17,2258.230235399214,2263.179889712154,2245.460223944765,2252.686767578125,808100,HINDUNILVR
2025-12-18,2247.1431656574155,2255.35964054673,2232.5912296171614,2242.6884765625,1057295,HINDUNILVR
2025-12-19,2240.906558258753,2261.7941971851546,2240.906558258753,2257.04248046875,1237214,HINDUNILVR
2025-12-22,2257.0424338692947,2271.8913972500136,2257.0424338692947,2266.44677734375,790773,HINDUNILVR
2025-12-23,2266.2486667249427,2286.7401862916095,2257.7351650294536,2279.414794921875,1128801,HINDUNILVR
2025-12-24,2279.414949884213,2281.790687332576,2255.161643229268,2259.22021484375,519380,HINDUNILVR
2025-12-26,2259.3192987304974,2266.9417181800486,2252.092754960529,2262.387939453125,533626,HINDUNILVR
2025-12-29,2265.8526552878384,2275.554026080165,2257.0423672814736,2270.20849609375,1086695,HINDUNILVR
2025-12-30,2270.208530832208,2274.8611576222947,2260.0121944524367,2267.1396484375,1556717,HINDUNILVR
2025-12-31,2266.941697626568,2302.0842435941418,2263.773967171593,2292.580810546875,1324220,HINDUNILVR
2026-01-01,2298.6194441455013,2302.5791675634955,2276.8409653465346,2299.609375,758866,HINDUNILVR
2026-01-02,2302.5791870325143,2333.959947048983,2298.61946358104,2324.357666015625,973413,HINDUNILVR
2026-01-05,2317.923087360375,2369.8944570321323,2312.8743433478985,2360.09423828125,1344113,HINDUNILVR
2026-01-06,2374.646286801663,2403.65131045372,2343.958428959233,2400.285400390625,1584720,HINDUNILVR
2026-01-07,2391.672939054789,2397.5134344101753,2358.0152900780245,2375.239990234375,892690,HINDUNILVR
2026-01-08,2364.944858096775,2393.7519432044614,2344.255399502143,2362.66796875,1163828,HINDUNILVR
2026-01-09,2358.0152139754705,2361.9749372567057,2337.2266667489866,2348.7099609375,1189464,HINDUNILVR
2026-01-12,2338.216782309291,2389.5940992696505,2337.226851410769,2381.9716796875,1057665,HINDUNILVR
2026-01-13,2390.782022961365,2397.8103867825116,2341.1863921461404,2365.439697265625,1519683,HINDUNILVR
2026-01-14,2374.7450098298477,2374.7450098298477,2317.428110518576,2329.80224609375,1027639,HINDUNILVR
2026-01-15,2329.80224609375,2329.80224609375,2329.80224609375,2329.80224609375,0,HINDUNILVR
2026-01-16,2346.1362458650515,2349.0069488178538,2325.2486070875743,2336.6328125,1367606,HINDUNILVR
2026-01-19,2329.30730174585,2400.978198972787,2329.30730174585,2389.593994140625,1505238,HINDUNILVR
2026-01-20,2398.602397957309,2414.441291216623,2344.6511677927724,2355.14453125,1460806,HINDUNILVR
2026-01-21,2355.1445790948096,2376.329002586571,2336.2368032094596,2344.15625,1020245,HINDUNILVR
2026-01-22,2345.04711560399,2377.8139237153,2341.879385191128,2366.52880859375,1745964,HINDUNILVR
2026-01-23,2375.8341817545133,2409.7888602718917,2352.8678330006896,2385.238525390625,1378097,HINDUNILVR
2026-01-27,2387.713182496065,2397.216615218734,2356.5303610828705,2376.724853515625,2060117,HINDUNILVR
2026-01-28,2378.902901138909,2395.8305735138733,2317.0322235644744,2354.451416015625,1797593,HINDUNILVR
2026-01-29,2346.6310422104034,2350.7887033771153,2288.720088416137,2328.911376953125,1478536,HINDUNILVR
2026-01-30,2317.428169157251,2360.985127484,2316.4382382861886,2349.10595703125,2090462,HINDUNILVR
2026-02-02,2332.3760961990047,2336.236729715009,2279.810673107486,2333.56396484375,1375089,HINDUNILVR
2026-02-03,2365.934667080886,2375.734885556113,2319.704945981085,2344.750244140625,1553270,HINDUNILVR
2026-02-04,2336.830792697157,2369.3994200347297,2333.0690072409366,2347.1259765625,1232755,HINDUNILVR
2026-02-05,2338.7116518565326,2398.6024687612185,2327.921502178045,2330.693115234375,1962066,HINDUNILVR
2026-02-06,2330.693062545289,2404.5419995502302,2313.963328097432,2399.790283203125,1421995,HINDUNILVR
2026-02-09,2400.58238066687,2414.441412967627,2377.813970458483,2410.481689453125,958484,HINDUNILVR
2026-02-10,2410.4817200012817,2433.3492202602692,2405.6311553074825,2428.89453125,792532,HINDUNILVR
2026-02-11,2435.2298831546827,2445.723246803812,2422.360782146142,2438.1005859375,1137856,HINDUNILVR
2026-02-12,2450.078811010715,2454.6325895142136,2326.436546675471,2385.436279296875,4656164,HINDUNILVR
2026-02-13,2375.834017414984,2375.834017414984,2277.13796094467,2281.988525390625,2791519,HINDUNILVR
2026-02-16,2284.8595085309053,2303.5691050619544,2265.0608913838323,2295.649658203125,2036833,HINDUNILVR
2026-02-17,2286.047297375419,2302.579093779329,2280.206560511637,2289.01708984375,1233244,HINDUNILVR
2026-02-18,2289.3143418344703,2305.4500224815533,2282.7807010907572,2300.1044921875,830787,HINDUNILVR
2026-02-19,2312.4783943638467,2313.864200838222,2252.686669538672,2256.349365234375,940180,HINDUNILVR
2026-02-20,2261.992106805432,2307.7268660551376,2255.359618111006,2291.195068359375,1716316,HINDUNILVR
2026-02-23,2301.589198978469,2326.3374699352266,2297.4315377942003,2321.78369140625,1300035,HINDUNILVR
2026-02-24,2307.627974972371,2348.116051360412,2306.835981930553,2334.85107421875,1544803,HINDUNILVR
2026-02-25,2345.0472309590837,2356.0355607092815,2325.3477025655893,2350.98681640625,1158620,HINDUNILVR
2026-02-26,2354.0555642457175,2363.261969498705,2331.485092501007,2359.30224609375,1470677,HINDUNILVR
2026-02-27,2345.443166643118,2354.946357613014,2307.1328918130507,2314.557373046875,3053227,HINDUNILVR
2026-03-02,2279.810762828429,2330.29723651677,2267.139599527044,2297.233642578125,2273224,HINDUNILVR
2026-03-04,2269.812432719107,2288.3243336403816,2229.4234459004774,2238.53076171875,2648737,HINDUNILVR
2026-03-05,2252.5877729936083,2254.86466241023,2205.961930722778,2232.294189453125,1751288,HINDUNILVR
2026-03-06,2222.4938661562232,2227.344430687897,2197.15153951635,2203.2890625,1674258,HINDUNILVR
2026-03-09,2176.8580406764563,2177.8479715726257,2148.545920373073,2172.50244140625,1512817,HINDUNILVR
2026-03-10,2201.606195210621,2201.606195210621,2153.0995838952795,2168.146484375,1084986,HINDUNILVR
2026-03-11,2168.1465318534633,2172.8982483412015,2134.290944612132,2139.636474609375,1313256,HINDUNILVR
2026-03-12,2143.2992989000727,2143.2992989000727,2088.061111223958,2115.383056640625,1791973,HINDUNILVR
2026-03-13,2114.492390950521,2169.8294312879443,2098.950524241146,2138.250732421875,2298875,HINDUNILVR
2026-03-16,2147.7540473535414,2164.681719709848,2132.3110295750503,2153.79248046875,1981511,HINDUNILVR
2026-03-17,2150.921837339099,2162.8010077496438,2123.8966763186418,2136.46875,1705956,HINDUNILVR
2026-03-18,2143.2002132585976,2153.099521402979,2108.2556071724653,2113.79931640625,2441148,HINDUNILVR
2026-03-19,2090.734099450428,2112.1167039586576,2049.256090646583,2056.383544921875,2098905,HINDUNILVR
2026-03-20,2078.5578289353593,2078.656918696704,2048.166999131025,2061.72900390625,2429744,HINDUNILVR
2026-03-23,2041.534531517212,2075.8850852106953,2012.8265355843985,2031.5361328125,2599535,HINDUNILVR
2026-03-24,2049.1568963579134,2093.7037854091727,2045.1971728866906,2064.005859375,1702418,HINDUNILVR
2026-03-25,2076.874939459462,2133.0039707547157,2064.9957691670343,2113.304443359375,2069217,HINDUNILVR
2026-03-27,2101.920214571949,2105.5829103672913,2048.6618866972776,2053.512451171875,2789151,HINDUNILVR
2026-03-30,2043.2172992976207,2061.4319304866403,2025.5964816164349,2034.505859375,2482193,HINDUNILVR
2026-04-01,2098.5542902611737,2098.5542902611737,2031.338082923151,2043.91015625,2028470,HINDUNILVR
2026-04-02,2034.3079361718803,2049.0578094497764,2002.13518292342,2044.5042724609375,1431905,HINDUNILVR
2026-04-06,2044.5042099690797,2071.727308039528,2021.3398041699922,2063.807861328125,1661298,HINDUNILVR
2026-04-07,2043.9101735971367,2098.1584324058085,2030.1502314824131,2089.34814453125,2709707,HINDUNILVR
2026-04-08,2108.552830795398,2170.720540058606,2108.552830795398,2123.995849609375,3794437,HINDUNILVR
2026-04-09,2123.896656880212,2141.1213571449207,2093.7037656964103,2111.720458984375,2506245,HINDUNILVR
2026-04-10,2111.7205746871014,2148.1500806118274,2100.039341580484,2133.59814453125,2144484,HINDUNILVR
2026-04-13,2109.5427916939393,2119.145073286812,2092.2190005842986,2105.781005859375,1994541,HINDUNILVR
2026-04-15,2119.342960674532,2146.1701846556675,2119.342960674532,2135.875,1552971,HINDUNILVR
2026-04-16,2136.270876584757,2141.9134343634555,2107.6619703228953,2117.561279296875,1845734,HINDUNILVR
2026-04-17,2120.4318458384037,2222.3947217120526,2111.522468334881,2218.237060546875,4882697,HINDUNILVR
2026-04-20,2218.2371672517165,2230.710151347242,2200.814287067127,2209.03076171875,1460822,HINDUNILVR
2026-04-21,2216.1580861785023,2312.1813760556415,2204.773881708532,2287.43310546875,3217281,HINDUNILVR
2026-04-22,2287.136135627566,2383.753483110979,2287.136135627566,2344.9482421875,5558325,HINDUNILVR
2026-04-23,2312.478464472606,2375.8340388417187,2312.478464472606,2342.572265625,2063531,HINDUNILVR
2026-04-24,2364.5490228916565,2364.5490228916565,2275.8511183860137,2303.8662109375,1676706,HINDUNILVR
2026-04-27,2311.3896002112174,2339.0088177903613,2301.5893808110277,2304.856201171875,1099681,HINDUNILVR
2026-04-28,2297.62960044326,2310.8945777237636,2258.131454523486,2266.44677734375,1629120,HINDUNILVR
2026-04-29,2281.7906936045574,2326.0405558989446,2267.9316611922086,2291.095947265625,1778765,HINDUNILVR
2026-04-30,2288.720225829817,2344.948348918507,2189.331260792845,2228.2353515625,4434979,HINDUNILVR
2026-05-01,2228.2353515625,2228.2353515625,2228.2353515625,2228.2353515625,0,HINDUNILVR
2026-05-04,2245.955163802939,2341.978456380622,2245.955163802939,2286.04736328125,2554255,HINDUNILVR
2026-05-05,2278.3259741656116,2311.884535117792,2265.0609967330465,2303.965087890625,1741424,HINDUNILVR
2026-05-06,2306.5388097283676,2315.84406275992,2265.258742886433,2293.768798828125,1196175,HINDUNILVR
2026-05-07,2286.7402347777156,2304.4599000972157,2245.262229356629,2249.32080078125,1859012,HINDUNILVR
2026-05-08,2249.3208664913536,2274.16822791307,2233.2840347907604,2264.664794921875,1104526,HINDUNILVR
2026-05-11,2254.1717310173203,2293.7689667003274,2236.4518230397666,2283.968505859375,1903862,HINDUNILVR
2026-05-12,2262.289070470158,2283.770522059433,2233.2840475795756,2239.2236328125,983506,HINDUNILVR
2026-05-13,2242.193325602698,2272.683243444049,2227.3443631814885,2244.47021484375,1308559,HINDUNILVR
2026-05-14,2245.1630860930386,2262.882750990242,2222.3946773716366,2226.057373046875,1380764,HINDUNILVR
2026-05-15,2226.0574260984463,2275.7519058077983,2223.582599004531,2249.32080078125,1038522,HINDUNILVR
2026-05-18,2240.312727327763,2242.193499373944,2202.299235574,2231.502197265625,1118204,HINDUNILVR
2026-05-19,2219.424971337065,2259.022205437637,2207.0508356806363,2210.41650390625,1145022,HINDUNILVR
2026-05-20,2202.4969749325523,2204.4768365637315,2178.83772511289,2187.05419921875,1071994,HINDUNILVR
2026-05-21,2201.6062145049336,2206.5558687641624,2154.0895336163376,2157.059326171875,1581812,HINDUNILVR
2026-05-22,2158.0493989217307,2202.101324725408,2153.4956200308816,2181.411865234375,1382889,HINDUNILVR
2026-05-25,2192.696776899151,2215.56427562462,2170.8192089984664,2174.383056640625,780722,HINDUNILVR
2026-05-26,2177.451947396857,2197.6464396286196,2167.9485147687737,2187.153076171875,2302703,HINDUNILVR
2026-05-27,2182.8966461541704,2192.3009893676626,2164.9788008323703,2176.263916015625,616538,HINDUNILVR
2026-05-28,2176.263916015625,2176.263916015625,2176.263916015625,2176.263916015625,0,HINDUNILVR
2026-05-29,2112.017544397656,2185.569457533162,2096.77270543257,2131.816162109375,17701621,HINDUNILVR
2026-06-01,2136.7658114814612,2145.6751894306544,2059.3532647482753,2063.31298828125,1470488,HINDUNILVR
2026-06-02,2058.066228961863,2075.88498419097,2044.9001003727778,2072.6181640625,2148903,HINDUNILVR
2026-06-03,2070.9353670832684,2078.4589383211337,2051.334687643431,2069.549560546875,1544973,HINDUNILVR
2026-06-04,2067.9655912455964,2089.64498066566,2052.621662732285,2058.462158203125,2142735,HINDUNILVR
2026-06-05,2065.688783694319,2106.07801320051,2056.284440039605,2100.138427734375,1822999,HINDUNILVR
2026-06-08,2084.101554867211,2103.603145099428,2070.440460223743,2088.853271484375,1601497,HINDUNILVR
2026-06-09,2098.3565153522595,2117.0663546833757,2088.8533235633454,2111.32470703125,1460636,HINDUNILVR
2026-06-10,2113.403324412981,2182.6984855334144,2112.017517863509,2147.655029296875,2325534,HINDUNILVR
2026-06-11,2142.2104294070446,2143.2003602893956,2113.7994614200466,2118.254150390625,1178896,HINDUNILVR
2026-06-12,2129.539277901612,2157.455280606382,2123.40175473256,2146.962158203125,1156153,HINDUNILVR
2026-06-15,2177.848007096508,2188.7372471319904,2128.351461480678,2134.39013671875,1439449,HINDUNILVR
2026-06-16,2139.2405659215233,2186.7572467009,2138.3497248298445,2177.748779296875,1337309,HINDUNILVR
2026-06-17,2178.9369260000276,2202.2003013528906,2161.0190806510564,2175.47216796875,1511401,HINDUNILVR
2026-06-18,2186.460250293131,2199.2305034441215,2174.68016968817,2196.16162109375,1120482,HINDUNILVR
2026-06-19,2187.3514048487905,2188.34133574496,2157.950263886682,2172.50244140625,1508994,HINDUNILVR
2026-06-22,2181.5106513903265,2185.9653403900866,2160.524164883483,2162.89990234375,765860,HINDUNILVR
2026-06-23,2160.10009765625,2179.699951171875,2156.0,2160.10009765625,710082,HINDUNILVR
2026-06-24,2160.0,2166.0,2140.0,2157.800048828125,942271,HINDUNILVR
2026-06-25,2161.0,2200.89990234375,2161.0,2174.199951171875,1898262,HINDUNILVR
2026-06-26,2174.199951171875,2174.199951171875,2174.199951171875,2174.199951171875,0,HINDUNILVR
2026-06-29,2172.0,2189.89990234375,2143.0,2151.300048828125,1423514,HINDUNILVR
2026-06-30,2151.0,2151.300048828125,2114.199951171875,2118.199951171875,2364422,HINDUNILVR
2026-07-01,2133.5,2190.0,2120.199951171875,2182.0,2497576,HINDUNILVR
2026-07-02,2186.0,2216.0,2179.199951171875,2210.60009765625,2585362,HINDUNILVR
2026-07-03,2224.89990234375,2239.300048828125,2190.0,2201.199951171875,1536616,HINDUNILVR
2026-07-06,2202.10009765625,2221.39990234375,2190.300048828125,2202.0,2131061,HINDUNILVR
2026-07-07,2200.0,2219.39990234375,2193.699951171875,2208.800048828125,2552492,HINDUNILVR
2026-07-08,2199.0,2199.0,2130.0,2135.800048828125,1326689,HINDUNILVR
2026-07-09,2139.0,2166.800048828125,2137.10009765625,2144.5,2201039,HINDUNILVR
2026-07-10,2151.5,2178.0,2145.0,2150.60009765625,1665179,HINDUNILVR
2026-07-13,2143.0,2143.0,2120.0,2130.60009765625,1833988,HINDUNILVR
2026-07-14,2125.0,2145.0,2116.10009765625,2120.199951171875,2681897,HINDUNILVR
2026-07-15,2121.0,2128.5,2091.0,2102.60009765625,2029614,HINDUNILVR
2026-07-16,2104.89990234375,2123.0,2096.0,2098.39990234375,2143092,HINDUNILVR
2026-07-17,2100.0,2154.5,2092.10009765625,2143.800048828125,1059832,HINDUNILVR
2026-07-20,2153.800048828125,2153.800048828125,2128.39990234375,2139.699951171875,689849,HINDUNILVR
2026-07-21,2139.699951171875,2147.699951171875,2127.5,2142.5,1032417,HINDUNILVR
2026-07-22,2139.699951171875,2159.89990234375,2130.0,2154.60009765625,819175,HINDUNILVR
2026-07-23,2150.0,2166.0,2139.89990234375,2161.800048828125,833281,HINDUNILVR
2026-07-24,2148.0,2163.0,2139.0,2145.0,1603494,HINDUNILVR
2026-07-27,2155.0,2181.300048828125,2152.39990234375,2174.60009765625,698681,HINDUNILVR
2026-07-28,2174.60009765625,2213.0,2016.0,2022.699951171875,9947304,HINDUNILVR
2026-07-29,2050.5,2123.0,2047.0,2117.800048828125,5183374,HINDUNILVR
2026-07-30,2120.0,2132.60009765625,2088.0,2107.89990234375,2602039,HINDUNILVR
2026-07-31,2119.60009765625,2119.60009765625,2091.10009765625,2101.300048828125,1759019,HINDUNILVR
2026-08-03,2107.0,2138.0,2105.300048828125,2138.0,740649,HINDUNILVR
2026-08-04,2119.10009765625,2119.10009765625,2070.199951171875,2096.5,1657094,HINDUNILVR
2026-08-05,2085.300048828125,2097.800048828125,2074.199951171875,2085.300048828125,1150148,HINDUNILVR
2026-08-06,2081.0,2094.0,2075.199951171875,2079.5,1160270,HINDUNILVR
2026-08-07,2083.10009765625,2099.39990234375,2077.199951171875,2096.0,1054665,HINDUNILVR
2026-08-10,2096.0,2097.0,2076.0,2087.199951171875,1118008,HINDUNILVR
2026-08-11,2086.0,2086.5,2063.800048828125,2064.89990234375,956661,HINDUNILVR
2026-08-12,2065.0,2072.10009765625,2050.10009765625,2063.0,995523,HINDUNILVR
2026-08-13,2063.0,2092.0,2052.89990234375,2092.0,1186057,HINDUNILVR
2026-08-14,2089.0,2090.89990234375,2066.39990234375,2077.0,1148419,HINDUNILVR
2026-08-17,2070.89990234375,2076.0,2055.0,2055.0,1024288,HINDUNILVR
2026-08-18,2055.0,2060.0,2034.9000244140625,2035.0,1234596,HINDUNILVR
2026-08-19,2035.0,2041.699951171875,2008.300048828125,2020.699951171875,1449442,HINDUNILVR
2026-08-20,2022.9000244140625,2043.5999755859375,2018.199951171875,2028.0,1401471,HINDUNILVR
2026-08-21,2028.0,2034.699951171875,2012.0,2015.0,857550,HINDUNILVR
2026-08-24,2019.9000244140625,2030.0,2006.199951171875,2030.0,891171,HINDUNILVR
2026-08-25,2024.0,2029.199951171875,2012.0,2024.199951171875,1019583,HINDUNILVR
2026-08-26,2030.300048828125,2051.89990234375,2021.0,2021.0,765343,HINDUNILVR
2026-08-27,2020.0,2028.0,2004.300048828125,2009.0,989046,HINDUNILVR
2026-08-28,2018.0,2018.0,1997.5,2010.4000244140625,933212,HINDUNILVR
2026-08-31,2001.0999755859375,2008.5999755859375,1967.4000244140625,1967.4000244140625,1800025,HINDUNILVR
2026-09-01,1987.0,2003.0,1980.0,1994.800048828125,922778,HINDUNILVR
2026-09-02,1983.0,1983.800048828125,1962.300048828125,1975.0,1497019,HINDUNILVR
2026-09-03,1978.9000244140625,1978.9000244140625,1959.9000244140625,1962.0,1638341,HINDUNILVR
2026-09-04,1967.0,1984.199951171875,1950.4000244140625,1973.4000244140625,2247162,HINDUNILVR
2026-09-07,1972.0,1974.199951171875,1958.0,1960.0,713057,HINDUNILVR
2026-09-08,1967.0,1990.800048828125,1956.699951171875,1980.0,1256067,HINDUNILVR
2026-09-09,1973.0,1979.5999755859375,1936.0,1945.0,1455307,HINDUNILVR
2026-09-10,1940.0,1950.0,1936.0,1942.300048828125,1232506,HINDUNILVR
2026-09-11,1930.5,1946.5999755859375,1926.199951171875,1927.0,1100313,HINDUNILVR
2026-09-14,1927.0,1927.0,1927.0,1927.0,0,HINDUNILVR
2026-09-15,1944.0,1969.4000244140625,1933.800048828125,1938.0999755859375,1715702,HINDUNILVR
2026-09-16,1944.0999755859375,1977.0,1943.5,1962.0,1013304,HINDUNILVR
2026-09-17,1962.0,1968.9000244140625,1942.199951171875,1942.199951171875,1171388,HINDUNILVR
2026-09-18,1950.0,1959.5999755859375,1932.0,1932.0,1994635,HINDUNILVR
2026-09-21,1940.0,1966.5999755859375,1939.0,1947.0,864547,HINDUNILVR
2026-09-22,1952.0,1956.800048828125,1933.800048828125,1933.800048828125,1023040,HINDUNILVR
2026-09-23,1938.0,1954.0,1936.0,1950.0,870342,HINDUNILVR
2026-09-24,1940.0,1953.0,1925.5,1933.5,1257687,HINDUNILVR
2026-09-25,1933.5,1942.9000244140625,1915.0,1942.9000244140625,732074,HINDUNILVR
2026-09-28,1932.0999755859375,1933.199951171875,1893.199951171875,1896.0,1852879,HINDUNILVR
2026-09-29,1896.0,1898.9000244140625,1863.800048828125,1863.800048828125,2057852,HINDUNILVR
2026-09-30,1871.4000244140625,1889.5999755859375,1865.199951171875,1879.0999755859375,1430335,HINDUNILVR
2026-10-01,1870.0999755859375,1873.5999755859375,1826.9000244140625,1836.0,1331680,HINDUNILVR
