Date,Open,High,Low,Close,Volume,Symbol
2021-10-04,670.4994396083729,676.5594616422298,667.6137092388853,673.5294799804688,8976533,ICICIBANK
2021-10-05,666.6037382305285,672.3751991675894,665.4975180667906,670.5475463867188,7497208,ICICIBANK
2021-10-06,670.0666609162153,678.1467305516056,662.1309013033774,663.2371215820312,13200810,ICICIBANK
2021-10-07,670.9804631274326,678.0986222492066,667.0366547042289,675.453369140625,10041549,ICICIBANK
2021-10-08,679.1085478197504,682.9561883173127,671.7018281198759,676.6076049804688,9383924,ICICIBANK
2021-10-11,675.2609803599936,691.9982418188649,673.6257212295892,686.1305541992188,9337637,ICICIBANK
2021-10-12,679.589509274226,685.8419251415755,677.5695214781396,681.6094970703125,7376091,ICICIBANK
2021-10-13,686.6595565549661,688.6315193866254,680.984321735318,682.9081420898438,6357766,ICICIBANK
2021-10-14,683.196732558845,702.0020655848522,682.042428554798,699.5972900390625,8950350,ICICIBANK
2021-10-18,710.8516367156774,720.374571165287,704.1663490938071,717.0559692382812,15345601,ICICIBANK
2021-10-19,726.2420843948513,726.2420843948513,710.6110461545647,718.9796752929688,11349799,ICICIBANK
2021-10-20,718.3064164616612,728.5988669799453,713.6411756406886,717.440673828125,12762996,ICICIBANK
2021-10-21,720.3745002944903,730.9073689639233,709.3125340996456,726.7230834960938,12166996,ICICIBANK
2021-10-22,729.6088405643208,736.6788566031236,724.6549798634347,730.3783569335938,13248928,ICICIBANK
2021-10-25,769.5281642398962,833.9761479949875,767.9891313955522,809.6398315429688,96124084,ICICIBANK
2021-10-26,797.1350007220361,809.6398334199239,791.0268356780178,797.808349609375,16925115,ICICIBANK
2021-10-27,797.183008068336,816.6616879034899,792.8063287857138,803.1949462890625,22898400,ICICIBANK
2021-10-28,798.4815924244681,800.2611614290471,765.9209573150523,768.2776489257812,18750423,ICICIBANK
2021-10-29,767.6042757560868,777.9448095460341,754.0413665482897,771.5,15701200,ICICIBANK
2021-11-01,776.9348489211696,778.8586692435149,762.7947578098651,773.2796020507812,11406421,ICICIBANK
2021-11-02,778.1852589755284,779.1471690607887,767.6042480376659,770.44189453125,9452457,ICICIBANK
2021-11-03,775.2995301314241,775.2995301314241,750.7227391503419,756.0132446289062,11839149,ICICIBANK
2021-11-04,758.4661852269164,758.9471403221777,749.3280384169536,752.3099365234375,3149310,ICICIBANK
2021-11-08,762.7947256676549,762.7947256676549,743.7008332570813,750.4342041015625,13967995,ICICIBANK
2021-11-09,754.1374731654437,758.5622358759049,749.5203167044559,756.59033203125,10084357,ICICIBANK
2021-11-10,752.742817291657,754.4261601461827,743.6527541351509,751.1557006835938,9507347,ICICIBANK
2021-11-11,747.1156411882208,747.4042024973106,736.9193581544616,742.0656127929688,9221059,ICICIBANK
2021-11-12,743.2679340411507,750.1936983916725,741.8250689143892,747.0193481445312,15380106,ICICIBANK
2021-11-15,747.4042333284161,754.6666436733875,742.161810940737,743.8451538085938,10934583,ICICIBANK
2021-11-16,743.8450559693728,746.2017474164606,732.9754837658305,734.9473876953125,12785837,ICICIBANK
2021-11-17,731.9174562250028,742.5465516347117,727.4926343111837,732.3021850585938,11657214,ICICIBANK
2021-11-18,735.7650677816229,738.2660105874271,727.588831833749,733.8412475585938,20644385,ICICIBANK
2021-11-22,739.0355069285229,741.1036370964275,712.0539407730103,723.3563842773438,20403786,ICICIBANK
2021-11-23,712.7273121306753,729.0797841012621,703.3486885004858,723.2120971679688,24913042,ICICIBANK
2021-11-24,721.6730622241446,742.8350847085579,718.2582930653174,731.2440795898438,23186419,ICICIBANK
2021-11-25,726.1459550140722,726.1940387768095,716.9115828655152,722.4425659179688,17749726,ICICIBANK
2021-11-26,710.8516072435933,713.7854214854136,691.2286165229643,694.6915283203125,18987552,ICICIBANK
2021-11-29,699.068180914518,700.0300910361755,683.4371414375852,691.0362548828125,15878074,ICICIBANK
2021-11-30,689.4490495697592,704.4067395658299,684.0142341357566,687.1404418945312,23965914,ICICIBANK
2021-12-01,689.1124822799538,704.8396903721886,687.7657845323982,699.9820556640625,15214913,ICICIBANK
2021-12-02,697.000066480196,699.4048418388916,687.958146357702,694.8839111328125,21924640,ICICIBANK
2021-12-03,693.0563311556486,701.7135233560662,687.8619923512613,689.0162963867188,20130259,ICICIBANK
2021-12-06,691.613315978033,699.1162025177873,680.551350562529,682.5232543945312,20129080,ICICIBANK
2021-12-07,689.6895601597341,712.7273194134128,684.8800095310052,706.6672973632812,30513303,ICICIBANK
2021-12-08,719.4126192151085,729.8974045444193,715.7573137045512,724.703125,33432411,ICICIBANK
2021-12-09,730.1379119955152,733.9374689569537,719.8936037821486,726.2421875,16007459,ICICIBANK
2021-12-10,727.6850643912846,730.8593563008907,722.4426420729676,729.1279296875,7627774,ICICIBANK
2021-12-13,733.9374032665627,740.3822126519923,723.8373472583072,725.2802124023438,16855546,ICICIBANK
2021-12-14,722.4426213111899,735.2360148279045,717.873548004482,729.753173828125,17488089,ICICIBANK
2021-12-15,728.7431197424353,730.5707725456443,722.2983685855495,723.596923828125,7358740,ICICIBANK
2021-12-16,729.0317339540828,729.0317339540828,710.803524674866,712.9197387695312,14123215,ICICIBANK
2021-12-17,713.7373237235854,713.7373237235854,698.3948452518806,700.5591430664062,13227787,ICICIBANK
2021-12-20,690.7476748083334,692.7677214067882,671.605697507005,682.9081420898438,16900016,ICICIBANK
2021-12-21,692.5753422196887,701.1844502296262,688.872011443344,692.9119873046875,14563335,ICICIBANK
2021-12-22,698.5872565163235,706.9558866841286,692.623401758213,704.8877563476562,9843359,ICICIBANK
2021-12-23,710.8996272800058,711.3324985546611,700.2224489602753,703.44482421875,9994049,ICICIBANK
2021-12-24,705.945882176033,705.945882176033,692.1905200704235,699.4048461914062,8800690,ICICIBANK
2021-12-27,696.4229593691618,710.6111343010613,688.8238455825182,707.9658813476562,7955163,ICICIBANK
2021-12-28,712.1983205883165,714.1702247147841,704.5992066839718,707.7734985351562,17833655,ICICIBANK
2021-12-29,709.889688725686,716.5749759916604,704.0220603111393,707.6773071289062,7143073,ICICIBANK
2021-12-30,705.3686992911923,712.2944640939979,701.232497399763,707.6773071289062,14326182,ICICIBANK
2021-12-31,708.4949736611167,717.8255147065736,708.4949736611167,711.9578857421875,6973055,ICICIBANK
2022-01-03,714.747314938884,736.8231643060474,714.6992311741425,735.5726928710938,9653095,ICICIBANK
2022-01-04,738.6989069650325,748.3660921719735,734.5145626116483,743.4122314453125,12114437,ICICIBANK
2022-01-05,743.5565284847644,765.5361514118554,741.8251019975007,758.0332641601562,19741360,ICICIBANK
2022-01-06,745.5284208489734,762.3137640518668,744.5184269730535,755.1475219726562,13018067,ICICIBANK
2022-01-07,762.0252233819042,771.7404922956018,756.301846316362,763.0352172851562,12250210,ICICIBANK
2022-01-10,769.768595791657,781.8405564047105,768.566208106884,779.86865234375,10905080,ICICIBANK
2022-01-11,778.9067183468369,783.6681851748152,771.3557474017979,779.7724609375,9982061,ICICIBANK
2022-01-12,787.4195527855471,794.0086719323996,781.1190536253821,792.3734130859375,13034848,ICICIBANK
2022-01-13,789.7282132729815,796.4615841535064,786.265360304274,793.2872924804688,9372244,ICICIBANK
2022-01-14,789.7282676138528,790.6901778058308,780.6862883251251,788.766357421875,7552844,ICICIBANK
2022-01-17,788.7662442876851,797.3272672525007,783.523822751268,788.0928955078125,6722700,ICICIBANK
2022-01-18,789.7282421266426,804.1568945406494,787.0349054180954,791.7482299804688,10835146,ICICIBANK
2022-01-19,784.9186958252586,789.7282466575213,772.6543412029889,777.800537109375,16416144,ICICIBANK
2022-01-20,772.4139072473532,781.9849256856993,765.1034130539305,779.3877563476562,13567654,ICICIBANK
2022-01-21,772.413824277016,780.4457502732224,765.1994983964711,773.856689453125,12078277,ICICIBANK
2022-01-24,782.032951339666,785.5920306339557,753.4642081648951,768.0371704101562,29612316,ICICIBANK
2022-01-25,758.9471085257047,773.6643220820446,756.1094618404804,771.1152954101562,19513184,ICICIBANK
2022-01-27,756.9270935755179,770.9709577814772,751.2998841721226,764.3818969726562,23984679,ICICIBANK
2022-01-28,773.1353263214464,775.1553142653355,748.8470936749562,751.3961791992188,14072314,ICICIBANK
2022-01-31,758.8990097108374,768.2776334895249,754.1375428195905,758.7546997070312,14824509,ICICIBANK
2022-02-01,771.5000321945082,781.8886501819028,759.2356776527822,779.435791015625,20031583,ICICIBANK
2022-02-02,783.9567211051507,787.5158001700258,778.0409505844574,782.7543334960938,11214375,ICICIBANK
2022-02-03,783.042986602487,787.2273311988753,775.2996212342132,778.1372680664062,9755335,ICICIBANK
2022-02-04,778.954815327262,781.0710293656399,765.4880734416475,774.3857421875,10314067,ICICIBANK
2022-02-07,767.6523850364191,774.3376723346677,751.684699997876,756.4461669921875,14659368,ICICIBANK
2022-02-08,759.9089455589511,765.3918446297338,744.8069459114729,762.313720703125,14642455,ICICIBANK
2022-02-09,766.88290671573,773.616278113673,763.9490923486941,772.2214965820312,8855292,ICICIBANK
2022-02-10,775.2514748127286,777.9928951771602,765.9690186483641,774.818603515625,13159771,ICICIBANK
2022-02-11,766.498010941456,767.0271084448705,757.8889628377385,760.678466796875,13138408,ICICIBANK
2022-02-14,742.5946434018828,744.4703799556518,722.5388400532075,724.99169921875,16170656,ICICIBANK
2022-02-15,724.2702555751805,748.3660929705321,714.8916316594186,746.4903564453125,18880659,ICICIBANK
2022-02-16,746.153663654343,747.9331738250221,731.4364511160719,734.9473876953125,10549784,ICICIBANK
2022-02-17,737.3041601518302,738.0255927938574,717.8735625844956,721.769287109375,16683808,ICICIBANK
2022-02-18,718.4025490062162,727.9735664338679,717.1520775933826,720.37451171875,8945567,ICICIBANK
2022-02-21,717.8253993092255,733.8412256724185,711.8134612915603,725.7130737304688,10967164,ICICIBANK
2022-02-22,710.2744993905211,730.8112582203097,709.6492342902711,722.68310546875,13156371,ICICIBANK
2022-02-23,725.857382844603,727.588868099901,714.4106871732275,716.23828125,11624282,ICICIBANK
2022-02-24,685.7457670370914,699.4048441513754,675.5494842563079,680.4552612304688,28023104,ICICIBANK
2022-02-25,697.336774399035,711.1401615558102,692.8157849557639,702.2424926757812,16935750,ICICIBANK
2022-02-28,695.4129200158517,716.3825484983767,688.1505104874749,714.41064453125,20547432,ICICIBANK
2022-03-02,689.689529087093,697.3367259843092,680.7918608248118,687.6213989257812,25252492,ICICIBANK
2022-03-03,690.2666973388883,694.4510417005139,667.0366025373921,671.7018432617188,23190595,ICICIBANK
2022-03-04,664.6799319188103,679.637623420357,658.908470860181,661.84228515625,18697223,ICICIBANK
2022-03-07,638.2273787606059,641.5940642551984,617.690620727726,628.8487548828125,27799873,ICICIBANK
2022-03-08,618.7967657944257,643.950738808451,618.5082045017328,639.6702270507812,26716975,ICICIBANK
2022-03-09,639.3816636938155,648.8083710567993,632.9368541962549,642.0269165039062,33728639,ICICIBANK
2022-03-10,667.5176076884171,674.2990629849278,647.9908420002512,650.8284301757812,35959638,ICICIBANK
2022-03-11,648.9526497064337,658.6198341305783,645.0568669696958,652.078857421875,20546724,ICICIBANK
2022-03-14,652.2712040541151,671.8461094770455,651.4536039673771,669.6337280273438,24648981,ICICIBANK
2022-03-15,674.7800369388087,681.1286210723428,661.7942486299364,670.7880859375,27714580,ICICIBANK
2022-03-16,679.9743319506425,684.3029277748034,674.5395159317275,681.0324096679688,14621688,ICICIBANK
2022-03-17,690.4590662396927,697.3848307840285,688.9200335455442,692.6714477539062,18329844,ICICIBANK
2022-03-21,693.5372528709495,695.3649057315828,678.6276447995212,683.6776733398438,12866839,ICICIBANK
2022-03-22,681.6577022284608,693.5372699847004,672.8562002140055,690.8439331054688,11761758,ICICIBANK
2022-03-23,697.3848117541664,699.1162381654207,687.0442783385012,690.9400024414062,7140403,ICICIBANK
2022-03-24,675.6937934757759,685.5533724675483,671.4132815860612,677.3771362304688,17727969,ICICIBANK
2022-03-25,678.1467064321148,679.204784192057,670.1147795634735,672.61572265625,15263007,ICICIBANK
2022-03-28,675.2609807864912,686.2267808816904,669.15287431622,683.2929077148438,13806166,ICICIBANK
2022-03-29,687.0923501854091,689.6414353510589,678.9641983645424,688.0542602539062,11489374,ICICIBANK
2022-03-30,693.5853300756726,703.8777808406234,691.7095934649486,703.0601806640625,20154520,ICICIBANK
2022-03-31,711.7172820252309,711.7172820252309,700.0781349888588,702.48291015625,16046383,ICICIBANK
2022-04-01,697.3848704935536,710.1782639619197,695.5572176936425,708.2063598632812,12658848,ICICIBANK
2022-04-04,713.7373460775223,721.240233660798,697.3848731889537,718.162109375,17192197,ICICIBANK
2022-04-05,718.3545339660488,726.6750807768791,709.8897358497459,713.5449829101562,12290391,ICICIBANK
2022-04-06,704.4068467381728,716.5269508116409,704.21445295091,713.3526000976562,13518142,ICICIBANK
2022-04-07,709.0239586727745,728.9355108172948,709.0239586727745,720.037841796875,15087175,ICICIBANK
2022-04-08,721.2883355505039,727.2041067282622,715.2763968374726,725.56884765625,15480705,ICICIBANK
2022-04-11,723.6450592028662,736.2942022974321,723.0198527753237,730.6669921875,13216391,ICICIBANK
2022-04-12,728.1659441955593,739.6126978460428,721.673051033974,734.7550048828125,14020000,ICICIBANK
2022-04-13,740.2860810788353,743.1237279670322,731.7251153557017,733.216064453125,16119956,ICICIBANK
2022-04-18,722.3945086883281,733.8412627362319,720.6630821938585,728.9354858398438,17651530,ICICIBANK
2022-04-19,732.7830989067962,748.2698866683684,728.165942191112,737.1116943359375,31088359,ICICIBANK
2022-04-20,737.5927299898312,740.6708543734512,725.0878973835263,726.771240234375,15984202,ICICIBANK
2022-04-21,730.1379030043821,735.0917638654281,722.5869316518666,733.3121948242188,8953098,ICICIBANK
2022-04-22,728.16595520894,729.9454654330449,717.4887764436427,719.172119140625,14411607,ICICIBANK
2022-04-25,719.1721486751737,733.1679296456452,715.6611531360037,723.548828125,35417460,ICICIBANK
2022-04-26,738.7470149253732,739.2760537799318,723.0198070370735,725.039794921875,18727514,ICICIBANK
2022-04-27,720.4707663810048,721.4326766164934,704.647331265148,708.6392822265625,21441480,ICICIBANK
2022-04-28,710.9477991338106,723.2602965546723,706.6673457494232,718.6912231445312,18649559,ICICIBANK
2022-04-29,721.5287701571733,731.0036202312174,711.909668788805,714.98779296875,19560317,ICICIBANK
2022-05-02,704.118199645749,715.468727187589,703.2524570636904,712.775390625,10903446,ICICIBANK
2022-05-04,717.7773924713242,718.546908877988,693.6815540562385,696.6634521484375,12212165,ICICIBANK
2022-05-05,702.9639815852682,714.6992980873166,698.8277793545566,701.0401611328125,9121547,ICICIBANK
2022-05-06,688.968090578463,695.460983578679,683.2447138954657,691.8538208007812,12455025,ICICIBANK
2022-05-09,678.4352728002569,692.5753649092218,677.617672589709,683.2929077148438,13055889,ICICIBANK
2022-05-10,678.1465824559405,692.5752331464923,678.1465824559405,684.2066040039062,12797419,ICICIBANK
2022-05-11,690.6515238748556,692.3829504934768,680.2148216848378,686.9962768554688,13516852,ICICIBANK
2022-05-12,680.5995021565014,683.6295425564442,666.8922827754618,669.2970581054688,16685166,ICICIBANK
2022-05-13,675.6456371796519,675.6456371796519,649.2892785371241,651.5497436523438,15717043,ICICIBANK
2022-05-16,650.9245970604578,664.6318164202733,650.0107706944032,656.984619140625,9025623,ICICIBANK
2022-05-17,659.9664427092692,684.8799357669454,659.0526751564947,682.9561157226562,12765052,ICICIBANK
2022-05-18,685.2166551246631,689.6895606969994,679.2047168340687,680.4071044921875,11835013,ICICIBANK
2022-05-19,666.6999285843003,672.0866608694896,659.4856021660154,664.006591796875,16661023,ICICIBANK
2022-05-20,668.3350813616022,684.7837782056362,667.27700380599,682.5232543945312,11695528,ICICIBANK
2022-05-23,682.5233213277435,698.2986709514657,680.5033335379057,683.9661865234375,17438451,ICICIBANK
2022-05-24,683.9661397033761,690.0261613683929,679.1565893802945,681.1766357421875,13779981,ICICIBANK
2022-05-25,684.9281174017736,693.3929150641945,684.4952460878859,686.1785888671875,10457589,ICICIBANK
2022-05-26,695.4610201927924,705.0801214402721,688.198610493012,700.7515258789062,14028733,ICICIBANK
2022-05-27,705.6091555108469,712.967791399704,703.3967739809054,711.62109375,8110620,ICICIBANK
2022-05-30,720.2302236308554,723.3083478478726,715.949711728311,719.98974609375,7628515,ICICIBANK
2022-05-31,712.7754598533211,727.8774617704188,712.2945047522054,724.174072265625,20272212,ICICIBANK
2022-06-01,719.5088444816322,726.8193386686997,715.8535973880984,723.9817504882812,10102092,ICICIBANK
2022-06-02,722.4424878492698,723.1158365858281,714.891517895158,721.1920166015625,10949759,ICICIBANK
2022-06-03,727.3484394483684,728.1660396547295,712.9678698557874,715.9497680664062,8563791,ICICIBANK
2022-06-06,712.0058968143595,722.346430811289,711.4287155046086,718.306396484375,9107831,ICICIBANK
2022-06-07,712.7755522509085,714.6512891304803,704.4550044388744,707.2445678710938,9938912,ICICIBANK
2022-06-08,708.5429783813079,712.7754064380837,698.7796257865284,701.7134399414062,9369224,ICICIBANK
2022-06-09,697.3848570007303,706.1382158596396,694.6434365642413,704.8396606445312,7444368,ICICIBANK
2022-06-10,697.144390657213,700.559159993908,690.6514970567491,692.5753173828125,7990818,ICICIBANK
2022-06-13,675.501409220141,675.5494929860281,656.118896030366,661.794189453125,16622521,ICICIBANK
2022-06-14,656.4075063319644,668.1909056064163,654.7241635784713,659.389404296875,13348598,ICICIBANK
2022-06-15,661.3132314449573,669.8261128310595,659.966533744062,661.07275390625,9199591,ICICIBANK
2022-06-16,673.3370731047347,673.3851568678898,650.5397918875506,652.656005859375,13237239,ICICIBANK
2022-06-17,645.6821532032684,666.2670527820757,644.4316818180885,660.6879272460938,16335613,ICICIBANK
2022-06-20,659.8703493894483,661.6017758819308,651.7902808107496,659.822265625,10981042,ICICIBANK
2022-06-21,664.2470427306498,681.0323866000778,662.3713061949807,669.5856323242188,13319648,ICICIBANK
2022-06-22,667.8060844523557,672.2789898849275,659.0045835858111,660.4474487304688,6838249,ICICIBANK
2022-06-23,663.9103630737355,679.1085309188036,660.8322390102239,672.5194702148438,14960412,ICICIBANK
2022-06-24,683.8219212330318,688.0062067307631,679.6375770249666,686.2747802734375,10856736,ICICIBANK
2022-06-27,701.0882122028712,701.0882122028712,688.8238573904828,690.0262451171875,8285225,ICICIBANK
2022-06-28,683.9662446708984,689.9781834973959,680.0705200533961,683.2448120117188,8339931,ICICIBANK
2022-06-29,678.0985749210753,679.7819176908649,674.250934304413,675.9823608398438,9570557,ICICIBANK
2022-06-30,675.982305803216,684.7838064813714,674.4913569277157,680.2628173828125,11970404,ICICIBANK
2022-07-01,676.6556907124173,679.8299823900704,667.6617957970091,677.0885620117188,9884899,ICICIBANK
2022-07-04,678.002318554656,693.6333578653325,678.002318554656,692.6714477539062,8303732,ICICIBANK
2022-07-05,695.5091176817302,704.2625352158726,690.7476507282008,692.0462646484375,11460367,ICICIBANK
2022-07-06,695.4609377108475,704.0219602898977,694.4990277001824,698.298583984375,12163533,ICICIBANK
2022-07-07,707.9178207765542,715.6611861154397,705.0801739551308,713.7373657226562,10374018,ICICIBANK
2022-07-08,722.6830991108424,728.6469539079985,716.1902054621572,726.91552734375,9797700,ICICIBANK
2022-07-11,726.2421229351953,742.1617232919068,726.2421229351953,740.1898193359375,12440573,ICICIBANK
2022-07-12,736.1978684255724,738.2179148531969,728.8392914180108,730.9555053710938,10219829,ICICIBANK
2022-07-13,735.6207307906395,735.6207307906395,721.3363896428781,724.5106811523438,8674121,ICICIBANK
2022-07-14,721.432603123371,730.5707494296004,720.2782992163064,723.7412109375,7044542,ICICIBANK
2022-07-15,724.5588793232117,730.0898631348393,715.8536035008922,722.5869750976562,6358018,ICICIBANK
2022-07-18,730.3303106238806,743.7008857282622,728.9836128758354,742.5946655273438,8045363,ICICIBANK
2022-07-19,738.5545808239427,752.2137163149513,737.9293744700864,750.9151611328125,12825591,ICICIBANK
2022-07-20,759.4280377870839,759.4761215508933,750.5784529637742,753.2717895507812,8152179,ICICIBANK
2022-07-21,755.0033236534806,758.8990481398317,750.386107821899,756.0614013671875,8312338,ICICIBANK
2022-07-22,759.0432444269062,773.2795610252372,759.0432444269062,769.576171875,12267898,ICICIBANK
2022-07-25,772.4138476869208,786.6501061139277,766.738554338088,770.3938598632812,21034148,ICICIBANK
2022-07-26,771.067167325042,772.2214712689196,761.4962081199694,765.9690551757812,7374145,ICICIBANK
2022-07-27,764.718588281616,773.1833860702128,764.3819432048724,770.0090942382812,9536564,ICICIBANK
2022-07-28,776.2133227937454,784.437641938961,774.6261477348748,783.5718994140625,11124518,ICICIBANK
2022-07-29,789.391518265425,792.0367709439709,777.2233324599823,787.4195556640625,11095993,ICICIBANK
2022-08-01,789.4396960078215,793.5758980373424,786.169177913593,792.036865234375,7974903,ICICIBANK
2022-08-02,788.7662874861472,790.6901076995281,781.2634003960286,786.6019897460938,11106772,ICICIBANK
2022-08-03,786.6019685244181,796.4615468519941,780.6381142817692,793.3834228515625,11073975,ICICIBANK
2022-08-04,792.6139378476455,798.3373147962578,777.560021005119,789.0067749023438,11113742,ICICIBANK
2022-08-05,791.7482532411908,808.8703015771094,791.7482532411908,806.2731323242188,16056522,ICICIBANK
2022-08-08,809.5631921761261,815.0789944859878,804.2893695647675,809.9019165039062,12142951,ICICIBANK
2022-08-10,814.9338149348046,825.4331460989276,814.9338149348046,821.3204956054688,23658553,ICICIBANK
2022-08-11,832.2553522738498,838.496916436078,830.368359518387,831.9166870117188,22787391,ICICIBANK
2022-08-12,836.0293679314382,848.8995342963262,830.7554861138741,846.1416625976562,10792853,ICICIBANK
2022-08-16,852.9638133694502,855.9152333962162,848.0770282021615,850.8348999023438,13804836,ICICIBANK
2022-08-17,853.3024759064973,856.8829132175096,850.0123906157576,854.7056274414062,9058040,ICICIBANK
2022-08-18,852.0928448500796,858.9634262899489,846.7705909046541,856.4957885742188,13137856,ICICIBANK
2022-08-19,856.3990769975585,858.2376975110907,836.3680359264401,842.2709350585938,10787199,ICICIBANK
2022-08-22,837.5776246806269,839.3678728471355,822.1430760971803,824.7074584960938,13848023,ICICIBANK
2022-08-23,818.0304586656986,839.9484930837893,815.5628798591476,835.9810180664062,13254855,ICICIBANK
2022-08-24,829.3523071984492,847.0608858274338,829.3523071984492,845.0771484375,10494109,ICICIBANK
2022-08-25,845.0771471360761,852.9637834319626,838.6904660215745,844.1578369140625,9827829,ICICIBANK
2022-08-26,845.8996983939115,849.1414112105084,839.2710376950179,842.706298828125,5976725,ICICIBANK
2022-08-29,822.5784933784354,833.1746285152892,819.6270735800813,828.1910400390625,7755134,ICICIBANK
2022-08-30,832.6907557085207,861.9631500840962,831.3359766412852,858.6246337890625,12544701,ICICIBANK
2022-09-01,835.1100275385942,857.076432891248,835.1100275385942,846.0932006835938,15877583,ICICIBANK
2022-09-02,845.8513731033001,852.8186999329291,838.9808499753942,844.2063598632812,8401284,ICICIBANK
2022-09-05,843.3837546344351,857.2700353230359,843.3837546344351,853.9315185546875,8744999,ICICIBANK
2022-09-06,853.9798538402657,861.1891006795504,849.7220269779261,855.0927124023438,9879326,ICICIBANK
2022-09-07,850.1575143125283,854.1250483069637,844.303046547282,847.8834838867188,8814960,ICICIBANK
2022-09-08,856.8828858383836,871.6884168302877,856.8828858383836,869.7530517578125,12163106,ICICIBANK
2022-09-09,880.7362380807591,882.4780547426784,868.6885793199527,872.1238403320312,9936230,ICICIBANK
2022-09-12,875.8011116494374,879.5267250388895,873.6238258334168,877.8816528320312,6016978,ICICIBANK
2022-09-13,884.4135446950547,884.4135446950547,876.0430663849053,880.5911865234375,10400475,ICICIBANK
2022-09-14,869.2207866727828,892.4451661664057,869.0272383644723,888.4292602539062,14712947,ICICIBANK
2022-09-15,890.2678961854223,906.3798333664477,886.155245578044,887.9454345703125,16253099,ICICIBANK
2022-09-16,885.3326982405974,887.945393608755,875.9461666512933,879.7200927734375,11966860,ICICIBANK
2022-09-19,875.7043112274364,883.0103024654416,866.4145235666459,870.14013671875,11235656,ICICIBANK
2022-09-20,879.8169943329414,892.6871605533197,878.0267461614467,887.1229858398438,12090663,ICICIBANK
2022-09-21,882.5264794881863,887.3648922046785,876.3817189633032,885.6714477539062,8917640,ICICIBANK
2022-09-22,876.7203576495209,882.2361597916347,866.3661429375974,874.2044067382812,11125669,ICICIBANK
2022-09-23,872.559352125053,875.6559480442714,850.351026172373,853.7379150390625,15927517,ICICIBANK
2022-09-26,841.8837928319115,849.528508368895,831.4328334230806,833.2230224609375,14208640,ICICIBANK
2022-09-27,836.9970908018547,846.5771132658651,821.1754445873638,824.997802734375,12493809,ICICIBANK
2022-09-28,816.7240110221086,835.3518987142597,816.7240110221086,822.0462646484375,11411458,ICICIBANK
2022-09-29,830.2715574733601,833.7551907328035,813.9177001404912,816.6272583007812,13803629,ICICIBANK
2022-09-30,816.6273039608087,839.0291189080637,810.434112194796,834.142333984375,13175031,ICICIBANK
2022-10-03,831.9167041134606,833.1263073068725,818.3691483472479,820.9334716796875,8232026,ICICIBANK
2022-10-04,837.0453589716858,844.4481536905425,832.3036911166118,839.6097412109375,8975095,ICICIBANK
2022-10-06,844.8351861541638,862.8824882192667,844.8351861541638,856.83447265625,12116698,ICICIBANK
2022-10-07,848.851120372951,855.9151909732008,844.5932936497752,854.0281982421875,9705750,ICICIBANK
2022-10-10,843.8191844830947,861.0439220785901,842.5612089793093,853.2540893554688,7357588,ICICIBANK
2022-10-11,854.7055626402578,854.7055626402578,837.4808260633214,842.46435546875,11130051,ICICIBANK
2022-10-12,839.9000717968735,843.5288813192437,833.6585076058656,840.287109375,14557532,ICICIBANK
2022-10-13,834.4810161849339,837.480867501707,823.0140016911945,826.0137939453125,11563124,ICICIBANK
2022-10-14,855.2378190572801,855.2378190572801,840.4806602874627,842.125732421875,8199540,ICICIBANK
2022-10-17,843.819169079309,858.8182483462003,840.480652526728,856.5925903320312,8936947,ICICIBANK
2022-10-18,867.0919851306066,871.5917328623445,862.3503758106311,867.91455078125,8097552,ICICIBANK
2022-10-19,870.9626804865298,871.5433254629044,856.9312832993331,863.2695922851562,5529462,ICICIBANK
2022-10-20,860.9472072449468,864.4308409240948,851.6574189961223,859.93115234375,8107159,ICICIBANK
2022-10-21,859.3021074302151,880.591123605288,857.0764493698978,877.833251953125,17022807,ICICIBANK
2022-10-24,895.1064043163051,903.3317064100225,887.9455294567113,896.3643798828125,4390050,ICICIBANK
2022-10-25,911.6052651866606,912.7664959710066,893.1225535103204,895.1546630859375,15838120,ICICIBANK
2022-10-27,896.1223975772693,903.5251925773455,890.509850700247,894.5257568359375,16080842,ICICIBANK
2022-10-28,888.3325603625174,897.5255443749835,871.8819573928411,878.5105590820312,9854094,ICICIBANK
2022-10-31,883.1071176224569,887.4133170073659,875.3656568181832,879.3331909179688,9000840,ICICIBANK
2022-11-01,891.2356151901904,891.2356151901904,870.4788129913081,879.236328125,9823761,ICICIBANK
2022-11-02,890.8484571244436,890.9936331198194,873.1882520693943,875.4623413085938,7690974,ICICIBANK
2022-11-03,871.9303670762977,884.3166921482643,868.059636799892,879.2847900390625,9022366,ICICIBANK
2022-11-04,877.0106512647051,883.8812325567034,871.1078115500653,876.04296875,7099336,ICICIBANK
2022-11-07,880.8330562747467,890.3647059309873,874.2528266341956,887.8487548828125,11100219,ICICIBANK
2022-11-09,890.2679352862438,892.1065557341796,876.4784591146905,881.074951171875,11590409,ICICIBANK
2022-11-10,878.2202700516638,883.4457793492138,874.7366365617335,881.2684936523438,10009741,ICICIBANK
2022-11-11,895.9772553940439,898.0093650303661,874.3011436475601,877.2525634765625,17921457,ICICIBANK
2022-11-14,875.752786581009,877.2526828559912,862.4471503208002,866.027587890625,12641308,ICICIBANK
2022-11-15,871.4465218331568,884.1231988683949,869.7530773449218,882.2362060546875,15176911,ICICIBANK
2022-11-16,883.0587131853342,888.4293396104207,878.7525139570553,884.0747680664062,13008311,ICICIBANK
2022-11-17,883.4941722971123,892.4936082418244,880.9297899025129,890.0744018554688,12584194,ICICIBANK
2022-11-18,890.0743538190685,892.2032671366974,881.1232906726319,890.6065673828125,10874061,ICICIBANK
2022-11-21,884.5102393874712,894.9128269925257,884.5102393874712,891.6227416992188,9245704,ICICIBANK
2022-11-22,893.8967609871374,896.5578880157866,890.6550480500273,893.848388671875,11256509,ICICIBANK
2022-11-23,897.0417039012154,901.7349405392831,893.8483633697614,897.4771728515625,10959704,ICICIBANK
2022-11-24,897.5739271502308,910.2506038474994,897.5739271502308,908.5087280273438,10844395,ICICIBANK
2022-11-25,909.9119333837626,912.4279435714485,897.5256079650782,900.235107421875,9815055,ICICIBANK
2022-11-28,894.1386819766326,913.2987847778865,894.0903096613513,907.1056518554688,9381474,ICICIBANK
2022-11-29,903.3800210752162,919.201666001015,903.3800210752162,916.1534423828125,13096845,ICICIBANK
2022-11-30,917.411440468021,927.2334420907079,910.5892902230893,922.104736328125,20858573,ICICIBANK
2022-12-01,925.1044966394636,926.0721791673291,905.9927667141189,909.8151245117188,15920653,ICICIBANK
2022-12-02,898.2512992926454,904.2993150433366,896.1707582493461,900.5253295898438,14228874,ICICIBANK
2022-12-05,906.7184888019183,906.7184888019183,898.396443052703,903.4283447265625,10984608,ICICIBANK
2022-12-06,895.1063668137049,899.7028589676131,890.4615023443921,892.8323364257812,18220912,ICICIBANK
2022-12-07,892.2032737055537,903.041329623835,890.8969259428682,892.3484497070312,15675663,ICICIBANK
2022-12-08,895.1062924696674,903.3799658469919,893.9450616831225,901.7833251953125,10136870,ICICIBANK
2022-12-09,901.8800710079274,904.5895701383395,895.1546659620226,899.8479614257812,9575331,ICICIBANK
2022-12-12,895.1547737918839,903.7188002057496,895.1547737918839,900.235107421875,8493863,ICICIBANK
2022-12-13,899.4609218974406,905.6541137851639,897.8158497651402,902.7994384765625,10415140,ICICIBANK
2022-12-14,905.7508406860252,905.7992129995994,890.2679203324179,891.9613647460938,12319827,ICICIBANK
2022-12-15,886.3971966272971,890.1711821157284,875.752688807537,879.4298706054688,8929748,ICICIBANK
2022-12-16,876.2364981031735,884.1715063645676,870.5755791397158,872.849609375,9157260,ICICIBANK
2022-12-19,878.6557799709749,881.1717310462694,872.0271779431731,877.1558837890625,7015083,ICICIBANK
2022-12-20,876.720404977683,882.9619693422077,866.7532863583488,880.3008422851562,6384331,ICICIBANK
2022-12-21,880.8330193559941,886.2520178769291,858.3344006248467,863.4147338867188,11341147,ICICIBANK
2022-12-22,871.3981659300966,874.6398789578551,857.7054337565484,861.8665161132812,9788367,ICICIBANK
2022-12-23,854.5120016371484,860.8987414388951,847.0124624216622,850.4961547851562,11059215,ICICIBANK
2022-12-26,852.6251115976675,868.011288497094,846.9641920368803,864.3341064453125,6943159,ICICIBANK
2022-12-27,868.688659551625,873.5754447437527,859.495675087415,871.5433349609375,4994381,ICICIBANK
2022-12-28,867.0435790127059,874.7366672238433,866.8500306870021,869.8982543945312,8980300,ICICIBANK
2022-12-29,868.8821594099194,893.5096323243187,860.6084266035422,878.7041015625,11994220,ICICIBANK
2022-12-30,879.139556373027,879.139556373027,859.8342785729984,862.0599365234375,9688527,ICICIBANK
2023-01-02,865.1081661717191,877.6880388341714,865.1081661717191,873.2850952148438,4315403,ICICIBANK
2023-01-03,869.4627704497066,876.6720172537239,867.7693259886192,872.2206420898438,5846855,ICICIBANK
2023-01-04,869.9465903334593,878.5589884345696,865.8823119142538,870.0433349609375,12454582,ICICIBANK
2023-01-05,871.7851926344346,873.8173022704675,843.8191446066974,850.7380981445312,16547196,ICICIBANK
2023-01-06,850.544493795128,850.544493795128,832.6907409363738,841.98046875,14804613,ICICIBANK
2023-01-09,845.9964872549142,850.35105882214,834.4326687249722,845.1255493164062,16811853,ICICIBANK
2023-01-10,847.1093541990182,850.0124019391619,828.9168744439911,833.5133666992188,13470142,ICICIBANK
2023-01-11,835.0133204331208,842.7063496804153,827.2234284277454,838.3034057617188,15558460,ICICIBANK
2023-01-12,837.5292352113945,841.2547893512822,827.3201962654273,832.8359985351562,16659001,ICICIBANK
2023-01-13,836.7551286017936,846.6255026107519,830.561936539757,845.2223510742188,11223103,ICICIBANK
2023-01-16,848.8995444918602,849.0930928206624,833.2230748614112,837.287353515625,8319812,ICICIBANK
2023-01-17,838.9323684728654,839.9000509881896,830.3683427746539,837.1905517578125,12624859,ICICIBANK
2023-01-18,836.5131177136856,843.8191085034503,830.900571235711,841.39990234375,11313898,ICICIBANK
2023-01-19,839.9484532522791,842.416031941814,834.1423579533002,838.1582641601562,6694679,ICICIBANK
2023-01-20,845.2706967636465,848.1737443770304,837.5776087756478,842.2224731445312,8127162,ICICIBANK
2023-01-23,853.4959878330195,854.7539633041429,836.6582882575105,843.5288696289062,16882379,ICICIBANK
2023-01-24,850.5930005450582,853.205755362677,839.9484920058139,842.609619140625,11504090,ICICIBANK
2023-01-25,845.0771604392722,848.4640493696298,820.5948036980755,827.6588745117188,14918485,ICICIBANK
2023-01-27,812.0309294466701,815.7564840703249,786.8227488513064,790.790283203125,39718683,ICICIBANK
2023-01-30,774.1459969831512,799.5476625091609,770.2752669982355,796.8865356445312,36301441,ICICIBANK
2023-01-31,799.3057860504701,811.2082695992232,787.7903400840028,805.01513671875,27291226,ICICIBANK
2023-02-01,816.191876185139,846.915797809219,796.5479318096759,820.5464477539062,39237711,ICICIBANK
2023-02-02,801.62829003743,832.787622529551,799.4025728057139,830.1749267578125,16798190,ICICIBANK
2023-02-03,836.7067208592392,844.4481810776783,824.5622578914393,835.8841552734375,14914366,ICICIBANK
2023-02-06,833.6584461051427,839.7548338404506,822.1914324854602,826.1105346679688,8463833,ICICIBANK
2023-02-07,827.3686310861231,828.3363136955805,819.8207185448867,825.1913452148438,9337066,ICICIBANK
2023-02-08,824.9493177646199,832.8843259474374,824.3687318991716,831.3359985351562,8082983,ICICIBANK
2023-02-09,830.7554820497575,836.9486740907996,824.0784487262168,832.9811401367188,6299265,ICICIBANK
2023-02-10,827.9007483266255,834.0455676189112,824.465487275508,826.2556762695312,8656405,ICICIBANK
2023-02-13,825.8203066835285,831.5295982555967,821.9011451301623,823.1591796875,9394365,ICICIBANK
2023-02-14,826.3041477973615,839.2710584470253,824.562271968352,837.335693359375,13402934,ICICIBANK
2023-02-15,838.4001304435947,845.0287318551302,832.7875247683261,842.6578979492188,12070288,ICICIBANK
2023-02-16,847.6415602493975,849.4317493814649,836.9002482690221,841.3516235351562,10715685,ICICIBANK
2023-02-17,839.5129712878102,839.5129712878102,827.5137432933884,834.7713623046875,9990618,ICICIBANK
2023-02-20,834.7713537474057,838.5452801570017,822.7720668133345,824.562255859375,9013430,ICICIBANK
2023-02-21,826.7879697034813,831.6747546228045,819.4819194186063,826.5944213867188,11704445,ICICIBANK
2023-02-22,823.7397538390513,826.4976254250806,807.7729920906293,812.1275634765625,13880984,ICICIBANK
2023-02-23,809.514854112909,817.1595701542185,806.611806359904,812.6114501953125,11743574,ICICIBANK
2023-02-24,816.6757001552671,818.2723409257021,808.5471431075151,812.5630493164062,8246139,ICICIBANK
2023-02-27,806.6117467803197,830.5618889735571,806.6117467803197,828.7233276367188,14422574,ICICIBANK
2023-02-28,827.2718200485879,830.2716122720615,822.5301520177766,827.223388671875,19600146,ICICIBANK
2023-03-01,836.0776930578087,836.0776930578087,824.3203268741219,828.6265258789062,11015843,ICICIBANK
2023-03-02,825.4332573419432,833.9972247221274,823.5946367779001,826.4009399414062,12327141,ICICIBANK
2023-03-03,829.0620097836149,844.7868509379583,822.3849766837857,840.4806518554688,12823098,ICICIBANK
2023-03-06,843.5772732157969,848.5124306557193,837.3840811954593,839.70654296875,13904231,ICICIBANK
2023-03-08,838.6420104702719,845.4157875520425,833.6584222779096,843.9158325195312,16144568,ICICIBANK
2023-03-09,839.1743316818115,841.6902827242536,826.5460860285978,828.2879028320312,10624440,ICICIBANK
2023-03-10,817.4014620248957,818.0304202449772,809.2245326625901,815.417724609375,17273189,ICICIBANK
2023-03-13,814.2564181239363,827.658796575545,797.3219750667736,801.628173828125,16413159,ICICIBANK
2023-03-14,800.2734847719724,807.4827317254363,791.8062622910114,803.5151977539062,15456802,ICICIBANK
2023-03-15,809.4180227330859,816.6756413377892,795.6285473841493,799.208984375,12914488,ICICIBANK
2023-03-16,802.886228653789,804.4344971185735,784.1131634393323,797.273681640625,14987868,ICICIBANK
2023-03-17,804.91834909519,811.3050894882914,792.1933587502203,809.2245483398438,11104490,ICICIBANK
2023-03-20,809.9503044168963,810.7244386539869,798.3381136725679,809.4180908203125,14838651,ICICIBANK
2023-03-21,815.7563608240233,826.8847097557864,811.9340030740609,824.8526000976562,18755854,ICICIBANK
2023-03-22,829.9329949444293,834.6746041864416,823.4978821113282,832.4005737304688,17431520,ICICIBANK
2023-03-23,829.3039733390278,839.4162681403492,825.2396946793273,827.8040771484375,17920621,ICICIBANK
2023-03-24,824.9493447241754,832.2069635927165,821.7076319212885,824.8526000976562,17295696,ICICIBANK
2023-03-27,827.3201714323708,828.7233228804927,816.7724084776924,821.2721557617188,17047675,ICICIBANK
2023-03-28,827.9008432580525,831.14261543165,820.7883997160671,827.126708984375,24469018,ICICIBANK
2023-03-29,829.3522700129644,834.2390547971538,820.5947552511751,823.497802734375,34881515,ICICIBANK
2023-03-31,834.0939446257819,852.5282844810888,830.7554281804934,848.8994750976562,25739021,ICICIBANK
2023-04-03,851.7541595478591,858.4311334483423,840.7709275903899,855.23779296875,26416933,ICICIBANK
2023-04-05,857.947266823772,859.060125305607,845.7544911485221,856.0119018554688,21068934,ICICIBANK
2023-04-06,853.4960068359375,861.3342118450829,844.4965709573414,846.7222290039062,26042745,ICICIBANK
2023-04-10,851.6090667881962,854.2701939584161,836.4648694207223,840.3839721679688,30906205,ICICIBANK
2023-04-11,845.4642225461083,856.9796090013051,837.0453728791858,853.3992309570312,39504022,ICICIBANK
2023-04-12,854.8991446182802,863.1728184534817,851.8509210177381,861.3826293945312,22686032,ICICIBANK
2023-04-13,862.3018786282557,872.51097656716,857.8505626165031,869.9465942382812,34439635,ICICIBANK
2023-04-17,887.655223609611,887.655223609611,864.285724614147,872.1723022460938,29957514,ICICIBANK
2023-04-18,878.6072772455401,878.6072772455401,865.2048401049418,867.865966796875,26699379,ICICIBANK
2023-04-19,866.9467798245536,867.9144623295201,858.5763025315322,863.0760498046875,24377956,ICICIBANK
2023-04-20,863.4147591759163,870.236909372004,860.4633391974846,865.4953002929688,16999919,ICICIBANK
2023-04-21,865.6404154507798,871.5916867731976,853.8831078765245,857.028076171875,29578071,ICICIBANK
2023-04-24,875.7527238646078,877.204247716317,866.0758981865458,875.5108032226562,30881665,ICICIBANK
2023-04-25,877.0106726906066,886.3972051250955,873.9140767553679,883.9296264648438,41383839,ICICIBANK
2023-04-26,881.9942756119498,887.316529658685,876.4784732418931,885.3811645507812,30371555,ICICIBANK
2023-04-27,880.1072370809303,890.1711587440801,879.1879268899205,888.6712036132812,25835108,ICICIBANK
2023-04-28,885.5262587849612,890.7033957534178,880.8330221437257,887.993896484375,20381002,ICICIBANK
2023-05-02,894.1386692839658,895.880486047962,889.0099636211668,892.300048828125,17515017,ICICIBANK
2023-05-03,889.8324164509045,893.9934393200476,882.0909565780238,893.0257568359375,18715142,ICICIBANK
2023-05-04,890.268013664935,894.0419995218396,882.3330043393024,891.9130859375,20485002,ICICIBANK
2023-05-05,895.1062934853671,911.992364564189,893.6063974547598,896.9932861328125,19002035,ICICIBANK
2023-05-08,897.0417142320913,911.2666593771053,897.0417142320913,907.5894775390625,18623913,ICICIBANK
2023-05-09,910.5893181947338,914.4600485590047,901.686626544379,904.20263671875,21507610,ICICIBANK
2023-05-10,904.3961038358807,910.5892958920904,898.2513431581647,905.7992553710938,25910923,ICICIBANK
2023-05-11,909.6699186059626,916.3953237660901,903.670275317878,908.847412109375,20027372,ICICIBANK
2023-05-12,909.379662700427,917.3630436179886,904.8799152854667,913.3955688476562,13873480,ICICIBANK
2023-05-15,913.2504258746985,918.3307593696306,907.8797994211587,915.185791015625,10453762,ICICIBANK
2023-05-16,919.29836108331,921.4272743636122,912.524583685854,915.7662963867188,19612293,ICICIBANK
2023-05-17,916.6857031275833,917.7501894111974,905.5573533737447,908.9926147460938,19273344,ICICIBANK
2023-05-18,917.314711609197,921.4757348819819,911.6537330904164,915.9115600585938,21550141,ICICIBANK
2023-05-19,920.7015400802892,925.1044837080005,911.1698318764588,923.4594116210938,15427412,ICICIBANK
2023-05-22,920.3144745564015,923.4110705194826,915.572865513465,919.6370849609375,15509525,ICICIBANK
2023-05-23,921.2337828236806,927.8623846317511,914.4600050088006,922.5885620117188,16579935,ICICIBANK
2023-05-24,916.1050165135316,923.0239108146249,908.1700083573357,910.2505493164062,18049620,ICICIBANK
2023-05-25,906.7185078782338,911.169823779576,902.7994055425181,909.4763793945312,19328582,ICICIBANK
2023-05-26,909.4280061165383,921.6692134262162,905.3153554715091,919.9757690429688,10957182,ICICIBANK
2023-05-29,923.0240444711529,926.6528543001206,916.2018938052257,917.50830078125,12108079,ICICIBANK
2023-05-30,914.7986858150222,921.5240914294349,914.1213552721521,919.2500610351562,18483624,ICICIBANK
2023-05-31,918.8145563715582,921.23376268112,910.1054136571358,918.4758911132812,27254425,ICICIBANK
2023-06-01,923.4109945894461,923.4109945894461,902.6541938495451,905.8475341796875,21650700,ICICIBANK
2023-06-02,912.5245963573434,914.121296105405,904.8315086794461,907.8313598632812,12494376,ICICIBANK
2023-06-05,912.524632867169,921.0402273846815,912.524632867169,916.1534423828125,10751684,ICICIBANK
2023-06-06,915.9115132741265,917.1694887487128,907.782956409231,911.6536865234375,11894330,ICICIBANK
2023-06-07,913.8309715647682,915.2824953565665,903.6219327083176,909.8151245117188,16486469,ICICIBANK
2023-06-08,906.3314429874264,919.7822539132716,904.9767228695448,907.5894775390625,17608140,ICICIBANK
2023-06-09,910.9763299208923,913.4922807980292,905.9443691039659,907.7345581054688,12253128,ICICIBANK
2023-06-12,907.6862521075698,913.0085062510576,903.1381322087851,905.7025146484375,10520125,ICICIBANK
2023-06-13,905.6540879403527,915.6695783292494,903.9122121660633,913.0568237304688,13528776,ICICIBANK
2023-06-14,915.4760554275856,916.3469933389074,905.9927783452874,909.4280395507812,13489262,ICICIBANK
2023-06-15,910.2990230245307,912.476308849158,894.47737726131,896.6546630859375,19366819,ICICIBANK
2023-06-16,899.2674258863005,907.4443556462712,897.041767724973,904.0090942382812,11249387,ICICIBANK
2023-06-19,903.3317145116428,903.7671834977474,889.0100237266681,893.3162231445312,19351375,ICICIBANK
2023-06-20,891.1872338117499,898.5415973816436,885.2359626539284,895.6385498046875,15212286,ICICIBANK
2023-06-21,898.0093805496068,898.396477183526,890.267920372455,894.8160400390625,9210553,ICICIBANK
2023-06-22,894.5257445090998,905.3153691622226,890.9453073749864,895.8320922851562,27291569,ICICIBANK
2023-06-23,896.1224249124842,901.7834033389462,889.3002746615077,893.6548461914062,8767733,ICICIBANK
2023-06-26,897.1384485290017,901.6865682253899,893.3645221055212,897.4771728515625,11749040,ICICIBANK
2023-06-27,899.9446947531411,909.5731471170624,892.3967833193545,905.8475341796875,13422726,ICICIBANK
2023-06-28,913.4923004032572,913.4923004032572,904.1057681310743,907.1539916992188,25708001,ICICIBANK
2023-06-30,910.1054076065767,911.7504796986727,900.5737584353333,904.3960571289062,13843218,ICICIBANK
2023-07-03,906.7185460429008,915.1857683245181,906.2347047696655,912.0891723632812,12350359,ICICIBANK
2023-07-04,916.6372563189024,920.5563586664051,911.5569231484889,914.169677734375,14041699,ICICIBANK
2023-07-05,911.6053079205813,933.571712979693,910.5892530851423,927.0398559570312,13817767,ICICIBANK
2023-07-06,923.846533565768,932.7492247541551,923.1691439746393,928.3946533203125,16334427,ICICIBANK
2023-07-07,922.2013778312115,924.1851150475944,913.2986874499018,915.814697265625,8593807,ICICIBANK
2023-07-10,915.4276604061656,922.1046933935976,910.9279130803762,917.7501220703125,12069184,ICICIBANK
2023-07-11,917.750137644119,921.9111607222271,911.4602011815253,914.41162109375,16977595,ICICIBANK
2023-07-12,917.7501246070915,920.4112515342325,910.8311709714633,913.87939453125,21511161,ICICIBANK
2023-07-13,917.0726881929213,928.2494089035456,911.7504346104668,924.8141479492188,23222286,ICICIBANK
2023-07-14,928.7333276529091,933.8136610419978,920.6047706053051,929.0236206054688,12871569,ICICIBANK
2023-07-17,931.7815569904748,942.3292614154661,922.0563000505355,937.3941040039062,16290763,ICICIBANK
2023-07-18,946.3935430693452,956.0219963476638,939.7649411626849,943.9259643554688,29709508,ICICIBANK
2023-07-19,948.3289095463948,948.3289095463948,936.2812498523813,941.9906005859375,15994261,ICICIBANK
2023-07-20,944.5065013732336,965.892320265982,940.6841436490348,963.4246826171875,26487838,ICICIBANK
2023-07-21,963.1344078710805,969.0856790406557,956.84447144192,964.7794799804688,16903003,ICICIBANK
2023-07-24,972.472540227103,976.1013496022506,958.1024196639266,959.9410400390625,21687719,ICICIBANK
2023-07-25,966.714856111477,966.714856111477,956.3122688209883,962.5538330078125,29325327,ICICIBANK
2023-07-26,961.0054815566945,965.5052288743298,958.0056893867065,964.2472534179688,12780537,ICICIBANK
2023-07-27,970.1501028645305,973.9724606478103,955.2961997425043,958.2476196289062,25932395,ICICIBANK
2023-07-28,956.070362346762,966.4245774762064,945.4742265790718,964.00537109375,12584130,ICICIBANK
2023-07-31,963.8118175386905,967.1019618260334,956.6509430604292,966.0374755859375,14303116,ICICIBANK
2023-08-01,969.2792731138692,971.2630105764858,958.4412164810167,962.40869140625,15508569,ICICIBANK
2023-08-02,953.4092491126727,961.9732162053438,945.9097092186121,955.0543212890625,15787996,ICICIBANK
2023-08-03,944.9903812949868,951.2319455477858,929.023619238488,933.8136596679688,30994707,ICICIBANK
2023-08-04,937.3457361804816,944.458179377576,930.1848616052202,939.1359252929688,20582882,ICICIBANK
2023-08-07,939.571387022493,949.7804261481822,936.910260000682,944.1195068359375,16686062,ICICIBANK
2023-08-08,944.2162106511983,954.7155422765243,940.8776941737979,948.2321166992188,23784778,ICICIBANK
2023-08-09,951.207903020587,951.5493559556502,940.1342639638341,949.0126953125,19317331,ICICIBANK
2023-08-10,947.8906587198094,949.9395549383418,936.0853435299007,940.6220703125,24858441,ICICIBANK
2023-08-11,939.9391898852489,940.0367308535622,926.8654844949497,929.6460571289062,17162177,ICICIBANK
2023-08-14,925.8897886538025,939.4513172807983,922.9628451701761,936.182861328125,19026691,ICICIBANK
2023-08-16,931.2070871701633,936.4267792630915,923.5482159431574,933.2071533203125,17930805,ICICIBANK
2023-08-17,933.6462023482969,934.4754791838435,923.4019001385633,928.4752807617188,27077611,ICICIBANK
2023-08-18,924.8166022554632,931.7436780317744,922.9628475581766,927.4996337890625,13257508,ICICIBANK
2023-08-21,927.5483666794157,935.938913861277,925.3043886702031,931.9387817382812,13358017,ICICIBANK
2023-08-22,933.1096469094867,933.6462413283504,926.1825113015468,928.8167724609375,16872719,ICICIBANK
2023-08-23,930.7680634965125,944.4759040942181,926.7191010359882,943.3051147460938,14707331,ICICIBANK
2023-08-24,948.8174806335662,958.4764176235524,943.2075058123395,945.3539428710938,28389740,ICICIBANK
2023-08-25,939.5000279579076,948.914993168299,936.8169966020404,946.7686157226562,10275758,ICICIBANK
2023-08-28,946.329613155961,951.2566227280197,941.5489150273396,946.9149780273438,10481574,ICICIBANK
2023-08-29,949.5980613155209,953.451882317281,942.1343908286685,944.1832275390625,13209913,ICICIBANK
2023-08-30,946.8174263170132,952.134718775511,932.133938729812,935.5487060546875,13936165,ICICIBANK
2023-08-31,936.6219646349414,942.6709933996395,930.8168478402002,935.4024047851562,36675400,ICICIBANK
2023-09-01,933.597414127154,949.3540905448681,929.5972223729281,945.1100463867188,16268147,ICICIBANK
2023-09-04,945.1100680190779,945.4515209412026,937.1585143582263,943.7929077148438,9512956,ICICIBANK
2023-09-05,940.6220495025765,946.3783955216684,938.8171248357994,944.8173828125,16623486,ICICIBANK
2023-09-06,939.1098712979502,945.8906360915063,927.6460085088062,934.182861328125,30802100,ICICIBANK
2023-09-07,934.0852438880298,945.8905586551218,931.4509828721614,942.1343383789062,13462347,ICICIBANK
2023-09-08,943.9392640916503,951.2566227280197,937.8414652280092,946.9149780273438,13086915,ICICIBANK
2023-09-11,951.2078034740647,958.086108329806,945.7441402430992,954.4274291992188,7894110,ICICIBANK
2023-09-12,965.9888674492851,970.9159365012332,958.7203389445621,966.379150390625,20959591,ICICIBANK
2023-09-13,965.6961669921875,970.6231764033528,956.671424968705,965.6961669921875,21997553,ICICIBANK
2023-09-14,968.1353562233099,968.720780666579,958.3301071739512,963.6473999023438,11464188,ICICIBANK
2023-09-15,966.2327811236291,973.2086867580126,964.5253974626502,968.2816772460938,13307980,ICICIBANK
2023-09-18,965.9888863047581,971.989144239288,963.257084308504,966.0864868164062,16713222,ICICIBANK
2023-09-20,957.6471152335464,971.7452382810216,956.7690679161975,963.1107788085938,25741856,ICICIBANK
2023-09-21,956.0861166419703,958.574006734418,934.1340401518692,935.93896484375,19742813,ICICIBANK
2023-09-22,933.2071092502335,937.4999833370895,924.328738198691,927.1580810546875,12701888,ICICIBANK
2023-09-25,927.1581334740866,937.7927187843896,918.5724443637747,933.060791015625,8997098,ICICIBANK
2023-09-26,935.5975588716747,935.5975588716747,924.0360956107078,925.59716796875,10521409,ICICIBANK
2023-09-27,923.2555077433504,923.4506492144903,911.6453345707359,920.1334228515625,15152973,ICICIBANK
2023-09-28,922.4750324374734,924.1824161569504,911.9868181606855,919.6456298828125,25991282,ICICIBANK
2023-09-29,923.6457967074638,932.7193094608657,920.718853267733,928.7191772460938,10447334,ICICIBANK
2023-10-03,928.4264812897243,928.4264812897243,916.1333420529505,917.4016723632812,11131636,ICICIBANK
2023-10-04,912.2307137467868,912.7185376578814,902.4742355248961,907.4012451171875,17334739,ICICIBANK
2023-10-05,912.425857939374,920.9627764089626,911.7916630335349,917.938232421875,10478856,ICICIBANK
2023-10-06,922.9628794283824,923.4994738438675,915.1576965156688,922.182373046875,6355755,ICICIBANK
2023-10-09,917.3529458957726,919.1091002211714,913.4991247477328,915.7431030273438,6725306,ICICIBANK
2023-10-10,917.4992699211415,934.1828244813858,917.4504398891626,928.0362548828125,11452715,ICICIBANK
2023-10-11,931.6461674042404,938.6220138894535,927.5972049567132,929.8899536132812,12233117,ICICIBANK
2023-10-12,929.6460320781218,936.7194790060307,925.3044467752193,931.011962890625,7836818,ICICIBANK
2023-10-13,926.816627334187,934.0852152583844,921.54810546393,928.1337280273438,6650442,ICICIBANK
2023-10-16,925.401981705107,931.5973217061672,923.1092330870941,928.2313842773438,5763024,ICICIBANK
2023-10-17,932.133942908628,937.548776352585,928.3288926243248,930.6704711914062,7747527,ICICIBANK
2023-10-18,926.0849931287213,927.4996944851433,916.2309136675367,920.7677001953125,12000153,ICICIBANK
2023-10-19,913.2063753381311,921.9872058702285,911.2550796643318,912.9624633789062,8612676,ICICIBANK
2023-10-20,909.3038475672574,917.1090308081781,907.3525517570272,910.0355834960938,6586576,ICICIBANK
2023-10-23,919.060255373007,921.7920573857958,902.8645252231158,907.3037109375,11856890,ICICIBANK
2023-10-25,903.4986624227306,911.0599331166206,889.2054574209906,893.7909545898438,12593434,ICICIBANK
2023-10-26,892.034835673972,894.2788138653154,877.1074351720209,886.5224609375,21693345,ICICIBANK
2023-10-27,893.6934385485141,895.7911052641983,889.1078817029663,890.5225830078125,8645505,ICICIBANK
2023-10-30,886.9614255083601,903.7425802279794,886.083378183647,902.376708984375,7687791,ICICIBANK
2023-10-31,906.6695030375992,908.3281162337183,891.8396443321832,893.0592041015625,17211107,ICICIBANK
2023-11-01,891.5469815954225,895.2544314664859,887.1565663286538,891.7908935546875,12927203,ICICIBANK
2023-11-02,897.6447821752898,902.279109409575,890.5713353440126,897.5472412109375,9747311,ICICIBANK
2023-11-03,905.9377853890679,911.7429019177837,904.2304016776113,911.0599365234375,7146961,ICICIBANK
2023-11-06,918.0846246991575,924.6702476712292,914.5723162669136,922.42626953125,10338367,ICICIBANK
2023-11-07,920.6212426036691,927.3044657799691,907.791509730304,925.0116577148438,15704942,ICICIBANK
2023-11-08,925.3532028172963,925.3532028172963,911.3526206284945,912.9624633789062,17606074,ICICIBANK
2023-11-09,911.2551020208833,919.4017378393365,910.2794541600472,914.5234985351562,9406117,ICICIBANK
2023-11-10,912.1332534052325,918.523735295646,909.6941336341723,915.7431030273438,9560455,ICICIBANK
2023-11-13,917.987093425993,917.987093425993,909.3038036701303,911.6941528320312,11470096,ICICIBANK
2023-11-15,921.4018143138666,921.4018143138666,915.889380375436,918.18212890625,19492138,ICICIBANK
2023-11-16,916.1333033243815,923.1579795407855,911.2550642225477,913.2063598632812,19706373,ICICIBANK
2023-11-17,903.9864967116965,915.5479593765705,897.7423862479302,899.4009399414062,10956653,ICICIBANK
2023-11-20,899.5473366065142,904.1816639914177,895.1569211892373,899.0107421875,10562301,ICICIBANK
2023-11-21,901.8889315808465,905.4500106431253,899.5473528298736,903.5474853515625,8989572,ICICIBANK
2023-11-22,900.7668766589127,902.6694018743736,892.4738699417713,900.279052734375,12197979,ICICIBANK
2023-11-23,900.52294921875,902.8156978051427,896.1325339733714,900.52294921875,5534614,ICICIBANK
2023-11-24,899.0595089145869,907.7427987453354,897.7911785979928,906.7671508789062,7452002,ICICIBANK
2023-11-28,906.2792624621729,908.3768694964551,899.2545864139374,902.9620361328125,14231987,ICICIBANK
2023-11-29,908.2306003744137,918.1821607285481,903.4499021267856,916.7186889648438,11680078,ICICIBANK
2023-11-30,916.0845983966676,917.9382936587217,905.5963835772053,912.1820068359375,23950292,ICICIBANK
2023-12-01,913.1575988110403,928.8167345798552,910.2794258014757,923.6458129882812,16986046,ICICIBANK
2023-12-04,940.2318186642837,970.6232126126973,937.987840581793,967.0621337890625,33131257,ICICIBANK
2023-12-05,978.0869688482517,991.0143028504854,970.8183804617602,988.7703247070312,31378461,ICICIBANK
2023-12-06,989.3068784993693,991.502086070004,975.8917211232683,978.8186645507812,18786590,ICICIBANK
2023-12-07,972.0866896120442,977.7942651351568,964.0864250614673,974.6721801757812,11841945,ICICIBANK
2023-12-08,970.2817634001109,988.1848771958599,969.0622036170539,986.2335815429688,16116363,ICICIBANK
2023-12-11,982.574942236379,995.1608235299625,980.1846526032307,992.3314208984375,11714606,ICICIBANK
2023-12-12,992.3313863725926,996.1364367379356,984.0383797983786,990.9655151367188,12380856,ICICIBANK
2023-12-13,990.0873978964831,995.8437438660465,984.6237939125858,989.2093505859375,15887040,ICICIBANK
2023-12-14,997.3559845806298,1014.6737333957984,996.3803367600569,1008.4783935546875,16317672,ICICIBANK
2023-12-15,1018.2348839122907,1018.2835948453201,1000.7219338654228,1012.1370849609375,14306067,ICICIBANK
2023-12-18,1004.8684475995219,1004.8684475995219,993.2095035223759,996.5755004882812,8592711,ICICIBANK
2023-12-19,1000.5268676099422,1000.5268676099422,987.9409865576811,990.7216186523438,10094256,ICICIBANK
2023-12-20,997.1120958683326,997.1120958683326,977.5991390020248,982.1359252929688,16490281,ICICIBANK
2023-12-21,972.2818634293963,986.2824459562565,965.1108754745596,979.9407348632812,18064916,ICICIBANK
2023-12-22,978.5260478577098,984.9653000113174,967.4524087503736,970.086669921875,20881976,ICICIBANK
2023-12-26,970.6720445389727,973.2087050634708,965.7938054158475,970.8671264648438,14339699,ICICIBANK
2023-12-27,973.6478046781592,980.4285692907043,967.8426879365178,977.8430786132812,12996468,ICICIBANK
2023-12-28,983.4530114256305,987.0629203019365,974.7697219298256,981.4041748046875,24915990,ICICIBANK
2023-12-29,979.5991543717847,983.9895694390293,969.5012235366482,972.33056640625,12280140,ICICIBANK
2024-01-01,967.4036285312477,980.3797332246459,966.867034115317,975.0625,7683792,ICICIBANK
2024-01-02,972.720945525758,973.3551404732622,956.3788433817696,958.3301391601562,16263825,ICICIBANK
2024-01-03,960.7204375897454,963.9400635440459,951.3541826195407,960.0862426757812,16826752,ICICIBANK
2024-01-04,962.3790429363942,965.0620744677926,957.9886277031968,963.1107788085938,22789140,ICICIBANK
2024-01-05,963.9400163911056,973.9891767169987,959.8422837638905,969.501220703125,14875499,ICICIBANK
2024-01-08,969.7939557543597,973.8916886039306,956.4275683980821,958.086181640625,8393164,ICICIBANK
2024-01-09,962.2327023034316,970.769621081789,951.6469468377962,955.8909912109375,14660414,ICICIBANK
2024-01-10,950.5737285044954,970.7208812776877,950.5737285044954,968.8671264648438,9409181,ICICIBANK
2024-01-11,971.0622694484135,974.1843544018284,962.8180334077583,967.0133666992188,6451345,ICICIBANK
2024-01-12,970.5744133197072,984.1359414724558,967.5986994585114,979.0625610351562,12255743,ICICIBANK
2024-01-15,979.0625946865415,987.0141482984905,974.9160914205547,985.2579345703125,12388044,ICICIBANK
2024-01-16,981.5993048814522,991.0631011947543,980.1358330664721,984.4774780273438,11505126,ICICIBANK
2024-01-17,963.8425433060156,983.2578999623713,952.9640458633737,957.84228515625,41914771,ICICIBANK
2024-01-18,950.2322029973618,970.086612247944,946.5247532036159,962.3302001953125,17902484,ICICIBANK
2024-01-19,967.1596680050709,986.2824009262613,963.500988695396,974.8673095703125,23271148,ICICIBANK
2024-01-23,1033.3086252659145,1033.6013672631289,996.3316070811867,1003.990478515625,50797448,ICICIBANK
2024-01-24,1004.3805964528723,1010.7223072563087,972.379419549497,974.8673095703125,34578943,ICICIBANK
2024-01-25,974.0868696874342,990.3801416857913,964.0864788920154,985.3555908203125,28315035,ICICIBANK
2024-01-29,995.1607457242064,1006.8685192033147,985.4042678249494,991.6484375,14078922,ICICIBANK
2024-01-30,990.2337663460511,998.9169962106156,983.4530020905246,992.1362915039062,16085742,ICICIBANK
2024-01-31,992.0386664801174,1013.6980594483535,978.8186507618486,1003.1123046875,25627447,ICICIBANK
2024-02-01,1008.77105449098,1008.77105449098,992.6241539100525,1000.1854248046875,13058880,ICICIBANK
2024-02-02,1011.8443169459497,1024.4301974773407,996.770605964979,999.0633544921875,14774650,ICICIBANK
2024-02-05,997.5999136860917,1001.4536750045531,987.453152358168,998.5755615234375,12948430,ICICIBANK
2024-02-06,998.6243361843565,1009.6979749138608,991.9411722900987,1001.4049682617188,12886927,ICICIBANK
2024-02-07,1002.9659386635358,1006.4295359934986,988.3312216596904,997.2584228515625,16410895,ICICIBANK
2024-02-08,999.1609061655041,1003.2098684279933,961.2570122719966,965.2083740234375,20565502,ICICIBANK
2024-02-09,964.7693990319924,989.0630554843804,961.5010023968995,986.0873413085938,12799837,ICICIBANK
2024-02-12,985.794584956461,987.5507391294831,961.2570183691254,971.8427734375,8050066,ICICIBANK
2024-02-13,981.5017091699309,1002.0391434670632,975.9405046734194,994.9656372070312,18706292,ICICIBANK
2024-02-14,984.9652512089306,1010.4784061393933,983.013955556177,997.7950439453125,17878720,ICICIBANK
2024-02-15,997.9413639559355,1001.6488733670452,982.0870866412254,991.8923950195312,10069878,ICICIBANK
2024-02-16,998.2828945562029,1001.2097785647912,992.136324995411,998.3316650390625,7159395,ICICIBANK
2024-02-19,998.4292780844752,1020.5277273577844,998.4292780844752,1018.33251953125,9388255,ICICIBANK
2024-02-20,1015.698252475077,1027.0157438335884,1008.08815152665,1023.210693359375,11293528,ICICIBANK
2024-02-21,1031.064628645261,1038.0892450705965,1022.4788804830687,1026.3326416015625,15946325,ICICIBANK
2024-02-22,1030.284129893754,1040.0406083965356,1014.9665062834417,1036.8209228515625,13432573,ICICIBANK
2024-02-23,1043.9431665127322,1043.9431665127322,1031.8939397655,1035.455078125,13142759,ICICIBANK
2024-02-26,1027.4547652461576,1036.4307972587308,1024.9181045612984,1028.5279541015625,7875941,ICICIBANK
2024-02-27,1025.1620110998556,1040.2357232242944,1021.015507605043,1034.3818359375,10580973,ICICIBANK
2024-02-28,1037.1135865360943,1038.9185111032964,1016.7713542133081,1020.72265625,7730332,ICICIBANK
2024-02-29,1017.6494562500089,1034.8695441481523,1013.2102112482427,1026.5765380859375,20944844,ICICIBANK
2024-03-01,1029.3084513108604,1063.40729502092,1028.3328034897127,1060.431640625,14909562,ICICIBANK
2024-03-04,1054.6753221282913,1068.3343919800916,1053.7972152468624,1065.7489013671875,11424581,ICICIBANK
2024-03-05,1059.7486671027018,1072.724831392527,1050.284930417513,1061.5537109375,9222544,ICICIBANK
2024-03-06,1053.9923671118995,1086.4326564967669,1053.9923671118995,1070.3831787109375,21796484,ICICIBANK
2024-03-07,1068.285589791398,1068.3344198240536,1056.3339033595764,1061.4560546875,9963926,ICICIBANK
2024-03-11,1061.456016908724,1061.456016908724,1050.5288087704587,1052.4312744140625,13310362,ICICIBANK
2024-03-12,1050.8214217051855,1068.1391686897025,1029.9425367324973,1050.626220703125,21785435,ICICIBANK
2024-03-13,1050.9191327033914,1063.1147311446932,1047.016541202175,1057.553466796875,24855870,ICICIBANK
2024-03-14,1053.6997275272504,1070.3832827269032,1048.870318081808,1057.2120361328125,14231421,ICICIBANK
2024-03-15,1045.8945019150356,1059.7974838667978,1043.9432062025076,1054.0411376953125,66192734,ICICIBANK
2024-03-18,1048.870343968933,1058.3829111883333,1034.2356251698557,1054.8704833984375,8769440,ICICIBANK
2024-03-19,1052.1874034827022,1062.2366242373914,1049.0653779207853,1057.553466796875,16708715,ICICIBANK
2024-03-20,1053.6996725881743,1063.4561510380647,1041.5040745258111,1058.090087890625,18725251,ICICIBANK
2024-03-21,1065.4074934332764,1073.2126765353519,1052.8704418950965,1055.4559326171875,19992607,ICICIBANK
2024-03-22,1054.821699696048,1067.0660087880365,1052.431290998509,1063.7489013671875,17214415,ICICIBANK
2024-03-26,1054.675368649657,1062.6269227693656,1050.7239470577497,1057.3095703125,13367635,ICICIBANK
2024-03-27,1057.3095684040516,1065.8953174560265,1053.2607249476644,1057.3583984375,26907245,ICICIBANK
2024-03-28,1058.5778569174774,1078.1396428341293,1058.5778569174774,1066.67578125,22070566,ICICIBANK
2024-04-01,1069.3589072693567,1076.0907823680045,1067.7977753821392,1072.8712158203125,10848191,ICICIBANK
2024-04-02,1067.7978183376224,1067.7978183376224,1052.968017593616,1054.8704833984375,14380396,ICICIBANK
2024-04-03,1048.821274073248,1057.2606504701985,1046.1382429070143,1050.9676513671875,15477184,ICICIBANK
2024-04-04,1058.3339827305892,1059.358460590309,1037.5526363294593,1052.57763671875,21419689,ICICIBANK
2024-04-05,1043.9432619814309,1059.5536285157325,1041.4553121759684,1057.0169677734375,15340637,ICICIBANK
2024-04-08,1052.089788769452,1065.1634932016668,1050.0897822238517,1060.675537109375,8023461,ICICIBANK
2024-04-09,1065.3585653553457,1088.091206687122,1061.7975461708568,1080.0909423828125,12298463,ICICIBANK
2024-04-10,1083.8959718279336,1089.3596952702449,1078.2372855450287,1082.3837890625,10598000,ICICIBANK
2024-04-12,1076.6273862927333,1084.7740218982576,1069.1149455997045,1077.5054931640625,12216657,ICICIBANK
2024-04-15,1073.4076010818974,1079.2127766214483,1050.3823381264592,1052.0897216796875,10526597,ICICIBANK
2024-04-16,1044.4798308777445,1048.4311331262454,1036.8209001426994,1041.0650634765625,11278092,ICICIBANK
2024-04-18,1047.8458753081973,1051.7972970580554,1024.869318950788,1029.74755859375,16564216,ICICIBANK
2024-04-19,1027.3084408599673,1045.8945815764816,1022.5765722162078,1041.26025390625,11284433,ICICIBANK
2024-04-22,1052.52893245238,1062.1877507445827,1044.2846367847953,1060.187744140625,10346714,ICICIBANK
2024-04-23,1073.2126398224318,1073.2126398224318,1056.3338843025326,1063.7000732421875,9848215,ICICIBANK
2024-04-24,1065.6513328508768,1071.6515907716011,1062.4804774315448,1070.041748046875,5461309,ICICIBANK
2024-04-25,1063.4560513994109,1098.2379176339718,1063.4072213726813,1086.627685546875,19905338,ICICIBANK
2024-04-26,1085.066791491599,1092.7256033742926,1075.8956777866083,1080.9202880859375,14190059,ICICIBANK
2024-04-29,1081.017770192159,1135.1173934530657,1080.9202292309824,1131.8978271484375,28578063,ICICIBANK
2024-04-30,1131.7027420293625,1141.0690572142132,1118.8242372966604,1122.3853759765625,29568491,ICICIBANK
2024-05-02,1115.16550183226,1127.361100058772,1105.6529352155806,1111.701904296875,25118334,ICICIBANK
2024-05-03,1113.5069115913466,1129.2148177723732,1107.7992765304286,1114.2386474609375,19933604,ICICIBANK
2024-05-06,1113.7508047401204,1130.2391574450266,1110.3847483382629,1118.3851318359375,14970524,ICICIBANK
2024-05-07,1119.9948918245757,1124.6780491020515,1098.8722113377237,1104.3358154296875,15097728,ICICIBANK
2024-05-08,1099.1161855626403,1104.4334189600957,1088.871882648258,1095.652587890625,19913090,ICICIBANK
2024-05-09,1093.262260852585,1101.3600666593375,1082.9691282557828,1088.5302734375,12229853,ICICIBANK
2024-05-10,1090.7742298713763,1101.408814608253,1084.969173156462,1089.847412109375,8573656,ICICIBANK
2024-05-13,1085.3106792591882,1103.1162523100456,1079.7494151217084,1100.53076171875,9707983,ICICIBANK
2024-05-14,1098.4818990233766,1100.4331946539014,1091.3109114007254,1093.26220703125,8944262,ICICIBANK
2024-05-15,1094.7743968933958,1100.335660935582,1086.3838494464303,1096.9696044921875,10743423,ICICIBANK
2024-05-16,1105.4090575401685,1108.8726551829923,1085.7010178338494,1103.506591796875,14265565,ICICIBANK
2024-05-17,1103.5065025670874,1116.1410940609796,1093.3109114992967,1102.9698486328125,8641784,ICICIBANK
2024-05-21,1094.8719034888254,1106.1895131432295,1089.0668467710689,1093.65234375,10452900,ICICIBANK
2024-05-22,1097.6038880345714,1098.4819949645278,1071.3589356922603,1084.0423583984375,17527411,ICICIBANK
2024-05-23,1088.383958228494,1109.311556039796,1084.3349960118126,1106.8724365234375,13787687,ICICIBANK
2024-05-24,1102.4820558412257,1107.360295026364,1096.7745398141412,1104.384521484375,6312670,ICICIBANK
2024-05-27,1104.3358239678098,1119.8486485845435,1094.2378925514201,1102.2869873046875,11599857,ICICIBANK
2024-05-28,1104.9211184411913,1107.5553198262376,1097.6037600409186,1099.5062255859375,9311718,ICICIBANK
2024-05-29,1087.896192626463,1096.1891994265106,1071.7491729237856,1075.1639404296875,19268547,ICICIBANK
2024-05-30,1070.2857077875317,1093.7012565449618,1070.1881668205704,1086.5789794921875,15255387,ICICIBANK
2024-05-31,1090.774226608572,1103.067364913615,1084.1886040418387,1093.75,26197718,ICICIBANK
2024-06-03,1141.5079429889547,1144.4348864325161,1108.6286592786682,1131.75146484375,25699977,ICICIBANK
2024-06-04,1129.702611888,1131.1660835885812,1027.89378773711,1045.3577880859375,43476837,ICICIBANK
2024-06-05,1058.5778828175676,1095.8964118662052,1025.454687026523,1081.6519775390625,42172104,ICICIBANK
2024-06-06,1090.7742746935958,1090.7742746935958,1069.8953872976438,1083.359375,18574162,ICICIBANK
2024-06-07,1083.3592850900534,1100.8234036292672,1076.7248327530208,1094.384033203125,17197635,ICICIBANK
2024-06-10,1088.8228833488845,1105.6039769227384,1087.9447765589168,1096.4329833984375,10851455,ICICIBANK
2024-06-11,1092.4816621333332,1101.5552346286859,1083.9447435857408,1090.9693603515625,12250002,ICICIBANK
2024-06-12,1093.701140638558,1105.7991967006508,1084.9203107850815,1092.2864990234375,16096514,ICICIBANK
2024-06-13,1094.871890629427,1095.8475384090284,1078.090796459338,1080.383544921875,12494254,ICICIBANK
2024-06-14,1086.871733599338,1086.871733599338,1072.6760093679384,1078.72509765625,11377979,ICICIBANK
2024-06-18,1086.8228143148967,1107.4090780810202,1074.3833049204777,1095.506103515625,18306176,ICICIBANK
2024-06-19,1100.4818894098034,1137.166342002539,1098.7257948267247,1116.580078125,34309514,ICICIBANK
2024-06-20,1125.9463631481642,1131.7514197743346,1107.84804927048,1128.62939453125,15475933,ICICIBANK
2024-06-21,1135.2150241220932,1141.4103637168316,1122.6291439176837,1130.434326171875,69259425,ICICIBANK
2024-06-24,1126.5317578554238,1147.0203616875408,1124.5804622523651,1141.60546875,12210295,ICICIBANK
2024-06-25,1141.7518255521975,1176.6312340234567,1139.2151651192685,1168.7772216796875,27309845,ICICIBANK
2024-06-26,1172.728745333667,1193.0709797006668,1164.7771913357117,1188.339111328125,25403461,ICICIBANK
2024-06-27,1198.4369251141775,1204.925006661883,1179.655705374711,1190.1927490234375,20516632,ICICIBANK
2024-06-28,1197.119858680918,1197.119858680918,1167.2162295895332,1170.3870849609375,12507092,ICICIBANK
2024-07-01,1170.387180580382,1185.7536347895336,1163.0211104974373,1182.3388671875,8636894,ICICIBANK
2024-07-02,1187.3634506753801,1187.3634506753801,1156.6793729867939,1161.6063232421875,16153925,ICICIBANK
2024-07-03,1167.70405183156,1186.24136013032,1150.7277562015904,1172.33837890625,22330897,ICICIBANK
2024-07-04,1199.0711636260962,1204.8762204814082,1184.729188396717,1202.9737548828125,15275791,ICICIBANK
2024-07-05,1195.1686696167158,1212.340048723925,1191.1197070388937,1203.3641357421875,9535575,ICICIBANK
2024-07-08,1198.9736190942626,1209.3154620742414,1187.2658453589734,1204.973876953125,6617190,ICICIBANK
2024-07-09,1204.8762530735444,1219.7548826422453,1199.3639380524303,1217.8524169921875,13366874,ICICIBANK
2024-07-10,1222.2427770643699,1222.2427770643699,1206.2421293822567,1212.92529296875,18226503,ICICIBANK
2024-07-11,1215.998657353838,1227.1698965417374,1195.2174298923792,1208.291015625,11307116,ICICIBANK
2024-07-12,1205.8031641621653,1222.389177096727,1200.144359168967,1202.876220703125,12208290,ICICIBANK
2024-07-15,1203.0712390939052,1208.2909308340154,1194.2416982506682,1199.9979248046875,15612671,ICICIBANK
2024-07-16,1200.0468728725195,1214.6815908343794,1199.0712250083955,1209.705810546875,12320605,ICICIBANK
2024-07-18,1204.8275385430438,1225.8526779859858,1201.7053940039573,1219.8525390625,10999632,ICICIBANK
2024-07-19,1213.7058895930675,1220.0476004309733,1210.0472102635063,1218.24267578125,7958817,ICICIBANK
2024-07-22,1209.803396134409,1214.9743776440412,1202.8763198631682,1210.9254150390625,9958965,ICICIBANK
2024-07-23,1210.9253291470568,1218.2426878788428,1182.972994972106,1196.8759765625,19369832,ICICIBANK
2024-07-24,1195.1685807983697,1203.6079582700647,1172.777510944099,1193.21728515625,20122521,ICICIBANK
2024-07-25,1176.143415035895,1188.5829244027202,1161.6062390935692,1168.728515625,14154461,ICICIBANK
2024-07-26,1161.020907069825,1190.2903417018374,1157.0694857554495,1177.802001953125,19309265,ICICIBANK
2024-07-29,1185.558499492736,1212.4863561230136,1174.8263732265093,1183.1680908203125,28458261,ICICIBANK
2024-07-30,1183.4609121648832,1200.8762034996355,1175.0703639773076,1179.997314453125,23972277,ICICIBANK
2024-07-31,1189.3147074879269,1194.8271415595514,1181.5095248300897,1185.3145751953125,22297629,ICICIBANK
2024-08-01,1182.97292613369,1192.875774860644,1177.5093224180825,1180.63134765625,8725046,ICICIBANK
2024-08-02,1167.8503708068586,1172.3871567184908,1161.1183774313038,1167.411376953125,10735395,ICICIBANK
2024-08-05,1153.2156685567127,1159.9476620150213,1138.5809519506631,1144.0445556640625,14306771,ICICIBANK
2024-08-06,1146.3862463365044,1158.776926636575,1133.215000102,1138.4346923828125,13575619,ICICIBANK
2024-08-07,1150.2399039367897,1151.0692998288628,1133.3124387535242,1143.898193359375,15753644,ICICIBANK
2024-08-08,1138.5322506611303,1145.8008988559393,1130.6783566530576,1136.239501953125,10806438,ICICIBANK
2024-08-09,1147.8984979263976,1152.1912530849597,1140.5323091971482,1143.0689697265625,8687307,ICICIBANK
2024-08-12,1152.3189994398172,1159.4533399572713,1137.5582949209468,1154.09033203125,10860455,ICICIBANK
2024-08-13,1164.3243778306348,1170.2779103089574,1145.0370803987933,1149.7113037109375,13117927,ICICIBANK
2024-08-14,1148.3827912230433,1151.3841824712085,1134.6061339161688,1143.1181640625,13431801,ICICIBANK
2024-08-16,1151.33488320732,1173.9679621079767,1147.0543031789523,1168.3096923828125,10961370,ICICIBANK
2024-08-19,1171.9999545311712,1176.67417769156,1154.58237101426,1157.140869140625,6686394,ICICIBANK
2024-08-20,1155.4679086606573,1170.8191375512558,1151.3349594196018,1160.6341552734375,10427061,ICICIBANK
2024-08-21,1158.223268928432,1159.846970432822,1146.513086110094,1156.1075439453125,17234142,ICICIBANK
2024-08-22,1163.1435847596479,1173.5744592109102,1157.829706794536,1172.098388671875,8564142,ICICIBANK
2024-08-23,1173.968043848346,1185.7766075752363,1169.589082848793,1184.300537109375,7518309,ICICIBANK
2024-08-26,1186.3178499958535,1195.5677952382332,1181.889638715724,1193.9442138671875,10920226,ICICIBANK
2024-08-27,1193.9442695051366,1212.8379237983015,1189.6144386937667,1206.7860107421875,16295325,ICICIBANK
2024-08-28,1203.1451193533376,1206.8352956977394,1197.8804917932434,1204.325927734375,12291305,ICICIBANK
2024-08-29,1199.504093644897,1215.2980967161698,1197.5852499624118,1202.4071044921875,10806748,ICICIBANK
2024-08-30,1210.3777397050092,1215.8392482869917,1199.4548426639624,1209.5904541015625,21211148,ICICIBANK
2024-09-02,1219.2341641068904,1219.4309254466023,1202.997389524353,1210.3284912109375,12516759,ICICIBANK
2024-09-03,1207.6224463883482,1230.9935629487222,1200.930998773239,1227.79541015625,19114907,ICICIBANK
2024-09-04,1220.070629288316,1223.859186152754,1213.1331701237295,1216.62646484375,13505843,ICICIBANK
2024-09-05,1218.2502546691317,1224.9909529744998,1211.65718744667,1216.23291015625,9142811,ICICIBANK
2024-09-06,1206.3923063523205,1214.21555165295,1185.7765708665058,1188.8763427734375,10170479,ICICIBANK
2024-09-09,1183.710090812365,1218.5453765912819,1181.299103730193,1215.2979736328125,13863250,ICICIBANK
2024-09-10,1217.216888818786,1221.5467196441462,1207.4256692162026,1217.5614013671875,15545130,ICICIBANK
2024-09-11,1211.8538609951502,1219.5294755207808,1206.83524540051,1216.62646484375,11993242,ICICIBANK
2024-09-12,1218.2502705064035,1236.9471648033514,1206.7860981365827,1232.174560546875,15376442,ICICIBANK
2024-09-13,1232.0267776590285,1235.9137150505585,1222.2355585854264,1230.403076171875,9877288,ICICIBANK
2024-09-16,1231.042802375231,1245.4098646133787,1224.8432581989914,1242.7037353515625,8973335,ICICIBANK
2024-09-17,1239.849987924078,1251.9538142521255,1238.3247871252927,1247.8699951171875,11513121,ICICIBANK
2024-09-18,1241.8672616672682,1274.6852037097235,1241.8672616672682,1267.796875,12466597,ICICIBANK
2024-09-19,1267.7968764476732,1279.2610475522447,1264.8447355687065,1271.388671875,13172268,ICICIBANK
2024-09-20,1274.340862241716,1340.616403523679,1270.9459481482343,1317.09765625,73257767,ICICIBANK
2024-09-23,1309.7664484410157,1310.553734024932,1287.62539277616,1300.8116455078125,11380409,ICICIBANK
2024-09-24,1299.9260678444703,1310.1601805182468,1294.4645590257803,1297.5643310546875,13886037,ICICIBANK
2024-09-25,1289.8395992053097,1306.568398126912,1289.1999446337225,1302.7305908203125,8728019,ICICIBANK
2024-09-26,1298.9419832399822,1312.0789860913483,1295.8914616978661,1307.84765625,11100869,ICICIBANK
2024-09-27,1311.7346011418329,1311.7346011418329,1283.0496081575457,1285.7557373046875,17117379,ICICIBANK
2024-09-30,1271.4871691598821,1276.1122623682022,1250.625419751032,1252.69189453125,12622212,ICICIBANK
2024-10-01,1249.542987688833,1259.8262312755362,1247.3780121127852,1254.069580078125,10972413,ICICIBANK
2024-10-03,1233.6012439093365,1245.5574384870451,1228.2382360313827,1236.307373046875,17648551,ICICIBANK
2024-10-04,1227.2048887996382,1244.2289485494368,1216.4787533567373,1219.97216796875,13488887,ICICIBANK
2024-10-07,1221.7435594913184,1242.8020684792546,1205.4575341441214,1214.215576171875,20667247,ICICIBANK
2024-10-08,1221.202267135771,1227.8938344569156,1210.1317389284563,1216.8724365234375,12219259,ICICIBANK
2024-10-09,1223.2195743635768,1244.9177369185495,1212.9854623508438,1224.302001953125,14765997,ICICIBANK
2024-10-10,1226.8606284171833,1234.6837542167523,1218.2502169484444,1223.6624755859375,9118195,ICICIBANK
2024-10-11,1217.2661601929808,1221.0055869072553,1202.5054549359925,1203.489501953125,8472512,ICICIBANK
2024-10-14,1201.5213486036762,1218.1517663968125,1197.9788035414683,1212.099853515625,11833929,ICICIBANK
2024-10-15,1219.1849221736488,1238.2263267782284,1215.691627570544,1235.470947265625,11657338,ICICIBANK
2024-10-16,1228.5826203359522,1234.9296751311315,1221.7926723383464,1223.3179931640625,7869727,ICICIBANK
2024-10-17,1229.5175181191341,1236.897870871355,1204.867212000474,1211.60791015625,8459497,ICICIBANK
2024-10-18,1208.3604278039818,1248.6572232672752,1205.7035490362575,1244.327392578125,11018126,ICICIBANK
2024-10-21,1244.3274858742436,1252.0522311372122,1230.6000776735575,1238.9644775390625,7742775,ICICIBANK
2024-10-22,1246.3938747133964,1264.4019824079978,1239.653176958133,1247.279541015625,20090801,ICICIBANK
2024-10-23,1240.8832443668052,1247.7223228428932,1223.2196490881518,1231.6331787109375,14055447,ICICIBANK
2024-10-24,1230.3047750515273,1240.3420065108755,1221.251590602818,1232.764892578125,12223031,ICICIBANK
2024-10-25,1227.3526156126327,1248.657257098042,1214.5107542672154,1235.4217529296875,13546055,ICICIBANK
2024-10-28,1264.9924978474703,1286.9367953731105,1260.1706432204314,1272.2252197265625,24096412,ICICIBANK
2024-10-29,1280.5894733227,1314.0470695956533,1278.5229987539544,1310.6029052734375,20656117,ICICIBANK
2024-10-30,1302.878217992093,1309.6681662645217,1284.771729306591,1291.21728515625,15055031,ICICIBANK
2024-10-31,1286.3953474845157,1297.908648500615,1267.9937179678298,1271.6346435546875,23497314,ICICIBANK
2024-11-01,1269.3713115804678,1275.521605000899,1265.7303859247397,1271.19189453125,1007022,ICICIBANK
2024-11-04,1269.5189366152897,1271.1918884914494,1249.7888674900407,1256.82470703125,14309121,ICICIBANK
2024-11-05,1252.6918064806564,1280.540384084737,1242.9497173467564,1276.013671875,16431920,ICICIBANK
2024-11-06,1279.507133687592,1294.0218271864514,1272.077530661039,1281.5736083984375,12037405,ICICIBANK
2024-11-07,1276.4565194695,1282.016408736549,1254.905867336954,1258.30078125,9909035,ICICIBANK
2024-11-08,1249.739603368689,1254.6598380276207,1232.7155433996181,1238.7674560546875,11195808,ICICIBANK
2024-11-11,1241.8673121816607,1255.545589486218,1226.7622147783625,1249.0509033203125,8387780,ICICIBANK
2024-11-12,1255.7915869540607,1274.34084864136,1244.3274155266408,1250.330078125,13486168,ICICIBANK
2024-11-13,1250.330002060316,1255.8898912252891,1230.058659378344,1233.6995849609375,12260404,ICICIBANK
2024-11-14,1233.7488030417599,1247.4762092717035,1223.219549242433,1236.897705078125,9506892,ICICIBANK
2024-11-18,1239.8991689148563,1242.4576669848584,1229.468295169204,1233.45361328125,6195554,ICICIBANK
2024-11-19,1236.996341503432,1240.8832791422965,1221.054707873685,1229.173095703125,11537317,ICICIBANK
2024-11-21,1228.6318816632047,1236.8486497660301,1212.887130281342,1230.5999755859375,9593870,ICICIBANK
2024-11-22,1237.931065448711,1260.9577881469831,1235.962971544977,1257.6612548828125,11604338,ICICIBANK
2024-11-25,1275.3249381508517,1290.2824048083883,1269.420656029783,1280.1959228515625,22717581,ICICIBANK
2024-11-26,1289.691969633128,1293.2837651950626,1281.6719625867895,1284.132080078125,7646955,ICICIBANK
2024-11-27,1277.7849738450245,1289.9379297411074,1277.1453192983001,1279.9498291015625,21938082,ICICIBANK
2024-11-28,1280.294297193127,1289.593492566128,1261.8434173872402,1265.8287353515625,22803745,ICICIBANK
2024-11-29,1262.6306978559342,1282.4592691846208,1262.6306978559342,1279.3594970703125,11397228,ICICIBANK
2024-12-02,1279.1626909163074,1289.6428152581445,1268.58418590124,1283.8369140625,9626400,ICICIBANK
2024-12-03,1283.1480184509742,1291.8569303693412,1275.4232736408442,1287.527099609375,11509276,ICICIBANK
2024-12-04,1281.819549984778,1298.9419911656362,1280.9338836934899,1295.0550537109375,11570281,ICICIBANK
2024-12-05,1295.2518809925427,1321.4767579162362,1287.7238973177443,1315.1788330078125,19210697,ICICIBANK
2024-12-06,1321.0831368877882,1325.6097291981625,1305.5351457750585,1307.552490234375,8942672,ICICIBANK
2024-12-09,1301.008440803049,1307.8476391384686,1299.1879779810015,1301.205322265625,8000764,ICICIBANK
2024-12-10,1297.957930171136,1310.750540551898,1294.2677540997624,1309.2252197265625,8218214,ICICIBANK
2024-12-11,1303.567008056277,1310.01256393174,1295.005847236935,1306.3223876953125,8138066,ICICIBANK
2024-12-12,1300.467319981326,1317.392879799611,1300.467319981326,1308.04443359375,9076896,ICICIBANK
2024-12-13,1304.206657466483,1325.658929951843,1292.5457246301107,1323.44482421875,13536684,ICICIBANK
2024-12-16,1323.4448020295467,1328.9061906725217,1318.672198220594,1324.6256103515625,9071006,ICICIBANK
2024-12-17,1320.591043814433,1326.5937063526414,1304.8955425723648,1312.47265625,9879257,ICICIBANK
2024-12-18,1304.108322781897,1313.6535308964567,1286.5922376487658,1293.1854248046875,8510595,ICICIBANK
2024-12-19,1265.4844508567164,1282.2132499737959,1263.9591299468714,1266.3701171875,11517304,ICICIBANK
2024-12-20,1263.4671101390386,1277.0470069229707,1252.1014392500044,1267.84619140625,58491181,ICICIBANK
2024-12-23,1273.9964575675247,1286.149413849784,1266.5177244802055,1276.1121826171875,6827512,ICICIBANK
2024-12-24,1276.1122805813325,1283.689394924585,1269.6667242632777,1276.5550537109375,7138516,ICICIBANK
2024-12-26,1286.149397655659,1291.8076677677632,1268.6333134333681,1276.6533203125,7338444,ICICIBANK
2024-12-27,1277.834372258314,1294.9566951975391,1277.834372258314,1286.6907958984375,4756066,ICICIBANK
2024-12-30,1284.1320718868315,1305.3383325760412,1268.8793435378464,1273.9964599609375,14207425,ICICIBANK
2024-12-31,1266.3701041548643,1269.3713754212274,1259.6785365277274,1261.203857421875,8449607,ICICIBANK
2025-01-01,1261.2039030056599,1272.3728127979782,1246.8859706361397,1263.1719970703125,4705399,ICICIBANK
2025-01-02,1264.5988495821298,1272.7664882086394,1258.0057823459824,1270.0111083984375,7433222,ICICIBANK
2025-01-03,1265.6811494083963,1267.4524819820733,1242.1132728120124,1244.86865234375,11194997,ICICIBANK
2025-01-06,1247.8208957681682,1257.3661039966464,1236.9471279387867,1243.933837890625,7504047,ICICIBANK
2025-01-07,1246.2955634538516,1268.387371227451,1246.2955634538516,1258.8421630859375,7539758,ICICIBANK
2025-01-08,1260.1213925757818,1264.500353533012,1232.3711960120443,1243.58935546875,7566309,ICICIBANK
2025-01-09,1237.9311554007072,1244.5734728084612,1228.1890658447487,1242.260986328125,8684920,ICICIBANK
2025-01-10,1238.9151869887507,1244.7702186556908,1223.2688154875007,1229.9111328125,7854524,ICICIBANK
2025-01-13,1215.1997021699149,1224.1052557235084,1205.3592318634503,1210.1318359375,9669336,ICICIBANK
2025-01-14,1213.6743510380347,1224.9908916090162,1207.868449677033,1220.5135498046875,10342698,ICICIBANK
2025-01-15,1214.3138943569554,1224.5480063080474,1210.3777066929133,1218.49609375,5355382,ICICIBANK
2025-01-16,1225.2369076646085,1235.4710205893364,1219.8738995113004,1229.173095703125,11895924,ICICIBANK
2025-01-17,1223.51473271735,1229.0746219251816,1198.569166937447,1205.9002685546875,9790533,ICICIBANK
2025-01-20,1204.3752079938956,1221.9404238041425,1195.8631769905248,1213.28076171875,7676418,ICICIBANK
2025-01-21,1217.216791341657,1219.1848851844006,1173.6727150709557,1177.0677490234375,20520898,ICICIBANK
2025-01-22,1181.840346118592,1188.236651072606,1172.787162540538,1181.299072265625,10377123,ICICIBANK
2025-01-23,1178.150279677383,1188.6304043313805,1167.0797508434964,1182.5784912109375,8770650,ICICIBANK
2025-01-24,1183.9070048715128,1198.569330226456,1182.824577120033,1189.90966796875,9216792,ICICIBANK
2025-01-27,1175.9361728164579,1214.9536606503923,1174.0664594794448,1208.3604736328125,16164687,ICICIBANK
2025-01-28,1227.4509517938643,1243.8353577059515,1216.28204282006,1227.0081787109375,18066499,ICICIBANK
2025-01-29,1232.0268875547777,1235.7663143361442,1223.2197146425951,1231.6824951171875,7666777,ICICIBANK
2025-01-30,1230.058696999526,1239.7515355072983,1219.72620394473,1235.5693359375,11921041,ICICIBANK
2025-01-31,1234.4870409428568,1235.963111537846,1219.332692143045,1232.814208984375,10195417,ICICIBANK
2025-02-01,1231.1904328305643,1241.2276642201673,1214.117241339197,1235.520263671875,3011914,ICICIBANK
2025-02-03,1226.9589513144845,1239.8991931084147,1218.0533982313877,1233.0108642578125,6176831,ICICIBANK
2025-02-04,1242.6546259748302,1260.0722101946521,1239.8992462672875,1247.9683837890625,14839077,ICICIBANK
2025-02-05,1249.9364358288246,1257.366038635732,1244.9670706142904,1247.476318359375,6840709,ICICIBANK
2025-02-06,1254.6598163131562,1258.5960039721779,1243.0480146698765,1252.101318359375,8396554,ICICIBANK
2025-02-07,1251.707841237699,1254.6599823726938,1229.616033126662,1236.8487548828125,7382039,ICICIBANK
2025-02-10,1237.143764104477,1244.8193782805915,1229.4190196551453,1242.4576416015625,5740361,ICICIBANK
2025-02-11,1235.815414286521,1241.7196963503554,1228.48431210643,1232.764892578125,6586627,ICICIBANK
2025-02-12,1237.1437132102558,1249.49354984024,1224.7939967031841,1231.8299560546875,8809352,ICICIBANK
2025-02-13,1232.5681139223714,1245.8034979804984,1226.0241773689,1228.976318359375,7263785,ICICIBANK
2025-02-14,1232.125182860914,1243.3433423047895,1224.5971995418054,1239.99755859375,10368438,ICICIBANK
2025-02-17,1231.1904296875,1238.0787586965241,1213.5759643398394,1231.1904296875,8386151,ICICIBANK
2025-02-18,1232.912442887429,1237.537415485285,1217.3153228151366,1223.2196044921875,8135042,ICICIBANK
2025-02-19,1215.150440982361,1244.2782088063445,1210.6238487061553,1241.52294921875,10683412,ICICIBANK
2025-02-20,1235.323399403501,1243.8354301295267,1226.8606190775215,1230.009521484375,8398849,ICICIBANK
2025-02-21,1221.3007691973355,1224.843314551203,1205.0148626007026,1213.28076171875,7786428,ICICIBANK
2025-02-24,1207.1304651110468,1212.2475818317712,1190.9429392289517,1198.9136962890625,11522480,ICICIBANK
2025-02-25,1207.0320830347105,1212.0015686679765,1201.5214435997075,1204.6212158203125,11059417,ICICIBANK
2025-02-27,1205.6052412387521,1215.1504493679895,1199.0120540726923,1202.9482421875,12008162,ICICIBANK
2025-02-28,1196.6011747582393,1205.4575979266801,1180.9548031360748,1184.8909912109375,20215075,ICICIBANK
2025-03-03,1191.188847446512,1197.5851526992194,1184.9401732626818,1186.9573974609375,8158881,ICICIBANK
2025-03-04,1187.8923015092375,1197.2407475483415,1187.0066352283177,1191.0904541015625,9574490,ICICIBANK
2025-03-05,1197.5852173719204,1206.3923901078597,1191.9761974350436,1196.305908203125,9052846,ICICIBANK
2025-03-06,1208.3604997504162,1208.3604997504162,1189.7128566225836,1198.6185302734375,11949475,ICICIBANK
2025-03-07,1191.7792822265046,1198.4215993904008,1187.0559287614878,1195.17431640625,6620284,ICICIBANK
2025-03-10,1188.7287844485525,1206.2448692222129,1188.7287844485525,1195.469482421875,7363437,ICICIBANK
2025-03-11,1197.7819082260587,1228.0906025562624,1197.7819082260587,1225.5321044921875,10927950,ICICIBANK
2025-03-12,1227.0573656262773,1231.9776006544478,1215.5933141089804,1224.105224609375,11548372,ICICIBANK
2025-03-13,1231.0919570840585,1235.5692985318378,1225.4336872491594,1230.10791015625,8132940,ICICIBANK
2025-03-17,1236.9964228158067,1253.626722273369,1234.7330664957105,1248.7557373046875,11164812,ICICIBANK
2025-03-18,1248.7557373046875,1248.7557373046875,1248.7557373046875,1248.7557373046875,0,ICICIBANK
2025-03-19,1284.771625690972,1297.2690935608202,1281.3767118900164,1292.1519775390625,11278014,ICICIBANK
2025-03-20,1298.9420363179743,1303.1242360561191,1290.1348637421092,1300.6148681640625,10886735,ICICIBANK
2025-03-21,1295.005932648197,1327.47948567053,1290.676101553966,1321.673583984375,60494318,ICICIBANK
2025-03-24,1334.3185449313019,1351.0965951268047,1323.592528220555,1336.4835205078125,9352280,ICICIBANK
2025-03-25,1337.3198832805363,1342.0433569660177,1308.8317704607064,1322.263916015625,16419207,ICICIBANK
2025-03-26,1322.608385783058,1336.3357930453642,1310.2585481884407,1314.58837890625,10859639,ICICIBANK
2025-03-27,1311.8822515956433,1329.9394896015347,1311.8822515956433,1315.326416015625,15109614,ICICIBANK
2025-03-28,1314.6867654992452,1336.2865486646785,1306.027104024632,1326.8397216796875,8266544,ICICIBANK
2025-04-01,1318.6230094191676,1330.7759661157215,1294.4154767036698,1297.416748046875,14288024,ICICIBANK
2025-04-02,1301.0577695360655,1316.605640115626,1301.0577695360655,1310.0125732421875,8042214,ICICIBANK
2025-04-03,1300.8608684683468,1311.7346357410256,1300.172083625529,1308.3397216796875,4591008,ICICIBANK
2025-04-04,1308.3397764539347,1317.196199721689,1301.0085540085365,1313.998046875,8648542,ICICIBANK
2025-04-07,1274.5868794921314,1303.8622778051142,1244.8194576780902,1267.009765625,19185012,ICICIBANK
2025-04-08,1279.113469327377,1289.1508208042862,1266.8128818235116,1279.1627197265625,13085762,ICICIBANK
2025-04-09,1284.1320386492785,1284.2796697185806,1264.008326268558,1280.04833984375,13005622,ICICIBANK
2025-04-11,1284.2796640863085,1303.8622226242683,1284.2796640863085,1290.7252197265625,13064247,ICICIBANK
2025-04-15,1329.4474418665204,1332.6948448810174,1314.8834988213314,1328.66015625,15202603,ICICIBANK
2025-04-16,1335.35175670462,1338.0086355110902,1321.4767182608662,1334.7613525390625,14039073,ICICIBANK
2025-04-17,1340.271938683508,1386.4237644145942,1338.4022254639915,1384.2587890625,17490424,ICICIBANK
2025-04-21,1413.0915548092914,1413.0915548092914,1382.2908342910866,1387.3095703125,16882426,ICICIBANK
2025-04-22,1390.2616620074302,1396.1659440599142,1376.5833845612567,1393.902587890625,16135274,ICICIBANK
2025-04-23,1406.2031056627204,1407.0887719511927,1388.7855225220842,1401.676513671875,13990764,ICICIBANK
2025-04-24,1393.7057666784372,1398.5275007158652,1376.4849447649922,1380.3226318359375,15678099,ICICIBANK
2025-04-25,1387.5061560869792,1392.2296293483562,1366.2507666566128,1382.38916015625,11705093,ICICIBANK
2025-04-28,1383.1763860592027,1412.1073907727903,1381.4051736009749,1406.00634765625,10948561,ICICIBANK
2025-04-29,1406.0063095097996,1415.354755397171,1399.9051464358704,1406.9903564453125,10786910,ICICIBANK
2025-04-30,1410.1393895834246,1410.828174453101,1377.665837694902,1404.235107421875,14192027,ICICIBANK
2025-05-02,1404.136620262742,1423.5222971739024,1401.8732642232824,1407.2855224609375,8842434,ICICIBANK
2025-05-05,1417.0276759030696,1423.719243532893,1403.251017942901,1406.5968017578125,4565705,ICICIBANK
2025-05-06,1406.2030986214052,1410.8280712604956,1397.740318833432,1408.7615966796875,6301690,ICICIBANK
2025-05-07,1402.2669857299177,1418.9957848579238,1398.3307976997987,1412.5010986328125,10480453,ICICIBANK
2025-05-08,1415.6500090207114,1425.7857413048096,1403.3494213569647,1412.5994873046875,15306490,ICICIBANK
2025-05-09,1392.6232842813388,1397.2483773146432,1364.8732065732167,1366.742919921875,13491197,ICICIBANK
2025-05-12,1386.9158758891217,1429.8203013758846,1381.601998025975,1425.39208984375,9925445,ICICIBANK
2025-05-13,1417.126034216079,1424.8016487219365,1404.6286855985884,1407.777587890625,12475424,ICICIBANK
2025-05-14,1407.088799803615,1417.7164351068907,1394.6898318883327,1403.44775390625,8026837,ICICIBANK
2025-05-15,1403.152601872172,1433.2644152009339,1392.9184893353395,1427.6553955078125,18209264,ICICIBANK
2025-05-16,1430.115536446277,1435.4292940858757,1423.915992369514,1430.8043212890625,6439208,ICICIBANK
2025-05-19,1423.4240376832488,1436.413410510274,1420.7671587350164,1425.8841552734375,6005334,ICICIBANK
2025-05-20,1427.0649116587983,1435.724573309837,1412.5994688048465,1415.25634765625,11352383,ICICIBANK
2025-05-21,1419.88149736354,1428.1475165201844,1415.5516663650185,1421.6527099609375,5510460,ICICIBANK
2025-05-22,1418.11006923761,1422.2431385993382,1405.0223165661077,1419.0941162109375,7245933,ICICIBANK
2025-05-23,1419.1925334305297,1428.639480716087,1411.5170389146704,1426.67138671875,5203706,ICICIBANK
2025-05-26,1434.7404521515875,1448.1234666381572,1431.7883113035389,1437.2989501953125,5608725,ICICIBANK
2025-05-27,1429.3282240162364,1439.660717201896,1412.7961868700127,1423.3255615234375,14842959,ICICIBANK
2025-05-28,1424.5063806110309,1434.7404932016627,1419.487765050342,1430.6075439453125,8618343,ICICIBANK
2025-05-29,1433.3627849687755,1439.5623288964678,1421.9478642011566,1433.264404296875,15545514,ICICIBANK
2025-05-30,1436.6102684488903,1437.5943154688398,1421.2591589622632,1422.7352294921875,11803975,ICICIBANK
2025-06-02,1418.9958296640707,1436.7086763589064,1409.9426449581042,1427.3602294921875,9458990,ICICIBANK
2025-06-03,1431.6899803606145,1431.7883610343827,1409.1552804132207,1414.961181640625,11167345,ICICIBANK
2025-06-04,1414.4691895072294,1417.1260683724902,1403.6446724484365,1408.1712646484375,8025388,ICICIBANK
2025-06-05,1408.072806574806,1435.724501880477,1404.5302615748733,1431.591552734375,11385668,ICICIBANK
2025-06-06,1425.4904326139017,1438.0862820195339,1419.0941272375726,1436.413330078125,11580994,ICICIBANK
2025-06-09,1441.6289396983907,1443.40027245163,1410.5330766960358,1411.9107666015625,11022031,ICICIBANK
2025-06-10,1416.0435714397854,1418.7004501751119,1393.902514902332,1400.200439453125,12905272,ICICIBANK
2025-06-11,1399.1180802484353,1411.6154291671444,1395.9690577575766,1408.1712646484375,7136877,ICICIBANK
2025-06-12,1407.679242298958,1413.5835243358638,1397.3467487343728,1402.4637451171875,7953247,ICICIBANK
2025-06-13,1381.2083238229704,1398.822788875249,1381.2083238229704,1393.5089111328125,7573103,ICICIBANK
2025-06-16,1394.000986381205,1406.2031934701922,1391.639249505445,1404.13671875,5451137,ICICIBANK
2025-06-17,1404.1366513466178,1406.990411596049,1395.1818479070278,1400.49560546875,6970098,ICICIBANK
2025-06-18,1394.3945278693373,1409.1552321163663,1387.7029605615166,1390.064697265625,6751745,ICICIBANK
2025-06-19,1385.538241229197,1392.1313083904192,1382.2908379271437,1388.78564453125,8849883,ICICIBANK
2025-06-20,1388.7856250535913,1410.4346597691706,1387.7030772194692,1404.33349609375,12408178,ICICIBANK
2025-06-23,1394.394668602004,1400.4957122573712,1389.3760526760818,1397.4451904296875,5514384,ICICIBANK
2025-06-24,1404.9238929302046,1412.993150628414,1393.9026142728064,1401.38134765625,11188438,ICICIBANK
2025-06-25,1399.3147727333048,1406.104720760603,1392.7217061711412,1403.05419921875,7527388,ICICIBANK
2025-06-26,1402.0701682033073,1424.4079863300926,1399.0195265038492,1416.1419677734375,13617435,ICICIBANK
2025-06-27,1415.9451910518737,1442.6128395732899,1414.1738584793554,1438.8734130859375,22532899,ICICIBANK
2025-06-30,1438.4799818113797,1438.5783624887893,1419.291064922364,1422.7352294921875,6325073,ICICIBANK
2025-07-01,1422.6366689959384,1424.506382279972,1406.7935366641375,1409.1552734375,7761449,ICICIBANK
2025-07-02,1409.352049520214,1427.8521809615802,1399.905222450911,1405.0223388671875,13372280,ICICIBANK
2025-07-03,1409.253631009119,1423.030288484485,1400.9876124993152,1403.152587890625,10177738,ICICIBANK
2025-07-04,1404.2350901711065,1421.35753225384,1398.4291887589882,1419.7830810546875,5066503,ICICIBANK
2025-07-07,1414.0754516482682,1417.9132587357801,1406.7934802735126,1412.796142578125,5177477,ICICIBANK
2025-07-08,1409.1552578612602,1421.947868442403,1407.1871639257,1418.9957275390625,5315847,ICICIBANK
2025-07-09,1413.2883371129633,1415.7484547587683,1403.8415093776578,1409.0570068359375,8827347,ICICIBANK
2025-07-10,1413.8788169776346,1416.0436723886824,1399.4132536015054,1401.38134765625,7795964,ICICIBANK
2025-07-11,1399.3148113378843,1405.2190932422636,1392.032839631232,1399.2164306640625,7158015,ICICIBANK
2025-07-14,1402.1686636122888,1402.1686636122888,1393.5090015352046,1400.2989501953125,5846154,ICICIBANK
2025-07-15,1398.429159387504,1410.9266282871913,1396.3626847243358,1407.9744873046875,6041457,ICICIBANK
2025-07-16,1403.2510104989537,1406.3999128239755,1396.4610622300193,1403.6446533203125,5649093,ICICIBANK
2025-07-17,1398.3308611520058,1400.495716617636,1387.0143200519017,1396.0675048828125,12927394,ICICIBANK
2025-07-18,1393.213729649599,1406.2031014317106,1386.0301388149505,1403.05419921875,11297246,ICICIBANK
2025-07-21,1424.9000530820128,1444.2857308931439,1414.07553610418,1442.4161376953125,13867136,ICICIBANK
2025-07-22,1450.5836983181339,1458.3576938551728,1446.25386737522,1450.0916748046875,8930165,ICICIBANK
2025-07-23,1459.243275244324,1466.2299847038992,1449.1075434082761,1464.852294921875,11974174,ICICIBANK
2025-07-24,1463.9666816111749,1464.9507286163912,1454.5198543856832,1459.7353515625,6700578,ICICIBANK
2025-07-25,1476.0704664133914,1476.0704664133914,1450.0916021799312,1453.5357666015625,8696077,ICICIBANK
2025-07-28,1453.5358600374882,1469.969517693696,1453.5358600374882,1464.6556396484375,7507479,ICICIBANK
2025-07-29,1456.2911765714125,1466.0332658775797,1451.8629650797843,1462.4906005859375,9776027,ICICIBANK
2025-07-30,1463.9667199639605,1464.754005637929,1453.7327269399423,1458.7513427734375,7238625,ICICIBANK
2025-07-31,1446.4507928310486,1470.6583264040125,1440.6448911712775,1457.767333984375,12406146,ICICIBANK
2025-08-01,1456.7831967694258,1461.408169601032,1446.3523226373668,1448.12353515625,4416771,ICICIBANK
2025-08-04,1453.240679444368,1455.2087734738848,1437.987950715613,1439.8575439453125,6140054,ICICIBANK
2025-08-05,1429.820201520808,1438.184600497358,1418.0116382597967,1421.357421875,14799343,ICICIBANK
2025-08-06,1419.291123395121,1430.8044259536912,1418.6022183790183,1420.5703125,7805252,ICICIBANK
2025-08-07,1418.110163604165,1424.8017315172433,1406.301599138448,1417.322998046875,7432535,ICICIBANK
2025-08-08,1422.8336344297813,1424.5064663430474,1409.1553565946745,1412.9931640625,5415511,ICICIBANK
2025-08-11,1405.1207239838918,1415.4532174004985,1397.7403715434584,1413.681884765625,8492484,ICICIBANK
2025-08-12,1419.0368204237539,1421.8134608053708,1408.2279203629066,1410.112060546875,5913947,ICICIBANK
2025-08-13,1412.6902784003407,1415.7643381003145,1403.368838463484,1408.922119140625,9009465,ICICIBANK
2025-08-14,1400.1956576735638,1419.1359571615956,1400.1956576735638,1415.3677978515625,7577793,ICICIBANK
2025-08-18,1437.8779693374279,1440.2579294966365,1419.0368097392131,1422.606689453125,6908844,ICICIBANK
2025-08-19,1419.1358802007367,1426.474039895735,1414.3760811646432,1424.29248046875,6709554,ICICIBANK
2025-08-20,1420.6234166864958,1423.8958770531979,1411.1036970512757,1418.64013671875,5817858,ICICIBANK
2025-08-21,1428.0606770004104,1435.6963772945633,1424.3916575816534,1433.911376953125,6238645,ICICIBANK
2025-08-22,1432.2257038615987,1433.9114434457279,1417.450243616132,1424.3917236328125,6657207,ICICIBANK
2025-08-25,1423.8958843891958,1423.8958843891958,1412.0953443103494,1421.2183837890625,6738427,ICICIBANK
2025-08-26,1415.9627825871721,1415.9627825871721,1401.2864621426106,1404.7572021484375,8720155,ICICIBANK
2025-08-28,1396.2290622275916,1399.9973424915918,1384.6269231275805,1387.4034423828125,12990789,ICICIBANK
2025-08-29,1380.4619594997932,1393.254139151069,1380.4619594997932,1386.1143798828125,8519507,ICICIBANK
2025-09-01,1386.4117998354175,1400.5922996421114,1386.4117998354175,1399.2039794921875,4927348,ICICIBANK
2025-09-02,1402.0798141390458,1402.0798141390458,1378.3795940317052,1382.54443359375,7163073,ICICIBANK
2025-09-03,1377.387925122752,1388.2959648465462,1372.6280048233573,1385.321044921875,9813382,ICICIBANK
2025-09-04,1398.1132401473494,1403.2697196534332,1390.180120261188,1393.75,10564859,ICICIBANK
2025-09-05,1399.2040313658385,1399.699851362779,1376.098771088494,1391.0726318359375,6621077,ICICIBANK
2025-09-08,1390.4775686686341,1398.807368933041,1385.9160488487796,1390.973388671875,5880943,ICICIBANK
2025-09-09,1387.304306420236,1395.7332460946977,1383.5360261458507,1391.9649658203125,6470679,ICICIBANK
2025-09-10,1398.2123094765393,1401.8813288190768,1390.3783297737682,1392.163330078125,7452347,ICICIBANK
2025-09-11,1386.3126886500647,1396.2290884258164,1384.3294086949145,1389.882568359375,10192026,ICICIBANK
2025-09-12,1393.3532613043915,1407.8311802789096,1388.39506158368,1405.847900390625,7770038,ICICIBANK
2025-09-15,1410.1120532176328,1414.8719735471493,1404.4597537449094,1407.5338134765625,5845637,ICICIBANK
2025-09-16,1402.1788926034542,1412.987792293879,1401.8813521978338,1409.71533203125,8213151,ICICIBANK
2025-09-17,1408.2279494348236,1414.1777894755733,1404.5589298296168,1407.33544921875,7484283,ICICIBANK
2025-09-18,1419.1358927633355,1420.821753289835,1403.4680543540285,1409.814453125,8130537,ICICIBANK
2025-09-19,1404.26135906907,1406.145499251229,1388.494259091765,1390.4775390625,13457344,ICICIBANK
2025-09-22,1392.1634074537787,1398.1132473992611,1385.5193468847744,1389.783447265625,8847948,ICICIBANK
2025-09-23,1379.3712163938944,1391.568436605077,1379.3712163938944,1382.6436767578125,12827524,ICICIBANK
2025-09-24,1374.8096433544556,1379.2720231049968,1364.9923836933056,1371.1405029296875,9735678,ICICIBANK
2025-09-25,1365.488259405882,1379.867039189023,1360.331779903573,1364.29833984375,21613389,ICICIBANK
2025-09-26,1356.563442311047,1361.2241016242142,1345.655402935739,1348.233642578125,18342280,ICICIBANK
2025-09-29,1348.233693764239,1355.076033842118,1334.9456938107846,1336.829833984375,20563163,ICICIBANK
2025-09-30,1342.3830124406416,1345.2587926353076,1331.3758327091439,1336.730712890625,20166871,ICICIBANK
2025-10-01,1336.7306701838102,1367.8681892333634,1335.8381700071102,1360.530029296875,20952632,ICICIBANK
2025-10-03,1360.4309257938526,1360.4309257938526,1349.9195661151996,1353.786865234375,12163695,ICICIBANK
2025-10-06,1359.5383926525742,1361.1249923873581,1347.73785285358,1352.001953125,14314283,ICICIBANK
2025-10-07,1352.2002408686599,1371.5372203120692,1352.2002408686599,1364.3974609375,16126464,ICICIBANK
2025-10-08,1360.8276403806535,1370.0498198860423,1352.8945202642897,1358.8443603515625,8100832,ICICIBANK
2025-10-09,1358.3484255020637,1367.173924045517,1353.687645197864,1364.69482421875,7909575,ICICIBANK
2025-10-10,1358.8443421746942,1373.4214017735967,1358.8443421746942,1368.7607421875,7673816,ICICIBANK
2025-10-13,1361.6207839903618,1374.8096436760768,1361.6207839903618,1367.8681640625,8923018,ICICIBANK
2025-10-14,1377.3878684808556,1377.3878684808556,1363.6040491867466,1372.52880859375,10610855,ICICIBANK
2025-10-15,1374.9088107982643,1388.692630514965,1373.9171708337506,1386.7093505859375,8988550,ICICIBANK
2025-10-16,1389.287635646356,1407.0380158006922,1387.7010358612888,1405.451416015625,12185032,ICICIBANK
2025-10-17,1400.1956466119625,1427.5648857493748,1399.1048668479334,1424.5899658203125,17037215,ICICIBANK
2025-10-20,1429.944862993793,1432.9197829584125,1377.5862231965677,1378.6771240234375,23330227,ICICIBANK
2025-10-21,1372.9255110082336,1375.999570643796,1364.3974316467445,1370.4464111328125,3415560,ICICIBANK
2025-10-23,1373.4214191916344,1378.1813396780694,1348.7295586366392,1352.2994384765625,21124942,ICICIBANK
2025-10-24,1356.66265330236,1370.0497932383416,1356.66265330236,1366.182373046875,10570263,ICICIBANK
2025-10-27,1370.5456319928564,1375.206412664237,1362.5133721313011,1366.083251953125,11499836,ICICIBANK
2025-10-28,1361.521728041381,1364.298368477702,1344.8621275230646,1351.7044677734375,26477914,ICICIBANK
2025-10-29,1353.191921020162,1360.2325408166014,1347.043801434495,1358.9434814453125,16129382,ICICIBANK
2025-10-30,1351.0103759765625,1358.7450954369456,1349.9195961737937,1351.0103759765625,9324401,ICICIBANK
2025-10-31,1345.6554843440952,1350.6136843601014,1332.07006472016,1334.0533447265625,15926798,ICICIBANK
2025-11-03,1329.2933430972657,1340.3005222505137,1326.715103456384,1335.14404296875,11071450,ICICIBANK
2025-11-04,1331.375810196628,1338.5156906678078,1322.0543701938611,1325.7235107421875,15211183,ICICIBANK
2025-11-06,1318.88116976713,1330.979129069885,1306.386530263507,1309.3614501953125,24221853,ICICIBANK
2025-11-07,1309.3614221413634,1333.0616413002483,1307.576421800604,1331.7724609375,7719245,ICICIBANK
2025-11-10,1331.6733731274833,1338.3173126722259,1329.7892329275433,1336.730712890625,8542340,ICICIBANK
2025-11-11,1337.7222802082897,1349.0269997439532,1334.9456399539874,1346.944580078125,8305184,ICICIBANK
2025-11-12,1358.5467300041707,1358.5467300041707,1344.0688109600715,1347.53955078125,9736761,ICICIBANK
2025-11-13,1347.5395638924115,1378.7762225869417,1347.142883699029,1374.3138427734375,18296626,ICICIBANK
2025-11-14,1362.513368521827,1369.653128146561,1351.8036080349211,1361.521728515625,9694498,ICICIBANK
2025-11-17,1363.6041374139656,1370.9422976111398,1362.1166774165574,1367.4715576171875,7660717,ICICIBANK
2025-11-18,1368.6614140079962,1371.2397747243117,1357.6542347453071,1361.9183349609375,9529560,ICICIBANK
2025-11-19,1362.0175118520117,1372.4297316368286,1360.133371680989,1371.5372314453125,10393918,ICICIBANK
2025-11-20,1368.5623301618334,1376.6938507345087,1363.9016706145442,1371.4381103515625,10131863,ICICIBANK
2025-11-21,1361.5216431243439,1364.4965629563708,1353.1918433847088,1358.0509033203125,11483595,ICICIBANK
2025-11-24,1361.8192653055182,1365.488284898759,1350.1178648436169,1356.960205078125,15896003,ICICIBANK
2025-11-25,1353.5886121834044,1365.3891524995797,1342.978112507823,1346.4488525390625,12235000,ICICIBANK
2025-11-26,1348.6304048295453,1365.4882848899147,1348.5312650391513,1363.5050048828125,9659004,ICICIBANK
2025-11-27,1367.471557668799,1382.3461576434415,1364.1990972544559,1380.5611572265625,15158741,ICICIBANK
2025-11-28,1380.3628968845176,1386.8085569633604,1374.0163765969262,1377.189697265625,7683986,ICICIBANK
2025-12-01,1382.3461800316288,1388.2960201178482,1373.8181001180092,1378.478759765625,8867593,ICICIBANK
2025-12-02,1370.2482089901266,1370.2482089901266,1359.1417682907786,1361.521728515625,12126396,ICICIBANK
2025-12-03,1355.5718853340877,1382.544445020301,1355.5718853340877,1379.8670654296875,7955933,ICICIBANK
2025-12-04,1375.4045960658268,1379.9661155774988,1368.3639767054422,1375.1070556640625,7373909,ICICIBANK
2025-12-05,1369.4547830523452,1383.6352828825825,1369.4547830523452,1380.858642578125,4942638,ICICIBANK
2025-12-08,1375.404670384236,1383.2386505394277,1371.7356508298087,1377.98291015625,7826227,ICICIBANK
2025-12-09,1368.3640275890855,1372.7272676950297,1361.9183677427457,1363.7032470703125,10492030,ICICIBANK
2025-12-10,1366.3806948465074,1367.8681547535796,1346.5478960855444,1352.2001953125,8725381,ICICIBANK
2025-12-11,1352.299390595187,1355.1751707435094,1341.490611666704,1348.63037109375,6734750,ICICIBANK
2025-12-12,1356.5634801370334,1359.240859638436,1351.90282069391,1354.5802001953125,3890885,ICICIBANK
2025-12-15,1344.7629655399599,1358.5467856038574,1344.7629655399599,1353.786865234375,5342530,ICICIBANK
2025-12-16,1352.5969202535916,1357.257579696715,1344.1679805012782,1354.5802001953125,12359741,ICICIBANK
2025-12-17,1353.5885110391764,1353.5885110391764,1331.8715722565005,1341.0938720703125,9440391,ICICIBANK
2025-12-18,1335.0449336848067,1358.0509324595278,1334.2515732926577,1345.4571533203125,7314573,ICICIBANK
2025-12-19,1342.6805232986085,1349.0270433350909,1339.5073238052678,1342.7796630859375,14318512,ICICIBANK
2025-12-22,1346.647106277973,1359.8359665635035,1343.4739067302291,1357.059326171875,9375294,ICICIBANK
2025-12-23,1349.7210845323889,1353.5885044694035,1345.6553850292898,1351.605224609375,9105467,ICICIBANK
2025-12-24,1352.3986889312134,1356.7618081188289,1346.2504482626368,1348.43212890625,8955140,ICICIBANK
2025-12-26,1345.159575111433,1350.6135947672478,1337.2264556120658,1339.110595703125,2812144,ICICIBANK
2025-12-29,1340.7964277815033,1344.3663075928198,1330.2850679288142,1332.070068359375,6057201,ICICIBANK
2025-12-30,1332.0699716952038,1335.8381308143366,1326.9133714087848,1331.276611328125,18621277,ICICIBANK
2025-12-31,1331.574200056716,1338.7139594203709,1328.3017397359904,1331.67333984375,6150634,ICICIBANK
2026-01-01,1332.665031313395,1337.1274113505744,1324.8310510381634,1326.8143310546875,4179311,ICICIBANK
2026-01-02,1326.8142878641993,1345.5563076202234,1325.12854832495,1344.06884765625,8226205,ICICIBANK
2026-01-05,1342.878760280637,1364.0007394532674,1341.2921605842894,1360.0341796875,6920565,ICICIBANK
2026-01-06,1360.5299848190614,1401.7821817231495,1354.5801452353044,1399.4022216796875,17260416,ICICIBANK
2026-01-07,1396.2290239898057,1417.9459627064246,1392.4607438290054,1415.7642822265625,15813795,ICICIBANK
2026-01-08,1417.0535778936194,1430.1431776389843,1411.4012782421678,1423.00341796875,14861699,ICICIBANK
2026-01-09,1415.1693772847862,1417.549337423264,1389.7834182572258,1392.56005859375,12555636,ICICIBANK
2026-01-12,1388.1967781468372,1412.3928169264516,1380.0652579976486,1401.286376953125,10923811,ICICIBANK
2026-01-13,1408.1288141663404,1429.746614803746,1399.3031938675902,1424.9866943359375,14295581,ICICIBANK
2026-01-14,1413.6818734015883,1431.8289327125644,1403.0713744699053,1406.5421142578125,13832255,ICICIBANK
2026-01-15,1406.5421142578125,1406.5421142578125,1406.5421142578125,1406.5421142578125,0,ICICIBANK
2026-01-16,1406.0463569783972,1417.0535365865687,1388.494256638521,1399.0057373046875,12530886,ICICIBANK
2026-01-19,1388.1968051292893,1388.2959449153948,1348.6303464892405,1369.05810546875,23302883,ICICIBANK
2026-01-20,1363.207439020359,1376.1980196642805,1360.0342394881388,1364.29833984375,15012785,ICICIBANK
2026-01-21,1356.0676290796277,1360.0341888721825,1328.3017105317451,1337.7222900390625,21766068,ICICIBANK
2026-01-22,1343.7713064680374,1346.6470866066866,1326.814287098488,1334.2515869140625,17179765,ICICIBANK
2026-01-23,1329.2934092663852,1343.8704687287582,1324.5334888848981,1332.169189453125,14056524,ICICIBANK
2026-01-27,1328.7975572308817,1357.6542560921293,1317.492837384778,1350.0186767578125,25263634,ICICIBANK
2026-01-28,1351.2086513775284,1368.859891948821,1351.2086513775284,1356.2659912109375,13242696,ICICIBANK
2026-01-29,1347.6387612421634,1376.098780848474,1343.0772414479197,1372.0330810546875,23118234,ICICIBANK
2026-01-30,1356.7617179329986,1370.347257745332,1341.8871188281207,1343.672119140625,24013717,ICICIBANK
2026-02-02,1318.7820210502812,1343.0772003288644,1317.9886606539171,1341.4906005859375,12800245,ICICIBANK
2026-02-03,1400.1956512153185,1405.15385111339,1361.918372212169,1378.08203125,24896698,ICICIBANK
2026-02-04,1375.4046132419246,1402.1788919423802,1375.3054734566974,1396.625732421875,11080683,ICICIBANK
2026-02-05,1402.1788945018798,1402.1788945018798,1381.5527350454402,1384.8251953125,8982761,ICICIBANK
2026-02-06,1385.0235305539115,1398.7082108846507,1383.0402505668367,1394.344970703125,10851190,ICICIBANK
2026-02-09,1401.6831123688528,1402.1789323590788,1377.1896532716103,1384.626953125,7889742,ICICIBANK
2026-02-10,1389.2875574724217,1397.716496971719,1383.8335377964056,1394.7415771484375,16497628,ICICIBANK
2026-02-11,1395.6341511146452,1401.1873108684945,1388.6926711598828,1394.344970703125,8551341,ICICIBANK
2026-02-12,1394.3449463736551,1421.0200859443291,1393.5517070225485,1418.045166015625,19646265,ICICIBANK
2026-02-13,1413.3845464564506,1422.4084462850303,1398.9065055547715,1402.77392578125,12228083,ICICIBANK
2026-02-16,1392.2625106722887,1402.1789103209517,1388.7917707952565,1399.7989501953125,5000042,ICICIBANK
2026-02-17,1394.4440959690942,1401.782256054804,1381.9494563906167,1395.7332763671875,11756187,ICICIBANK
2026-02-18,1398.3115083316352,1400.4931889124357,1387.2051890014204,1396.4273681640625,4758071,ICICIBANK
2026-02-19,1396.7249570846573,1400.4932375506726,1373.2231372171063,1377.189697265625,14323091,ICICIBANK
2026-02-20,1376.8920792080073,1391.9649581225938,1372.4296994050287,1382.8419189453125,10337877,ICICIBANK
2026-02-23,1388.29600959884,1396.5266700756697,1383.6353499865377,1387.7010498046875,10728445,ICICIBANK
2026-02-24,1389.1884011120849,1389.1884011120849,1370.7439226377844,1373.2230224609375,18274784,ICICIBANK
2026-02-25,1380.164528913772,1395.634087902335,1376.5945282588896,1388.791748046875,16297015,ICICIBANK
2026-02-26,1393.3533088725535,1398.2123689746954,1380.4619891586024,1393.155029296875,27288792,ICICIBANK
2026-02-27,1388.296016563106,1390.4775761692113,1365.1907558675261,1367.3724365234375,15096898,ICICIBANK
2026-03-02,1343.672146415433,1367.6697850385044,1343.672146415433,1362.5133056640625,16928683,ICICIBANK
2026-03-04,1314.9145907457403,1364.4965888884906,1314.9145907457403,1353.9852294921875,20009132,ICICIBANK
2026-03-05,1357.45594601842,1359.3400861254038,1336.3339667529167,1346.2503662109375,17590491,ICICIBANK
2026-03-06,1327.8058801381828,1346.2503588188658,1299.4450020539286,1302.419921875,22778852,ICICIBANK
2026-03-09,1262.060104122135,1271.9765035292385,1240.6407056127512,1267.7125244140625,16116652,ICICIBANK
2026-03-10,1276.8355955325096,1304.006554800674,1274.8523156012538,1300.9324951171875,19136143,ICICIBANK
2026-03-11,1289.1319797351587,1295.5776396338345,1280.1080800869731,1283.777099609375,13224259,ICICIBANK
2026-03-12,1265.0350263567016,1269.7949465011072,1247.780588195275,1255.9119873046875,19676187,ICICIBANK
2026-03-13,1241.434156276259,1251.747236619689,1238.2608356053079,1244.3099365234375,17344394,ICICIBANK
2026-03-16,1244.5081652081492,1266.125965023717,1229.7327054112554,1262.258544921875,22740688,ICICIBANK
2026-03-17,1268.2083924442081,1283.578812107693,1262.3576923623407,1277.9263916015625,22303102,ICICIBANK
2026-03-18,1275.2490239961462,1286.2562036480494,1260.1761446052265,1278.521484375,12961135,ICICIBANK
2026-03-19,1257.0027465645267,1275.1498056385733,1233.3025281122907,1239.6490478515625,14422899,ICICIBANK
2026-03-20,1247.8797225177066,1263.34928134462,1231.3192629188682,1234.9884033203125,16421006,ICICIBANK
2026-03-23,1216.3455695278035,1224.5762297429494,1207.9166297375125,1212.4781494140625,17049534,ICICIBANK
2026-03-24,1226.757768953439,1243.4173686829902,1213.46976929413,1240.7398681640625,20617782,ICICIBANK
2026-03-25,1248.3755838951454,1262.2585434912949,1243.9132040249544,1249.1688232421875,17290030,ICICIBANK
2026-03-27,1245.499833090769,1250.358893273775,1219.8163330232837,1223.4854736328125,23630905,ICICIBANK
2026-03-30,1206.3300855990337,1212.3790655174357,1190.3647054702,1195.8187255859375,23952775,ICICIBANK
2026-04-01,1217.8330476356737,1223.6837477872427,1199.884388024768,1202.561767578125,25472333,ICICIBANK
2026-04-02,1186.001465486272,1211.883245832491,1177.67166509731,1205.635986328125,20851722,ICICIBANK
2026-04-06,1202.8592693089724,1224.0803886246306,1190.4637698313447,1221.10546875,10058414,ICICIBANK
2026-04-07,1218.7254656803555,1239.9465842479708,1206.429106422035,1235.0875244140625,25600557,ICICIBANK
2026-04-08,1299.048365281531,1322.3519046587187,1281.595525957938,1298.2550048828125,25148651,ICICIBANK
2026-04-09,1289.032858674316,1297.065118454786,1265.2334987026684,1270.58837890625,22923062,ICICIBANK
2026-04-10,1278.2238983175278,1312.931296642674,1277.7280783414542,1310.848876953125,18174755,ICICIBANK
2026-04-13,1293.9909710757174,1345.655387306946,1285.8594510059597,1339.8046875,30572141,ICICIBANK
2026-04-15,1346.647094004827,1353.3902942945808,1326.8142943876721,1336.829833984375,23827473,ICICIBANK
2026-04-16,1340.697246754227,1355.4727065977952,1328.995846624469,1334.2515869140625,24017236,ICICIBANK
2026-04-17,1335.7390510601572,1341.5897511433582,1322.8477313394578,1335.540771484375,18151993,ICICIBANK
2026-04-20,1353.2910001768837,1364.893260297481,1341.6888611060856,1344.862060546875,21551520,ICICIBANK
2026-04-21,1356.5634890022861,1381.4536282235813,1348.6303691835594,1376.79296875,23312455,ICICIBANK
2026-04-22,1368.463107425001,1368.5622472083335,1353.588508431251,1356.166748046875,13613487,ICICIBANK
2026-04-23,1337.1273930984762,1342.680552858981,1332.268332914358,1336.730712890625,20111792,ICICIBANK
2026-04-24,1325.1285758443225,1337.5240758015216,1312.931355466517,1315.1129150390625,14056743,ICICIBANK
2026-04-27,1316.7986931874252,1324.7318126631535,1299.9408143015023,1303.114013671875,15385625,ICICIBANK
2026-04-28,1303.3124724850059,1306.6839515728986,1275.943112231791,1281.1988525390625,16774778,ICICIBANK
2026-04-29,1283.876190331697,1285.9587310592146,1265.5308513211887,1270.290771484375,11716030,ICICIBANK
2026-04-30,1250.4580524616338,1261.5643721523936,1248.474772441869,1252.8380126953125,17740110,ICICIBANK
2026-05-01,1252.8380126953125,1252.8380126953125,1252.8380126953125,1252.8380126953125,0,ICICIBANK
2026-05-04,1253.7304875272214,1271.4807465048432,1253.7304875272214,1260.1761474609375,14597051,ICICIBANK
2026-05-05,1253.4328902069624,1256.11026963796,1235.0875512284588,1240.839111328125,24447935,ICICIBANK
2026-05-06,1251.449645209005,1272.0758050555082,1241.6323852719695,1268.8033447265625,22909586,ICICIBANK
2026-05-07,1273.9597944081108,1283.1820943562475,1262.5559349914981,1268.3074951171875,25028552,ICICIBANK
2026-05-08,1268.902517705381,1268.902517705381,1250.6563175253964,1254.226318359375,11137424,ICICIBANK
2026-05-11,1248.871386509416,1265.035045184508,1241.5332266149906,1255.8128662109375,18980488,ICICIBANK
2026-05-12,1245.4998520747622,1249.3672723222166,1225.9645923052954,1229.93115234375,21110708,ICICIBANK
2026-05-13,1227.9478864287817,1238.7566658178762,1216.940585355795,1225.2703857421875,19490295,ICICIBANK
2026-05-14,1228.7410341788377,1246.193873036946,1225.6669745529443,1235.5833740234375,16535600,ICICIBANK
2026-05-15,1236.178367000428,1247.4830869105315,1231.616847331383,1234.095947265625,11745614,ICICIBANK
2026-05-18,1225.171187688256,1243.218986792355,1221.7004477797907,1240.6407470703125,13918850,ICICIBANK
2026-05-19,1240.6406985843882,1245.7972988767476,1219.518840596794,1230.4268798828125,38929053,ICICIBANK
2026-05-20,1219.7171565954964,1229.3360158332805,1213.0732172518474,1226.9561767578125,14953103,ICICIBANK
2026-05-21,1234.8892560806848,1237.8641758775068,1224.0803566089394,1232.41015625,14394386,ICICIBANK
2026-05-22,1231.6168488886804,1260.1761285871792,1231.6168488886804,1253.73046875,11601085,ICICIBANK
2026-05-25,1260.3744497717253,1282.6863499447102,1260.2753099809177,1281.0006103515625,13853923,ICICIBANK
2026-05-26,1279.215515708668,1290.9169153575494,1265.5308361904704,1268.4066162109375,18400405,ICICIBANK
2026-05-27,1275.2490410953124,1282.587201311576,1256.1103406589523,1262.0601806640625,18366272,ICICIBANK
2026-05-28,1262.0601806640625,1262.0601806640625,1262.0601806640625,1262.0601806640625,0,ICICIBANK
2026-05-29,1264.4401034217194,1277.0340036893715,1237.4675446174365,1245.896484375,31007884,ICICIBANK
2026-06-01,1246.5906197801364,1251.3505402000205,1225.5679002002253,1229.3360595703125,9911975,ICICIBANK
2026-06-02,1222.692101166893,1227.3527606751832,1210.4948809348448,1216.3455810546875,17920892,ICICIBANK
2026-06-03,1209.7016025437176,1237.8642014111729,1203.5533622069204,1231.6168212890625,13934754,ICICIBANK
2026-06-04,1221.8987381131592,1251.7471984286103,1221.8987381131592,1241.2357177734375,19461560,ICICIBANK
2026-06-05,1246.4914883012805,1254.4246083541127,1239.5500082550523,1251.548828125,10166393,ICICIBANK
2026-06-08,1235.98013161075,1243.516571470306,1232.7076711606426,1239.748291015625,10714196,ICICIBANK
2026-06-09,1244.5081432866116,1269.2000023713417,1242.2273229706288,1264.3409423828125,22368579,ICICIBANK
2026-06-10,1260.6719575059049,1295.0818164605482,1260.6719575059049,1282.488037109375,25951584,ICICIBANK
2026-06-11,1275.7448484381675,1321.8561080202699,1275.7448484381675,1305.9898681640625,35919374,ICICIBANK
2026-06-12,1318.881182108178,1333.0616823357286,1307.6756018402702,1329.5909423828125,18339846,ICICIBANK
2026-06-15,1343.2755003149457,1351.3077599885314,1314.2205213660739,1316.501220703125,16172921,ICICIBANK
2026-06-16,1320.7653035280132,1326.1201835892518,1315.2121438922036,1323.145263671875,13069159,ICICIBANK
2026-06-17,1330.7808691866162,1334.7474291543856,1322.2527894658729,1325.6243896484375,8026424,ICICIBANK
2026-06-18,1322.4510288431072,1335.6398887549333,1320.2694693470728,1331.078369140625,13467985,ICICIBANK
2026-06-19,1329.293324489997,1340.994724069171,1320.8643850956182,1335.2431640625,9057322,ICICIBANK
2026-06-22,1341.6888318212496,1351.307690769155,1337.1273123310036,1341.0938720703125,4814845,ICICIBANK
2026-06-23,1346.647075338441,1357.654254763427,1320.3686162099664,1327.11181640625,11884879,ICICIBANK
2026-06-24,1329.3925787519856,1366.0832592753275,1329.3925787519856,1362.11669921875,16440708,ICICIBANK
2026-06-25,1370.3473528540349,1392.2625728462838,1368.562352417643,1375.9005126953125,17173209,ICICIBANK
2026-06-26,1375.9005126953125,1375.9005126953125,1375.9005126953125,1375.9005126953125,0,ICICIBANK
2026-06-29,1378.379593988644,1390.2792739367474,1371.6363935981306,1375.9996337890625,13249405,ICICIBANK
2026-06-30,1390.2792468566804,1390.2792468566804,1354.6793474953972,1363.7032470703125,18398057,ICICIBANK
2026-07-01,1359.935092537661,1373.5205118412996,1356.2659519824388,1368.264892578125,11948034,ICICIBANK
2026-07-02,1370.347360452637,1393.2542205810548,1365.2900205878914,1388.2960205078125,15779429,ICICIBANK
2026-07-03,1402.1789477753737,1408.128787723501,1394.1466880553623,1399.6007080078125,12901785,ICICIBANK
2026-07-06,1400.1956098660596,1419.6317286825692,1399.7989296759679,1414.9710693359375,12306949,ICICIBANK
2026-07-07,1419.6317869331858,1421.0201071305735,1398.212387337131,1402.873046875,15664178,ICICIBANK
2026-07-08,1398.5098849300493,1406.4430046152802,1364.397446073597,1369.05810546875,10573142,ICICIBANK
2026-07-09,1371.3389070760331,1391.8658055614053,1365.7857475821456,1369.1572265625,13948838,ICICIBANK
2026-07-10,1378.081980498166,1396.4273194454097,1377.9828407138161,1389.48583984375,6409645,ICICIBANK
2026-07-13,1381.850313043882,1401.1872926666704,1374.710553603081,1397.716552734375,10091437,ICICIBANK
2026-07-14,1388.2959393084109,1399.9973392167874,1380.36281965522,1395.9315185546875,14133017,ICICIBANK
2026-07-15,1401.0881343697583,1416.061873669893,1397.4189938599209,1404.3604736328125,12961648,ICICIBANK
2026-07-16,1408.2278901435363,1411.7977698077207,1394.4440704195183,1406.34375,10165264,ICICIBANK
2026-07-17,1410.2112272612976,1442.935347434669,1407.8312670387277,1432.2257080078125,11112550,ICICIBANK
2026-07-20,1432.4239762420166,1467.6271961496604,1427.4657762550246,1447.99267578125,22236415,ICICIBANK
2026-07-21,1457.7107481698004,1461.5781682422519,1444.4227484323062,1450.868408203125,18269907,ICICIBANK
2026-07-22,1454.1408592092237,1454.1408592092237,1426.374940373995,1428.6556396484375,8345136,ICICIBANK
2026-07-23,1420.5242697074934,1433.9114094220142,1414.673569622298,1422.606689453125,12409328,ICICIBANK
2026-07-24,1416.0618385071728,1427.9615178223592,1403.5671994361867,1420.9208984375,10870914,ICICIBANK
2026-07-27,1423.6974916567503,1436.8863520032721,1416.8552725346733,1433.6138916015625,10608300,ICICIBANK
2026-07-28,1430.2423604987887,1433.8122401392648,1405.7487808950839,1418.8385009765625,19486209,ICICIBANK
2026-07-29,1430.4406700852692,1436.3905099608405,1416.557710375603,1425.879150390625,10856166,ICICIBANK
2026-07-30,1419.13595728037,1430.143136895818,1410.7070174140658,1421.91259765625,14141173,ICICIBANK
2026-07-31,1422.309244666781,1429.8456841613988,1419.4334645695478,1423.4000244140625,8752440,ICICIBANK
2026-08-03,1442.0,1460.0,1433.0,1460.0,7706747,ICICIBANK
2026-08-04,1452.0,1454.5999755859375,1430.800048828125,1454.5999755859375,11458963,ICICIBANK
2026-08-05,1454.5999755859375,1454.5999755859375,1431.199951171875,1450.0999755859375,11723296,ICICIBANK
2026-08-06,1460.0,1460.0,1448.300048828125,1457.5,14954726,ICICIBANK
2026-08-07,1451.0,1455.0,1418.199951171875,1421.0,14395789,ICICIBANK
2026-08-10,1428.0999755859375,1441.9000244140625,1415.5,1431.800048828125,12749354,ICICIBANK
2026-08-11,1432.0999755859375,1434.0,1412.199951171875,1429.5999755859375,10471914,ICICIBANK
2026-08-12,1429.4000244140625,1435.0,1418.5999755859375,1431.699951171875,8201733,ICICIBANK
2026-08-13,1429.0,1429.0,1406.4000244140625,1406.800048828125,11408206,ICICIBANK
2026-08-14,1403.0,1417.800048828125,1401.0,1417.0,6097934,ICICIBANK
2026-08-17,1418.0,1423.5999755859375,1407.0,1415.300048828125,5605603,ICICIBANK
2026-08-18,1410.0,1416.5999755859375,1406.300048828125,1412.0,8345198,ICICIBANK
2026-08-19,1412.0,1416.0,1391.5,1402.0,10304210,ICICIBANK
2026-08-20,1407.800048828125,1413.0,1403.300048828125,1411.9000244140625,8425049,ICICIBANK
2026-08-21,1417.0,1420.0,1411.199951171875,1420.0,4565280,ICICIBANK
2026-08-24,1420.5,1425.5,1408.699951171875,1415.0,5307113,ICICIBANK
2026-08-25,1408.0,1424.9000244140625,1408.0,1422.699951171875,7983249,ICICIBANK
2026-08-26,1423.0999755859375,1446.0,1423.0999755859375,1430.0,4177066,ICICIBANK
2026-08-27,1445.0,1453.800048828125,1433.0999755859375,1443.0,11539716,ICICIBANK
2026-08-28,1435.0,1439.800048828125,1418.9000244140625,1422.800048828125,8625738,ICICIBANK
2026-08-31,1422.800048828125,1454.0,1419.0,1454.0,15331697,ICICIBANK
2026-09-01,1442.9000244140625,1446.699951171875,1422.800048828125,1438.0,10627608,ICICIBANK
2026-09-02,1425.0999755859375,1436.0,1420.699951171875,1426.5,8515824,ICICIBANK
2026-09-03,1438.300048828125,1452.0,1430.0,1430.0,10503351,ICICIBANK
2026-09-04,1432.0999755859375,1438.300048828125,1421.4000244140625,1423.199951171875,6693889,ICICIBANK
2026-09-07,1428.0,1434.4000244140625,1422.5999755859375,1427.5,8035111,ICICIBANK
2026-09-08,1424.0,1424.9000244140625,1396.300048828125,1399.4000244140625,12123411,ICICIBANK
2026-09-09,1395.9000244140625,1402.5,1385.5,1389.0999755859375,14229080,ICICIBANK
2026-09-10,1385.9000244140625,1393.0,1373.9000244140625,1384.5,10580641,ICICIBANK
2026-09-11,1371.5999755859375,1389.0,1367.5999755859375,1379.300048828125,7064417,ICICIBANK
2026-09-14,1379.300048828125,1379.300048828125,1379.300048828125,1379.300048828125,0,ICICIBANK
2026-09-15,1379.300048828125,1390.0,1350.4000244140625,1350.4000244140625,10133488,ICICIBANK
2026-09-16,1359.0,1361.4000244140625,1348.0,1358.800048828125,9625762,ICICIBANK
2026-09-17,1352.0,1363.0,1347.5999755859375,1347.5999755859375,7867524,ICICIBANK
2026-09-18,1351.9000244140625,1359.800048828125,1338.9000244140625,1338.9000244140625,7509409,ICICIBANK
2026-09-21,1347.800048828125,1352.0,1340.4000244140625,1345.0,5705598,ICICIBANK
2026-09-22,1343.0,1347.199951171875,1333.800048828125,1339.5999755859375,6433249,ICICIBANK
2026-09-23,1339.9000244140625,1344.5,1333.5,1340.0,4758314,ICICIBANK
2026-09-24,1333.0999755859375,1347.800048828125,1330.0999755859375,1334.5,8653920,ICICIBANK
2026-09-25,1332.9000244140625,1340.800048828125,1312.0,1326.800048828125,10841310,ICICIBANK
2026-09-28,1321.0999755859375,1323.800048828125,1300.0,1302.0,6327946,ICICIBANK
2026-09-29,1295.699951171875,1304.800048828125,1291.0,1292.199951171875,14811396,ICICIBANK
2026-09-30,1295.300048828125,1337.0,1295.300048828125,1321.699951171875,14095232,ICICIBANK
2026-10-01,1316.0,1329.9000244140625,1308.4000244140625,1310.5999755859375,13163495,ICICIBANK
