Date,Open,High,Low,Close,Volume,Symbol
2021-10-04,1456.7013200318202,1470.2013920560314,1450.517437336317,1462.1448974609375,2947154,INFY
2021-10-05,1455.3950807569224,1483.2226102398492,1448.4273005977032,1474.38232421875,4373310,INFY
2021-10-06,1482.4824144265476,1488.4921465220082,1454.5242157353737,1457.6162109375,4271698,INFY
2021-10-07,1469.3308067930866,1484.311493297042,1460.3162614593732,1472.814697265625,5476108,INFY
2021-10-08,1485.22571554193,1508.0887415105421,1479.2595757436197,1501.42578125,4738376,INFY
2021-10-11,1464.975834271688,1506.7825168192749,1449.036994022464,1472.77099609375,8840633,INFY
2021-10-12,1460.6209130640477,1471.072583282753,1447.5563252906663,1467.7193603515625,7439300,INFY
2021-10-13,1477.1257522003684,1492.5420290685638,1463.277374662343,1488.6661376953125,7104171,INFY
2021-10-14,1527.6857924741366,1553.4665576738048,1479.085483572147,1494.37109375,19655776,INFY
2021-10-18,1515.4922131177411,1566.8795927579404,1515.4922131177411,1560.9134521484375,13438109,INFY
2021-10-19,1579.9439121707412,1597.7988461285693,1552.3341299931703,1587.0423583984375,10324260,INFY
2021-10-20,1593.3572134225717,1609.5572816820163,1562.5683548664965,1569.79736328125,5876115,INFY
2021-10-21,1579.9440255087377,1579.9440255087377,1521.4582041825172,1527.380859375,8779629,INFY
2021-10-22,1524.11481075835,1535.6986813056806,1486.7500689564513,1497.8985595703125,7369809,INFY
2021-10-25,1499.858350257659,1506.564796489911,1469.5048712675496,1487.229248046875,5905209,INFY
2021-10-26,1502.6062654350915,1517.1485436893581,1490.1727607226414,1497.0264892578125,5871709,INFY
2021-10-27,1501.77149758961,1523.7827607577628,1494.785943644436,1519.2135009765625,5090259,INFY
2021-10-28,1510.7780094844702,1515.522964410046,1486.7897990608278,1497.2022705078125,5329972,INFY
2021-10-29,1492.8966047069405,1504.8467856229756,1459.5503108556832,1465.4375,5875091,INFY
2021-11-01,1474.0046817971954,1500.1017709635096,1472.6866448239043,1493.8192138671875,3636806,INFY
2021-11-02,1489.382192947587,1499.4431683962655,1481.7814895075478,1491.930419921875,3471772,INFY
2021-11-03,1501.6836622957965,1509.108562016102,1492.896747946494,1495.97216796875,3530713,INFY
2021-11-04,1506.955720487767,1508.713103252184,1498.1688066656807,1501.419921875,483407,INFY
2021-11-08,1520.1361328125,1529.80173828125,1496.4114648437499,1526.726318359375,5245903,INFY
2021-11-09,1524.3098926867096,1537.7099364183555,1516.621343004618,1531.1197509765625,4016134,INFY
2021-11-10,1516.6213052274068,1538.5446120128352,1513.0625622726295,1529.0548095703125,4780368,INFY
2021-11-11,1522.7282608636551,1528.703405453859,1501.6836441561402,1523.035888671875,4731349,INFY
2021-11-12,1531.559061749532,1566.5748914793885,1527.20958236198,1564.246337890625,5069009,INFY
2021-11-15,1565.916080701805,1581.6446798033896,1560.116738328288,1570.353515625,4354074,INFY
2021-11-16,1572.8576289550256,1589.508788323187,1561.4346405883132,1574.878662109375,6034233,INFY
2021-11-17,1575.0983554327267,1583.401946486974,1564.6857762457305,1570.616943359375,4732492,INFY
2021-11-18,1565.4767795974547,1572.3744865286362,1545.6183728371948,1563.543701171875,4326924,INFY
2021-11-22,1567.5856381094713,1568.815827663556,1538.7206437480575,1545.9698486328125,6621839,INFY
2021-11-23,1524.6172873290966,1535.2934083156665,1502.5621566574846,1526.198974609375,8436160,INFY
2021-11-24,1528.923167102742,1529.362512840415,1483.231210384729,1490.2607421875,7333061,INFY
2021-11-25,1493.7754205362603,1516.7970929361409,1491.0953687886788,1513.4581298828125,4476260,INFY
2021-11-26,1496.0161123736239,1509.8993723813282,1479.716343711144,1486.4383544921875,4494181,INFY
2021-11-29,1485.8672594442673,1504.3197801115232,1466.667872488146,1490.5682373046875,3942776,INFY
2021-11-30,1497.7734901514705,1520.0482960069558,1493.8193787950365,1504.890869140625,14808963,INFY
2021-12-01,1506.9558896878457,1530.5927119756113,1505.1985067261105,1506.8680419921875,5193264,INFY
2021-12-02,1506.9558718875126,1538.1494190898488,1503.7486265678017,1536.17236328125,5559574,INFY
2021-12-03,1556.2502305587047,1569.913923973845,1522.3767433293804,1525.0128173828125,6754012,INFY
2021-12-06,1520.1361797156055,1523.6069679725288,1486.3065595311832,1489.6456298828125,3991449,INFY
2021-12-07,1494.741848225563,1515.6547454589877,1488.5031610337503,1504.0120849609375,4202122,INFY
2021-12-08,1522.7722156867264,1546.3211884129332,1522.4207176698017,1540.653564453125,3029169,INFY
2021-12-09,1545.6183082145856,1554.7567210288287,1530.6805531039272,1549.5284423828125,2082171,INFY
2021-12-10,1546.4967870719056,1549.7918796579963,1534.1951080838337,1545.8377685546875,1823469,INFY
2021-12-13,1552.6913718826008,1556.4696797924478,1527.8683447788846,1533.0086669921875,4040584,INFY
2021-12-14,1520.927049880741,1549.1330239292365,1502.869897706602,1539.5992431640625,4768144,INFY
2021-12-15,1533.3166934922908,1535.9087905563729,1512.4037925329237,1523.8267822265625,3053149,INFY
2021-12-16,1548.825573419924,1561.9619682661307,1544.7396365465954,1556.6898193359375,4481031,INFY
2021-12-17,1599.2182217120308,1618.5494309854728,1587.5755615814348,1599.965087890625,18887243,INFY
2021-12-20,1583.1382500746142,1607.6977390246545,1570.4851797435072,1580.677978515625,5773891,INFY
2021-12-21,1582.5232944672757,1615.0348779738215,1582.5232944672757,1591.83740234375,5353584,INFY
2021-12-22,1603.6117948544356,1607.2583855937914,1592.496327262333,1603.34814453125,4156428,INFY
2021-12-23,1609.103704090808,1635.7719679184652,1605.3692654601534,1632.2572021484375,4112933,INFY
2021-12-24,1645.7451196749826,1648.2054986567352,1629.0939594879846,1637.4415283203125,3780347,INFY
2021-12-27,1634.3659241624905,1647.1069488401015,1621.2295312790468,1639.7698974609375,2647733,INFY
2021-12-28,1652.5547486394014,1665.910921270975,1650.5338229288552,1658.96923828125,3340933,INFY
2021-12-29,1655.0151681366292,1664.065732003417,1648.7764809648074,1656.8165283203125,3236635,INFY
2021-12-30,1655.8940269931556,1678.124963441618,1646.9752873799528,1663.2310791015625,4584738,INFY
2021-12-31,1660.7266893716478,1668.0637408590383,1644.602724183878,1658.7496337890625,4619420,INFY
2022-01-03,1658.7496564451544,1681.8592826976471,1658.7496564451544,1668.151611328125,3329616,INFY
2022-01-04,1668.151697346698,1675.3570314082458,1650.1825005622568,1668.766845703125,3921999,INFY
2022-01-05,1669.5135974739028,1672.0618238908942,1616.792115448411,1620.8780517578125,6995719,INFY
2022-01-06,1606.2477649878608,1606.2477649878608,1581.6444075372808,1597.28515625,6449205,INFY
2022-01-07,1595.2202481604722,1613.2773992100788,1587.619653412898,1594.2098388671875,4834389,INFY
2022-01-10,1594.8248209393573,1643.0649981325935,1593.0674382165591,1626.238037109375,7857560,INFY
2022-01-11,1629.9725624667992,1643.1529335918676,1625.7109305887875,1630.499755859375,5142287,INFY
2022-01-12,1642.1863497006073,1659.848025074008,1634.3659749272922,1649.6990966796875,5362535,INFY
2022-01-13,1673.907008333963,1680.4971934061439,1639.9455664762318,1666.7017822265625,14277630,INFY
2022-01-14,1653.6972065268249,1698.5104677026313,1652.8185151312207,1695.30322265625,7688506,INFY
2022-01-17,1703.3873319362635,1716.8752240721528,1696.3138229476326,1704.2220458984375,5262464,INFY
2022-01-18,1688.9326718657662,1709.0547258227377,1679.5745872616628,1687.7464599609375,3690315,INFY
2022-01-19,1683.5726913474412,1683.5726913474412,1636.8702228464153,1640.560791015625,5747770,INFY
2022-01-20,1620.3068375307487,1623.8216029050018,1595.2641342391942,1602.4693603515625,5533463,INFY
2022-01-21,1577.2510967324367,1588.6740851767383,1560.5559597753802,1569.0792236328125,8252758,INFY
2022-01-24,1550.89025964962,1554.097504585174,1518.3786791357186,1526.1112060546875,7116712,INFY
2022-01-25,1517.1486594985286,1528.9231465624146,1494.2148337525207,1513.238525390625,9137653,INFY
2022-01-27,1495.5327130043718,1502.29859365424,1463.0211322868854,1474.9713134765625,11231734,INFY
2022-01-28,1477.0802616309584,1517.9833897106614,1475.7622245146904,1481.6494140625,10998502,INFY
2022-01-31,1509.591964395572,1537.270746047761,1507.2634105184352,1525.5841064453125,8788872,INFY
2022-02-01,1551.8568050061044,1564.0706364850143,1524.2658745729877,1557.0850830078125,5119935,INFY
2022-02-02,1571.9791056278098,1575.318176258429,1557.041350012565,1570.3095703125,4253717,INFY
2022-02-03,1563.1920737397209,1563.1920737397209,1523.6509588896436,1527.6490478515625,3832922,INFY
2022-02-04,1521.8935777665583,1541.1808120164233,1502.6941912084785,1529.8896484375,4700077,INFY
2022-02-07,1513.2823459720125,1521.8935649371356,1489.733479878767,1506.955810546875,4310209,INFY
2022-02-08,1502.5621948686542,1515.742564999081,1490.2605160802557,1508.9766845703125,6053401,INFY
2022-02-09,1524.5296259925371,1531.5591574092173,1515.7427117216866,1526.5506591796875,3867244,INFY
2022-02-10,1542.6746701881318,1558.7107891978585,1536.6116777128484,1554.932373046875,4334630,INFY
2022-02-11,1528.923139634157,1534.1513109136818,1505.1984702260409,1512.5355224609375,7551371,INFY
2022-02-14,1484.9883568052496,1510.0750373354194,1474.663733614444,1478.134521484375,7459637,INFY
2022-02-15,1492.8967373992116,1534.8542531207022,1485.3838827787808,1527.3853759765625,4669915,INFY
2022-02-16,1527.3853683173847,1542.4988179107663,1517.3682646277543,1523.035888671875,5350642,INFY
2022-02-17,1532.437602241315,1536.8310586697592,1511.612661675338,1515.5667724609375,3937950,INFY
2022-02-18,1502.5622537515017,1513.5458959572875,1496.850759804493,1499.8822021484375,5602215,INFY
2022-02-21,1494.65424801455,1526.5507925084316,1486.3066787281666,1520.7513427734375,5120890,INFY
2022-02-22,1493.687498875911,1538.5886069583632,1485.911101612414,1523.9583740234375,8878515,INFY
2022-02-23,1537.7100334675147,1544.9592379110045,1523.1237768881938,1531.4273681640625,5478811,INFY
2022-02-24,1485.0762465850694,1506.9117054360172,1467.8539173756792,1474.575927734375,13592379,INFY
2022-02-25,1506.9557211653544,1518.5105342990194,1473.5654486264136,1489.0303955078125,9737281,INFY
2022-02-28,1478.1348359978454,1518.4229281074627,1463.0213847182283,1507.483154296875,15076542,INFY
2022-03-02,1502.5622527750063,1506.4285162813565,1485.8671166330619,1496.2357177734375,6771489,INFY
2022-03-03,1511.5248984753623,1523.5630349736196,1498.6521553167977,1512.0960693359375,7344147,INFY
2022-03-04,1489.6015651994855,1525.408239012716,1477.0802130071288,1514.2489013671875,9074499,INFY
2022-03-07,1491.1391153952286,1538.588444936385,1490.2604241074296,1528.791015625,9742588,INFY
2022-03-08,1509.986966279053,1581.6442820745556,1509.986966279053,1562.48876953125,10984500,INFY
2022-03-09,1573.7362690166242,1609.411117760778,1573.7362690166242,1593.375,10193515,INFY
2022-03-10,1620.9660220308197,1620.9660220308197,1590.6071900970094,1604.4027099609375,6547182,INFY
2022-03-11,1593.9462984422166,1609.2355512027455,1591.310224078751,1600.975830078125,4758657,INFY
2022-03-14,1609.3671678167375,1665.1200904742025,1609.3671678167375,1661.3416748046875,10289724,INFY
2022-03-15,1659.2768725454414,1659.2768725454414,1608.0052511537049,1616.1771240234375,7140443,INFY
2022-03-16,1638.7593724368805,1664.1974441872826,1624.7003107966714,1660.199462890625,5233979,INFY
2022-03-17,1689.9872589454178,1689.9872589454178,1610.6853579171534,1629.62109375,17731459,INFY
2022-03-21,1635.2448316509428,1658.0029622596096,1617.758849881559,1628.25927734375,8362085,INFY
2022-03-22,1625.57917912793,1660.7268370550205,1615.9135731979802,1658.4422607421875,5709382,INFY
2022-03-23,1666.877628359794,1669.5137026271,1631.7299714623814,1645.2618408203125,6192824,INFY
2022-03-24,1630.9833085626924,1664.7689550629934,1630.9833085626924,1657.8272705078125,3784303,INFY
2022-03-25,1662.4839408150735,1664.241323416358,1632.6084365932381,1648.908203125,3438588,INFY
2022-03-28,1639.6380289243905,1652.7305512508635,1627.9075210702022,1646.5797119140625,4008555,INFY
2022-03-29,1646.5798912876753,1660.1996084457126,1634.8493821555994,1657.2120361328125,3917785,INFY
2022-03-30,1678.3006231006957,1686.2088459320603,1665.1202517150882,1672.9844970703125,7795839,INFY
2022-03-31,1669.5137000617442,1680.9366885358509,1664.417246914596,1675.53271484375,5399145,INFY
2022-04-01,1657.9588459097863,1678.5642235880214,1650.4460988003643,1672.633056640625,6171518,INFY
2022-04-04,1660.5071270406477,1663.362874183329,1645.7890456129824,1654.531982421875,7364074,INFY
2022-04-05,1655.2790019404306,1660.3753480101589,1631.8618532673324,1635.3326416015625,5472024,INFY
2022-04-06,1629.9725526181892,1632.169281125761,1601.107561481124,1606.9947509765625,5407453,INFY
2022-04-07,1600.1410724456011,1606.3797601498356,1588.2787381336382,1591.3101806640625,5797544,INFY
2022-04-08,1601.854540499716,1615.034912473109,1588.6741685263228,1594.4735107421875,5131446,INFY
2022-04-11,1593.9463082740529,1593.9463082740529,1548.737675566616,1552.25244140625,8248407,INFY
2022-04-12,1544.300154299906,1544.300154299906,1518.1590848316712,1531.0758056640625,6456184,INFY
2022-04-13,1542.0595748364601,1544.3002810224598,1521.8936482110387,1536.43603515625,6257693,INFY
2022-04-18,1410.738990878907,1449.8407567425704,1397.1192746792042,1424.710205078125,30523965,INFY
2022-04-19,1438.1101989357824,1438.1101989357824,1361.9715730908893,1372.515869140625,17044923,INFY
2022-04-20,1383.9390500304542,1402.6552210404843,1373.3947525064125,1395.098388671875,10678747,INFY
2022-04-21,1401.5130018301497,1429.806826423052,1396.4605254912638,1422.4259033203125,7766514,INFY
2022-04-22,1409.7286280030771,1415.3082973438313,1390.4413932842554,1393.121337890625,8134245,INFY
2022-04-25,1382.0058512029284,1382.0058512029284,1365.5742579702844,1371.72509765625,7000570,INFY
2022-04-26,1385.8719894508067,1398.8766646653621,1376.5140121457584,1389.2110595703125,5345435,INFY
2022-04-27,1381.961856821622,1381.961856821622,1362.2791486149092,1364.4320068359375,8819356,INFY
2022-04-28,1379.5454535287045,1407.4878820528004,1368.5178339093395,1390.616943359375,9245177,INFY
2022-04-29,1397.1192785504973,1403.5337684574995,1371.4615334467492,1377.3927001953125,9831395,INFY
2022-05-02,1362.7625430622788,1364.3881007348616,1345.276562373256,1354.0634765625,7072627,INFY
2022-05-04,1359.5553049527848,1379.545534836563,1344.5297030639988,1349.274658203125,6220959,INFY
2022-05-05,1370.8026539111372,1396.592226787759,1368.5179703073688,1392.8577880859375,6144870,INFY
2022-05-06,1361.9717522559292,1372.384224522361,1348.8353579374136,1355.6890869140625,6171472,INFY
2022-05-09,1353.1847646359806,1394.3075653232786,1337.5001444983088,1379.85302734375,6832202,INFY
2022-05-10,1369.0012452272317,1378.7986761047448,1358.5009255643938,1364.6077880859375,6212545,INFY
2022-05-11,1361.9278360516032,1361.9278360516032,1328.2300387627954,1341.542236328125,7846080,INFY
2022-05-12,1330.3388057853947,1342.201139918884,1321.8155419424827,1325.7696533203125,7034979,INFY
2022-05-13,1334.9958431960715,1343.7387794348365,1316.3675217689756,1321.9033203125,6723761,INFY
2022-05-16,1326.8241461984453,1328.4497039979815,1299.2771895162246,1308.45947265625,6145331,INFY
2022-05-17,1313.5556632643759,1340.0042502931472,1301.2539849010288,1334.248779296875,6516378,INFY
2022-05-18,1337.3682641118933,1361.70797213733,1322.694161149026,1326.1209716796875,6594126,INFY
2022-05-19,1301.3420497086145,1304.593165199384,1245.6769672791786,1254.0245361328125,16561140,INFY
2022-05-20,1276.7384777715263,1288.820483325111,1271.2026795948527,1278.627685546875,10488908,INFY
2022-05-23,1278.5838689742561,1307.4928382619098,1274.1465416425442,1290.2705078125,5887569,INFY
2022-05-24,1290.4463220800299,1291.2811433666081,1261.1419818568445,1266.1944580078125,5693167,INFY
2022-05-25,1260.9222603048568,1267.5124463343247,1229.50904023106,1239.350341796875,9630092,INFY
2022-05-26,1245.9843537049899,1256.528650069207,1236.3627261774936,1251.2125244140625,13040065,INFY
2022-05-27,1268.7864314520264,1289.040311563104,1263.0310670153488,1284.07568359375,8284860,INFY
2022-05-30,1306.614218168776,1344.397951444672,1304.856835225711,1341.586181640625,10904213,INFY
2022-05-31,1341.49726302402,1347.9796856356543,1321.4729921530693,1335.1925048828125,16033857,INFY
2022-06-01,1343.539700941573,1345.0936959690998,1307.220595475762,1312.9482421875,8738508,INFY
2022-06-02,1317.78779937987,1344.2944932066457,1310.3286014773466,1339.0997314453125,7205840,INFY
2022-06-03,1354.1067924628962,1380.835483354974,1347.9795908249841,1351.26513671875,9395707,INFY
2022-06-06,1346.2036506605543,1364.496369880414,1325.779716646575,1358.6800537109375,6624883,INFY
2022-06-07,1349.6222508666924,1349.6222508666924,1334.3043022524057,1337.945068359375,4904592,INFY
2022-06-08,1349.9331029298305,1349.9331029298305,1324.89162890625,1331.99560546875,4697608,INFY
2022-06-09,1318.675639841816,1347.0471026731207,1315.5676501182832,1345.3155517578125,4361061,INFY
2022-06-10,1319.6525958969517,1326.6233521245908,1308.5526310764772,1311.394287109375,6516436,INFY
2022-06-13,1281.9126277011962,1281.9126277011962,1253.5854977400272,1264.951904296875,6987685,INFY
2022-06-14,1252.075869762069,1286.618977493986,1245.9931115070253,1279.2042236328125,6090247,INFY
2022-06-15,1278.893618751976,1284.3992668383937,1259.9348988081592,1262.90966796875,4651958,INFY
2022-06-16,1276.9399223929138,1282.0459060881565,1236.0920528309707,1240.7095947265625,6641772,INFY
2022-06-17,1235.2484462558373,1240.487542584052,1214.0252932515164,1231.91845703125,9692047,INFY
2022-06-20,1234.360400176754,1263.0426411881947,1227.2119802322318,1255.7611083984375,4595194,INFY
2022-06-21,1264.5078124914492,1292.9237183901334,1263.397816167282,1287.5069580078125,6270787,INFY
2022-06-22,1275.2082505737685,1296.1205167768,1274.2758102801847,1276.2738037109375,6253366,INFY
2022-06-23,1278.5382855533985,1294.6997896368189,1272.4998618309749,1289.7713623046875,6254281,INFY
2022-06-24,1294.7000469527272,1303.1360211955607,1268.8593475306172,1279.69287109375,6114340,INFY
2022-06-27,1303.6242355705597,1317.7877464947417,1301.049022203048,1309.4405517578125,4511097,INFY
2022-06-28,1304.4677073865423,1321.561651135481,1290.2597541406712,1314.368896484375,4412178,INFY
2022-06-29,1300.649368901304,1311.5717770934775,1293.8118342756918,1299.36181640625,5060038,INFY
2022-06-30,1300.960176372367,1316.0116836459267,1292.0357622839565,1298.1629638671875,9165177,INFY
2022-07-01,1291.1478536823045,1318.675765280758,1280.802665224558,1313.7030029296875,4651635,INFY
2022-07-04,1314.4577439626057,1325.1137094600226,1298.2517964352844,1321.3397216796875,4800224,INFY
2022-07-05,1330.9302267306132,1340.8313086434368,1307.1318587687915,1310.639404296875,7379669,INFY
2022-07-06,1316.1892947506883,1331.9956869281368,1305.3557731895742,1324.5809326171875,5209162,INFY
2022-07-07,1334.7040605575694,1344.3831420553722,1328.1771952712536,1330.8411865234375,3323472,INFY
2022-07-08,1345.3157123104625,1347.0472634324174,1331.9513115451052,1344.8272705078125,3652582,INFY
2022-07-11,1327.5557930054122,1331.9070008962192,1302.1590951666665,1308.153076171875,4702638,INFY
2022-07-12,1298.0742548130895,1304.1125702899615,1275.1638853794875,1277.47265625,4710356,INFY
2022-07-13,1287.5959081661404,1296.4758799465965,1277.4727186568018,1282.66748046875,5264025,INFY
2022-07-14,1288.4837317181796,1290.215282622801,1255.627840557895,1268.8145751953125,6157606,INFY
2022-07-15,1284.0440292907308,1284.0440292907308,1252.6533480412868,1270.1468505859375,5620018,INFY
2022-07-18,1287.5958695188904,1326.3125236399783,1285.8643184329112,1323.0269775390625,5835171,INFY
2022-07-19,1306.7322778541525,1320.3185695057068,1305.4446169198009,1317.9210205078125,3418540,INFY
2022-07-20,1333.1057497387085,1354.9061235932559,1331.9957532776436,1345.5821533203125,5079392,INFY
2022-07-21,1347.0916394538826,1363.475143060979,1334.7484577291702,1361.2108154296875,5008061,INFY
2022-07-22,1362.1876887519136,1367.515671889144,1325.0250280493503,1337.5902099609375,7020642,INFY
2022-07-25,1314.3245716730378,1347.224909731089,1314.3245716730378,1335.1925048828125,7859626,INFY
2022-07-26,1329.0209351127858,1329.0209351127858,1283.1558613643324,1288.6170654296875,7268273,INFY
2022-07-27,1288.4835815621846,1308.0195145700193,1283.1555998327751,1306.2879638671875,4517285,INFY
2022-07-28,1328.7988388509684,1353.7070916560501,1322.9824146761307,1347.44677734375,6636841,INFY
2022-07-29,1361.1219644216355,1381.4570107879367,1356.8595350883038,1376.1290283203125,7009465,INFY
2022-08-01,1388.8275224964943,1388.8275224964943,1365.6508188965988,1377.3280029296875,2983249,INFY
2022-08-02,1373.3319367159932,1373.7314920454614,1357.1703247119033,1370.7122802734375,4374635,INFY
2022-08-03,1375.5076524859794,1394.1555935461508,1367.4268997061906,1390.6923828125,6011955,INFY
2022-08-04,1409.6953575514096,1424.2140880582285,1398.5509508931095,1420.70654296875,7402209,INFY
2022-08-05,1428.2545901627868,1443.6168753071975,1422.8378294078434,1435.58056640625,5361971,INFY
2022-08-08,1435.8913682028474,1440.3313538806547,1417.2434283560572,1438.0225830078125,3763409,INFY
2022-08-10,1439.6210168307325,1439.6210168307325,1410.22833119954,1422.9710693359375,4423829,INFY
2022-08-11,1447.4354013336217,1448.6341758452916,1435.0034408313697,1438.510986328125,3462090,INFY
2022-08-12,1432.6057616654232,1433.2273162748345,1412.0486071656317,1415.55615234375,3562286,INFY
2022-08-16,1428.7872284070231,1428.7872284070231,1412.8920598110092,1417.642822265625,3004430,INFY
2022-08-17,1417.6429220050966,1431.4513202213034,1407.4753986046935,1426.3453369140625,4067324,INFY
2022-08-18,1415.5560961565852,1419.1968624345182,1397.707376873584,1405.6549072265625,4635706,INFY
2022-08-19,1407.741913599355,1425.1466359156411,1407.5642491319722,1418.22021484375,4739884,INFY
2022-08-22,1408.3634783046587,1419.907441241582,1397.7075125167294,1399.1727294921875,3950555,INFY
2022-08-23,1374.619490522654,1380.3914715875098,1361.2995342191398,1369.646728515625,5551574,INFY
2022-08-24,1363.0754176194105,1372.843384781504,1359.5234295604673,1365.29541015625,2888426,INFY
2022-08-25,1374.6196086818957,1375.2411633369209,1344.205705841227,1348.1129150390625,4331088,INFY
2022-08-26,1363.2089425597997,1371.9112502041487,1347.491326858414,1351.1322021484375,3079136,INFY
2022-08-29,1304.0683315463896,1304.0683315463896,1287.5959401255452,1298.0299072265625,8079050,INFY
2022-08-30,1308.108749599387,1328.532686697627,1301.8039906965078,1325.7354736328125,6725875,INFY
2022-09-01,1296.520342709969,1303.6686550621423,1288.5283679870784,1300.2054443359375,8140604,INFY
2022-09-02,1312.459816939898,1312.459816939898,1285.8199018463954,1290.2598876953125,5175653,INFY
2022-09-05,1288.4838352280558,1302.6917893036236,1284.3546268952266,1297.6302490234375,3669352,INFY
2022-09-06,1297.6302811685841,1305.3558130293177,1283.5554395953404,1292.1246337890625,3428442,INFY
2022-09-07,1278.7159876557116,1301.581915907194,1276.9844364483333,1294.38916015625,3600574,INFY
2022-09-08,1309.7958736116145,1315.2126348669317,1299.672683824082,1310.5950927734375,4061475,INFY
2022-09-09,1321.339547332457,1349.7554515761658,1314.2355712715298,1342.3406982421875,4816910,INFY
2022-09-12,1354.9062725688677,1372.754995945685,1350.777063600071,1364.141357421875,5494819,INFY
2022-09-13,1378.0829005700948,1379.0596758276358,1368.6701517643487,1371.9112548828125,4947158,INFY
2022-09-14,1329.33171750544,1331.0632685678052,1307.1317890233854,1310.1510009765625,14332197,INFY
2022-09-15,1309.7958248853374,1309.9733809599834,1268.9923983100107,1272.3223876953125,12784100,INFY
2022-09-16,1265.3960749571352,1265.3960749571352,1215.0910093151838,1222.816650390625,20464045,INFY
2022-09-19,1236.0919491545515,1248.5239084132897,1225.9687606499624,1234.5823974609375,6595241,INFY
2022-09-20,1250.2553759892678,1255.2282460795461,1229.9646655178026,1233.0283203125,7219797,INFY
2022-09-21,1225.3473548787024,1233.2505516184503,1215.1353871043787,1222.994140625,7917054,INFY
2022-09-22,1213.3148220155867,1228.9435493746757,1207.6760620818068,1214.735595703125,9168498,INFY
2022-09-23,1214.3359402029328,1238.5783025146602,1209.4519565311844,1212.5155029296875,10426200,INFY
2022-09-26,1207.6758979917586,1242.7073356441301,1203.2359130726713,1225.6578369140625,9414587,INFY
2022-09-27,1237.379375300364,1248.9677795003172,1223.6598650205738,1237.46826171875,8561254,INFY
2022-09-28,1224.5482323479425,1248.3909373097592,1222.7722378122673,1238.48974609375,7022098,INFY
2022-09-29,1247.547174377518,1251.9427167580907,1236.9799869799815,1241.9971923828125,6119965,INFY
2022-09-30,1233.3834762714234,1260.3342738295787,1221.8839576743449,1255.139404296875,8120130,INFY
2022-10-03,1253.8520673346413,1253.8520673346413,1230.764139749159,1237.6461181640625,4943169,INFY
2022-10-04,1260.6897059969506,1271.8341153169033,1255.628164816269,1269.3033447265625,6631341,INFY
2022-10-06,1283.1558746803535,1296.2982757871803,1282.3566555701389,1292.1690673828125,6180672,INFY
2022-10-07,1284.3546126015165,1294.5665794796807,1278.8490738177404,1288.661376953125,3994466,INFY
2022-10-10,1266.5947604561948,1300.915873263201,1266.5947604561948,1298.8291015625,5274677,INFY
2022-10-11,1298.8289881372887,1313.9249389319289,1261.0446679361762,1264.330322265625,12824774,INFY
2022-10-12,1276.0519384547556,1279.6927051868731,1255.2284480932105,1268.6815185546875,5481467,INFY
2022-10-13,1270.7239342833766,1276.8954711779975,1256.515979742123,1260.8671875,4821514,INFY
2022-10-14,1318.6758527906138,1326.6678276560115,1302.913902361635,1309.1298828125,14990688,INFY
2022-10-17,1311.4828704785755,1327.5555954732513,1310.2396529236003,1323.0711669921875,4286396,INFY
2022-10-18,1340.8757978976014,1341.7193518946553,1329.5538333789295,1335.2813720703125,4692004,INFY
2022-10-19,1335.54770780305,1336.3912617326525,1315.3902159447794,1319.0753173828125,3553171,INFY
2022-10-20,1309.7957743941563,1335.5476913144482,1309.085333326775,1332.794921875,4583939,INFY
2022-10-21,1332.2622632524126,1337.323804011944,1324.314623149871,1332.4398193359375,3594485,INFY
2022-10-24,1348.4237774893445,1351.3542116722354,1341.763798344682,1347.8465576171875,982837,INFY
2022-10-25,1356.9484274924105,1361.2108571850185,1350.6881126041244,1355.35009765625,3914341,INFY
2022-10-27,1374.201834673,1377.8823898027329,1357.7738493894442,1368.052490234375,6760137,INFY
2022-10-28,1369.892717518689,1371.6431919026134,1352.8363861734367,1358.447021484375,3053981,INFY
2022-10-31,1373.7079380791174,1388.205841518274,1373.7079380791174,1380.3509521484375,4542336,INFY
2022-11-01,1394.1756124417263,1413.8801201240165,1388.8342217938466,1412.084716796875,4542692,INFY
2022-11-02,1411.1870015279026,1411.8602777690894,1386.9490568451713,1394.4000244140625,2938906,INFY
2022-11-03,1381.3384738631173,1385.9616594777258,1365.9877968987141,1374.1568603515625,3174027,INFY
2022-11-04,1364.9103708165444,1364.9103708165444,1347.5847954712758,1359.1202392578125,4509682,INFY
2022-11-07,1365.7633606565107,1371.598421588422,1338.5629558638961,1353.2403564453125,4898592,INFY
2022-11-09,1372.5858226539308,1372.5858226539308,1347.5399247059643,1356.606689453125,3334755,INFY
2022-11-10,1333.086979052459,1357.32492412614,1333.086979052459,1348.302978515625,3435763,INFY
2022-11-11,1388.430263614367,1412.5335307351531,1388.430263614367,1409.4813232421875,7214098,INFY
2022-11-14,1414.014771210018,1428.602422973989,1408.0001044253945,1423.12646484375,4908813,INFY
2022-11-15,1416.438498094257,1434.3925307337452,1411.8602416877316,1430.9364013671875,3497614,INFY
2022-11-16,1433.764388917107,1444.4021328641024,1430.4877555742369,1438.83642578125,4497697,INFY
2022-11-17,1433.8091297730527,1438.8363470236297,1421.0168803841925,1425.01171875,3469515,INFY
2022-11-18,1428.8716685979427,1434.5272328106976,1414.3289457404594,1430.3978271484375,3126064,INFY
2022-11-21,1420.2538323357628,1425.4156170914362,1404.0503824610678,1407.7757568359375,3071764,INFY
2022-11-22,1408.4940645666102,1425.550398044472,1402.210152232661,1422.9022216796875,3399329,INFY
2022-11-23,1426.3583182139566,1429.141171694554,1417.7404034167669,1421.196533203125,3245067,INFY
2022-11-24,1426.4479469523692,1468.639925244856,1422.6327148727294,1463.07421875,5282215,INFY
2022-11-25,1464.510573443889,1475.8215929330347,1448.7110454604212,1468.3258056640625,4563255,INFY
2022-11-28,1461.4582630298628,1484.34965474194,1454.276649943721,1457.328857421875,3825766,INFY
2022-11-29,1455.3539549520883,1471.1086636498967,1449.8331771528563,1462.4010009765625,3131710,INFY
2022-11-30,1454.231619954078,1477.3923643802111,1448.1273150047618,1467.6971435546875,11868134,INFY
2022-12-01,1486.7733454719162,1501.4956736223694,1483.2723968995363,1487.581298828125,5407928,INFY
2022-12-02,1486.5939592971272,1491.8006727944214,1466.799593723397,1470.3455810546875,4283343,INFY
2022-12-05,1470.4354916372065,1476.5847268132813,1457.23931951971,1472.0064697265625,3824966,INFY
2022-12-06,1458.765244692734,1459.6629463817758,1443.100394052047,1447.903076171875,4822398,INFY
2022-12-07,1443.5042639072717,1457.6879939155688,1433.3601913539392,1441.260009765625,4898087,INFY
2022-12-08,1441.259904655338,1457.7776358497745,1434.975993517009,1454.4112548828125,4206837,INFY
2022-12-09,1461.4583510232733,1461.4583510232733,1401.4020860579217,1408.7633056640625,8880658,INFY
2022-12-12,1391.4376809417088,1405.7559796963715,1373.5285752684867,1388.924072265625,8037679,INFY
2022-12-13,1388.9239336053154,1416.1243371309986,1383.4929044328283,1411.3216552734375,6135067,INFY
2022-12-14,1420.163958342753,1425.999018854275,1412.0846437883376,1417.8299560546875,4976020,INFY
2022-12-15,1408.7632757795202,1409.3916231159728,1378.1964900565588,1382.909423828125,6443866,INFY
2022-12-16,1368.9950538345975,1390.9887448634156,1357.369860981026,1366.4814453125,9630453,INFY
2022-12-19,1353.6891117498556,1361.7236069848582,1342.108848537671,1353.1505126953125,6222740,INFY
2022-12-20,1347.4502703396117,1360.9157960258838,1330.797859741164,1353.1058349609375,7396259,INFY
2022-12-21,1360.0179181471094,1365.4041277239296,1348.6619710394373,1355.12548828125,6236361,INFY
2022-12-22,1365.8529000049243,1373.4384342231338,1357.1003099457407,1366.3466796875,6302640,INFY
2022-12-23,1354.3624137356346,1355.4397214479377,1340.268541890437,1343.9490966796875,6283822,INFY
2022-12-26,1347.0013761347504,1355.4397938764648,1343.2758922315616,1348.70703125,4115459,INFY
2022-12-27,1355.484662525693,1365.8082322618604,1344.3083199922382,1359.8834228515625,4860076,INFY
2022-12-28,1351.1307473515324,1368.9501033965662,1345.2059383085596,1355.6641845703125,5029860,INFY
2022-12-29,1350.1433491771486,1365.673632332556,1347.4502440923538,1362.3072509765625,4624745,INFY
2022-12-30,1371.688234257162,1373.8427403112848,1350.1883218006867,1353.9136962890625,5060544,INFY
2023-01-02,1359.1202737002234,1370.341544123772,1350.1881862761663,1368.0972900390625,3801140,INFY
2023-01-03,1364.3717941574034,1375.862418801588,1360.107711434535,1366.795654296875,4551130,INFY
2023-01-04,1365.4042617792377,1365.4042617792377,1338.5629595029297,1341.884521484375,7059590,INFY
2023-01-05,1351.8489350836053,1351.8489350836053,1318.948147732721,1324.2894287109375,9868404,INFY
2023-01-06,1319.6216334381472,1324.1101423954199,1298.525641338966,1300.321044921875,6443714,INFY
2023-01-09,1300.051455589557,1336.9918995481128,1300.051455589557,1332.5931396484375,11498717,INFY
2023-01-10,1330.3938176401173,1332.0994726561996,1305.3031008773605,1319.39697265625,7158624,INFY
2023-01-11,1319.621525196474,1341.1663664241717,1314.2353148895497,1320.74365234375,6173092,INFY
2023-01-12,1330.348960311909,1333.0869942679058,1306.1559438786553,1329.1370849609375,6591385,INFY
2023-01-13,1331.7405119183861,1363.9680258321482,1317.8261351507858,1349.8292236328125,11610426,INFY
2023-01-16,1355.5294722785563,1371.6881017494266,1348.6172135046606,1369.44384765625,6073063,INFY
2023-01-17,1370.7904478929847,1384.435469422026,1368.097342887301,1382.01171875,5922644,INFY
2023-01-18,1386.7246995181722,1393.0983596644714,1382.1015138518171,1387.3082275390625,5843098,INFY
2023-01-19,1382.3708462159693,1391.0336893900567,1370.0274480510775,1381.47314453125,6165284,INFY
2023-01-20,1380.6652340912512,1386.9491460799632,1368.0974101138277,1369.4888916015625,6496429,INFY
2023-01-23,1377.972211024558,1394.4001971780099,1371.7780469216464,1389.642333984375,4855020,INFY
2023-01-24,1400.4145497993616,1408.3143680159328,1391.213108045872,1393.1431884765625,5200802,INFY
2023-01-25,1388.7446156153799,1396.8239314140474,1381.3385761332681,1385.15380859375,4158617,INFY
2023-01-27,1387.8467984858346,1392.2903779726057,1353.1955355242728,1363.7435302734375,6209955,INFY
2023-01-30,1372.406405831687,1386.051427868807,1364.5065870211054,1381.3834228515625,6964719,INFY
2023-01-31,1390.450178190422,1390.450178190422,1358.2226654027863,1376.8499755859375,9448126,INFY
2023-02-01,1384.4354819888624,1395.9710362007636,1371.7330909295972,1392.425048828125,6194199,INFY
2023-02-02,1393.233077644041,1424.6077091096986,1393.233077644041,1421.735107421875,6916834,INFY
2023-02-03,1434.0782806205177,1440.4968688634683,1412.0845918097493,1435.783935546875,7040194,INFY
2023-02-06,1434.5272821728975,1434.5272821728975,1401.8509191605494,1409.2569580078125,4570612,INFY
2023-02-07,1408.494023406654,1414.822864476851,1396.0159473630506,1402.5692138671875,4336238,INFY
2023-02-08,1405.3518929839772,1439.0157038986365,1405.3518929839772,1427.79443359375,7983338,INFY
2023-02-09,1432.9113793663391,1454.0522977867906,1423.79979497045,1451.5836181640625,6904911,INFY
2023-02-10,1447.9478465069383,1450.955234729636,1433.1357691390035,1443.998046875,4786762,INFY
2023-02-13,1433.6296691341104,1433.6296691341104,1405.8009153813505,1407.1025390625,4001199,INFY
2023-02-14,1422.5877904936112,1432.731863182567,1416.7079103135172,1430.26318359375,5043736,INFY
2023-02-15,1421.9595093920875,1435.4250350492096,1414.7778957082892,1433.674560546875,3465747,INFY
2023-02-16,1436.3226917714796,1449.2944372484508,1434.3926112378667,1437.9385986328125,4290289,INFY
2023-02-17,1430.9365430163343,1431.8342447371726,1414.3290611808247,1421.780029296875,2857734,INFY
2023-02-20,1422.8124026171727,1439.0159636958763,1420.61307707344,1429.545166015625,2417716,INFY
2023-02-21,1435.1556281819492,1437.80391388057,1414.7778439330089,1417.9197998046875,2723288,INFY
2023-02-22,1403.1077157532914,1413.8801358358503,1396.1954567000723,1402.030517578125,3656244,INFY
2023-02-23,1409.2568030673553,1409.2568030673553,1389.7767226196806,1392.0657958984375,4766854,INFY
2023-02-24,1400.4146068720393,1408.4939219116857,1386.9490818059621,1392.0211181640625,2790986,INFY
2023-02-27,1382.4606439922532,1382.4606439922532,1348.3479787508859,1354.9012451171875,4920268,INFY
2023-02-28,1360.5566878842833,1368.0974041544362,1329.7655850233577,1335.376220703125,9679811,INFY
2023-03-01,1339.7299588712954,1347.3154939495362,1329.9449890099597,1343.006591796875,5125043,INFY
2023-03-02,1333.0869580251103,1336.3186620674148,1317.197682560526,1321.551513671875,4644499,INFY
2023-03-03,1334.6579262232572,1337.3959600849184,1322.3145285534606,1327.9700927734375,4615015,INFY
2023-03-06,1341.6600924158531,1364.8656589746784,1340.4032881447426,1353.2403564453125,6561742,INFY
2023-03-08,1338.0692966126087,1342.961726985448,1329.585949900398,1339.999267578125,4137080,INFY
2023-03-09,1342.0639414577045,1345.0712200119858,1323.7508062262864,1328.95751953125,5104656,INFY
2023-03-10,1310.6445624191515,1323.481741349912,1308.5349852112563,1321.0130615234375,3699580,INFY
2023-03-13,1314.4147222773474,1327.0724033065608,1281.9179661287412,1288.2916259765625,8798403,INFY
2023-03-14,1293.5880625550176,1300.1861476889799,1266.657013369278,1274.736328125,7402784,INFY
2023-03-15,1290.8950455008883,1295.2488768323813,1271.9086326160925,1274.4222412109375,7556182,INFY
2023-03-16,1272.7613459697632,1272.7613459697632,1255.6151580984792,1260.4627685546875,7323117,INFY
2023-03-17,1283.7134156369266,1295.2937893448818,1267.016186133299,1275.36474609375,9090018,INFY
2023-03-20,1274.4670058884406,1274.4670058884406,1243.1821248798633,1260.0589599609375,8221829,INFY
2023-03-21,1255.8846837960104,1261.2708940195814,1247.8053684606537,1248.4337158203125,8536755,INFY
2023-03-22,1259.4753551088436,1263.2905869400715,1240.758298512187,1247.1319580078125,8356487,INFY
2023-03-23,1242.3740984776875,1242.3740984776875,1229.851204859829,1233.935791015625,7607718,INFY
2023-03-24,1246.0098280458892,1255.8396167899662,1236.583961191075,1239.4117431640625,7559127,INFY
2023-03-27,1244.4389202610448,1252.9670859905164,1233.5318232273341,1246.8626708984375,4170193,INFY
2023-03-28,1249.6906260051426,1254.987088423621,1235.1029720803328,1236.6739501953125,6633366,INFY
2023-03-29,1237.930550460286,1247.7155201650944,1224.958805711683,1242.01513671875,8813966,INFY
2023-03-31,1260.37313586201,1283.6684502024389,1251.3063709749888,1281.873046875,8711975,INFY
2023-04-03,1288.2017312639566,1288.2017312639566,1261.4053617670984,1266.522216796875,5242764,INFY
2023-04-05,1256.7825403486722,1281.4693402483783,1256.7825403486722,1277.9234619140625,7506334,INFY
2023-04-06,1271.1455548730469,1282.277077411361,1266.073518560293,1276.4420166015625,6948465,INFY
2023-04-10,1278.2823267500144,1287.3042729141996,1270.2479401489488,1281.5589599609375,4993788,INFY
2023-04-11,1282.7260596530837,1286.7207886297933,1246.9077377115614,1262.3033447265625,6942255,INFY
2023-04-12,1268.4973062805743,1285.0598571838073,1256.7822564144815,1282.187255859375,5831169,INFY
2023-04-13,1265.534971977077,1266.7020280205386,1241.5214514944475,1247.087158203125,11267238,INFY
2023-04-17,1122.396511196189,1132.1365530010617,1064.0458990402255,1129.578125,53171705,INFY
2023-04-18,1140.0361230223534,1140.0361230223534,1124.9098727143887,1130.5205078125,12430884,INFY
2023-04-19,1126.0320630409092,1126.0320630409092,1103.6344503031144,1106.14794921875,11307230,INFY
2023-04-20,1104.801447731595,1111.2200368576048,1096.4528876003903,1098.248291015625,8621249,INFY
2023-04-21,1102.4674657463806,1107.0906515432816,1095.1961036957662,1101.794189453125,8691352,INFY
2023-04-24,1102.3776114514949,1104.1730147274745,1093.4005950715969,1100.8515625,8313774,INFY
2023-04-25,1100.537247505562,1109.110341734084,1090.7074586862907,1099.5947265625,6808576,INFY
2023-04-26,1102.3776768107684,1106.8661852668383,1095.6898430443146,1101.9737548828125,5680192,INFY
2023-04-27,1104.1729691026203,1120.152101431663,1100.0435636550399,1118.7606201171875,8020704,INFY
2023-04-28,1127.2438790677813,1130.2063382433646,1117.5935866641942,1124.595703125,10118277,INFY
2023-05-02,1126.2117608061656,1148.8338008021124,1126.2117608061656,1146.76904296875,8886401,INFY
2023-05-03,1136.4903330105763,1142.3253939620522,1132.9892745231455,1139.318115234375,5549783,INFY
2023-05-04,1139.13855083866,1145.2878952710685,1133.3484185926052,1143.26806640625,4505401,INFY
2023-05-05,1148.160551597661,1148.160551597661,1125.9424330268698,1130.2962646484375,5373791,INFY
2023-05-08,1133.3035651406553,1140.350611760026,1126.7952272539592,1136.13134765625,5260842,INFY
2023-05-09,1136.4903186239899,1141.8765286648618,1131.7324559214633,1140.70947265625,4969897,INFY
2023-05-10,1145.8265283700148,1145.8265283700148,1130.3411732804484,1134.021728515625,6515734,INFY
2023-05-11,1140.305527683217,1145.3775639523772,1124.8651030446258,1127.60302734375,6888461,INFY
2023-05-12,1125.1341602819368,1127.5130911886445,1112.2970944997135,1117.81787109375,8292212,INFY
2023-05-15,1122.0373891886634,1139.0937216777986,1118.2221569213568,1129.6229248046875,5534710,INFY
2023-05-16,1135.5925807167341,1143.6269666049225,1133.5727520158546,1134.9642333984375,5236469,INFY
2023-05-17,1131.6427073715677,1131.9568810406574,1115.3494000856915,1119.34423828125,10465667,INFY
2023-05-18,1129.8471504412532,1130.7897809031113,1115.349248472607,1118.5361328125,6948732,INFY
2023-05-19,1127.5581838226922,1143.043537044953,1124.6406535054546,1139.0936279296875,11094136,INFY
2023-05-22,1142.7293613064382,1163.0623271928262,1140.3056104941186,1160.548828125,7625947,INFY
2023-05-23,1166.293872811124,1179.7145774568664,1164.3639020407309,1167.0570068359375,7436031,INFY
2023-05-24,1163.6907159656682,1171.500676643536,1159.202207626038,1165.80029296875,4824077,INFY
2023-05-25,1162.0747750049484,1173.2960455245018,1157.361841386736,1170.9171142578125,4334121,INFY
2023-05-26,1172.398361832931,1188.063211884976,1172.398361832931,1182.677001953125,5521606,INFY
2023-05-29,1196.3670853553535,1196.3670853553535,1175.8546221650074,1179.939208984375,4419365,INFY
2023-05-30,1180.4776039676979,1190.7114241239608,1175.2260715243845,1188.4222412109375,6274719,INFY
2023-05-31,1184.8316796350223,1194.930824721551,1179.7148232909426,1183.4403076171875,17800782,INFY
2023-06-01,1187.2554902181837,1193.4944735314186,1183.2606516913986,1184.5174560546875,4277841,INFY
2023-06-02,1190.8857617337856,1194.4338775054596,1179.104315999841,1181.7880859375,10909311,INFY
2023-06-05,1186.3368642798964,1191.2950529177192,1180.2414662246276,1186.791748046875,5002553,INFY
2023-06-06,1172.3265202842344,1172.3265202842344,1158.134167776339,1163.5927734375,10008100,INFY
2023-06-07,1174.0552038729138,1177.2393907877183,1166.7770623533606,1172.64501953125,5397578,INFY
2023-06-08,1170.1430477667195,1175.4197442918237,1165.5032551977433,1167.0499267578125,5034942,INFY
2023-06-09,1166.7769126021076,1166.7769126021076,1149.9462124982956,1151.72021484375,5339073,INFY
2023-06-12,1158.5888582525467,1178.7856514064415,1158.1339745233547,1175.3740234375,4785588,INFY
2023-06-13,1182.6069242988215,1188.611368241848,1180.0141088524708,1187.1102294921875,4846587,INFY
2023-06-14,1188.474840185205,1188.7932366228665,1176.5113744554915,1183.061767578125,3457981,INFY
2023-06-15,1177.1938369363772,1177.1938369363772,1166.9135288571645,1170.6890869140625,6161155,INFY
2023-06-16,1170.8709985269152,1184.0626298234502,1165.4579252792078,1175.1014404296875,8536287,INFY
2023-06-19,1177.2392578125,1182.2429795419966,1170.9164175038359,1177.2392578125,4451787,INFY
2023-06-20,1177.2392998592454,1187.2467436756685,1174.6009515510648,1185.7911376953125,4009180,INFY
2023-06-21,1182.6524057587176,1186.1551000366512,1178.1491003379751,1182.1065673828125,4041529,INFY
2023-06-22,1173.0542504034897,1173.0542504034897,1158.588924773524,1165.91259765625,6676607,INFY
2023-06-23,1161.272627938147,1163.9109757788215,1149.3546964433472,1150.8558349609375,7239467,INFY
2023-06-26,1155.6321899905513,1159.0438181837924,1148.3540498449702,1155.72314453125,3403244,INFY
2023-06-27,1164.5025282959484,1166.322063496411,1159.2258317923613,1163.729248046875,3240024,INFY
2023-06-28,1173.600249850804,1179.695648586696,1165.7762703962558,1176.64794921875,5662358,INFY
2023-06-30,1190.158048597247,1218.0879833361867,1186.746419756991,1214.9947509765625,12821692,INFY
2023-07-03,1209.9908380904787,1224.5471188494619,1208.5806539697087,1213.35693359375,7732412,INFY
2023-07-04,1223.0006455219911,1224.5472060405089,1211.2646211133026,1223.77392578125,5797775,INFY
2023-07-05,1235.327962395677,1235.4189169481579,1219.9983999394044,1225.72998046875,5414936,INFY
2023-07-06,1221.4085546821386,1225.8663271465525,1216.4957873550766,1222.63671875,5963897,INFY
2023-07-07,1213.6300129632032,1224.365315371182,1205.7605007879629,1210.1728515625,6295647,INFY
2023-07-10,1215.9498311998555,1220.8170652524432,1200.256341377616,1209.217529296875,3940315,INFY
2023-07-11,1213.129475218487,1229.0049853388443,1207.2615190395204,1226.9124755859375,6126128,INFY
2023-07-12,1229.0960058756348,1229.9148189122855,1207.26158386156,1212.9931640625,8102770,INFY
2023-07-13,1214.4487694545699,1252.5680534152623,1210.7641663190607,1241.9237060546875,9977644,INFY
2023-07-14,1256.0705566992494,1300.9675618860852,1256.0705566992494,1297.282958984375,12833381,INFY
2023-07-17,1297.2830136298498,1327.3053432456984,1286.68431035238,1294.5537109375,11569884,INFY
2023-07-18,1304.6067308473641,1344.5909722136412,1300.0578928736984,1342.089111328125,16743977,INFY
2023-07-19,1351.9146708665796,1363.559740717556,1328.8975058703597,1341.8616943359375,13687062,INFY
2023-07-20,1338.2681331891117,1338.2681331891117,1310.7021306189188,1318.7081298828125,8347221,INFY
2023-07-21,1201.075039161913,1228.186155763225,1187.2466172377842,1211.4464111328125,45548305,INFY
2023-07-24,1219.998361010124,1228.0953149237007,1213.8574296627578,1215.995361328125,8859789,INFY
2023-07-25,1216.3593679271178,1221.681486555465,1204.7598302000642,1214.1759033203125,6801982,INFY
2023-07-26,1221.817896357927,1228.186269607745,1218.5427551834298,1227.1400146484375,5528885,INFY
2023-07-27,1236.0101907567564,1240.7410487249037,1225.5024420215238,1231.052001953125,9191861,INFY
2023-07-28,1231.6887088868766,1240.7863838959101,1215.4493812068724,1219.5433349609375,6122735,INFY
2023-07-31,1227.0491075504592,1235.0095744205735,1212.9477090948283,1233.3719482421875,7902180,INFY
2023-08-01,1239.1034366209878,1245.471809643269,1234.55459874793,1242.0146484375,6064652,INFY
2023-08-02,1245.7448867591504,1248.1556821855895,1226.776142424458,1234.418212890625,7419145,INFY
2023-08-03,1228.186323150697,1243.2430221271263,1227.2765555039189,1241.196044921875,6503741,INFY
2023-08-04,1245.3807687817762,1260.8468164782487,1239.1033507409106,1253.97802734375,5712345,INFY
2023-08-07,1262.6662385905188,1269.1255651338445,1252.749751390182,1267.3060302734375,3729093,INFY
2023-08-08,1267.1696952534337,1267.8065991644844,1259.482203966465,1264.7587890625,4161877,INFY
2023-08-09,1259.1183508602219,1270.0355619948482,1257.7536994683937,1268.5799560546875,4090828,INFY
2023-08-10,1266.0324754708959,1269.8535657391153,1260.5738702782457,1263.758056640625,3873025,INFY
2023-08-11,1266.396413303026,1270.8087636526227,1243.6977576448737,1248.0645751953125,5783517,INFY
2023-08-14,1248.0646177377491,1269.1257591782453,1242.378570429603,1267.806640625,4304135,INFY
2023-08-16,1283.5002048304689,1291.824489722674,1278.5874374632606,1290.50537109375,7735313,INFY
2023-08-17,1291.8699868845008,1291.8699868845008,1279.1332405349353,1284.1824951171875,5618346,INFY
2023-08-18,1277.0406772674733,1281.5895150593437,1261.0743232513742,1263.4852294921875,5134103,INFY
2023-08-21,1264.3495172472738,1280.04300828704,1261.9841437074754,1278.58740234375,3032722,INFY
2023-08-22,1277.9505385325194,1279.178813670877,1270.6269757839684,1277.0863037109375,2890714,INFY
2023-08-23,1288.230777273931,1288.7766155616553,1278.814705879977,1280.9071044921875,2559125,INFY
2023-08-24,1293.2346518402169,1296.4643712635414,1286.8207457961107,1295.1451416015625,5171963,INFY
2023-08-25,1285.501366876352,1294.144157382598,1284.0457612127345,1291.960693359375,4307172,INFY
2023-08-28,1291.9608968278883,1296.236871016697,1284.0459634347399,1287.9124755859375,3133464,INFY
2023-08-29,1295.508935074852,1295.8728642902074,1287.5940021549932,1289.73193359375,3074444,INFY
2023-08-30,1298.2384475504239,1307.0177276584382,1295.5091445772975,1305.653076171875,3070887,INFY
2023-08-31,1305.653039664003,1314.5232740786394,1299.7395500542452,1305.9259033203125,9792735,INFY
2023-09-01,1301.831847342556,1315.5238935615507,1299.32998654913,1313.56787109375,3582133,INFY
2023-09-04,1312.794670582204,1337.3583962271932,1305.243554943164,1332.9005126953125,4609014,INFY
2023-09-05,1332.8094095252152,1346.5014550487228,1325.0763856474239,1345.4552001953125,5496840,INFY
2023-09-06,1348.1845184505673,1349.0942859762029,1331.2628646848657,1344.135986328125,5075786,INFY
2023-09-07,1337.90412243496,1340.4515159698167,1330.1256765994524,1333.901123046875,4411743,INFY
2023-09-08,1331.4448248574233,1341.679709913553,1328.442547485381,1336.994384765625,3125838,INFY
2023-09-11,1336.9945540619674,1344.6821575553772,1332.3547611267988,1343.2264404296875,4182226,INFY
2023-09-12,1348.730324182031,1368.290325510809,1343.817557451124,1365.6519775390625,6793161,INFY
2023-09-13,1369.2001227261467,1369.2001227261467,1354.3254459295783,1363.150146484375,4804686,INFY
2023-09-14,1369.200118850372,1376.068908054887,1363.878001064633,1370.97412109375,6444213,INFY
2023-09-15,1381.0273694792074,1381.3912987705646,1372.8394601739947,1375.204833984375,8657816,INFY
2023-09-18,1369.1093400919283,1369.1093400919283,1353.7342448047293,1357.19140625,3991916,INFY
2023-09-20,1342.9989700048607,1360.193600922578,1342.9989700048607,1355.78125,4169337,INFY
2023-09-21,1352.4148651318997,1368.7906794487903,1342.8167739850383,1366.2432861328125,6779195,INFY
2023-09-22,1357.2821697249913,1370.9741041105199,1351.186660777571,1361.148681640625,5455613,INFY
2023-09-25,1355.4170944618959,1355.4170944618959,1338.768415761757,1341.1337890625,4217863,INFY
2023-09-26,1345.6828747903214,1346.3652005445954,1327.3510339810348,1328.8521728515625,3996528,INFY
2023-09-27,1324.6214638718475,1336.9942795100794,1319.2083917349964,1334.62890625,3863586,INFY
2023-09-28,1335.4478965364908,1339.7237598799838,1305.51651996519,1309.56494140625,5814602,INFY
2023-09-29,1302.8782039633304,1316.251854791077,1288.2309672949007,1305.9259033203125,6068968,INFY
2023-10-03,1306.4717573853966,1307.3359921507258,1292.142918222993,1304.606689453125,4181867,INFY
2023-10-04,1296.41872564626,1319.1173810169118,1290.2322620419864,1314.022705078125,4510406,INFY
2023-10-05,1320.98237673146,1342.498399775706,1319.3447508504619,1331.399169921875,7384621,INFY
2023-10-06,1336.9032552497172,1350.5497668718647,1331.262741534801,1345.2730712890625,3598672,INFY
2023-10-09,1332.718425809864,1356.46333522133,1330.261986939683,1342.31640625,3567552,INFY
2023-10-10,1350.0041284403374,1361.9220614766054,1336.5395238912695,1360.239013671875,5688951,INFY
2023-10-11,1361.922136312119,1381.2546983673178,1347.7752053035967,1359.5567626953125,7220129,INFY
2023-10-12,1357.2824151740776,1368.6545111001026,1320.9826627670805,1333.2645263671875,11081662,INFY
2023-10-13,1278.2233513513881,1308.2456791767233,1273.6745138020951,1302.0137939453125,17973439,INFY
2023-10-16,1302.8780961484347,1313.340423053773,1300.9676064898863,1304.7431640625,4850745,INFY
2023-10-17,1310.2927452175127,1322.2106781963569,1308.2913009819003,1312.294189453125,3923764,INFY
2023-10-18,1311.8847923385383,1322.8020028156968,1308.5641186072812,1310.565673828125,4264837,INFY
2023-10-19,1297.4194189109537,1309.7468130472434,1297.4194189109537,1304.2882080078125,6795691,INFY
2023-10-20,1300.9675589324422,1308.7005828841384,1296.6461631947295,1298.4656982421875,3928622,INFY
2023-10-23,1296.9647063021316,1303.1056377818345,1278.4509573114844,1281.544189453125,2636516,INFY
2023-10-25,1289.2389333048216,1292.5104566531788,1254.4967997562355,1262.560302734375,6940777,INFY
2023-10-26,1248.7371699932087,1266.2003688015045,1246.9400932403355,1252.7918701171875,6357656,INFY
2023-10-27,1256.6623976967833,1276.3373223697179,1256.6623976967833,1272.0521240234375,4634358,INFY
2023-10-30,1272.0521334622172,1272.0521334622172,1256.155513264206,1269.0111083984375,2667696,INFY
2023-10-31,1271.6835518717269,1272.7894712580314,1256.0634389161826,1261.039794921875,3451595,INFY
2023-11-01,1265.324779602583,1269.3794791877367,1245.603735057758,1247.9075927734375,3090672,INFY
2023-11-02,1262.5142118386507,1268.3199791238953,1254.819348447591,1262.6524658203125,3758060,INFY
2023-11-03,1271.7756915818663,1282.7880874213406,1269.6560973022642,1280.069580078125,3349045,INFY
2023-11-06,1284.5391312922866,1296.8417109189295,1281.6823697767961,1293.20166015625,2736381,INFY
2023-11-07,1290.1604881630135,1295.5976155760281,1285.4145181543718,1294.1231689453125,2272209,INFY
2023-11-08,1294.7680585080989,1294.7680585080989,1277.6733889661616,1281.866455078125,3550635,INFY
2023-11-09,1286.3820369286211,1287.856483391317,1262.5601702711208,1266.9375,5498051,INFY
2023-11-10,1262.46802069147,1265.4170263311844,1254.2202543175401,1261.454345703125,2943649,INFY
2023-11-13,1271.5912989072524,1273.9872886097166,1263.2974105189112,1265.78564453125,3462092,INFY
2023-11-15,1289.2389232333946,1303.062071087934,1283.7096640915788,1299.836669921875,8551860,INFY
2023-11-16,1304.9973516506468,1339.3709592887674,1299.9288638617754,1331.537841796875,6673907,INFY
2023-11-17,1327.9899276991723,1337.1592379171582,1322.4606682729127,1324.7645263671875,4901251,INFY
2023-11-20,1328.8652717092657,1338.0807035519097,1321.1704086192708,1323.888916015625,3584210,INFY
2023-11-21,1328.8654600226937,1336.2378065415437,1324.0273576196985,1326.100830078125,3793135,INFY
2023-11-22,1323.520357257011,1344.4854659823166,1323.520357257011,1343.42578125,3108786,INFY
2023-11-23,1352.733312304696,1352.733312304696,1334.1180718038254,1335.5465087890625,3186928,INFY
2023-11-24,1332.1368202960523,1338.6797545299087,1321.3546973396635,1324.626220703125,2973195,INFY
2023-11-28,1330.7084271755414,1331.6299704076575,1315.088314388403,1329.5103759765625,3755373,INFY
2023-11-29,1337.251355220777,1346.0981477081089,1336.0534165206054,1345.08447265625,3875778,INFY
2023-11-30,1339.2325660460233,1346.0520077696415,1335.8229014307437,1340.9835205078125,10120867,INFY
2023-12-01,1345.3610059685648,1345.3610059685648,1332.6897863489253,1338.3572998046875,3489187,INFY
2023-12-04,1345.8677509348179,1356.4194883018783,1335.592634024112,1349.4617919921875,5511948,INFY
2023-12-05,1350.798062419795,1351.8117374373267,1328.8652893459846,1339.877685546875,5123039,INFY
2023-12-06,1342.4579763254974,1361.1192250096171,1337.2052253968209,1358.631103515625,5269178,INFY
2023-12-07,1357.2949393135057,1357.2949393135057,1347.1119540015106,1350.8902587890625,4424453,INFY
2023-12-08,1355.0371580856024,1377.4305905862009,1351.2127312666094,1374.1591796875,6323433,INFY
2023-12-11,1373.0993558033465,1380.471701337861,1365.727010268832,1371.717041015625,3862018,INFY
2023-12-12,1361.5800891380788,1373.0993792323097,1352.5029110424384,1360.243896484375,6103494,INFY
2023-12-13,1360.19782972632,1360.2439518858023,1320.7097241735976,1335.316162109375,8549258,INFY
2023-12-14,1348.5863495012065,1392.4517835867966,1346.697140932601,1383.6510009765625,12489858,INFY
2023-12-15,1403.5564479809898,1463.917528966799,1401.6672393803897,1454.5638427734375,18395389,INFY
2023-12-18,1444.9336219034078,1468.0183241638513,1437.88390638634,1441.6160888671875,6467243,INFY
2023-12-19,1446.91479043528,1450.4627088511306,1422.171380842129,1436.0406494140625,4221721,INFY
2023-12-20,1442.2612442252062,1459.2636714338232,1409.9611097529205,1415.8590087890625,6592367,INFY
2023-12-21,1401.897594233354,1425.3048140325604,1401.897594233354,1415.4903564453125,5319038,INFY
2023-12-22,1414.522706978693,1443.1366686825568,1403.5103106025122,1440.2799072265625,6741060,INFY
2023-12-26,1414.5687619692478,1426.5488231455345,1403.5102439603677,1422.8165283203125,6878067,INFY
2023-12-27,1422.8625237124177,1446.8226439303728,1422.8625237124177,1444.150146484375,4225849,INFY
2023-12-28,1445.8552154390939,1445.8552154390939,1432.9997322913293,1440.049560546875,5702253,INFY
2023-12-29,1420.144166634131,1437.1004712006081,1419.1765012951132,1421.8489990234375,4388990,INFY
2024-01-01,1418.254950581332,1434.8427277811138,1414.799163664711,1429.635986328125,2808451,INFY
2024-01-02,1424.7057474638627,1427.6086309615123,1403.5102544550214,1414.015869140625,5396313,INFY
2024-01-03,1400.6995390215577,1400.6995390215577,1371.2562788380874,1373.099365234375,7550363,INFY
2024-01-04,1386.8764724125788,1400.5153575424802,1375.771943719321,1394.0184326171875,7056038,INFY
2024-01-05,1388.5352963045564,1418.9001014903272,1388.0745246781073,1412.3111572265625,8895403,INFY
2024-01-08,1408.9934505703893,1415.4903752195028,1394.52526712299,1403.3260498046875,4440136,INFY
2024-01-09,1420.9274616897512,1431.1565685607613,1406.1366485499625,1409.3160400390625,4412074,INFY
2024-01-10,1405.3072902245185,1414.983494047482,1386.9225479581153,1400.653564453125,4096845,INFY
2024-01-11,1405.261293276588,1405.3534251009314,1369.9661425866611,1376.9698486328125,11296088,INFY
2024-01-12,1439.4503158122288,1491.0567291832176,1433.36815387783,1486.2186279296875,26754401,INFY
2024-01-15,1515.8925107048797,1534.3233755421343,1507.6447436874366,1522.4815673828125,13228305,INFY
2024-01-16,1515.7543934625273,1519.1640585147397,1497.5077919845023,1503.5439453125,6500917,INFY
2024-01-17,1493.1303945709744,1518.2424471875822,1493.1303945709744,1511.51513671875,9209876,INFY
2024-01-18,1513.7729287969016,1519.6247054977496,1500.5026844916376,1513.726806640625,6375464,INFY
2024-01-19,1522.020829836473,1534.8303036837544,1515.1553775281222,1529.0245361328125,4522736,INFY
2024-01-23,1520.6384796288353,1543.3084208611072,1509.2113209406687,1513.312255859375,9401255,INFY
2024-01-24,1529.669692631178,1548.1926898142694,1515.9386754431387,1543.95361328125,8999681,INFY
2024-01-25,1541.695746187862,1548.6995649327355,1527.9187194984197,1538.1478271484375,8865304,INFY
2024-01-29,1534.5077798990815,1547.5936491768944,1518.3346507098104,1526.6285400390625,4253785,INFY
2024-01-30,1532.0194213135253,1557.4079810311105,1518.9335530973535,1521.8824462890625,4995943,INFY
2024-01-31,1518.93364206389,1536.4429635862402,1509.5799556993886,1530.5911865234375,6763779,INFY
2024-02-01,1529.3470709031976,1545.4279548337279,1520.8688059210901,1527.043212890625,5760011,INFY
2024-02-02,1535.3370559365164,1583.6719506012253,1534.3693906028748,1560.4951171875,7858483,INFY
2024-02-05,1561.7853328521521,1567.3145920332188,1549.8974031142452,1554.82763671875,3634135,INFY
2024-02-06,1554.4129683538292,1597.034340689009,1542.6171705805966,1593.7628173828125,7694265,INFY
2024-02-07,1593.3481668011993,1593.3481668011993,1554.5050990563916,1560.86376953125,4613877,INFY
2024-02-08,1564.7803892211357,1572.4752526176906,1550.7729772594932,1559.34326171875,5919715,INFY
2024-02-09,1552.523963151758,1560.080685759389,1529.5776248189763,1538.3782958984375,4600004,INFY
2024-02-12,1539.2997433619348,1560.126598289278,1539.2997433619348,1548.2847900390625,3555808,INFY
2024-02-13,1550.9571831806093,1556.5785741207376,1532.9870910403704,1552.3856201171875,2696481,INFY
2024-02-14,1529.9459605809961,1538.4702350970776,1507.1838887623073,1535.4752197265625,3768579,INFY
2024-02-15,1545.428005093551,1555.3345948697918,1531.2362167759502,1544.8289794921875,4834391,INFY
2024-02-16,1556.4863775731233,1574.9172405402414,1555.5187122701257,1568.1439208984375,4880654,INFY
2024-02-19,1571.2312906913012,1577.221322004787,1555.2885469674084,1566.3931884765625,3690993,INFY
2024-02-20,1552.800253854097,1561.3245282446908,1537.825177221973,1553.0306396484375,3706389,INFY
2024-02-21,1542.6633157025528,1542.6633157025528,1516.2150708785946,1525.660888671875,4300508,INFY
2024-02-22,1534.3694366019563,1552.4316609246032,1515.3856690741432,1549.4366455078125,5841277,INFY
2024-02-23,1563.8587905950133,1565.194983220865,1540.728079066558,1545.2896728515625,5373072,INFY
2024-02-26,1543.5387967991637,1543.5387967991637,1515.938621902185,1529.9000244140625,2782438,INFY
2024-02-27,1530.6833557243867,1539.9909201570279,1523.1267459853489,1533.079345703125,5159088,INFY
2024-02-28,1538.9770993537304,1555.3806128350852,1531.6508761234932,1540.1290283203125,3188916,INFY
2024-02-29,1534.369410109207,1550.2660301238518,1523.5873997921522,1542.5711669921875,7814722,INFY
2024-03-01,1538.05555376044,1540.774061120071,1521.467776667757,1524.87744140625,6387291,INFY
2024-03-04,1527.7805015485362,1533.862664687169,1505.4791992091916,1508.7506103515625,4445156,INFY
2024-03-05,1505.8016678459578,1508.888815229402,1476.312283897934,1480.459228515625,4596579,INFY
2024-03-06,1477.049691958927,1493.038446210239,1452.3522857571936,1490.6424560546875,6420684,INFY
2024-03-07,1489.7667940250446,1500.6870590284748,1478.3396352373709,1489.6285400390625,6348359,INFY
2024-03-11,1481.9797912201366,1487.186533050453,1463.4106723438592,1475.0220947265625,6752895,INFY
2024-03-12,1474.4691365947879,1497.5077168540815,1472.303532549028,1486.403076171875,4614222,INFY
2024-03-13,1486.3570462420234,1497.046924837975,1473.1329238521018,1484.9747314453125,5688997,INFY
2024-03-14,1487.7393497230903,1527.6882245455754,1481.8414508033693,1523.58740234375,8803799,INFY
2024-03-15,1512.3444475668186,1516.6757678865583,1491.3793408128192,1505.801513671875,11809997,INFY
2024-03-18,1502.11556344857,1504.5576756669025,1473.4094674521489,1476.911376953125,4958904,INFY
2024-03-19,1467.4194357537194,1473.5477211325924,1435.7644462317567,1438.9437255859375,6870411,INFY
2024-03-20,1440.3720813461923,1451.3844780457566,1430.5576233604784,1432.95361328125,4759059,INFY
2024-03-21,1441.2936639483573,1453.2276042120811,1422.309895221054,1432.7232666015625,11062497,INFY
2024-03-22,1401.6672315575609,1408.9474454626866,1380.6560012352104,1390.470458984375,14673890,INFY
2024-03-26,1374.9424783172167,1389.1802760076575,1371.164173630106,1375.54150390625,8351081,INFY
2024-03-27,1378.628657389427,1381.3932870499673,1365.3124028550521,1367.431884765625,6857402,INFY
2024-03-28,1370.47310016729,1393.189164332538,1370.47310016729,1380.5179443359375,12499530,INFY
2024-04-01,1405.353474561426,1409.9150687111335,1375.6798265220143,1378.121826171875,6580002,INFY
2024-04-02,1368.353462463362,1376.0023163808078,1364.6672894897633,1366.5103759765625,7279400,INFY
2024-04-03,1362.9624633692197,1377.799287158803,1359.2762903783632,1364.4830322265625,8736248,INFY
2024-04-04,1373.6062588459959,1378.3061066574217,1352.8254147328123,1370.0582275390625,11186915,INFY
2024-04-05,1363.9299768430176,1370.0581487632178,1360.2438042627782,1363.054443359375,5072482,INFY
2024-04-08,1366.6486630791478,1373.97488704448,1358.4469055155266,1360.8428955078125,6610887,INFY
2024-04-09,1373.0993855776476,1395.0321590156452,1370.6112639030227,1377.56884765625,9423230,INFY
2024-04-10,1382.6372778632074,1391.3919380114644,1368.076963217734,1388.581298828125,6744595,INFY
2024-04-12,1386.0008129525172,1388.5811786121503,1363.4230071564157,1368.2611083984375,12275616,INFY
2024-04-15,1363.884010132131,1374.8964069734686,1346.420810540168,1352.9637451171875,8531224,INFY
2024-04-16,1337.159257468646,1340.983684459676,1302.1867360834249,1303.476806640625,16173541,INFY
2024-04-18,1309.6051010829012,1331.3534994670702,1297.072135276183,1307.9002685546875,22107945,INFY
2024-04-19,1276.3373231980736,1314.903883353496,1270.5776782377934,1300.52783203125,20603621,INFY
2024-04-22,1308.4992564312556,1324.1193692022916,1302.1867077963823,1320.341064453125,5859087,INFY
2024-04-23,1329.786912241484,1333.334831262017,1320.571479724218,1329.2340087890625,4856174,INFY
2024-04-24,1330.9847568541209,1330.9847568541209,1315.0881382295058,1318.497802734375,4268213,INFY
2024-04-25,1308.5913232271268,1331.5377710414832,1308.5913232271268,1325.59375,9089398,INFY
2024-04-26,1326.7457701482465,1331.9986341616486,1315.0422158870554,1318.0372314453125,8062444,INFY
2024-04-29,1317.7606297548816,1326.8379201034072,1316.1940513407444,1322.18408203125,5055957,INFY
2024-04-30,1322.1380131744238,1323.8429581264434,1306.3336369406475,1309.0982666015625,6936588,INFY
2024-05-02,1302.1406139236367,1312.2775896866656,1301.08081668616,1303.476806640625,10076354,INFY
2024-05-03,1310.5266461015717,1313.0148803966708,1293.109456008172,1305.1817626953125,8842345,INFY
2024-05-06,1308.5913151241766,1332.2749298443393,1305.9188174045357,1314.0284423828125,6445422,INFY
2024-05-07,1313.1528923189749,1330.1093091097507,1304.5364861962978,1327.8975830078125,6080661,INFY
2024-05-08,1322.6449494254493,1326.7918940500197,1313.7520345652563,1315.3187255859375,6234983,INFY
2024-05-09,1315.5490256671164,1336.1915031252968,1313.0607915586831,1326.6075439453125,6088406,INFY
2024-05-10,1322.460619610937,1323.289918499904,1302.1405469699123,1313.10693359375,8777481,INFY
2024-05-13,1313.1990668474873,1313.1990668474873,1300.481725623948,1311.7706298828125,3735954,INFY
2024-05-14,1314.4891762078207,1321.2624958851497,1306.7943133773022,1312.9224853515625,3463230,INFY
2024-05-15,1314.120547134986,1319.4655424641765,1307.255095585117,1308.545166015625,4327544,INFY
2024-05-16,1321.4468679639122,1341.5365553493355,1315.0421875208667,1339.3248291015625,9249145,INFY
2024-05-17,1342.6884167000094,1342.6884167000094,1326.3310252131012,1330.98486328125,7542860,INFY
2024-05-21,1317.8066770242508,1331.3533160495845,1316.3322305136044,1321.631103515625,6752663,INFY
2024-05-22,1316.6547668463822,1345.4068679388222,1315.9636094884577,1340.6610107421875,7173285,INFY
2024-05-23,1340.5688666610595,1362.17912249703,1336.2376585581328,1356.8802490234375,8641428,INFY
2024-05-24,1353.0557154211108,1359.7369031866842,1345.4529845154584,1350.15283203125,5277938,INFY
2024-05-27,1356.373369267408,1363.5153292403581,1345.6834903871545,1355.91259765625,5821844,INFY
2024-05-28,1359.7370687266528,1360.1978403527887,1345.7296562893546,1351.9500732421875,6186922,INFY
2024-05-29,1350.4294036068611,1350.5215354265988,1336.237616082271,1337.113037109375,7401634,INFY
2024-05-30,1329.6025651299135,1336.0993771509409,1310.0197722599248,1315.456787109375,9663150,INFY
2024-05-31,1325.1858078435043,1350.5182603744363,1315.9739443356261,1322.4598388671875,37113815,INFY
2024-06-03,1353.5731158092904,1353.5731158092904,1319.7337879140582,1321.519775390625,10589244,INFY
2024-06-04,1324.4336953647442,1330.0735833506835,1276.8236180013437,1310.0050048828125,13736134,INFY
2024-06-05,1316.1148183429186,1351.6930870098186,1316.1148183429186,1344.2672119140625,9233424,INFY
2024-06-06,1358.2260359203012,1385.8145809499692,1351.2232206049546,1383.8875732421875,12660930,INFY
2024-06-07,1392.1123044504961,1447.2891608293014,1388.5873745776473,1441.5552978515625,24075302,INFY
2024-06-10,1433.7536304630544,1437.983546630723,1407.4341520864498,1409.737060546875,6810606,INFY
2024-06-11,1410.0190163300265,1416.0348049461413,1404.2850385180848,1405.97705078125,4853054,INFY
2024-06-12,1416.5518188986746,1418.1967861734406,1393.7572723769142,1396.0601806640625,9564320,INFY
2024-06-13,1405.2721826102318,1414.6719965407349,1399.961264790733,1404.28515625,7307565,INFY
2024-06-14,1413.4498626747718,1413.4498626747718,1396.8592841989566,1399.5382080078125,4237727,INFY
2024-06-18,1407.152097561087,1416.5519111720494,1405.6481503320965,1408.280029296875,5420939,INFY
2024-06-19,1414.6718886285164,1424.6827126496337,1406.8699977638037,1420.6407470703125,5493456,INFY
2024-06-20,1425.2936379231433,1426.4215695435462,1409.125891319924,1424.4476318359375,7927010,INFY
2024-06-21,1452.271166938704,1464.2559289959652,1432.249518545518,1440.7093505859375,17301941,INFY
2024-06-24,1433.0485032665965,1437.3253492351942,1424.4476516241698,1435.492431640625,5564989,INFY
2024-06-25,1434.411397588946,1451.2370850310506,1429.1004805403306,1449.404052734375,4551525,INFY
2024-06-26,1448.5112883548547,1455.89011914625,1442.8714001458156,1448.229248046875,4851004,INFY
2024-06-27,1446.114304702132,1483.6666295895413,1440.0985156795878,1478.919677734375,14757754,INFY
2024-06-28,1478.1676356666337,1493.1602914681441,1470.3657449978248,1472.7156982421875,8197544,INFY
2024-07-01,1465.900925341744,1503.8761950899986,1465.900925341744,1495.3223876953125,6801771,INFY
2024-07-02,1500.3980870491325,1535.7414752975033,1491.2803144467298,1523.7567138671875,10493173,INFY
2024-07-03,1527.4696078755678,1537.809402144264,1509.609963229638,1529.7255859375,7269965,INFY
2024-07-04,1530.4775505601317,1560.3690026530594,1530.2896001922775,1551.5802001953125,8008311,INFY
2024-07-05,1552.3320687468383,1565.8678223873435,1535.3184302011182,1548.5721435546875,7065022,INFY
2024-07-08,1544.483343885064,1566.008939897241,1541.5694246287367,1561.9200439453125,5880533,INFY
2024-07-09,1560.2750121000736,1566.7138611771477,1551.9091554243114,1557.6900634765625,5191182,INFY
2024-07-10,1557.5490553427878,1573.5287378659184,1539.2664644712022,1549.32421875,9852770,INFY
2024-07-11,1556.6091866425368,1565.0690191786375,1543.4964921091096,1553.5072021484375,8857679,INFY
2024-07-12,1579.1685341207829,1616.532789615605,1566.6198071109059,1609.012939453125,17078316,INFY
2024-07-15,1622.5957659620963,1624.2877782953476,1600.4592739409936,1604.59521484375,6942230,INFY
2024-07-16,1615.4517826281483,1633.5934669800145,1597.9681540095114,1622.4547119140625,6886281,INFY
2024-07-18,1615.827983176718,1659.4431419133819,1615.827983176718,1652.5343017578125,11248896,INFY
2024-07-19,1733.3255702708213,1733.3255702708213,1679.2295989019908,1685.3394775390625,29819116,INFY
2024-07-22,1692.1075281917851,1713.586080081119,1685.3395933133556,1702.165283203125,8462126,INFY
2024-07-23,1701.36633287668,1729.5187298905632,1676.2218304432815,1726.65185546875,7113056,INFY
2024-07-24,1727.2156416274588,1731.7745279912915,1710.3899533806657,1723.878662109375,6002845,INFY
2024-07-25,1710.7659428071297,1721.0117617869892,1703.2460925090763,1715.3248291015625,5815599,INFY
2024-07-26,1715.7949342558115,1769.9848820315087,1715.7949342558115,1766.1309814453125,11369047,INFY
2024-07-29,1779.9486525351583,1788.78450012986,1752.1252276626687,1758.799072265625,4635931,INFY
2024-07-30,1758.799150694115,1767.1179630223214,1748.3653802446454,1764.486083984375,2721265,INFY
2024-07-31,1764.344953812893,1772.0058245898792,1753.1122228334534,1756.1201171875,5004209,INFY
2024-08-01,1744.699358548906,1755.7911843622094,1734.3595637121655,1741.409423828125,7475014,INFY
2024-08-02,1732.3854358825868,1747.8951264371512,1707.146962383465,1711.893798828125,7400938,INFY
2024-08-05,1677.8196096487513,1689.6164211011132,1615.4049418548652,1646.7532958984375,10736703,INFY
2024-08-06,1654.5551502330297,1689.0994653436978,1640.126459251215,1646.0013427734375,7690163,INFY
2024-08-07,1688.2065718679119,1689.9925594528395,1656.341179884447,1684.11767578125,5094329,INFY
2024-08-08,1673.1196857214622,1673.1196857214622,1623.4416964698462,1638.5284423828125,6227910,INFY
2024-08-09,1664.9419144885312,1673.8717370362467,1650.6071993461458,1664.471923828125,4258524,INFY
2024-08-12,1666.6339385624474,1695.2563240862842,1661.9809621451984,1689.5224609375,4315329,INFY
2024-08-13,1701.3662700318037,1701.3662700318037,1681.6737063397366,1689.5694580078125,4176918,INFY
2024-08-14,1693.8464406687062,1715.4660123309595,1689.5694795075585,1713.821044921875,7450718,INFY
2024-08-16,1738.9653871768742,1750.1041425189478,1719.6957707243737,1747.378173828125,7335657,INFY
2024-08-19,1748.3653628246682,1755.46226812506,1738.2135180462226,1752.8773193359375,2585989,INFY
2024-08-20,1767.1647855371516,1772.5226328723743,1756.0729606665764,1759.8328857421875,3870333,INFY
2024-08-21,1762.5589566406527,1766.2249067508462,1755.0391060531026,1760.302978515625,1966902,INFY
2024-08-22,1770.9248323444356,1779.9956751616294,1757.4830533776285,1767.39990234375,4300287,INFY
2024-08-23,1765.4727869250148,1769.6087274887373,1745.5452297686368,1750.339111328125,5015935,INFY
2024-08-26,1757.7652339668489,1775.3898853769442,1752.1253455156184,1763.546142578125,3728589,INFY
2024-08-27,1763.54596510821,1788.5494451104064,1761.431007151832,1786.0584716796875,3830679,INFY
2024-08-28,1792.450420519267,1833.903574209478,1783.5205978872887,1822.7177734375,6514531,INFY
2024-08-29,1816.9840177451665,1833.4336919875568,1805.6102659320495,1817.31298828125,7228284,INFY
2024-08-30,1821.6839001205192,1832.9636765918535,1812.284086394407,1827.041748046875,13466759,INFY
2024-09-02,1826.712755054023,1857.1681741009113,1826.195834151735,1846.5933837890625,5573739,INFY
2024-09-03,1848.943412636329,1848.943412636329,1820.226934986873,1824.7388916015625,4694322,INFY
2024-09-04,1805.7981867712704,1811.5320501789129,1786.0116477811107,1807.067138671875,4778310,INFY
2024-09-05,1810.638983993486,1823.5637269032381,1794.9882723576418,1817.1248779296875,4081810,INFY
2024-09-06,1806.6441381891027,1820.2738676395406,1783.00358450389,1787.7034912109375,5848106,INFY
2024-09-09,1776.5648545358595,1805.5632579164233,1775.624873131343,1780.935791015625,4772612,INFY
2024-09-10,1790.5704823041315,1818.8638977650467,1782.2046254069915,1797.5263671875,6909600,INFY
2024-09-11,1799.7822173243185,1810.4040523138208,1790.6644442667855,1795.50537109375,5312946,INFY
2024-09-12,1809.464116978717,1838.9795546148218,1796.1164275717779,1833.3865966796875,8555092,INFY
2024-09-13,1833.3865832495185,1841.0474542218399,1819.4749280775688,1827.417724609375,3843127,INFY
2024-09-16,1828.9686923682912,1834.8435757434945,1817.0309752474043,1833.1986083984375,1570181,INFY
2024-09-17,1830.8486394119768,1840.9063937669002,1825.584766901514,1835.360595703125,2793127,INFY
2024-09-18,1822.388800311061,1822.388800311061,1768.3869188956942,1778.585693359375,6385468,INFY
2024-09-19,1795.9284129903556,1809.3701927065429,1766.0370737643864,1780.5126953125,7976570,INFY
2024-09-20,1790.664520804125,1800.0643345616268,1755.3212440246816,1791.3695068359375,15242974,INFY
2024-09-23,1794.4243751721033,1803.73021337189,1765.7078993837924,1782.6275634765625,3636672,INFY
2024-09-24,1774.6846588682515,1796.2102531560402,1759.0809925494216,1784.6484375,7277616,INFY
2024-09-25,1773.1337292502485,1787.4684442930745,1764.156976545127,1781.546630859375,4268341,INFY
2024-09-26,1783.8966765192179,1802.8372091877666,1779.384720079492,1786.1995849609375,8952803,INFY
2024-09-27,1816.137952637302,1856.0871602157958,1789.0665584656958,1792.3094482421875,14908931,INFY
2024-09-30,1767.1649937536263,1787.1395980713203,1758.2351706468926,1763.029052734375,6986955,INFY
2024-10-01,1762.4647966547086,1794.377113341949,1762.4647966547086,1790.05322265625,4029072,INFY
2024-10-03,1776.0946700907043,1797.1032292411892,1768.1048290238766,1779.7606201171875,7503887,INFY
2024-10-04,1776.1418246086153,1836.8175525476968,1772.8048448832324,1803.0252685546875,10001483,INFY
2024-10-07,1807.772048058558,1825.4437429610623,1801.0512733437376,1818.2059326171875,6112575,INFY
2024-10-08,1821.5898836675146,1840.436440915146,1791.9334261359113,1831.6007080078125,5637391,INFY
2024-10-09,1835.3606336116181,1858.3431317562972,1828.3577036972526,1835.548583984375,4857163,INFY
2024-10-10,1840.3893918331603,1846.1232547571165,1799.2181654069389,1803.8240966796875,4782119,INFY
2024-10-11,1802.8842276209207,1830.1436867455332,1795.4583520140732,1818.9578857421875,4709431,INFY
2024-10-14,1816.1848465537662,1851.2931242864458,1815.1978203158008,1841.329345703125,3751378,INFY
2024-10-15,1842.3635074756771,1871.9258760220825,1834.6086610794148,1841.70556640625,5353705,INFY
2024-10-16,1837.6635261263593,1841.9404871358424,1801.3332242595482,1804.858154296875,3111512,INFY
2024-10-17,1819.0517651449982,1859.2830106666543,1814.304928428157,1849.9771728515625,8162822,INFY
2024-10-18,1780.1367445813487,1820.6028732629586,1757.0601563072833,1766.7889404296875,10526196,INFY
2024-10-21,1777.5986762175419,1784.8366013292746,1727.6856903747387,1741.5504150390625,4654601,INFY
2024-10-22,1746.6732140121014,1765.0969393741664,1736.098424337156,1740.4693603515625,4125240,INFY
2024-10-23,1734.500561986716,1772.804801466981,1733.3255853155424,1760.9610595703125,4311910,INFY
2024-10-24,1749.6813644323036,1770.9249206806642,1748.3653675509743,1751.5142822265625,2906475,INFY
2024-10-25,1751.6082405232555,1763.7340231622866,1735.5816269882255,1750.2923583984375,4689120,INFY
2024-10-28,1748.0832475331754,1768.9509020729429,1745.5453438193326,1753.3941650390625,7018940,INFY
2024-10-29,1754.9629211020826,1760.2867290719619,1738.8012907344037,1748.5933837890625,4621252,INFY
2024-10-30,1741.653136738328,1748.3079249245552,1707.76122797984,1713.2276611328125,5919715,INFY
2024-10-31,1699.728089871948,1699.728089871948,1660.3697457491953,1670.589599609375,7395236,INFY
2024-11-01,1677.4821051581494,1678.9081313172524,1665.646134457717,1674.0120849609375,371966,INFY
2024-11-04,1639.4546463788554,1679.8587185569368,1633.275200045737,1676.6739501953125,7336722,INFY
2024-11-05,1673.2039554066878,1681.2371893406507,1658.9436944231081,1667.68994140625,3160880,INFY
2024-11-06,1677.0066599508023,1737.0898453384439,1675.723259696614,1733.762451171875,10421494,INFY
2024-11-07,1723.5427837627808,1735.6640066783782,1698.8725764841015,1714.131103515625,4550965,INFY
2024-11-08,1728.3437169759088,1749.829154713953,1723.7329222391422,1739.704345703125,4210960,INFY
2024-11-11,1738.8011800020988,1775.8778590726738,1732.669314114394,1768.367431640625,3804234,INFY
2024-11-12,1778.825053675029,1788.2368497786626,1769.223167165386,1776.6385498046875,5012450,INFY
2024-11-13,1769.3181384269985,1780.8213927172376,1764.7549244206982,1776.2581787109375,4257495,INFY
2024-11-14,1773.5961711004963,1783.4833086013102,1764.469627272938,1772.5980224609375,4311431,INFY
2024-11-18,1758.0049000608628,1758.0049000608628,1706.4778709351956,1722.1165771484375,4839244,INFY
2024-11-19,1735.4737552340218,1767.987103735295,1730.7679155470983,1734.7607421875,4669769,INFY
2024-11-21,1751.1601874214036,1774.9272909423237,1730.8155235974339,1743.602294921875,5436504,INFY
2024-11-22,1762.6633798054363,1819.6569616576032,1743.554652462339,1808.4388427734375,6301486,INFY
2024-11-25,1821.5106048142616,1824.647908539123,1789.187347735094,1796.507568359375,12764638,INFY
2024-11-26,1811.0057060152076,1842.996250535251,1803.7330651846873,1829.2589111328125,6850495,INFY
2024-11-27,1834.9153604909611,1845.6581372544963,1817.4703304442407,1829.591552734375,4447143,INFY
2024-11-28,1820.4648690644453,1820.4648690644453,1760.3341042723987,1765.0875244140625,8468790,INFY
2024-11-29,1759.811276019277,1784.4340168837268,1754.0121263454853,1766.2283935546875,5244346,INFY
2024-12-02,1767.3216723437565,1789.9479994533772,1744.6953452341356,1787.095947265625,2868263,INFY
2024-12-03,1793.9408410909798,1806.0620629902432,1778.8725217831325,1798.789306640625,4715792,INFY
2024-12-04,1791.0888644737497,1819.56180716774,1782.5327074778559,1796.0799560546875,4705573,INFY
2024-12-05,1806.2997139926326,1853.7388717964993,1795.7946087095554,1839.4310302734375,9050038,INFY
2024-12-06,1837.4821076532628,1842.3780374823932,1818.0881305684336,1827.594970703125,3573331,INFY
2024-12-09,1829.3062538776032,1835.0103583375276,1803.6377838079438,1828.783447265625,4274645,INFY
2024-12-10,1843.3764867481466,1868.664660829215,1836.721697987323,1852.45556640625,6174921,INFY
2024-12-11,1858.5873457085745,1880.4530791874988,1855.7352935156714,1876.79296875,5025612,INFY
2024-12-12,1877.791037372581,1900.227273174294,1873.370449502188,1889.0091552734375,6462130,INFY
2024-12-13,1872.6099443049989,1907.500003205855,1857.4465798294907,1901.0828857421875,5362693,INFY
2024-12-16,1897.0424188970678,1900.9877808683423,1880.072732013709,1882.4019775390625,3119221,INFY
2024-12-17,1870.9462106912868,1884.255787393359,1861.4393701898068,1879.1220703125,5811050,INFY
2024-12-18,1869.8055830579622,1887.060407082662,1864.861955978867,1881.5465087890625,3064095,INFY
2024-12-19,1838.623014099366,1863.1031292043601,1825.3134369549032,1850.2213134765625,5323592,INFY
2024-12-20,1877.7436779576376,1882.3068918972044,1816.9949422253026,1827.357421875,11056720,INFY
2024-12-23,1834.867922920088,1844.3271834459897,1814.855975875461,1829.4014892578125,2781793,INFY
2024-12-24,1832.0158786013108,1846.2285597653754,1749.2587795923225,1814.903564453125,2360544,INFY
2024-12-26,1814.9034908105154,1825.0757640546135,1808.4863732653307,1813.3348388671875,3623321,INFY
2024-12-27,1815.236249934069,1829.25884045684,1810.007487366256,1822.2237548828125,3937500,INFY
2024-12-30,1821.2254956591669,1821.510747311123,1793.4655661808106,1812.00390625,7789055,INFY
2024-12-31,1798.9794709559926,1803.4476395627287,1754.0596496753712,1787.2860107421875,3613063,INFY
2025-01-01,1781.5819053214227,1799.5973216045268,1781.5819053214227,1789.6627197265625,1838368,INFY
2025-01-02,1793.9408108770863,1865.8600828114977,1792.324694404524,1861.2967529296875,7083645,INFY
2025-01-03,1856.6384617090841,1856.6384617090841,1827.214835312903,1843.1387939453125,6218003,INFY
2025-01-06,1855.7352837034794,1875.69964894824,1832.9188662808956,1842.2830810546875,7164403,INFY
2025-01-07,1849.08049857111,1861.9623140172655,1828.7834170796311,1835.6282958984375,4294832,INFY
2025-01-08,1834.8202633622047,1842.9961231909604,1795.6045452981161,1837.81494140625,5482050,INFY
2025-01-09,1838.6705399259386,1855.5926464465324,1816.3294646707038,1822.74658203125,6833503,INFY
2025-01-10,1841.475056372847,1880.2630131182193,1836.9593070090002,1869.947998046875,8036913,INFY
2025-01-13,1859.538056114521,1885.0164358188285,1852.8832675701437,1865.4322509765625,5804152,INFY
2025-01-14,1871.7543886244132,1874.5589763818855,1835.8660634362316,1844.374755859375,5792162,INFY
2025-01-15,1850.981884706997,1861.4869901029845,1841.5700892018165,1853.501220703125,2985439,INFY
2025-01-16,1868.9973329214629,1869.948017007702,1822.3187674971882,1833.3466796875,7533579,INFY
2025-01-17,1759.7161759087412,1766.3709642563163,1722.6394979722525,1725.9193115234375,16409953,INFY
2025-01-20,1733.0494968108637,1737.8029172097529,1704.7191808636662,1723.87548828125,4333011,INFY
2025-01-21,1729.3418737355341,1741.3204695981628,1704.6240883474466,1711.896728515625,7169109,INFY
2025-01-22,1718.2664752007781,1773.7864501626696,1716.1274359637641,1764.8974609375,8373913,INFY
2025-01-23,1766.370941552174,1786.8582289789933,1761.3322697336553,1773.4534912109375,5907471,INFY
2025-01-24,1773.501188842313,1801.4513245969808,1772.312833717117,1782.96044921875,4887027,INFY
2025-01-27,1757.577160982871,1771.1244088768565,1722.6395216773292,1732.1463623046875,7652371,INFY
2025-01-28,1739.7519532584283,1771.5998715284597,1734.9034874184256,1739.5142822265625,6999495,INFY
2025-01-29,1754.0120684956396,1795.5094503993766,1749.7339902797964,1788.474365234375,5145155,INFY
2025-01-30,1780.7739533235829,1794.1309953598945,1753.0614884709362,1768.224853515625,7336056,INFY
2025-01-31,1778.729881094765,1803.875428129993,1778.729881094765,1787.095947265625,5820470,INFY
2025-02-01,1787.571323971164,1797.3633003755383,1754.9628135718901,1760.0489501953125,1701402,INFY
2025-02-03,1745.4559465267448,1784.0062318529979,1742.0335070965566,1771.40966796875,4823228,INFY
2025-02-04,1795.8421853594061,1816.947325024505,1782.5326085489075,1805.158935546875,7334787,INFY
2025-02-05,1812.0039378058837,1825.0282638663168,1800.880979990787,1803.495361328125,4996744,INFY
2025-02-06,1822.46137881177,1829.116167362465,1806.2997494743677,1821.177978515625,4765255,INFY
2025-02-07,1824.648004479721,1828.8309215990796,1796.2699917999128,1809.769775390625,4126260,INFY
2025-02-10,1811.0531389851265,1811.0531389851265,1785.9550565261386,1787.5712890625,3828734,INFY
2025-02-11,1790.2330622534764,1809.1516975397526,1777.779124750046,1783.1505126953125,4411601,INFY
2025-02-12,1792.0393905493213,1801.1659339967016,1755.91339753029,1771.2669677734375,5633947,INFY
2025-02-13,1776.353161119435,1781.1065814060805,1745.1232130462338,1752.348388671875,5237744,INFY
2025-02-14,1762.5681886374266,1767.606860408019,1738.1831200991312,1764.849853515625,5292961,INFY
2025-02-17,1747.880247229523,1761.3799146336082,1732.2890052365772,1751.4453125,4428956,INFY
2025-02-18,1751.445375977347,1769.8410902296603,1746.977091046225,1760.619384765625,4365260,INFY
2025-02-19,1756.2937934312417,1758.004955145868,1716.840404092615,1721.498779296875,4611411,INFY
2025-02-20,1716.5077280780874,1740.7025920720746,1716.5077280780874,1735.14111328125,2218020,INFY
2025-02-21,1731.956275207461,1739.6092122968646,1717.1255109603246,1725.4915771484375,3379879,INFY
2025-02-24,1711.2789698500455,1718.8368620656656,1663.9348549947076,1677.101806640625,7594720,INFY
2025-02-25,1659.0863139546623,1690.744023588038,1659.0863139546623,1680.524169921875,5092963,INFY
2025-02-27,1668.640674098442,1688.2723238346587,1664.7428925260701,1677.2919921875,5757079,INFY
2025-02-28,1668.4982752722037,1668.5457398498413,1599.4785126706022,1604.4696044921875,12182167,INFY
2025-03-03,1608.8427856333933,1643.3525496222132,1608.8427856333933,1624.3388671875,7504969,INFY
2025-03-04,1611.4094536632444,1615.212189837081,1587.642352576766,1605.0399169921875,6759673,INFY
2025-03-05,1608.9852468032536,1647.4879525703643,1608.9852468032536,1627.0958251953125,8180782,INFY
2025-03-06,1630.4231429408271,1637.3631829139892,1607.7017709749155,1631.231201171875,10610547,INFY
2025-03-07,1619.109945155919,1620.9162680194895,1592.8710891886537,1602.853271484375,8019331,INFY
2025-03-10,1602.8533592169706,1634.225933863566,1593.5366088108908,1617.5413818359375,7558981,INFY
2025-03-11,1597.1492261839649,1597.1492261839649,1556.3173920894415,1579.6566162109375,12671234,INFY
2025-03-12,1556.1746748414012,1556.1746748414012,1486.6796971141694,1512.3956298828125,14870008,INFY
2025-03-13,1520.381526929375,1526.8462251444753,1492.8592690164621,1501.938232421875,7822888,INFY
2025-03-17,1468.949515897204,1515.3904095675546,1468.949515897204,1511.63525390625,7526032,INFY
2025-03-18,1511.63525390625,1511.63525390625,1511.63525390625,1511.63525390625,0,INFY
2025-03-19,1523.9465678973438,1523.9465678973438,1495.2359553339961,1508.307861328125,7387068,INFY
2025-03-20,1513.4891497172634,1551.4214700841842,1513.4891497172634,1535.8778076171875,7186750,INFY
2025-03-21,1500.131882621123,1524.8022038807094,1486.5371700431922,1514.011962890625,10074677,INFY
2025-03-24,1519.1456594946171,1527.844442496362,1495.140885206093,1514.2021484375,8857726,INFY
2025-03-25,1525.84798372026,1555.46181670782,1525.84798372026,1548.1414794921875,9890140,INFY
2025-03-26,1545.8122407498795,1556.9827781599724,1516.3410356679321,1520.571533203125,6651302,INFY
2025-03-27,1516.8640098840594,1540.0606082841557,1507.7849306219216,1524.469482421875,9426573,INFY
2025-03-28,1511.5876072967835,1519.620840928022,1483.0670864043914,1493.19189453125,6799047,INFY
2025-04-01,1463.3404602190724,1471.0885586286036,1442.9957978349414,1451.21923828125,12680733,INFY
2025-04-02,1459.4902057913214,1478.9317655581158,1459.4902057913214,1473.7030029296875,6193478,INFY
2025-04-03,1458.9673514518697,1458.9673514518697,1411.8134441365378,1422.69873046875,10459504,INFY
2025-04-04,1388.4742004590178,1399.4070681791675,1376.5906485892897,1380.0606689453125,9590254,INFY
2025-04-07,1285.3249277060586,1336.5668248830998,1242.5441423903983,1327.8680419921875,21715252,INFY
2025-04-08,1360.4289830692378,1384.671428260199,1345.218037067066,1358.3375244140625,12805001,INFY
2025-04-09,1335.758736096975,1339.9416532809853,1313.7503760547593,1334.4752197265625,8546854,INFY
2025-04-11,1341.652928180614,1367.844321400648,1328.1532604606723,1339.941650390625,12567440,INFY
2025-04-15,1374.3089224037624,1376.3053358191778,1339.513907284088,1355.675537109375,10178530,INFY
2025-04-16,1354.7249077086744,1357.1016180730755,1327.9156612183533,1343.4117431640625,12022740,INFY
2025-04-17,1329.0563853909828,1359.2881865002564,1310.327954849587,1349.49609375,14264227,INFY
2025-04-21,1340.4645789137878,1399.2169026224717,1340.4645789137878,1379.442626953125,15648970,INFY
2025-04-22,1368.985143422317,1368.985143422317,1349.3060284057444,1352.6334228515625,9399738,INFY
2025-04-23,1374.6892676203474,1414.427911126592,1368.6048659090611,1402.1640625,11136642,INFY
2025-04-24,1397.4106437086987,1409.7695375562273,1389.4248737048488,1398.836669921875,7114292,INFY
2025-04-25,1402.7343459374797,1427.642222162945,1391.3261370921732,1407.2025146484375,8329979,INFY
2025-04-28,1407.2024661808139,1416.1389193452367,1393.0373668593481,1409.0087890625,5886253,INFY
2025-04-29,1408.9138107783806,1435.3428747016321,1401.4033833138335,1423.6494140625,8056743,INFY
2025-04-30,1422.9840278751349,1434.3922372400868,1409.4842438297574,1426.1212158203125,7704183,INFY
2025-05-02,1425.7408206525301,1448.081895785028,1422.4134264838601,1432.5858154296875,7402310,INFY
2025-05-05,1440.2864278864722,1447.8919007730015,1428.6881281546378,1434.2020263671875,4282493,INFY
2025-05-06,1431.7302219442606,1440.856765886036,1425.170478593818,1436.958984375,4270530,INFY
2025-05-07,1426.026145690909,1443.8990531370239,1422.7937965506155,1433.9168701171875,5691799,INFY
2025-05-08,1433.6315426322524,1441.7123570303784,1427.166844693632,1436.8638916015625,8424409,INFY
2025-05-09,1426.6915991963783,1436.8639888159648,1420.4171072727893,1433.2513427734375,4478653,INFY
2025-05-12,1461.2013305506293,1551.5163119444549,1456.4479104772702,1546.6678466796875,11372857,INFY
2025-05-13,1529.6505772658943,1532.6927196880702,1487.4401838690076,1491.242919921875,12846210,INFY
2025-05-14,1496.3767741072957,1516.3411402167324,1492.0986956552736,1513.869384765625,4870057,INFY
2025-05-15,1511.3976659657826,1538.7772990924948,1493.524758023796,1533.4534912109375,11151167,INFY
2025-05-16,1533.0731584594146,1533.0731584594146,1503.5069061207216,1511.49267578125,4576751,INFY
2025-05-19,1498.7534529196623,1506.8342676039738,1478.9791776249906,1482.8770751953125,8855798,INFY
2025-05-20,1492.5740269319685,1505.4082621953962,1481.1658178089215,1483.6375732421875,7143998,INFY
2025-05-21,1490.5776840160047,1493.5247816353951,1475.5568282070587,1491.1480712890625,4157309,INFY
2025-05-22,1478.789066286349,1483.8277382618005,1464.0534632471729,1471.18359375,6158990,INFY
2025-05-23,1473.5603223754533,1508.9257236923431,1473.5603223754533,1487.6304931640625,5038421,INFY
2025-05-26,1489.3416207391451,1505.693456152503,1485.6339297061554,1502.55615234375,3170102,INFY
2025-05-27,1501.985817890451,1504.8378701621398,1479.6447417622219,1492.6690673828125,7775714,INFY
2025-05-28,1503.0315254066693,1509.4010623010483,1492.5740005619675,1494.2852783203125,3623370,INFY
2025-05-29,1510.6368898553303,1529.5555248389078,1498.8483849371494,1507.404541015625,8609500,INFY
2025-05-30,1514.5387348868949,1515.5027951891782,1499.2101525439637,1506.5369873046875,13148092,INFY
2025-06-02,1503.9340358386107,1503.9340358386107,1483.6887699715526,1497.9569091796875,4374509,INFY
2025-06-03,1502.9700087561519,1510.9717563250315,1480.410974183671,1487.5450439453125,6853403,INFY
2025-06-04,1487.545069852834,1501.3311794658816,1486.0025968815146,1495.4503173828125,4548307,INFY
2025-06-05,1492.2689554139665,1511.3572786610305,1486.195328477135,1498.43896484375,6948539,INFY
2025-06-06,1498.8244913615613,1512.5142181403369,1487.641415492617,1507.5975341796875,3960020,INFY
2025-06-09,1521.2871674371763,1530.9277705261318,1514.5387452749073,1516.3704833984375,2903202,INFY
2025-06-10,1527.0715350387688,1549.726952383094,1520.8051430073597,1538.6402587890625,8591925,INFY
2025-06-11,1532.9521677606,1575.8528485433976,1532.9521677606,1572.4786376953125,10597410,INFY
2025-06-12,1558.8856061675938,1569.4902701551284,1540.6648417796544,1550.7874755859375,10483574,INFY
2025-06-13,1519.3591134860721,1551.1731050755648,1513.7675163758718,1544.4246826171875,6968315,INFY
2025-06-16,1542.4964798976407,1576.0458254086714,1539.7006814911979,1565.441162109375,5591842,INFY
2025-06-17,1562.452616510744,1588.193099360836,1557.535932091381,1580.962646484375,7622083,INFY
2025-06-18,1562.7417700471647,1585.589952431105,1562.7417700471647,1574.214111328125,5629707,INFY
2025-06-19,1565.5375611980423,1571.4183055533617,1553.5831898154863,1560.2352294921875,5147760,INFY
2025-06-20,1560.8136276168789,1572.0930860674746,1551.076642111549,1564.573486328125,9202821,INFY
2025-06-23,1543.4605584963404,1543.4605584963404,1518.7806380620095,1527.071533203125,7943676,INFY
2025-06-24,1543.4604830931148,1551.172965207259,1519.9373891083474,1524.7576904296875,8083992,INFY
2025-06-25,1532.8558375256184,1561.6812632899293,1528.1319186406413,1556.8609619140625,7813533,INFY
2025-06-26,1550.9803214172216,1565.6339915058402,1548.8593180602195,1557.9215087890625,6519233,INFY
2025-06-27,1560.8136478253264,1571.0326636135578,1544.8102701550988,1550.208984375,8912268,INFY
2025-06-30,1556.9573602116636,1556.9573602116636,1536.8084767193552,1544.2318115234375,6294505,INFY
2025-07-01,1551.1730095922587,1559.5602870581276,1542.978497111504,1549.0521240234375,4178937,INFY
2025-07-02,1559.8495930029494,1589.735462831807,1545.7743359105034,1552.619140625,8653641,INFY
2025-07-03,1560.331649069145,1573.7321112354073,1556.9574379034102,1560.5244140625,5259695,INFY
2025-07-04,1566.5980642699803,1584.3367981958825,1554.3545449332526,1581.7337646484375,4411273,INFY
2025-07-07,1581.058907066303,1584.91514830305,1564.669881810128,1568.526123046875,3294523,INFY
2025-07-08,1569.4902652889589,1587.0361167588558,1563.2238729521173,1579.8056640625,4590681,INFY
2025-07-09,1578.937970779495,1579.1307357618878,1565.248244218562,1574.9852294921875,4580828,INFY
2025-07-10,1579.998406486553,1579.998406486553,1549.341242702206,1557.7286376953125,5330179,INFY
2025-07-11,1522.3476337948875,1549.3413228616234,1506.8262861181436,1537.579833984375,11391755,INFY
2025-07-14,1534.5911874414394,1534.5911874414394,1503.7412587495296,1513.8638916015625,9173426,INFY
2025-07-15,1508.8507771918205,1545.967099361679,1507.790334380739,1528.614013671875,7614807,INFY
2025-07-16,1522.2511831800944,1554.0651724422496,1521.7691530397587,1550.112548828125,6223491,INFY
2025-07-17,1540.5683518202854,1552.1370753633664,1523.3116489985612,1526.5894775390625,7374814,INFY
2025-07-18,1534.8804313290245,1541.8217363306167,1523.2153248462614,1529.0960693359375,5161833,INFY
2025-07-21,1523.2153333190533,1531.8918763569468,1510.4897839367352,1527.36083984375,3682661,INFY
2025-07-22,1508.7544033781517,1528.806905141675,1508.7544033781517,1514.4423828125,8473741,INFY
2025-07-23,1519.648319505044,1534.6876368616054,1494.2934861823694,1517.9129638671875,8035026,INFY
2025-07-24,1523.21527148752,1525.14339208434,1492.558106924831,1496.70361328125,14169664,INFY
2025-07-25,1487.930738061539,1493.8114825426642,1456.9844249801497,1461.2261962890625,10851259,INFY
2025-07-28,1459.4908778130184,1464.6968268487494,1429.2193615593824,1461.515380859375,6439855,INFY
2025-07-29,1458.5267960319763,1462.6721845547067,1442.3305365336291,1459.2979736328125,7070448,INFY
2025-07-30,1465.2753927209724,1467.0106307922656,1451.8749299240865,1464.40771484375,5719051,INFY
2025-07-31,1455.4418850255533,1472.21655890233,1443.198365471235,1454.76708984375,6851407,INFY
2025-08-01,1440.2096707795008,1444.8370894973941,1412.83033538686,1416.782958984375,8702978,INFY
2025-08-04,1408.9741142502269,1429.5086455065348,1398.8514812022438,1427.291259765625,8610216,INFY
2025-08-05,1425.5559991895734,1425.5559991895734,1402.7078158601623,1407.8173828125,10213323,INFY
2025-08-06,1399.8155998166778,1403.768223634903,1378.895537719122,1385.0654296875,10566934,INFY
2025-08-07,1378.6062610201184,1390.1749848888187,1363.3740608530718,1385.25830078125,9892020,INFY
2025-08-08,1373.785961785155,1381.6912093691872,1366.169861688454,1371.9542236328125,10048009,INFY
2025-08-11,1368.8693412283471,1381.8841562074572,1363.1813615156616,1376.8709716796875,6625368,INFY
2025-08-12,1376.8708364780418,1389.2108550605094,1369.9296495773656,1372.918212890625,9899184,INFY
2025-08-13,1373.7858962323605,1382.4624387348806,1371.279363046038,1375.328369140625,10318063,INFY
2025-08-14,1374.9427475738962,1417.1686356270611,1374.9427475738962,1395.6700439453125,12902347,INFY
2025-08-18,1412.05912550974,1412.05912550974,1378.2206312900619,1384.1978759765625,7254561,INFY
2025-08-19,1381.2091389381637,1397.3090164904586,1381.2091389381637,1388.246826171875,3986094,INFY
2025-08-20,1388.921654258322,1445.1264179190935,1388.921654258322,1442.427001953125,10413061,INFY
2025-08-21,1453.802949118853,1453.802949118853,1430.9547668193538,1442.619873046875,6565539,INFY
2025-08-22,1444.258688328196,1450.2359327005538,1432.6899649169563,1434.0396728515625,5543397,INFY
2025-08-25,1452.549588321255,1483.6887826854402,1452.549588321255,1477.0367431640625,10694531,INFY
2025-08-26,1468.2638125760993,1483.1103644867733,1464.021923789744,1474.6265869140625,15994798,INFY
2025-08-28,1474.6266696224122,1474.6266696224122,1444.162386475055,1446.1868896484375,5443364,INFY
2025-08-29,1447.922152992462,1447.922152992462,1414.951220922169,1416.782958984375,8169075,INFY
2025-09-01,1423.6277245981132,1449.3682038919694,1423.145694472945,1445.511962890625,4546057,INFY
2025-09-02,1445.5120710387366,1458.4305028963795,1432.8829043510907,1444.837158203125,5218763,INFY
2025-09-03,1446.09053538698,1447.9222736017668,1420.0609057500144,1425.941650390625,4623483,INFY
2025-09-04,1430.6654315565193,1430.6654315565193,1407.6243677138264,1410.420166015625,5787724,INFY
2025-09-05,1417.1686742864704,1419.771590084351,1381.4984423486478,1392.6815185546875,5466487,INFY
2025-09-08,1398.8514448025214,1405.5998666589085,1376.9673238557784,1381.4019775390625,3811567,INFY
2025-09-09,1427.7733097648295,1453.0316426482493,1419.5787971834648,1450.2359619140625,13072640,INFY
2025-09-10,1455.8274419814547,1479.7361846012639,1455.056264347903,1477.518798828125,7281071,INFY
2025-09-11,1469.1314991861996,1472.6020926929066,1452.3568266067848,1455.4417724609375,8003662,INFY
2025-09-12,1481.7606968153777,1487.4486761823323,1466.4321143461764,1470.7703857421875,12856963,INFY
2025-09-15,1470.7703889313757,1472.6021270614033,1447.2472937742573,1454.1885986328125,6167414,INFY
2025-09-16,1454.18869843609,1459.5874130189484,1449.4647790449067,1456.9844970703125,8923112,INFY
2025-09-17,1462.3832147820146,1471.830935901443,1459.58741614181,1467.685546875,4795698,INFY
2025-09-18,1494.2935138953433,1499.1138155530703,1483.2068200825713,1485.2313232421875,9331945,INFY
2025-09-19,1489.0875921991392,1495.546867150236,1465.4681136380061,1484.845703125,12988129,INFY
2025-09-22,1429.4121385641438,1460.2620677071914,1428.7373434373958,1445.6083984375,15655204,INFY
2025-09-23,1439.3420265057648,1458.6232324870878,1439.3420265057648,1443.6802978515625,9832164,INFY
2025-09-24,1433.7504516255494,1442.909024606748,1429.4121802134027,1440.884521484375,4937004,INFY
2025-09-25,1435.4858961438838,1448.6934761875953,1423.4351414751138,1431.4368896484375,9491867,INFY
2025-09-26,1421.9889772759154,1425.555953399892,1389.4036912657584,1396.8270263671875,8597058,INFY
2025-09-29,1407.5280279964163,1412.3483294621576,1384.872611107433,1389.982177734375,10513117,INFY
2025-09-30,1391.1390030128964,1400.0083106366037,1386.4150840398418,1389.982177734375,7556305,INFY
2025-10-01,1394.0312659732858,1397.405477197979,1376.0997670015454,1393.8385009765625,6250692,INFY
2025-10-03,1387.282784330546,1396.2485922754322,1381.6911874663804,1394.609619140625,6877533,INFY
2025-10-06,1394.6096065704758,1425.6524188431904,1390.4642178899833,1422.9530029296875,4630590,INFY
2025-10-07,1424.5918193613172,1429.6050033943986,1401.743637948074,1406.0819091796875,5570320,INFY
2025-10-08,1404.6358503769075,1444.1623224877194,1402.707729786136,1441.2701416015625,4657192,INFY
2025-10-09,1448.0185870707542,1459.5873108023447,1433.557682406266,1455.0562744140625,7028753,INFY
2025-10-10,1455.7310370996563,1467.0104954131987,1444.933608930849,1460.4549560546875,3738353,INFY
2025-10-13,1443.1982662450723,1450.6214834671307,1430.087069727637,1439.5347900390625,5859355,INFY
2025-10-14,1445.1264411305913,1459.9729938155936,1433.075686951717,1436.353515625,5600789,INFY
2025-10-15,1430.5690952632847,1435.1001315764527,1414.75848288892,1421.4105224609375,6986098,INFY
2025-10-16,1420.9285143742625,1421.5069270236047,1408.0100826842827,1418.61474609375,8005748,INFY
2025-10-17,1402.6113299617484,1405.9855409539045,1382.462446500531,1389.3072509765625,16959378,INFY
2025-10-20,1401.4544470050912,1414.276496397426,1397.8874708768014,1408.395751953125,6994246,INFY
2025-10-21,1424.881136066363,1432.5936185349226,1417.1686535978035,1419.482421875,1698704,INFY
2025-10-23,1455.7310466373283,1490.4372172856354,1451.8748054541832,1473.566162109375,20358624,INFY
2025-10-24,1484.1708637038648,1487.5450748262833,1463.4435668090073,1470.57763671875,8652257,INFY
2025-10-27,1478.0165606695539,1483.2043487095048,1466.3685916918344,1472.633056640625,7273211,INFY
2025-10-28,1467.9347848431598,1474.5908017388306,1458.9296979699484,1468.4241943359375,8211019,INFY
2025-10-29,1468.4241778932897,1488.0005573851865,1465.1941469679696,1478.408203125,4884976,INFY
2025-10-30,1475.0801523386458,1476.2546872805226,1457.5592692997866,1462.1597900390625,5608867,INFY
2025-10-31,1458.4403008415877,1465.3898918009988,1449.3372364048548,1450.9034423828125,4819814,INFY
2025-11-03,1450.9033496746388,1459.8105780526128,1442.974820743242,1454.0355224609375,5470600,INFY
2025-11-04,1448.3583414401685,1450.511814804534,1431.9142548968182,1436.808349609375,8691330,INFY
2025-11-06,1447.2816360762577,1451.58846323567,1430.9354078512456,1435.6336669921875,7944752,INFY
2025-11-07,1438.8638806951196,1449.533031326473,1418.4065403991735,1445.5198974609375,8765759,INFY
2025-11-10,1458.5381171839108,1487.8048281611332,1458.4402591842686,1481.4425048828125,9787975,INFY
2025-11-11,1492.6989304110698,1500.9210336624128,1479.0933228205395,1497.88671875,13692989,INFY
2025-11-12,1507.3812396717751,1526.1745164244364,1505.5214596999074,1518.8333740234375,14635417,INFY
2025-11-13,1524.1189242683809,1524.5104757353395,1497.8866487683968,1509.14306640625,19655689,INFY
2025-11-14,1487.8047537888665,1497.59294295853,1457.2656513734084,1470.9691162109375,9739549,INFY
2025-11-17,1464.3132041198487,1478.212385937251,1460.8873376663598,1475.66748046875,7910354,INFY
2025-11-18,1474.1013313334302,1474.1013313334302,1451.784211591062,1454.91650390625,7525119,INFY
2025-11-19,1458.9296699222182,1510.317665675936,1458.9296699222182,1508.4578857421875,10981126,INFY
2025-11-20,1522.0634729079381,1522.0634729079381,1501.5082748815287,1503.955322265625,7387584,INFY
2025-11-21,1498.5718033380108,1518.6375916910017,1493.9714020948772,1512.2752685546875,9186302,INFY
2025-11-24,1530.4813442936104,1551.4280945139647,1508.3600590826622,1515.2117919921875,19270381,INFY
2025-11-25,1516.1905908718425,1517.7566773334454,1493.5798964672151,1498.1802978515625,8107952,INFY
2025-11-26,1499.6485223505715,1527.251289037942,1499.6485223505715,1524.902099609375,7575038,INFY
2025-11-27,1530.8728564928056,1540.954739594805,1519.3227449478784,1533.2220458984375,7552252,INFY
2025-11-28,1531.8516566735827,1535.179665000364,1524.0211050739736,1527.055419921875,4453221,INFY
2025-12-01,1529.4045743430058,1540.6609920101703,1523.042251313739,1530.872802734375,5341800,INFY
2025-12-02,1533.8093151456649,1546.4361036663386,1523.1401645511503,1527.9364013671875,6335969,INFY
2025-12-03,1522.1613705980963,1552.406900951154,1521.182551618934,1545.261474609375,12895312,INFY
2025-12-04,1534.7880917871573,1565.1314788059085,1534.7880917871573,1563.7611083984375,12609619,INFY
2025-12-05,1575.8985332981872,1597.2368345243183,1566.1103436503722,1581.9671630859375,10344725,INFY
2025-12-08,1582.8481284293375,1595.4749170068917,1566.306063981828,1576.681640625,7550413,INFY
2025-12-09,1567.2848235795727,1572.8641631737528,1548.883099378693,1565.1314697265625,6957599,INFY
2025-12-10,1573.9408513587562,1573.9408513587562,1549.2746619298632,1551.2322998046875,5116140,INFY
2025-12-11,1564.1527099609375,1573.3536321517727,1547.023378030827,1564.1527099609375,5159319,INFY
2025-12-12,1567.4806809838458,1567.8722324584342,1549.0788370408115,1564.348388671875,4633912,INFY
2025-12-15,1551.4280562362142,1576.6816332735752,1551.4280562362142,1572.766357421875,4190558,INFY
2025-12-16,1566.1103574156468,1569.0468143358012,1552.0153403019585,1559.1607666015625,5499258,INFY
2025-12-17,1553.5814245843821,1572.8642300238714,1552.4068896118622,1568.0679931640625,4817628,INFY
2025-12-18,1576.3879761796316,1595.4749463972676,1572.6684162407605,1592.3427734375,6577293,INFY
2025-12-19,1615.0513027562847,1619.847539612933,1595.2792073285575,1603.9906005859375,13149023,INFY
2025-12-22,1628.7547583833573,1657.3362243784013,1628.7547583833573,1653.8125,23098923,INFY
2025-12-23,1643.4370603643276,1643.4370603643276,1621.3157754082474,1632.9637451171875,6593060,INFY
2025-12-24,1625.8182910699556,1632.2784723030877,1617.4983299175808,1628.16748046875,4271167,INFY
2025-12-26,1628.167521100225,1633.453167508233,1616.7152673020842,1621.0220947265625,2006491,INFY
2025-12-29,1622.8818655924697,1637.6620082639456,1602.4245250544589,1609.863525390625,4062817,INFY
2025-12-30,1612.1148331917736,1612.9957941560388,1582.554548282334,1587.2528076171875,9395937,INFY
2025-12-31,1586.6655664923117,1594.1045668429529,1575.1154547350545,1581.1842041015625,6538656,INFY
2026-01-01,1581.184158007412,1604.8715288376811,1579.9116455766828,1595.2791748046875,3658165,INFY
2026-01-02,1601.2499777187402,1608.6889779975038,1593.0278744696911,1605.6546630859375,2524526,INFY
2026-01-05,1602.3265912739637,1602.3265912739637,1549.568226955718,1572.374755859375,5917885,INFY
2026-01-06,1566.2081943610224,1585.5888575673962,1565.1315174017209,1578.0518798828125,4466729,INFY
2026-01-07,1580.7926463324388,1607.2207586859843,1580.7926463324388,1604.2843017578125,4508079,INFY
2026-01-08,1604.186403368615,1609.472049603195,1574.5281413468902,1579.128662109375,3942131,INFY
2026-01-09,1575.898487352098,1596.747378487979,1572.9620305433675,1579.91162109375,6816681,INFY
2026-01-12,1575.996349102621,1579.1286413969012,1558.867017677559,1562.09716796875,6985362,INFY
2026-01-13,1583.7290294043642,1583.7290294043642,1552.7983751003353,1565.1314697265625,8080618,INFY
2026-01-14,1554.3644397699236,1582.7501883551427,1549.5682031809922,1565.91455078125,7557157,INFY
2026-01-15,1565.91455078125,1565.91455078125,1565.91455078125,1565.91455078125,0,INFY
2026-01-16,1628.461030733189,1658.119292555676,1618.3792672921977,1654.00830078125,19335957,INFY
2026-01-19,1649.309891747184,1649.309891747184,1631.201741600405,1645.59033203125,5104958,INFY
2026-01-20,1637.5641409981627,1644.6115898062917,1617.889903547792,1623.7628173828125,6406503,INFY
2026-01-21,1616.0301458476063,1621.9030597634667,1596.6494821313709,1619.358154296875,6224582,INFY
2026-01-22,1630.712428320841,1635.8022392467942,1618.7708845027832,1628.265380859375,6228892,INFY
2026-01-23,1631.8869227568262,1640.2068839190629,1626.9928279555104,1635.4107666015625,5869137,INFY
2026-01-27,1650.0930280724322,1653.6167523834592,1625.9161283991023,1647.05859375,10673087,INFY
2026-01-28,1644.4158380681818,1653.029492632909,1615.05126953125,1631.2017822265625,8588664,INFY
2026-01-29,1622.8818691859371,1631.2018305177105,1607.318623503672,1624.35009765625,4749582,INFY
2026-01-30,1619.9454090553113,1619.9454090553113,1583.8269648597889,1606.241943359375,9207926,INFY
2026-02-02,1626.7970461591942,1626.7970461591942,1583.7290136495644,1594.8875732421875,6784887,INFY
2026-02-03,1690.616056346825,1691.3991593070652,1617.9877374621406,1620.9241943359375,8805868,INFY
2026-02-04,1540.66097646391,1551.3301265638145,1478.1144237257668,1503.2701416015625,28828622,INFY
2026-02-05,1501.5082372972433,1518.1481590925844,1483.5958031001303,1488.00048828125,10628127,INFY
2026-02-06,1489.86026239605,1492.6988611765453,1448.6520095352703,1475.177978515625,13900866,INFY
2026-02-09,1489.8602864300617,1495.6353420798034,1461.376679139494,1465.4876708984375,8294615,INFY
2026-02-10,1468.2284271414342,1483.7916723660803,1459.4190565785855,1466.0750732421875,8657000,INFY
2026-02-11,1469.4029562852068,1474.003477029586,1437.885033967625,1440.7236328125,7934411,INFY
2026-02-12,1398.6344233110094,1405.2903204885395,1351.259562174479,1356.64306640625,26048896,INFY
2026-02-13,1266.493817560756,1348.1273389393946,1254.3564391221673,1340.1009521484375,45785709,INFY
2026-02-16,1344.6035807140283,1346.854912154694,1309.953484521095,1336.6751708984375,14621891,INFY
2026-02-17,1340.9819956812096,1400.6899531531467,1338.0455387563604,1361.73291015625,25347684,INFY
2026-02-18,1361.4392729027982,1371.3253201935424,1316.805153615715,1344.603515625,20241373,INFY
2026-02-19,1355.6643110050506,1372.3042339560152,1334.326009074035,1341.471435546875,14574228,INFY
2026-02-20,1330.4106332686276,1336.0878308198503,1309.8554358713993,1324.5377197265625,12633552,INFY
2026-02-23,1323.3632672728343,1323.3632672728343,1290.0834217940796,1299.3822021484375,12887826,INFY
2026-02-24,1273.4434027288626,1275.988307999553,1237.3249610296912,1248.4835205078125,27839061,INFY
2026-02-25,1258.9568742250233,1295.564726518415,1258.9568742250233,1262.7742919921875,16669618,INFY
2026-02-26,1277.848187510079,1286.168148899459,1259.054910753846,1261.7955322265625,11493914,INFY
2026-02-27,1298.207628321947,1306.723305439908,1266.7874442662774,1272.5625,23141724,INFY
2026-03-02,1263.6552272829085,1271.290062662244,1246.0364867011174,1261.5997314453125,9700361,INFY
2026-03-04,1264.6340504084835,1289.104523520103,1264.6340504084835,1279.7078857421875,15154950,INFY
2026-03-05,1292.0410271405913,1292.0410271405913,1262.7743163409898,1278.141845703125,10362147,INFY
2026-03-06,1275.4011212294208,1299.0884925711757,1275.4011212294208,1280.686767578125,8724291,INFY
2026-03-09,1262.676497890922,1290.0834296280893,1255.3353554613236,1287.14697265625,10068514,INFY
2026-03-10,1292.0410437407636,1293.0198627132945,1256.9014187299574,1268.1578369140625,9600171,INFY
2026-03-11,1260.7188580118502,1271.975276386956,1244.3726286871142,1249.2667236328125,7868891,INFY
2026-03-12,1245.5471752363726,1251.5179472285731,1231.3542997621664,1238.9891357421875,7599940,INFY
2026-03-13,1224.5025045780033,1242.7085131232232,1216.280401513626,1221.8597412109375,7366098,INFY
2026-03-16,1213.931245180508,1227.7326883178384,1198.2701415781937,1223.3280029296875,12314450,INFY
2026-03-17,1218.6295738865974,1218.6295738865974,1189.3628638376754,1206.785888671875,11223276,INFY
2026-03-18,1211.7778669014497,1263.459555545422,1208.7435520363658,1240.261474609375,12365381,INFY
2026-03-19,1217.846529327881,1228.4178221249233,1189.3629208552388,1194.9422607421875,9156461,INFY
2026-03-20,1215.6930991638783,1238.0102183433878,1203.1641691885866,1229.2987060546875,27299975,INFY
2026-03-23,1211.9735596886824,1234.3885372371806,1201.4023868626336,1230.1796875,12420293,INFY
2026-03-24,1242.1213008151199,1269.5282325903943,1224.5025589595862,1251.224365234375,13613495,INFY
2026-03-25,1243.100095463166,1263.263742406015,1230.4733068170258,1252.00732421875,10824030,INFY
2026-03-27,1257.9780904958054,1267.3748481809973,1236.444073189259,1242.806396484375,13092541,INFY
2026-03-30,1223.5236944376795,1238.6953882487069,1216.6719617488286,1224.1109619140625,14108486,INFY
2026-04-01,1262.6764804554484,1275.4011271577126,1242.610691424955,1248.6793212890625,8137156,INFY
2026-04-02,1233.3119397486187,1277.7503462365091,1233.116223742555,1273.247802734375,12873492,INFY
2026-04-06,1273.8350657038357,1292.041075138383,1271.4858762157266,1278.5333251953125,10208682,INFY
2026-04-07,1274.4222980187042,1316.609371698259,1266.1023367797188,1311.0301513671875,15355792,INFY
2026-04-08,1320.4267760360608,1347.7358488962445,1302.8080347694565,1317.68603515625,16030133,INFY
2026-04-09,1301.7313192842819,1309.170319257509,1286.1680743957882,1303.395263671875,14894607,INFY
2026-04-10,1290.0834192154255,1290.9643801968148,1256.1184483091881,1265.12353515625,19233369,INFY
2026-04-13,1245.0577246851824,1261.6976471062894,1238.8911174058185,1249.756103515625,10366082,INFY
2026-04-15,1278.631284802942,1294.4881045276459,1272.9540869097948,1277.6524658203125,12098912,INFY
2026-04-16,1294.0965334739733,1302.808046184627,1281.2740288923192,1291.2579345703125,18527029,INFY
2026-04-17,1285.1893342368037,1300.165312581974,1278.4354593069281,1290.7685546875,12064048,INFY
2026-04-20,1292.0410136169874,1296.8372503675125,1280.3930442184933,1284.7977294921875,7172300,INFY
2026-04-21,1282.2528368892558,1296.9351212811175,1271.7795218169556,1285.385009765625,10057440,INFY
2026-04-22,1267.5705813427946,1270.2133447995752,1229.2987830540255,1241.729736328125,20088378,INFY
2026-04-23,1227.438951608261,1238.891085420282,1200.0320212693207,1214.32275390625,14792854,INFY
2026-04-24,1174.5826894228176,1197.9764852174349,1127.7950978335834,1130.144287109375,42078914,INFY
2026-04-27,1130.1443119385692,1154.9084786451926,1130.04645394258,1145.5118408203125,19579883,INFY
2026-04-28,1138.0727223885278,1144.6308809119316,1125.4460537763027,1127.697265625,12720276,INFY
2026-04-29,1133.961747660014,1153.2444330805374,1132.2978032475876,1142.7711181640625,8303109,INFY
2026-04-30,1142.7711514334947,1164.5988623339997,1135.0384576467616,1156.768310546875,12205669,INFY
2026-05-01,1156.768310546875,1156.768310546875,1156.768310546875,1156.768310546875,0,INFY
2026-05-04,1169.6886601132755,1169.6886601132755,1140.5198072387318,1143.652099609375,7735811,INFY
2026-05-05,1144.728787187228,1160.0961972461241,1135.5278649580357,1153.1466064453125,8164108,INFY
2026-05-06,1161.8580797644604,1166.2627649868193,1139.443102180398,1142.4774169921875,9856963,INFY
2026-05-07,1148.1546369607545,1150.5038263553197,1134.6468875555572,1138.07275390625,12013987,INFY
2026-05-08,1136.4088093734103,1158.4322359116547,1134.2554554613432,1154.2232666015625,7582770,INFY
2026-05-11,1151.0911273032605,1161.8581361470833,1147.2737093616843,1152.0699462890625,7336288,INFY
2026-05-12,1137.3876630949442,1137.3876630949442,1099.2137225952,1116.1473388671875,16891948,INFY
2026-05-13,1112.5255790772605,1118.398492694932,1097.2560275682617,1099.3115234375,6664111,INFY
2026-05-14,1096.0815207310736,1098.137016652994,1065.933848927119,1071.8067626953125,16914842,INFY
2026-05-15,1078.658538900176,1109.1976439317652,1078.266987402901,1095.2984619140625,17482450,INFY
2026-05-18,1095.2984136735845,1121.8243835304838,1094.319594715878,1118.3006591796875,12096377,INFY
2026-05-19,1137.3876555901809,1173.0166903851343,1137.3876555901809,1171.5484619140625,32175705,INFY
2026-05-20,1161.8580984968487,1181.3366195800531,1159.802602590221,1168.4161376953125,15121010,INFY
2026-05-21,1170.7653346096859,1176.3446743746752,1152.0699163634372,1156.180908203125,10021033,INFY
2026-05-22,1157.4533539662823,1166.5564175672662,1147.6651649263981,1149.622802734375,8803066,INFY
2026-05-25,1157.9428754813864,1159.900513478819,1141.4008105061328,1143.75,5856136,INFY
2026-05-26,1141.5965459846338,1155.6914427435413,1138.2685377836078,1142.966796875,8005767,INFY
2026-05-27,1136.4088302961693,1142.5754376343073,1130.5359164445094,1135.3321533203125,6371871,INFY
2026-05-28,1135.3321533203125,1135.3321533203125,1135.3321533203125,1135.3321533203125,0,INFY
2026-05-29,1156.96396849116,1184.370898370815,1129.1654871448488,1136.3109130859375,69085430,INFY
2026-06-01,1150.1122640819906,1191.222659904496,1148.8397516554953,1177.02978515625,19439331,INFY
2026-06-02,1206.3943648530496,1251.811588367994,1206.3943648530496,1243.8831787109375,36032600,INFY
2026-06-03,1215.7909483013548,1223.425783618914,1190.2437985614154,1196.7039794921875,18534303,INFY
2026-06-04,1182.4132636253246,1189.4607121046952,1170.8631524946943,1175.855224609375,12755957,INFY
2026-06-05,1194.159169493737,1197.8787294549086,1169.0035692089534,1172.1357421875,8692290,INFY
2026-06-08,1152.559265415463,1175.26781631171,1151.5804465064052,1162.4453125,8631711,INFY
2026-06-09,1168.3182691086097,1168.3182691086097,1142.5754025403635,1155.300048828125,10984054,INFY
2026-06-10,1160.0999755859375,1171.4000244140625,1143.300048828125,1145.300048828125,8887626,INFY
2026-06-11,1129.699951171875,1133.699951171875,1109.0,1114.5999755859375,9372176,INFY
2026-06-12,1120.0,1123.300048828125,1111.5,1116.4000244140625,8075333,INFY
2026-06-15,1130.0,1151.0,1123.0,1134.9000244140625,7856192,INFY
2026-06-16,1136.9000244140625,1153.800048828125,1123.199951171875,1143.5999755859375,10456090,INFY
2026-06-17,1149.0,1162.5,1148.0,1157.699951171875,5995119,INFY
2026-06-18,1142.9000244140625,1142.9000244140625,1125.300048828125,1127.5,16781447,INFY
2026-06-19,1062.300048828125,1066.0,1030.0,1051.4000244140625,45665442,INFY
2026-06-22,1055.0,1080.300048828125,1055.0,1065.4000244140625,10178505,INFY
2026-06-23,1053.800048828125,1055.300048828125,1026.0,1029.300048828125,19323064,INFY
2026-06-24,1040.9000244140625,1065.5,1037.699951171875,1056.5999755859375,12346266,INFY
2026-06-25,1065.0,1068.0,1039.0999755859375,1041.199951171875,15866779,INFY
2026-06-26,1041.199951171875,1041.199951171875,1041.199951171875,1041.199951171875,0,INFY
2026-06-29,1037.0999755859375,1046.5999755859375,1029.0999755859375,1036.699951171875,15080892,INFY
2026-06-30,1030.0,1030.4000244140625,996.0,1000.4000244140625,24128263,INFY
2026-07-01,1006.0,1014.0,982.4000244140625,985.2999877929688,13037982,INFY
2026-07-02,1006.4000244140625,1045.0,1006.0,1040.9000244140625,18741111,INFY
2026-07-03,1063.0,1068.699951171875,1042.0,1047.199951171875,11653534,INFY
2026-07-06,1050.0999755859375,1053.0,1033.0,1042.199951171875,5559747,INFY
2026-07-07,1040.5999755859375,1087.5,1040.5999755859375,1071.800048828125,18866296,INFY
2026-07-08,1071.9000244140625,1079.699951171875,1064.4000244140625,1069.300048828125,13022221,INFY
2026-07-09,1062.699951171875,1062.699951171875,1040.4000244140625,1050.800048828125,9003333,INFY
2026-07-10,1075.0,1091.300048828125,1064.699951171875,1068.0,9747266,INFY
2026-07-13,1057.0999755859375,1114.9000244140625,1057.0999755859375,1102.5999755859375,20994760,INFY
2026-07-14,1107.800048828125,1113.5,1090.0,1092.9000244140625,14819413,INFY
2026-07-15,1079.0,1088.0999755859375,1073.0,1076.300048828125,8501933,INFY
2026-07-16,1082.5,1097.300048828125,1077.9000244140625,1082.4000244140625,8592146,INFY
2026-07-17,1105.0,1116.800048828125,1092.0,1096.5,12547728,INFY
2026-07-20,1102.0,1103.800048828125,1083.199951171875,1087.0999755859375,6372645,INFY
2026-07-21,1080.0,1094.5,1067.199951171875,1073.5,9485229,INFY
2026-07-22,1064.0,1069.300048828125,1046.199951171875,1052.0999755859375,7517203,INFY
2026-07-23,1046.9000244140625,1058.5,1032.0,1047.4000244140625,13794578,INFY
2026-07-24,1028.0,1043.4000244140625,1013.9000244140625,1040.9000244140625,29036900,INFY
2026-07-27,1065.0,1082.0,1057.4000244140625,1079.199951171875,15956349,INFY
2026-07-28,1097.0,1118.5,1097.0,1105.699951171875,28100895,INFY
2026-07-29,1147.0,1164.5,1128.4000244140625,1155.5999755859375,34400369,INFY
2026-07-30,1168.0,1187.699951171875,1151.300048828125,1155.0999755859375,22630218,INFY
2026-07-31,1118.9000244140625,1139.300048828125,1107.199951171875,1130.0999755859375,14367075,INFY
2026-08-03,1145.0999755859375,1180.0,1138.0999755859375,1180.0,8582270,INFY
2026-08-04,1168.0,1175.699951171875,1153.300048828125,1167.5,9243589,INFY
2026-08-05,1174.699951171875,1177.5,1162.300048828125,1174.0,9964155,INFY
2026-08-06,1174.0999755859375,1185.800048828125,1163.0,1165.0,8521064,INFY
2026-08-07,1160.0,1183.0,1155.5999755859375,1175.0999755859375,7581410,INFY
2026-08-10,1178.0999755859375,1195.0,1175.199951171875,1183.0,9377001,INFY
2026-08-11,1188.0,1193.5,1182.0,1190.699951171875,10160091,INFY
2026-08-12,1185.5999755859375,1190.4000244140625,1163.300048828125,1176.0999755859375,7529777,INFY
2026-08-13,1170.0,1175.0,1157.0,1175.0,6234215,INFY
2026-08-14,1170.4000244140625,1174.0999755859375,1158.9000244140625,1169.199951171875,5844763,INFY
2026-08-17,1163.9000244140625,1166.5,1129.699951171875,1139.9000244140625,5817153,INFY
2026-08-18,1124.5,1131.9000244140625,1112.5,1115.0,8851110,INFY
2026-08-19,1125.5999755859375,1134.699951171875,1113.800048828125,1119.800048828125,8408573,INFY
2026-08-20,1143.0,1144.699951171875,1125.699951171875,1130.0,8559841,INFY
2026-08-21,1133.0,1133.5,1118.0,1121.0,6094967,INFY
2026-08-24,1126.5,1144.5,1122.0,1130.0,8565354,INFY
2026-08-25,1132.0,1144.0,1119.9000244140625,1144.0,8121237,INFY
2026-08-26,1142.0,1142.0,1118.300048828125,1120.0,6323984,INFY
2026-08-27,1120.0,1130.699951171875,1107.199951171875,1110.800048828125,6933998,INFY
2026-08-28,1123.5999755859375,1145.0,1123.300048828125,1144.0,9621969,INFY
2026-08-31,1138.5999755859375,1143.9000244140625,1111.0999755859375,1133.800048828125,8808120,INFY
2026-09-01,1128.0,1156.0,1125.5999755859375,1156.0,13516123,INFY
2026-09-02,1137.699951171875,1147.800048828125,1118.5999755859375,1140.0,8564358,INFY
2026-09-03,1144.0,1144.0,1122.5,1130.300048828125,5786250,INFY
2026-09-04,1133.0,1146.699951171875,1125.4000244140625,1130.0,5881388,INFY
2026-09-07,1109.5,1109.9000244140625,1085.0,1087.5,7668346,INFY
2026-09-08,1095.0,1095.0,1078.9000244140625,1082.0,6269037,INFY
2026-09-09,1059.0,1059.0,1026.5,1035.0,13530457,INFY
2026-09-10,1039.5999755859375,1046.5999755859375,1027.300048828125,1036.5,8998529,INFY
2026-09-11,1032.0,1047.300048828125,1029.699951171875,1037.699951171875,6168088,INFY
2026-09-14,1037.699951171875,1037.699951171875,1037.699951171875,1037.699951171875,0,INFY
2026-09-15,1085.0,1097.699951171875,1071.699951171875,1077.0,14816117,INFY
2026-09-16,1082.5,1085.0999755859375,1053.5,1060.0,6230590,INFY
2026-09-17,1054.9000244140625,1063.5999755859375,1048.5999755859375,1058.5999755859375,5469865,INFY
2026-09-18,1061.9000244140625,1061.9000244140625,1038.0,1051.4000244140625,22124953,INFY
2026-09-21,1041.5,1044.5,1030.300048828125,1038.5,6074358,INFY
2026-09-22,1037.699951171875,1041.0,1019.2000122070312,1029.4000244140625,9341109,INFY
2026-09-23,1021.7999877929688,1029.4000244140625,1015.0999755859375,1020.5,5108734,INFY
2026-09-24,1015.0,1022.7999877929688,1005.2000122070312,1014.5,6891893,INFY
2026-09-25,999.5,1004.2000122070312,991.5999755859375,1000.2000122070312,10240700,INFY
2026-09-28,1002.0,1009.5,986.5999755859375,1003.2000122070312,8567672,INFY
2026-09-29,1002.5999755859375,1015.4000244140625,980.4000244140625,1015.4000244140625,12992711,INFY
2026-09-30,1004.0,1024.0,992.2000122070312,994.0999755859375,13508984,INFY
2026-10-01,1010.0,1035.0,999.1500244140625,1035.0,15166446,INFY
