Date,Open,High,Low,Close,Volume,Symbol
2021-10-04,185.82407928887267,187.67444376129035,185.35163731134347,186.2965087890625,11098123,ITC
2021-10-05,186.1390297638174,186.9657907359382,184.64298431750277,184.8004608154297,9578825,ITC
2021-10-06,184.87918953117898,186.1390138844591,181.57214592481685,182.08395385742188,18179336,ITC
2021-10-07,183.46191239359283,184.9973239124191,182.91073838799676,183.42254638671875,10770973,ITC
2021-10-08,184.8398627074884,184.87922871762098,182.0446264412615,182.43832397460938,10114327,ITC
2021-10-11,182.67452125970172,188.57994646411387,182.43831273611644,187.438232421875,22000303,ITC
2021-10-12,187.87130177561045,191.33582249501308,187.39887223642205,189.99725341796875,30347455,ITC
2021-10-13,190.98149547787875,197.5561926521574,189.09175244542632,196.21763610839844,52091422,ITC
2021-10-14,199.40654780098112,206.1780992234777,197.12310751416604,202.0049285888672,88696178,ITC
2021-10-18,205.50883531332843,208.89461136276043,202.63486726293698,206.7292938232422,62614961,ITC
2021-10-19,205.82378404215478,206.7292895233663,192.94996461617106,193.6586151123047,61336411,ITC
2021-10-20,193.6586298649954,195.66647101077237,190.82401518718382,194.17042541503906,49663940,ITC
2021-10-21,195.27275843238885,195.5483454293724,191.41455295195846,192.67437744140625,23385990,ITC
2021-10-22,192.67437566699164,193.54050265600935,184.01308082213595,186.2965087890625,36905793,ITC
2021-10-25,184.328029444551,186.3358703693466,181.4934275560539,183.77685546875,23194065,ITC
2021-10-26,184.32803987667015,188.18625792563452,183.14695984873234,186.37525939941406,19663381,ITC
2021-10-27,189.1705054451144,189.9972540219873,185.98157173276883,187.75320434570312,26909428,ITC
2021-10-28,185.11544728429377,185.78473183439743,176.4935175841915,177.24154663085938,48064941,ITC
2021-10-29,177.1627997576443,179.721814940213,175.03684810701768,175.74549865722656,27668175,ITC
2021-11-01,176.4935245552432,179.17065038405704,175.1943338906735,178.61947631835938,24090945,ITC
2021-11-02,179.52498186570045,180.50921948597573,176.76911153799327,177.63523864746094,14896284,ITC
2021-11-03,177.95017360287585,178.6194455869254,174.56438529153962,175.15493774414062,18530527,ITC
2021-11-04,177.04468594762358,178.97379503947474,176.375401418994,178.3832550048828,7295341,ITC
2021-11-08,180.86354675653666,181.65094187945968,177.713991219528,180.94229125976562,21051238,ITC
2021-11-09,180.98163608059394,181.8083971196507,179.4068584964888,180.11550903320312,11964518,ITC
2021-11-10,179.09190212387588,183.34380526459802,178.89504713120877,181.76902770996094,13948380,ITC
2021-11-11,181.4147150109911,182.2808546092793,179.95804780552047,181.09976196289062,8448263,ITC
2021-11-12,182.04462210226785,184.20993976806014,180.43046599721686,183.3831787109375,12312123,ITC
2021-11-15,184.209937183005,188.18626589870001,183.54065264939214,187.4776153564453,40247848,ITC
2021-11-16,188.22562377506563,188.6980532903774,185.036690234027,185.39102172851562,15241184,ITC
2021-11-17,185.8241133413462,193.10747454865796,185.548526296399,188.57997131347656,48496295,ITC
2021-11-18,188.97363241847876,191.33580485127737,186.06028600211584,187.00515747070312,21005037,ITC
2021-11-22,187.3201231162149,189.56418520729864,180.74542582947836,181.8083953857422,23443628,ITC
2021-11-23,180.4304793470285,183.2257157534474,180.4304793470285,182.35958862304688,13950744,ITC
2021-11-24,183.02883404457458,183.22567654032324,178.698186842056,179.28872680664062,14684422,ITC
2021-11-25,178.73757584238228,182.8320025949266,177.75333828232814,182.12335205078125,24825493,ITC
2021-11-26,180.23361480961353,181.13910784159535,175.6667462103829,176.37539672851562,28067913,ITC
2021-11-29,174.80061889109334,176.09980942592364,173.38331785721667,174.40692138671875,22985358,ITC
2021-11-30,174.80061689953843,177.3202659260209,173.2258393773218,174.13133239746094,24408641,ITC
2021-12-01,174.800640593582,175.82424425017024,173.6982924354063,174.72190856933594,13496307,ITC
2021-12-02,174.72189935988953,178.06829719281234,174.24945732994973,177.5171356201172,16517389,ITC
2021-12-03,177.162799344781,178.10767090197103,174.28883114155934,174.52503967285156,14325920,ITC
2021-12-06,174.52503935329582,174.95810288343574,171.2573736341164,171.57232666015625,13644352,ITC
2021-12-07,172.35970542538814,174.76124385749264,171.72978695545592,173.73764038085938,9246755,ITC
2021-12-08,174.0132542113658,177.67461767071597,174.0132542113658,177.12344360351562,10241656,ITC
2021-12-09,175.58802282556195,186.17841511074607,175.58802282556195,185.35165405273438,39714672,ITC
2021-12-10,185.9815612634802,188.1468787997626,184.052452245576,185.90281677246094,36517117,ITC
2021-12-13,187.39888179474096,187.98942186818215,184.36742445097596,184.7217559814453,22903720,ITC
2021-12-14,185.03668878015998,186.69021078676872,179.17062974376594,179.9973907470703,38953007,ITC
2021-12-15,181.09973073838705,182.8319846816125,175.90295643137156,176.41476440429688,35987634,ITC
2021-12-16,177.95020996583816,178.06830800315197,173.85577035204773,175.50929260253906,25131188,ITC
2021-12-17,175.4305466037897,175.46991261309196,170.66683524864052,171.6116943359375,30827201,ITC
2021-12-20,170.27312570496238,170.27312570496238,165.19446167918886,167.24166870117188,38778895,ITC
2021-12-21,168.50148400265093,169.64319794819397,166.17869010719133,167.32040405273438,20142586,ITC
2021-12-22,168.50150491604217,168.65898143042014,166.2180767415507,166.92672729492188,17903428,ITC
2021-12-23,168.42277358200553,172.00539237268066,167.87159954077234,171.0998992919922,23065082,ITC
2021-12-24,171.6510772705078,173.5801739817325,170.43061865444832,171.6510772705078,17220191,ITC
2021-12-27,171.96600688312532,172.00537288808533,169.80068945023746,171.29672241210938,8467106,ITC
2021-12-28,171.6510542959858,173.6982612415112,171.6510542959858,173.26519775390625,12014352,ITC
2021-12-29,173.22585486162396,173.46207587814067,170.3125080748343,170.66683959960938,11923119,ITC
2021-12-30,170.54870539512615,171.57230886224323,169.68257842469333,170.07626342773438,10116360,ITC
2021-12-31,170.78495183604701,172.28098501621568,170.19439928877944,171.69044494628906,7875890,ITC
2022-01-03,171.69042042572747,173.107721382071,170.90302546005253,172.51718139648438,8064567,ITC
2022-01-04,172.8321589052642,174.5644131026343,172.4778398545935,173.42269897460938,9398805,ITC
2022-01-05,172.950284904723,174.4069522032182,172.16288975684654,173.658935546875,11663111,ITC
2022-01-06,172.43846379368162,173.54081192655678,171.808557704805,172.20225524902344,9295303,ITC
2022-01-07,173.06836670995165,173.73765122686788,171.25736815218178,171.9660186767578,9196075,ITC
2022-01-10,173.14710827087404,176.92658210275536,172.35972568757003,175.82423400878906,16451394,ITC
2022-01-11,175.8635937037118,176.57224419163154,174.17070573382918,174.76124572753906,8329596,ITC
2022-01-12,175.19433178559703,176.09982489559673,174.48568120640655,175.39117431640625,13665682,ITC
2022-01-13,176.296663045805,177.79270855985848,175.39115754505113,176.33602905273438,11944029,ITC
2022-01-14,176.33604088888322,177.00532543830553,175.03685027695096,175.2730712890625,10976796,ITC
2022-01-17,175.2730618070464,177.63522189101,174.28882427961491,176.84783935546875,12792728,ITC
2022-01-18,176.84784821764137,178.97379988614793,173.4620719517968,173.81639099121094,14948456,ITC
2022-01-19,173.81637206308469,175.1155625283592,172.20222860210828,173.5014190673828,11915686,ITC
2022-01-20,173.65890873146816,174.9187332871304,171.65106763496712,172.24160766601562,17997322,ITC
2022-01-21,172.04475687190978,173.61953437139798,170.0762694008751,170.9030303955078,17225050,ITC
2022-01-24,170.90303391393533,171.4542079217043,166.06059081978196,166.7692413330078,18023332,ITC
2022-01-25,166.92670304771758,169.05265439902257,164.99759419145724,168.73770141601562,19028606,ITC
2022-01-27,166.33620847930493,169.682619149689,166.21809795910963,168.97396850585938,24041247,ITC
2022-01-28,169.36763022142728,172.63530841212494,169.36763022142728,171.3361053466797,15865353,ITC
2022-01-31,172.0447897939781,173.81641014091295,170.94244159019186,173.3833465576172,15618203,ITC
2022-02-01,174.01323708081785,180.15487076062183,172.55655755632915,179.32810974121094,44871108,ITC
2022-02-02,181.0997601026027,183.69815391609362,180.3123650130985,182.7926483154297,42714702,ITC
2022-02-03,182.7926390629933,185.19417774387864,182.51705204335036,184.6036376953125,28918394,ITC
2022-02-04,186.80832597353665,187.79256350541536,182.3202018299825,184.4855194091797,58889867,ITC
2022-02-07,184.2493239589054,184.8398640244644,179.9186760159046,181.25723266601562,25101983,ITC
2022-02-08,181.33593743674678,182.9107147590124,180.35170005066348,182.08395385742188,16825239,ITC
2022-02-09,182.9107531505279,183.46192720060864,180.11551689007288,181.21786499023438,12351873,ITC
2022-02-10,180.07614745963028,183.77687674501678,179.32811841881986,182.8713836669922,20317032,ITC
2022-02-11,182.67452286561428,183.69813889372924,180.94226878317374,183.0288543701172,18793513,ITC
2022-02-14,182.22430618154957,182.22430618154957,176.17704082514516,176.94302368164062,23621214,ITC
2022-02-15,178.1928030590604,180.20855825834957,176.21735938618892,179.80540466308594,13371177,ITC
2022-02-16,180.45045484525502,181.17612626483762,178.8781646399877,179.6038360595703,11664158,ITC
2022-02-17,179.84572640187724,180.89391558745996,178.07186581442502,179.52320861816406,14564261,ITC
2022-02-18,179.52321159758395,180.16824717571552,178.59595698273242,178.91848754882812,9004891,ITC
2022-02-21,177.62839159080303,178.4346860088846,175.08853542553078,175.77389526367188,16750193,ITC
2022-02-22,173.35500193319785,174.88698062987757,171.74240017602617,173.2340545654297,26741024,ITC
2022-02-23,174.8063315270111,175.37074401574475,173.395300305177,174.1209716796875,11438476,ITC
2022-02-24,169.32347445325067,171.9842651736251,166.90456566752826,168.114013671875,42933709,ITC
2022-02-25,170.53293328412147,174.56444392392865,169.7669503512076,172.5083770751953,24543858,ITC
2022-02-28,171.90365676725256,174.52413618462094,169.96852446299005,174.0403594970703,20806226,ITC
2022-03-02,172.8712091179761,174.64508251587702,171.29893169849586,173.59689331054688,20039140,ITC
2022-03-03,174.20161009458937,177.54776077240024,174.1612857897752,176.90272521972656,29631546,ITC
2022-03-04,175.53200643513716,183.35313282642218,174.96759393504138,181.8211669921875,69409780,ITC
2022-03-07,178.99910345799256,183.03061399137795,177.46713763260496,181.37770080566406,47001716,ITC
2022-03-08,180.531072936269,184.19974120325904,180.41012558205549,182.94998168945312,37424203,ITC
2022-03-09,183.5950304753054,186.5783519123669,182.30494656552446,184.8448028564453,43923809,ITC
2022-03-10,186.25583930867114,187.4652874177732,183.71598294712075,187.0621337890625,37523806,ITC
2022-03-11,186.98151908443702,191.17428890090787,185.57048770941546,190.56956481933594,43305144,ITC
2022-03-14,190.48889946801484,193.06906707488895,189.72291660182765,192.70623779296875,36465969,ITC
2022-03-15,192.70626159404955,194.64138114969674,190.20671672909373,191.7790069580078,34269168,ITC
2022-03-16,193.51254142306126,195.9314502671168,192.78687004754755,195.6089324951172,22462538,ITC
2022-03-17,197.74564620201505,197.86659356756599,195.68956654170944,197.46343994140625,35541798,ITC
2022-03-21,198.2697246450044,199.76139171057582,196.5764999418318,197.14089965820312,29052540,ITC
2022-03-22,197.18122353310247,202.18030013074568,196.37491632227864,201.37399291992188,38368305,ITC
2022-03-23,202.74470871623146,204.55889363144337,200.36612406118485,203.1881866455078,42051087,ITC
2022-03-24,203.1478591533221,206.81654045540617,202.74470553659432,205.48614501953125,39712133,ITC
2022-03-25,205.84896243372904,206.21180450092265,200.9708333404203,204.27667236328125,30412482,ITC
2022-03-28,204.80077418656813,208.0259773936977,203.63163770455793,207.25999450683594,25876007,ITC
2022-03-29,207.26000492886845,207.62283423882658,204.5992012887139,205.28456115722656,18820674,ITC
2022-03-30,205.68770858744202,206.73589773439286,200.48706160287966,200.93052673339844,18281803,ITC
2022-03-31,201.25303645143083,205.08297636394835,201.1724134002152,202.0996551513672,26644916,ITC
2022-04-01,201.57557023616474,205.88928713001454,200.60801688248176,204.2363739013672,14856664,ITC
2022-04-04,204.0751320715415,207.94538414094924,202.4625302368793,205.96994018554688,16520039,ITC
2022-04-05,206.45370263199385,211.13026168398704,205.68771968830882,209.19512939453125,28230046,ITC
2022-04-06,207.62283304780362,212.33970348940832,207.46157415796623,209.31607055664062,20352716,ITC
2022-04-07,208.02598543545855,211.41246043318327,206.2521248806672,206.93748474121094,16679649,ITC
2022-04-08,208.02598973458663,216.77437088247606,206.4133880353562,215.92776489257812,39283623,ITC
2022-04-11,216.6937449553715,220.24146609129272,214.47641924542074,215.6858673095703,47924937,ITC
2022-04-12,215.2020723065873,216.61311630671662,212.1381279200194,213.5088348388672,24460888,ITC
2022-04-13,213.91201919700032,218.18541223089383,212.58162361410038,217.33880615234375,22239115,ITC
2022-04-18,216.08901947983708,219.71738941664793,215.48430819307558,217.78225708007812,25339139,ITC
2022-04-19,219.3142015322425,219.71736790467094,208.67102583127604,210.8883514404297,24280577,ITC
2022-04-20,211.9768874164656,214.03295436155142,207.66317031863906,209.27577209472656,25454589,ITC
2022-04-21,209.3967080979197,213.2266355111114,209.31607226382857,209.96112060546875,24313956,ITC
2022-04-22,209.63860010345599,212.05750914085087,208.46946350373835,210.52554321289062,16274820,ITC
2022-04-25,208.67102874228564,208.83228762728925,203.59131636804125,205.80865478515625,25140992,ITC
2022-04-26,206.89715627408512,210.2029953723481,206.61495002995184,208.79197692871094,21327644,ITC
2022-04-27,206.57462889670995,208.42912516091562,206.21179961514176,207.62281799316406,17219401,ITC
2022-04-28,209.2354592447487,212.62192167547732,208.14694570596043,210.52554321289062,28999835,ITC
2022-04-29,212.0575104779033,212.0575104779033,208.4291532874488,209.27577209472656,21206335,ITC
2022-05-02,208.02597850347055,213.26694971430175,207.25999561252246,212.17843627929688,19696250,ITC
2022-05-04,212.86381367164174,214.51672694674448,208.5097851266085,209.43702697753906,26951488,ITC
2022-05-05,211.25117712415636,213.83134460215308,209.96109338515797,211.29148864746094,18623544,ITC
2022-05-06,208.8323052364364,215.56493133244766,208.75166939862066,215.00051879882812,35818441,ITC
2022-05-09,214.5973773569641,214.5973773569641,210.08207710029316,212.01719665527344,22228031,ITC
2022-05-10,211.25121192648461,215.12146378107974,208.9129259801252,209.43702697753906,18727774,ITC
2022-05-11,208.83229497675688,211.41246278167694,202.98659949875966,206.1311798095703,18012072,ITC
2022-05-12,205.60707357429612,206.73589855721096,200.89021600572949,203.91384887695312,20816708,ITC
2022-05-13,205.56677094000975,210.3239530187892,205.20394162382166,208.50978088378906,12380764,ITC
2022-05-16,209.5982635764521,209.5982635764521,203.99446320598744,204.8813934326172,8502159,ITC
2022-05-17,205.60708323996352,214.0732582327937,205.4458243458276,213.42822265625,18483427,ITC
2022-05-18,214.47642438514129,215.92776720771263,212.1784500095351,215.1214599609375,20978307,ITC
2022-05-19,211.7349614590454,225.15988747281762,211.7349614590454,222.2572021484375,81302807,ITC
2022-05-20,223.34568141920346,227.6594102459142,223.34568141920346,225.7646026611328,33617466,ITC
2022-05-23,225.76464837799926,226.1274904708716,220.16084753074523,221.32997131347656,22535903,ITC
2022-05-24,221.73314429342133,221.73314429342133,217.70163350823404,218.38699340820312,16146766,ITC
2022-05-25,220.08024284393872,220.84622584568157,218.10478609832631,219.87864685058594,15877459,ITC
2022-05-26,221.56418425757377,221.56418425757377,217.929962440469,220.28396606445312,19129574,ITC
2022-05-27,222.18364265327773,223.58778318265777,218.9210970032313,222.34884643554688,13986762,ITC
2022-05-30,223.42258963929734,223.83558602533859,221.02730483788181,222.22496032714844,12274291,ITC
2022-05-31,222.22496787513762,226.7264375429228,220.03616810384014,223.54649353027344,24102167,ITC
2022-06-01,223.5464731047105,226.39603544320983,223.1747842317455,224.5376434326172,15265925,ITC
2022-06-02,223.58777115429237,226.6851259439993,221.23376790201527,225.9004669189453,14789457,ITC
2022-06-03,227.13944148994833,227.71761552756038,224.33116011379857,225.23971557617188,12968807,ITC
2022-06-06,224.9919394421526,227.80019452013295,222.7618321997438,226.97422790527344,11345943,ITC
2022-06-07,225.6527067132129,227.13943617843194,224.8680475756138,226.2308807373047,11245578,ITC
2022-06-08,226.27212428247915,226.6438131310182,219.87092976958075,221.2750701904297,14915091,ITC
2022-06-09,221.1925192193085,224.41377076993527,219.49929154511977,223.71170043945312,10239939,ITC
2022-06-10,222.22497420502103,223.83560000379418,221.97718159334525,223.13352966308594,8693455,ITC
2022-06-13,220.0361484176604,222.26622930546105,217.22786738607,218.59071350097656,11519902,ITC
2022-06-14,217.39306187880416,220.90340014110433,217.26917867397242,219.25148010253906,7708043,ITC
2022-06-15,219.70577860309837,220.77951161409447,217.26918631686965,217.5582733154297,5254329,ITC
2022-06-16,220.53170814656917,221.27508589641178,214.33701136157097,215.32815551757812,14843837,ITC
2022-06-17,213.9240596118608,218.1777631127454,213.55237068216326,217.47569274902344,17296080,ITC
2022-06-20,217.4756529971805,219.82965627786217,215.86502744001368,218.1364288330078,17738981,ITC
2022-06-21,218.87981444583153,223.71169158042846,218.13644973962886,222.92703247070312,14417711,ITC
2022-06-22,220.53172151118915,223.25741391534424,218.79721258878322,219.12759399414062,11756920,ITC
2022-06-23,219.29275512695312,220.7382030297425,216.73227994785418,219.29275512695312,9416459,ITC
2022-06-24,219.78836159028685,221.64677983019354,219.04499691203588,219.5818634033203,7283228,ITC
2022-06-27,220.53173034256227,223.54649678071468,220.11876011360724,222.96832275390625,8487729,ITC
2022-06-28,222.10105127933483,224.86802481621402,221.81195120798998,224.5376434326172,11673046,ITC
2022-06-29,222.39013766560856,227.1394259479608,222.30754885934925,226.35476684570312,16635367,ITC
2022-06-30,226.27212959910267,226.8916110278901,224.66150406137047,225.9004669189453,20003893,ITC
2022-07-01,225.9004690169087,235.39901855813434,224.00074340239433,234.86215209960938,36520000,ITC
2022-07-04,235.9359014007687,242.25450776340497,235.23383111857387,241.09815979003906,41417701,ITC
2022-07-05,242.00671536934345,242.00671536934345,236.01851657460995,236.96835327148438,19283789,ITC
2022-07-06,236.30759098476878,239.5288423233504,235.64682819150005,238.95066833496094,18997440,ITC
2022-07-07,240.3548062515425,242.13060951099857,238.28990291252288,241.13946533203125,14326277,ITC
2022-07-08,241.92410786435488,243.20435203531412,239.8592046665794,242.04800415039062,11538313,ITC
2022-07-11,242.00671249276047,245.26927127658618,241.22205341461827,243.6586456298828,12828405,ITC
2022-07-12,242.00669278258547,243.9476996632051,240.27217098300977,241.75892639160156,14616684,ITC
2022-07-13,242.006764451107,243.4934941228681,241.75899798674888,242.87403869628906,9634877,ITC
2022-07-14,243.08045825000076,244.7736726070882,238.8267555246535,240.23089599609375,13930984,ITC
2022-07-15,241.18078041344899,242.83268743038633,239.115877009439,242.46099853515625,11450042,ITC
2022-07-18,243.65867100895716,244.7324302776393,242.62621923499648,243.90646362304688,11751684,ITC
2022-07-19,243.65867427752468,244.15425951235213,241.75897450588607,243.3282928466797,9542292,ITC
2022-07-20,243.57604603998567,247.3754711454252,242.5022869306933,246.3017120361328,16397373,ITC
2022-07-21,246.96248561972033,249.60556293169768,246.13651905151798,247.41676330566406,16660697,ITC
2022-07-22,247.78844388689194,249.8533471496641,246.2191257838622,248.2427215576172,10351425,ITC
2022-07-25,246.96251459953672,250.22507376479004,246.7973369727836,248.69703674316406,11050533,ITC
2022-07-26,248.61436743384735,250.8857553946761,248.1600898416816,249.81199645996094,10114261,ITC
2022-07-27,250.14245776298176,251.91828739467778,248.2840654953629,251.21621704101562,9706094,ITC
2022-07-28,251.83570186642768,252.08349448590755,249.7707982735891,250.63804626464844,11256515,ITC
2022-07-29,251.9182580874055,252.66163584966696,248.90349190231746,250.30763244628906,17584873,ITC
2022-08-01,251.09226940138336,255.05689809660817,250.34891788172524,253.98313903808594,16501510,ITC
2022-08-02,256.04808239546793,261.54072247929173,254.56135294553908,256.00677490234375,40483892,ITC
2022-08-03,256.7914648464247,256.7914648464247,250.80323944544287,254.52005004882812,18376724,ITC
2022-08-04,254.39609279391948,256.3371257068625,253.69404880616196,255.6350555419922,16514348,ITC
2022-08-05,255.63508166023612,257.53478110618533,255.30470028603258,256.7501220703125,10477269,ITC
2022-08-08,256.83270021968724,259.3105996891377,256.0893487028322,258.6498107910156,8627072,ITC
2022-08-10,258.6498407677098,259.43452603910265,256.6675523749457,257.0392150878906,9267241,ITC
2022-08-11,258.5259115257346,258.8976003684307,252.16602459946768,252.95068359375,11305242,ITC
2022-08-12,252.95067304839398,255.55244248457214,251.5052514009868,254.85037231445312,6669853,ITC
2022-08-16,254.8504773163475,257.28707017353264,254.8504773163475,256.5024108886719,8941455,ITC
2022-08-17,257.4521961104488,258.73244031509876,256.874022152772,258.1542663574219,8283028,ITC
2022-08-18,258.52592219628764,261.00382173942165,258.1955408259595,260.7147216796875,10264507,ITC
2022-08-19,261.1277178536069,261.1277178536069,257.03919277211645,257.6999816894531,10823811,ITC
2022-08-22,257.03920423823575,261.8297997613308,256.87402663436967,259.6822814941406,11793184,ITC
2022-08-23,258.4846722969165,261.003853456777,257.7826019832349,260.9212646484375,9698555,ITC
2022-08-24,260.7974036315165,263.85345172472415,258.5672960876847,259.4345703125,11783894,ITC
2022-08-25,260.5495940571549,261.3342532343233,257.36964985284914,257.9891052246094,8057930,ITC
2022-08-26,259.97142696934384,260.5082935413444,257.7000381911251,258.4433898925781,7224507,ITC
2022-08-29,256.0481077700973,260.1366076182965,255.09824475105745,258.98028564453125,11798961,ITC
2022-08-30,259.5584180737679,265.46405479077004,259.5584180737679,264.720703125,18516092,ITC
2022-09-01,263.8947228350569,265.877011292771,261.0038527794927,262.32537841796875,13765474,ITC
2022-09-02,263.2339553868557,267.8180665355072,262.69708882441705,266.90948486328125,26750910,ITC
2022-09-05,268.4375179720169,272.2369437035537,267.40506618117934,271.6174621582031,18144801,ITC
2022-09-06,272.56732591348407,272.56732591348407,269.5938668415528,270.2133483886719,12431779,ITC
2022-09-07,269.26341950708553,271.1631188247693,268.6439381115834,269.34600830078125,8397233,ITC
2022-09-08,271.7413329088565,273.06288468893354,270.5023961118026,272.4847106933594,11331350,ITC
2022-09-09,273.0629049741503,275.2929861390914,272.5673197476658,272.9803161621094,9770432,ITC
2022-09-12,274.2192243139073,274.54960570456757,272.5672911834894,273.3106689453125,9048240,ITC
2022-09-13,273.9714007124599,276.697066509693,273.0628454467155,276.2015075683594,10925371,ITC
2022-09-14,273.393205544357,280.0008844500612,273.3518980619933,276.98614501953125,12739464,ITC
2022-09-15,277.8534962724574,278.3903890348074,274.96262585753203,275.95379638671875,8742900,ITC
2022-09-16,274.508300130491,276.3667183709045,272.3195004971111,273.64105224609375,12973988,ITC
2022-09-19,271.82391455711326,278.26641652426684,271.82391455711326,277.1926574707031,14918717,ITC
2022-09-20,279.7944597669526,280.49653005595815,276.6971047033432,277.5230712890625,9892945,ITC
2022-09-21,277.5230729805043,285.1219237320476,277.1101027736864,281.611572265625,21800547,ITC
2022-09-22,281.65286881001447,288.0540638295993,281.5702800072844,284.9980163574219,25111230,ITC
2022-09-23,287.02159240818236,288.7148328987913,283.5525749841519,286.113037109375,23718397,ITC
2022-09-26,284.83275543535757,285.74131061447514,274.0126820721091,274.7147521972656,16829922,ITC
2022-09-27,276.6970774368484,280.4552211049659,275.87111093252213,276.57318115234375,10375837,ITC
2022-09-28,274.1779234589476,275.29296395155023,267.85931703900366,268.3962097167969,16151900,ITC
2022-09-29,271.74133906460094,276.6145237344205,270.70888734748166,275.08648681640625,18985406,ITC
2022-09-30,275.08646967922056,277.31657676720016,272.6911849859782,274.3843994140625,12906555,ITC
2022-10-03,274.9626022605337,275.045217248957,266.99208827603354,267.9419250488281,9462192,ITC
2022-10-04,271.49361905558715,275.8711930957798,270.91544494807147,274.9213562011719,9142294,ITC
2022-10-06,276.69707307490677,280.2487054281175,274.67347742175554,278.0599060058594,23091432,ITC
2022-10-07,278.1838777231458,278.22518522090246,273.64110005477846,275.95379638671875,10910698,ITC
2022-10-10,272.56727654020784,273.76493192198603,269.3047441220148,270.7914733886719,9750594,ITC
2022-10-11,271.7413112906105,272.9389666779915,268.5200601682649,269.51123046875,11018577,ITC
2022-10-12,270.87409895119845,273.7649690779184,268.2310214320715,272.64990234375,10735673,ITC
2022-10-13,272.5259991002834,273.6410395218355,270.91537352376776,271.4522399902344,7546587,ITC
2022-10-14,274.467022634996,275.78854822524454,273.2693671638556,274.30181884765625,6672357,ITC
2022-10-17,273.47585731860227,276.49062362060135,272.2369205105713,274.42572021484375,7195922,ITC
2022-10-18,275.8298297826807,281.6528504493247,275.49944841618117,281.0746765136719,21691854,ITC
2022-10-19,283.38742278634123,286.9803633254826,280.6617563938779,286.0718078613281,16923690,ITC
2022-10-20,286.6086077751515,289.8711661304094,284.79149726928165,288.8387145996094,19186222,ITC
2022-10-21,291.72963109465866,291.72963109465866,284.5437760622157,285.45233154296875,28426343,ITC
2022-10-24,288.2192496855203,288.83873111025656,286.60862415832094,287.1867980957031,3292671,ITC
2022-10-25,288.63222623013723,288.6735337184043,283.8416570300089,286.03045654296875,17906260,ITC
2022-10-27,286.3195367520154,287.72367725871584,284.00686707741687,285.61749267578125,19273344,ITC
2022-10-28,287.0629144945448,287.93016235037976,285.0393187128526,285.61749267578125,13572499,ITC
2022-10-31,287.43461288316155,289.4995162224048,284.7502280712986,288.0127868652344,14358449,ITC
2022-11-01,288.4670378698175,289.4994894439382,286.7738235707671,288.67352294921875,20422565,ITC
2022-11-02,287.8475766628655,294.24877163638735,287.8475766628655,292.92724609375,17427813,ITC
2022-11-03,292.390340157507,296.107149877446,291.5643737162608,292.1425476074219,11149636,ITC
2022-11-04,292.3903440460204,294.0422507733689,291.1513812791176,292.0599365234375,8709851,ITC
2022-11-07,293.21632322879685,294.3313898669706,289.08651659676076,291.9773864746094,10437370,ITC
2022-11-09,291.97736888513623,298.5437673170048,291.7295763138031,297.9242858886719,21404869,ITC
2022-11-10,296.5201663378375,297.2635178614976,292.47294882466497,294.0422668457031,20071989,ITC
2022-11-11,297.346161210145,298.1308465417395,292.92728021299814,294.3314208984375,11372654,ITC
2022-11-14,294.33137689069605,294.82693586425324,286.27824907784293,286.7738342285156,18319254,ITC
2022-11-15,288.21925534997126,288.21925534997126,280.1248200675382,285.1632080078125,16046491,ITC
2022-11-16,285.53487389943587,286.4847367209948,282.18972645678036,284.2133483886719,7897812,ITC
2022-11-17,284.21337701643785,286.98035078256225,282.97444018102414,283.88299560546875,10379179,ITC
2022-11-18,283.8829830051067,284.7502308982674,280.6617316697377,281.6941833496094,8140173,ITC
2022-11-21,280.08353490002287,280.82688643696554,276.2015210878058,278.5141906738281,9553090,ITC
2022-11-22,278.3490578729959,281.65289827612287,277.2752986167039,281.0334167480469,6746019,ITC
2022-11-23,282.4788540067165,282.4788540067165,278.7620173361109,280.6617431640625,8067471,ITC
2022-11-24,280.6617215551485,282.8918024441172,278.80330336293036,281.4463806152344,8454385,ITC
2022-11-25,281.6528504493247,282.39622815678473,279.0097733402139,281.0746765136719,7200274,ITC
2022-11-28,280.8268870923846,282.27233503627656,279.79443549408256,280.8681945800781,10284123,ITC
2022-11-29,280.82689786224057,284.9567044138289,280.82689786224057,282.72662353515625,10582296,ITC
2022-11-30,281.85935595842886,284.2546406719797,280.00093773220857,280.826904296875,23425220,ITC
2022-12-01,282.2310338897691,282.2310338897691,278.1838162038997,280.4552307128906,17270904,ITC
2022-12-02,280.29004166922135,281.4876971310472,278.14254951321044,278.4729309082031,8711914,ITC
2022-12-05,278.88589919678276,279.87706955208654,275.99502928900836,278.1425476074219,10090597,ITC
2022-12-06,275.9537548902143,279.34018388337773,275.9537548902143,278.5968322753906,6571118,ITC
2022-12-07,279.5879029122873,282.06577585641475,278.05986642971266,280.9094543457031,10191144,ITC
2022-12-08,280.9921310785629,282.60275684949386,278.76202378915127,279.5054016113281,6439244,ITC
2022-12-09,280.620443198641,282.8918318128852,279.1750212196999,281.9832763671875,8445424,ITC
2022-12-12,281.65289035891783,284.1307902244493,280.9095387232414,283.4700012207031,11646572,ITC
2022-12-13,284.5437760622157,285.78271297441347,282.8092539142909,285.45233154296875,11105261,ITC
2022-12-14,285.7827251494183,286.8977658001876,283.92430661338875,285.2871398925781,7664099,ITC
2022-12-15,284.7502335577192,285.86527405280185,279.17500490518864,279.8770751953125,8469001,ITC
2022-12-16,278.762012546044,279.9183605491572,273.64106151591244,276.77972412109375,12907968,ITC
2022-12-19,278.1838250316687,282.7679093295101,276.9861957719093,281.2398986816406,8113695,ITC
2022-12-20,280.86821685923945,281.6115684568815,278.1425507060231,280.9508056640625,5693354,ITC
2022-12-21,281.6528606284923,281.85934571787766,276.28411741889363,276.82098388671875,7316532,ITC
2022-12-22,277.2340199661604,278.67944197608153,272.4847313442147,274.5909423828125,6838031,ITC
2022-12-23,273.3106574917627,274.13662402235815,268.72657335064105,269.84161376953125,10461859,ITC
2022-12-26,269.6764342665518,276.7797261273581,268.85049383872786,276.3667297363281,9934633,ITC
2022-12-27,277.19269381349454,277.85345662057523,272.69119810816125,275.1690979003906,6986433,ITC
2022-12-28,274.9212634637795,276.697066509693,273.80619694727284,276.2015075683594,8035558,ITC
2022-12-29,276.1601786120403,277.3165263471053,273.8474831419103,276.98614501953125,8417520,ITC
2022-12-30,277.02747795521594,278.1425445928473,272.9802863053131,273.8475341796875,7228324,ITC
2023-01-02,273.31073020002987,275.8711930957798,272.27827830640354,274.9213562011719,6181118,ITC
2023-01-03,273.8062420033292,275.3342789185782,272.7737902880784,273.4758605957031,6228015,ITC
2023-01-04,274.0953268419764,274.6321933273518,269.263449942248,270.08941650390625,6947412,ITC
2023-01-05,271.45226701413833,275.7885590204129,271.08057811091294,275.4168701171875,8486143,ITC
2023-01-06,276.4493032448786,278.80330662983584,275.1277776917996,276.7384033203125,8603181,ITC
2023-01-09,278.30772271006634,281.9006628614671,277.64695993055625,279.2162780761719,11027747,ITC
2023-01-10,279.09239021384553,279.5053865963529,274.67350954312764,275.3755798339844,7217255,ITC
2023-01-11,276.77970835225443,276.77970835225443,273.6410459258907,274.05401611328125,4760847,ITC
2023-01-12,275.375536372695,275.54071395793477,270.99793770714246,272.443359375,6894087,ITC
2023-01-13,272.4433758617799,274.42569024440866,269.59381366137814,271.5348205566406,14967746,ITC
2023-01-16,272.8564097297577,274.38442049284765,270.5437136614806,272.7325134277344,8571826,ITC
2023-01-17,272.7325057046308,275.45817191772255,271.82395030026686,274.42572021484375,14240647,ITC
2023-01-18,275.87118827893283,277.9773995289192,274.54966244318445,276.4080810546875,13039078,ITC
2023-01-19,275.87111972660165,277.23397889959773,273.93011277697354,274.3431091308594,8667564,ITC
2023-01-20,274.21923750517345,276.8623149347169,271.9478489744216,276.3667297363281,13608325,ITC
2023-01-23,277.5230231826006,279.2988523429268,275.08643133908396,278.96844482421875,7399204,ITC
2023-01-24,279.00979290572695,281.4463851037806,278.84461529945156,279.95965576171875,12776694,ITC
2023-01-25,279.9183279228749,281.652849725375,276.90356196778305,280.2074279785156,12978859,ITC
2023-01-27,282.313610230943,288.1366570138262,282.0658176643802,285.78265380859375,21850457,ITC
2023-01-30,286.52602565967004,290.5319355983613,282.35491195427085,284.79150390625,14634225,ITC
2023-01-31,285.7827096716558,293.2163572360525,281.6942100555176,291.0275573730469,17794183,ITC
2023-02-01,291.56441053096563,302.05410451023636,271.8239331250567,298.5024719238281,67003785,ITC
2023-02-02,298.66766275838864,317.7473765717263,297.67651865297285,312.7090148925781,57892084,ITC
2023-02-03,315.4346732478112,315.72374712187093,307.25764949867965,314.4022216796875,23153980,ITC
2023-02-06,315.9302934201292,320.6382741400663,313.5349824805341,316.67364501953125,26783409,ITC
2023-02-07,317.0866104420805,317.0866104420805,304.3255277315778,308.2901306152344,21438758,ITC
2023-02-08,309.5290609057974,311.63527168634687,306.88598364627336,310.1898498535156,10821785,ITC
2023-02-09,308.90957327755774,313.86534589236504,307.38153662557113,309.1160583496094,12318006,ITC
2023-02-10,307.42289549933633,311.3461910554725,305.8535510997639,306.7208251953125,10674456,ITC
2023-02-13,308.0836847985546,309.85948828025045,305.6057847753545,309.0748291015625,10282470,ITC
2023-02-14,309.7355973927891,320.18401098988426,308.7031194861325,319.1928405761719,30246745,ITC
2023-02-15,320.4781768449944,321.4016217851001,317.79178430847446,320.85595703125,12679568,ITC
2023-02-16,320.6880273125074,323.41640413620297,319.84852470474647,321.1497497558594,10151755,ITC
2023-02-17,319.8904953577429,322.828741055192,318.3794013713562,321.8633117675781,7967611,ITC
2023-02-20,322.9546879209602,325.3052846255775,320.10038432075044,322.40899658203125,8105569,ITC
2023-02-21,323.20655768511017,323.9620914605294,320.4361962256067,320.8979187011719,8577674,ITC
2023-02-22,320.6880408252716,323.12257986608466,319.0090621451135,322.2411193847656,9306194,ITC
2023-02-23,322.74478297864596,330.76197494151535,321.6114425897609,325.3891906738281,19555814,ITC
2023-02-24,326.5645077421095,326.5645077421095,319.8485137168499,323.29046630859375,13407431,ITC
2023-02-27,323.29049611026613,324.71764796537934,317.41400412221884,320.85595703125,8455904,ITC
2023-02-28,321.1077823154553,322.5768918805146,314.8115528547274,316.2386779785156,16997837,ITC
2023-03-01,314.1818999265662,319.34481521626765,313.63623525418024,317.91766357421875,8065784,ITC
2023-03-02,318.58931513515984,318.7991841560192,314.5597394738751,315.2733154296875,5212922,ITC
2023-03-03,316.49051107865483,323.54230039250865,315.7349774270894,323.1645202636719,8495772,ITC
2023-03-06,323.9620778799033,329.50277396052957,323.41641314241326,325.8509521484375,11126980,ITC
2023-03-08,325.72501321339706,330.0484263258889,323.29047429863346,329.4187927246094,9261146,ITC
2023-03-09,329.1669887938517,330.42622947791915,323.7522192644157,325.3052978515625,10005328,ITC
2023-03-10,324.84357612206804,327.57192650942363,321.9472879541555,325.72503662109375,8684320,ITC
2023-03-13,326.7323898332363,328.15954154604185,321.1077784696601,322.07318115234375,9130473,ITC
2023-03-14,323.79419129774107,324.42379831258455,316.6584588867369,318.7572021484375,10623744,ITC
2023-03-15,319.8485234584673,322.61888471389494,317.3300422511081,318.5053405761719,8748113,ITC
2023-03-16,319.5127424430228,320.9818787200227,316.364627485881,320.226318359375,16315136,ITC
2023-03-17,323.20656662463193,323.20656662463193,310.32026818561775,315.2733154296875,50787703,ITC
2023-03-20,313.3844233266862,318.463370411472,312.2930672313096,318.00164794921875,10512002,ITC
2023-03-21,318.00165648015326,318.00165648015326,314.0140387776578,316.4485778808594,12057999,ITC
2023-03-22,316.4485906178158,318.04365372668224,314.13997815169614,317.1202087402344,4958761,ITC
2023-03-23,316.4905454279664,321.3176655373776,314.3078599013099,319.5547180175781,10127917,ITC
2023-03-24,320.2682600185091,321.5275005119195,317.3300144631462,317.91766357421875,10317108,ITC
2023-03-27,317.288096993697,322.70286684618475,315.9449139455191,319.1769714355469,11232922,ITC
2023-03-28,319.1769745492156,320.9819067196904,317.45601127465636,318.7991943359375,9523719,ITC
2023-03-29,319.1769601490683,322.3670596848559,316.6164942736706,321.31768798828125,10551626,ITC
2023-03-31,320.6880250253946,322.78676822677375,319.00904642795757,321.947265625,9877493,ITC
2023-04-03,322.3670265271102,322.3670265271102,317.7497755734311,318.0855712890625,7331070,ITC
2023-04-05,318.08557963436516,324.9275006639533,318.08557963436516,324.3818359375,12055499,ITC
2023-04-06,324.5916721790728,327.65581783263286,322.5348869910549,325.1793212890625,13394394,ITC
2023-04-10,325.17941074691754,327.40408108917006,322.9966982487089,326.1867980957031,7044256,ITC
2023-04-11,326.18673389143686,334.2039264718616,325.7250114550278,332.44097900390625,18939829,ITC
2023-04-12,333.9101112023239,333.95209564371703,329.1669601754004,330.38421630859375,10122932,ITC
2023-04-13,332.02122130152065,332.9446661195255,330.5101273624119,332.10516357421875,6292395,ITC
2023-04-17,329.83856600767695,337.4779786716556,329.83856600767695,335.9249267578125,11466474,ITC
2023-04-18,335.7989704940616,337.47794898377504,333.2804628503284,334.5397033691406,9860308,ITC
2023-04-19,332.4829793344839,336.93231935583754,332.4409948905821,334.7496337890625,10119480,ITC
2023-04-20,335.799049835821,338.02372014067595,333.8681908587961,336.0509033203125,6924577,ITC
2023-04-21,336.05083994817016,343.35445659053994,335.00146836475506,342.7248229980469,14801099,ITC
2023-04-24,344.1939561128873,344.1939561128873,339.32485178856473,343.10260009765625,6212135,ITC
2023-04-25,343.1026275249201,347.17418742929436,342.0112714224472,345.4952087402344,9180650,ITC
2023-04-26,345.8729901088411,346.7124928238847,343.3964930177164,346.0828857421875,7914219,ITC
2023-04-27,346.04085775788565,350.4062553632205,345.03347059024406,349.23095703125,13100076,ITC
2023-04-28,350.90995450060126,359.51479684583404,347.30011703160113,357.2481689453125,13208557,ITC
2023-05-02,357.62596272189217,358.4654388022184,353.5963604694285,356.3247375488281,10648421,ITC
2023-05-03,355.9469311197148,359.7246796272577,354.30991031392773,358.5913391113281,7607609,ITC
2023-05-04,357.03830227759386,358.4654275329511,355.9469461589209,356.4506530761719,8292456,ITC
2023-05-05,357.58397346453967,362.578978463399,356.2407904691982,359.9345703125,12890455,ITC
2023-05-08,361.82341831390767,363.88017710294014,360.4382509736069,362.201171875,7522610,ITC
2023-05-09,363.3344881143071,363.62829937621586,353.848159761522,355.77899169921875,10377820,ITC
2023-05-10,355.9049628239586,357.9197638931349,354.43585311887716,357.08026123046875,10130159,ITC
2023-05-11,358.67530870562666,358.80123542986723,351.66550301604906,352.92474365234375,16597954,ITC
2023-05-12,352.92472088152385,354.855552851783,349.2728993263859,352.9667053222656,11564770,ITC
2023-05-15,352.5889108604436,359.89252706811703,351.7913927614923,359.1369934082031,9503538,ITC
2023-05-16,360.98388024831195,360.98388024831195,355.5271537025687,355.9049072265625,8302077,ITC
2023-05-17,356.07288506748245,360.1024607249822,354.7716598908181,358.9691467285156,9844782,ITC
2023-05-18,360.9838611996208,363.0406196781297,350.99385343813896,352.3370361328125,24919291,ITC
2023-05-19,353.38645758005697,355.19138951321884,345.327280453651,352.4630126953125,26759905,ITC
2023-05-22,354.2259718716724,357.4160446310784,351.83339069600646,356.5765686035156,16015615,ITC
2023-05-23,357.6259471532527,361.99131836291735,356.11485302589,360.2703552246094,9068926,ITC
2023-05-24,359.5567823233287,364.9715518454359,358.4654262086875,363.92218017578125,11921823,ITC
2023-05-25,366.8184347059653,371.4356593216248,365.01350269777276,370.3443298339844,18905572,ITC
2023-05-26,372.233150853127,373.3664913098744,368.95913601863043,372.40106201171875,13496209,ITC
2023-05-29,373.57638433239805,379.2849650000539,372.8208239793013,377.018310546875,20589822,ITC
2023-05-30,378.5340511282782,387.5038534045596,378.5340511282782,386.17340087890625,19627897,ITC
2023-05-31,385.6583907555271,387.97595767203387,379.7786593147629,382.3966369628906,14821960,ITC
2023-06-01,383.6842103628602,383.6842103628602,376.8173641905987,377.418212890625,9142172,ITC
2023-06-02,377.67572763758034,381.8816685853723,377.5040449197469,380.5941162109375,9558309,ITC
2023-06-05,381.96748999447993,383.5554530940748,377.7615491165868,378.233642578125,7427630,ITC
2023-06-06,378.36241367322003,380.76580856133046,378.01907543259387,380.0791320800781,6703067,ITC
2023-06-07,381.1091539406617,382.5254344111713,380.03621171720954,381.0662536621094,7833952,ITC
2023-06-08,382.568342319929,382.61126980001274,379.30658833417493,380.1649475097656,7294955,ITC
2023-06-09,373.5127150558858,381.7099867726844,373.5127150558858,376.34527587890625,7329661,ITC
2023-06-12,377.6756862753256,378.49111788734564,372.39680372945446,375.0577087402344,9054977,ITC
2023-06-13,378.5340739069618,383.1691806856377,376.2165069157611,382.3108215332031,16732376,ITC
2023-06-14,383.0404688799716,384.3279941527344,380.8945843574574,381.5383605957031,9039402,ITC
2023-06-15,381.9674822471672,385.1863086570211,381.7528992605887,384.6283874511719,7787525,ITC
2023-06-16,385.40090157093005,391.0660503441356,384.4567146426835,388.920166015625,12181426,ITC
2023-06-19,390.3364491318434,391.32356354688983,388.19056478835836,389.3493347167969,4350517,ITC
2023-06-20,390.37932999535724,390.37932999535724,386.3879994608957,388.70556640625,4644353,ITC
2023-06-21,387.97594935404305,389.86432306581673,382.0103902898175,383.7270812988281,6292873,ITC
2023-06-22,384.5425372089923,385.95884478597384,382.697090857317,384.24212646484375,6892713,ITC
2023-06-23,384.11336642917564,384.24212166183725,379.99328059518047,381.7528991699219,6325479,ITC
2023-06-26,383.5983435096489,387.4609460620195,381.10912103063964,382.5683288574219,5688287,ITC
2023-06-27,382.9117039546197,383.8558909443643,380.3795537531556,382.0533447265625,5052984,ITC
2023-06-28,381.9675376161755,386.7743277901957,381.53837158080773,385.7013854980469,12548096,ITC
2023-06-30,386.2592493189664,387.93304013384915,383.34083366071934,387.63262939453125,9456776,ITC
2023-07-03,387.6326586414976,399.95001675366007,386.30220594419177,397.6324768066406,11111199,ITC
2023-07-04,399.1345650454297,401.70964255111215,394.67114089487524,400.2933349609375,8022597,ITC
2023-07-05,400.29332954380067,412.5678138010311,398.53371095448574,407.8039245605469,16878943,ITC
2023-07-06,409.73521112545217,409.7781386030594,403.8555068794989,406.7738952636719,9835812,ITC
2023-07-07,406.0014089058079,408.147293213273,401.3662748624045,402.052978515625,7605499,ITC
2023-07-10,403.42633094153337,404.1988623491033,398.0186926997213,399.8641662597656,6772454,ITC
2023-07-11,399.9929153943561,407.3318276357208,399.9929153943561,406.1301574707031,8783282,ITC
2023-07-12,410.0785501321813,410.0785501321813,403.81258018675834,405.4005432128906,12816220,ITC
2023-07-13,406.7738992013875,409.220221374186,404.28467675429124,405.1430358886719,8214385,ITC
2023-07-14,406.00141282113736,407.718103961429,404.58510522527325,405.9155578613281,5277090,ITC
2023-07-17,407.2889551029162,408.404797590093,403.9413732339311,405.4434814453125,6325310,ITC
2023-07-18,405.6151625889643,407.03144303513886,404.2847099021475,405.5722351074219,5558415,ITC
2023-07-19,405.7867835710082,412.39611896102673,401.7954530539886,411.02276611328125,14401395,ITC
2023-07-20,411.92403489665855,423.76932589488507,408.83396371516045,422.4388732910156,21030102,ITC
2023-07-21,422.1384146106013,427.2027143115705,418.0183289722278,420.9796447753906,14510084,ITC
2023-07-24,423.55470269148583,428.9194404210098,401.8383501304543,404.5850830078125,40477929,ITC
2023-07-25,401.6237788744661,402.13879980516936,390.89435750965157,396.8170166015625,45211370,ITC
2023-07-26,399.04873776734865,406.0014116761696,396.60241549420846,405.3576354980469,18842179,ITC
2023-07-27,407.2031373797317,407.8468863988788,395.78701131769105,399.1775207519531,14528232,ITC
2023-07-28,401.4521677172749,402.95427599280464,397.7612474481721,402.0959167480469,10362522,ITC
2023-07-31,402.5679733624371,403.16882205833537,397.847038754469,399.73541259765625,8510403,ITC
2023-08-01,399.9929052562195,402.4392002067626,398.10453149712134,398.962890625,6686176,ITC
2023-08-02,398.79125281075716,398.96293553714946,393.1261036919994,394.92864990234375,10715605,ITC
2023-08-03,394.92861065300184,398.0616092694034,389.9501657308603,391.4523010253906,11026824,ITC
2023-08-04,391.6668842384768,396.0444804861132,389.9072384807844,390.5080871582031,7097614,ITC
2023-08-07,389.7785030261726,391.8814597552039,387.074670427447,390.4651794433594,9513953,ITC
2023-08-08,392.26775569479224,392.26775569479224,387.160528038295,388.2763977050781,6638681,ITC
2023-08-09,388.2763827929899,394.75696314088793,383.5983485127932,393.68402099609375,10134166,ITC
2023-08-10,393.8985945175745,394.24193273120994,385.4008853179906,387.7613525390625,13702317,ITC
2023-08-11,389.6068336069002,389.6068336069002,381.75290040770386,385.1863098144531,12028396,ITC
2023-08-14,385.18630510626537,387.3321893597199,382.01040620449373,385.57257080078125,7854074,ITC
2023-08-16,387.11759205167533,392.6110577135574,384.7141974241364,386.47381591796875,15494896,ITC
2023-08-17,386.25926638958845,386.25926638958845,377.6757289500683,378.5340881347656,16896158,ITC
2023-08-18,378.5341197406648,380.55124903107514,376.38823520161304,379.092041015625,20068497,ITC
2023-08-21,379.392435101255,384.97172881651846,378.83448668712066,384.3708801269531,9940689,ITC
2023-08-22,385.400905386339,390.67978850377847,383.6842142287713,389.9072570800781,10234488,ITC
2023-08-23,391.0660314924344,391.1089317665518,385.05754478075903,386.6455078125,8770272,ITC
2023-08-24,386.7743193369001,389.26354213583363,385.658449584111,387.0318298339844,6322751,ITC
2023-08-25,387.03175786980785,387.117585618301,379.43530843320985,380.5511779785156,9628041,ITC
2023-08-28,381.9674820643546,383.55544513098135,378.53407266956555,378.8774108886719,7176903,ITC
2023-08-29,380.20788853953746,381.1091480236043,376.98906191915603,377.7615661621094,9845106,ITC
2023-08-30,378.5340963953967,381.1091468019567,378.1049031918186,380.0791320800781,7648569,ITC
2023-08-31,380.25077367486637,381.88166426278127,374.3281416344115,377.418212890625,20666732,ITC
2023-09-01,377.6756754805392,381.96744359269115,376.2164677935141,378.5769348144531,11879159,ITC
2023-09-04,380.5512498050253,380.5512498050253,374.8002726997755,375.5298767089844,14128562,ITC
2023-09-05,376.73151687374565,381.53830622437647,376.3881786635184,380.33660888671875,8701612,ITC
2023-09-06,381.0662486646055,384.97175177785806,379.3924577298219,384.0704650878906,13358433,ITC
2023-09-07,385.22924329069207,385.40089880165283,381.62415111580424,382.7400207519531,8401953,ITC
2023-09-08,384.456699370507,384.456699370507,379.26367147143907,379.9503479003906,10322317,ITC
2023-09-11,382.8258507954172,384.6283968936341,379.950362534242,383.8558654785156,9679540,ITC
2023-09-12,385.3150671054277,389.9501739098533,382.4825063700108,387.2463684082031,14961276,ITC
2023-09-13,388.147619169723,392.26773215076497,387.2034322790102,389.26348876953125,12268130,ITC
2023-09-14,391.323535820513,391.323535820513,383.81294115046234,386.21630859375,14986708,ITC
2023-09-15,384.5854460868818,388.06178283660665,383.68418669430196,384.84295654296875,15657801,ITC
2023-09-18,384.84299127782964,389.6926812927718,382.9975176451221,388.0188903808594,8513132,ITC
2023-09-20,387.7184397515577,390.63682807513425,385.8729663086368,388.7913818359375,10343224,ITC
2023-09-21,388.6626827680115,389.30643178942125,381.5383528272174,384.1134033203125,11132308,ITC
2023-09-22,384.1133564029431,384.88588777874793,379.6070049885891,380.33660888671875,7795399,ITC
2023-09-25,380.33663337876266,381.79581406526216,376.2594476637083,379.9074401855469,6005673,ITC
2023-09-26,380.7658315447286,381.53836303556363,377.418249491901,379.7787170410156,5533023,ITC
2023-09-27,379.7786864629706,386.08758431524456,376.6457148790023,385.5296630859375,10894817,ITC
2023-09-28,386.21632194812275,386.21632194812275,377.3323741461521,378.3194885253906,10610213,ITC
2023-09-29,379.39242433925773,382.48249545401796,376.98902964917204,381.45245361328125,8474326,ITC
2023-10-03,378.5340933176777,380.1649567483239,377.0319579229584,377.4611511230469,7770032,ITC
2023-10-04,377.46112359689323,379.13491438660606,371.9247303066969,374.328125,13912656,ITC
2023-10-05,377.6757573156308,378.10492333834895,373.4269157572981,374.2852478027344,10416552,ITC
2023-10-06,375.83025915097494,380.76580411020035,374.80024444113724,379.52117919921875,8742804,ITC
2023-10-09,378.4911471763749,380.42244847223975,375.31524823018594,378.0619812011719,5827256,ITC
2023-10-10,378.0619717641228,381.8387193035575,378.0619717641228,381.45245361328125,5207891,ITC
2023-10-11,383.85588493420624,385.78718636616406,381.7958282598694,384.7571716308594,7946195,ITC
2023-10-12,385.9588175317672,388.40511240272207,382.9545742837949,386.8600769042969,12227957,ITC
2023-10-13,386.130481619679,387.8042723805197,383.68418669430196,384.84295654296875,7926432,ITC
2023-10-16,384.5425428121438,387.11762033136023,382.9975071821044,385.3580017089844,4377288,ITC
2023-10-17,386.08758228347983,390.12186771668456,385.40090581968064,389.2205810546875,7203352,ITC
2023-10-18,389.90727986406307,393.29778930443706,387.11764636860767,387.6755676269531,7160492,ITC
2023-10-19,386.0447093493473,390.46523360420406,383.5554865889753,386.6026306152344,9830006,ITC
2023-10-20,381.96749884790717,385.40090839355935,375.4010905101237,376.2165222167969,13521824,ITC
2023-10-23,375.9590097457904,377.632800630929,371.7530959964487,374.1564636230469,7555671,ITC
2023-10-25,375.0148212342857,375.9590081702813,366.56003908686273,371.40972900390625,11308597,ITC
2023-10-26,368.7059666605766,374.7573546972196,368.7059666605766,372.8260803222656,19525305,ITC
2023-10-27,372.8260255716831,374.92898237526947,370.98055203087665,372.3110046386719,13638258,ITC
2023-10-30,372.9976610489118,375.22937296590027,367.67587810725513,369.4784240722656,7911426,ITC
2023-10-31,369.09216053859353,371.9676486039867,367.2896145631058,367.7187805175781,8952141,ITC
2023-11-01,369.0921670110006,370.0363538903766,365.22956453811713,367.4613037109375,8297973,ITC
2023-11-02,369.1350977801737,371.4097100435163,367.9334004313936,370.07928466796875,8465990,ITC
2023-11-03,371.49559741604463,372.86895038950234,370.03638947895035,371.8818359375,14334179,ITC
2023-11-06,372.0964208224146,374.9289815402163,371.2809891494467,373.6843566894531,7589690,ITC
2023-11-07,373.2981300796239,373.2981300796239,370.93763553590844,371.40972900390625,5321353,ITC
2023-11-08,371.79595508843073,375.5298021579156,371.06635122406453,375.0577087402344,7248663,ITC
2023-11-09,375.7873426930893,375.958998202141,372.43976102559816,372.8689270019531,8085620,ITC
2023-11-10,372.86891251152394,375.9589835916255,371.23804922028273,374.7143859863281,4236307,ITC
2023-11-13,376.3023389149238,376.3023389149238,373.3839504081949,374.2423095703125,3888975,ITC
2023-11-15,376.04486354266163,379.8216112907805,375.52984259383584,379.3495178222656,7722827,ITC
2023-11-16,379.349497918328,381.5383096322674,375.61565064270343,376.5169372558594,11276031,ITC
2023-11-17,377.03192138671875,378.96322259064704,376.21648975041495,377.03192138671875,6911592,ITC
2023-11-20,377.54696335478775,377.93322905786397,372.9547840084122,374.9289855957031,4502356,ITC
2023-11-21,375.22941341727187,377.07488705791997,373.81313297859464,374.4569091796875,6228803,ITC
2023-11-22,375.10067305032794,378.0190615906513,373.21227199044085,377.418212890625,5074887,ITC
2023-11-23,378.4911256402476,379.6069951974984,376.1735859800582,377.9761047363281,6611803,ITC
2023-11-24,378.5340865730886,379.6070287486021,374.971921814831,375.787353515625,7084608,ITC
2023-11-28,375.95897789207413,376.8173370021395,373.2981000157129,373.5985107421875,9082513,ITC
2023-11-29,374.24235458855776,376.38823915012097,372.65439130780766,375.2723693847656,14316126,ITC
2023-11-30,374.8431490638451,376.34525715789107,372.95477527576713,374.07061767578125,15710110,ITC
2023-12-01,375.87318455434155,387.074699876353,375.4440185618797,386.08758544921875,20081576,ITC
2023-12-04,390.55102739116836,391.752724785251,387.1176179239576,389.735595703125,13293194,ITC
2023-12-05,390.5510129299725,392.95440762914575,386.3450722064194,387.7613525390625,12603697,ITC
2023-12-06,389.6068603446522,398.705419020116,388.06182464539677,397.6324768066406,21203900,ITC
2023-12-07,398.9199628127044,398.962890290366,392.6110653938614,393.2119140625,11746535,ITC
2023-12-08,394.7998770071899,396.2161846263528,384.97174185663044,385.5296630859375,19386851,ITC
2023-12-11,387.5468119053872,389.3493581267413,385.65843792217663,388.36224365234375,6854157,ITC
2023-12-12,389.86435294387155,394.8427980571218,388.27638983558137,388.920166015625,10549319,ITC
2023-12-13,391.66689617376363,393.8556807624182,388.9201631652517,391.10894775390625,11718443,ITC
2023-12-14,394.8428221410115,395.7011813655176,385.7871908104874,394.92864990234375,14924265,ITC
2023-12-15,396.4736590030865,397.3749456496042,390.5510269980168,393.2977600097656,16397959,ITC
2023-12-18,390.5510560880987,391.4094153189034,386.55969790653415,387.6755676269531,12490839,ITC
2023-12-19,389.1347414653695,393.1260720931,388.0188718428308,391.4952087402344,10664235,ITC
2023-12-20,393.98443362414525,394.19901661338577,385.6584068932969,387.11761474609375,10766954,ITC
2023-12-21,385.40092208573355,389.4781079676765,381.4954189288496,387.50390625,11584223,ITC
2023-12-22,388.8342554597867,391.3235048642219,386.73129891187114,390.72265625,11450973,ITC
2023-12-26,391.45231606874586,393.898611145563,390.29351894461826,391.795654296875,6097422,ITC
2023-12-27,392.26774890380545,393.55527406397204,389.478088387006,392.35357666015625,7833901,ITC
2023-12-28,392.43937126686006,398.8770237276259,391.495184415579,398.3620300292969,21493169,ITC
2023-12-29,398.3620736168077,401.6238004767668,396.0015790266033,396.6453552246094,13384631,ITC
2024-01-01,397.8470603431591,403.38345414177104,397.11745637256826,401.7525634765625,9706230,ITC
2024-01-02,403.4263381690342,404.5851080974229,397.93287207365034,403.7267761230469,10924918,ITC
2024-01-03,403.6409269336043,412.6107301461247,402.86842270487585,409.6494140625,24961710,ITC
2024-01-04,412.0099017973637,413.25452676548315,407.0314563323421,408.9198303222656,12240910,ITC
2024-01-05,411.49486773368767,411.49486773368767,405.14304267730904,406.81683349609375,9564086,ITC
2024-01-08,407.71812631002143,408.1473195214147,398.74832279775234,399.56378173828125,8311403,ITC
2024-01-09,401.28047170009194,403.3834558606761,397.9758172811093,398.7483215332031,5916180,ITC
2024-01-10,398.74829615510856,400.63669719235435,394.8857207330158,397.67535400390625,6123200,ITC
2024-01-11,398.36208711528,400.4650440938136,395.78700943972615,397.1174621582031,6786448,ITC
2024-01-12,397.6324644529848,401.45213970243634,395.1432418595045,400.5937805175781,9714589,ITC
2024-01-15,403.426328510034,403.8555216906725,400.0787468381923,401.36627197265625,7167978,ITC
2024-01-16,401.53794073992424,407.7180829336906,398.4907971207317,405.4005432128906,12531058,ITC
2024-01-17,404.62802038529264,409.4348098392072,399.3062372068339,400.5079345703125,11536527,ITC
2024-01-18,399.3491715307208,401.5809109410194,390.16478501461893,399.56378173828125,9495938,ITC
2024-01-19,402.1817139863782,406.00138895410885,400.33624051486,404.7138366699219,12673308,ITC
2024-01-23,406.64515567762464,406.64515567762464,391.7527208406185,394.241943359375,8728196,ITC
2024-01-24,394.9286178877544,401.1946152353453,393.2119267816324,397.932861328125,22459072,ITC
2024-01-25,397.889966121581,399.09163630931187,388.06180399939313,391.10894775390625,20435547,ITC
2024-01-29,391.3235683388679,392.48233828149625,384.1133837986769,386.08758544921875,18557346,ITC
2024-01-30,383.68420026968823,389.43514944296885,375.4440014019763,376.0019226074219,45190319,ITC
2024-01-31,377.6756815444787,379.8215656350089,376.5598120240627,379.0061340332031,20648695,ITC
2024-02-01,379.3924432943424,384.3279609474678,377.07487624062026,380.1649475097656,19903526,ITC
2024-02-02,381.9675072297848,383.8558811611456,377.2465724013829,377.7615661621094,17816750,ITC
2024-02-05,379.39243172632115,380.8087120811852,374.71439748515684,376.0019226074219,12505666,ITC
2024-02-06,377.6757242063142,378.44822842023024,368.66299368578547,370.29388427734375,19487043,ITC
2024-02-07,373.3839399508634,373.3839399508634,369.7788478931724,370.63720703125,13376903,ITC
2024-02-08,373.8535172676072,373.9406548583127,356.07587448707574,361.2610168457031,50039587,ITC
2024-02-09,357.3829932206537,369.67049635392345,356.07581908789314,362.0888366699219,33527317,ITC
2024-02-12,363.8753311411971,364.2674916906546,353.8536253524433,354.55078125,11326971,ITC
2024-02-13,354.5943737512555,357.99304337034437,351.4571445057712,354.4636535644531,16207766,ITC
2024-02-14,353.810073006866,359.2566552825192,352.4157335824784,358.6466369628906,12618012,ITC
2024-02-15,359.91022136351324,361.2609781597971,351.3264100788086,351.9800109863281,21169031,ITC
2024-02-16,352.93863534518886,356.9037408495518,348.0584884974271,352.5900573730469,38963810,ITC
2024-02-19,352.93863831509657,359.6923952723139,352.59006034002135,356.6423034667969,17602580,ITC
2024-02-20,357.6880778097314,357.6880778097314,352.3286325610428,353.8972473144531,14626643,ITC
2024-02-21,354.6815166984585,357.3830304413687,349.714232381529,351.500732421875,20162369,ITC
2024-02-22,354.59440707535987,361.7839075496002,351.58789773413196,361.17388916015625,19321180,ITC
2024-02-23,362.43748384084563,362.43748384084563,357.7316394925289,358.5159606933594,11576964,ITC
2024-02-26,358.25450719886294,359.95384211966285,354.9429749478744,356.5987548828125,8289561,ITC
2024-02-27,357.2959138379061,359.69240474144175,356.0322944784666,358.2980651855469,8083518,ITC
2024-02-28,358.29802027340105,359.34378171395946,354.50721790803016,355.81439208984375,8949664,ITC
2024-02-29,356.42440777306143,358.21088006238347,352.50285763753504,354.07147216796875,15468800,ITC
2024-03-01,356.337315293301,360.04098051981117,355.11727854645085,356.86016845703125,12873024,ITC
2024-03-04,359.25666246476044,359.86668079658443,355.94513043216057,356.5115661621094,7103794,ITC
2024-03-05,356.9908877579181,358.5159474971022,352.0236031921604,353.9407958984375,10108373,ITC
2024-03-06,354.2457567606503,357.25226548806404,349.1913354908276,355.4222106933594,11534613,ITC
2024-03-07,355.422242231896,361.60956300525106,351.7621323177054,360.3895263671875,23907135,ITC
2024-03-11,363.22174052850943,364.52891467883273,355.552943164324,356.7729797363281,18298683,ITC
2024-03-12,354.24576177367277,354.24576177367277,348.01485886408307,352.45928955078125,36226074,ITC
2024-03-13,379.08222489894086,381.69657345167786,367.01260581088286,368.1454772949219,105525827,ITC
2024-03-14,367.7097716994342,370.8034184912404,364.2675193135294,365.7054138183594,31949569,ITC
2024-03-15,363.57038287805614,373.4613697646107,361.87104789588255,365.22613525390625,76074975,ITC
2024-03-18,365.13893424389084,366.6204111749259,363.3088793794741,363.7881774902344,16547358,ITC
2024-03-19,364.2675229533733,365.6182798826193,356.1630089967851,356.90374755859375,21803126,ITC
2024-03-20,357.2958991887677,363.09105972476596,356.9037386154801,362.26318359375,20364534,ITC
2024-03-21,365.138925930581,367.75327418086334,362.6988528335798,367.0997009277344,19968509,ITC
2024-03-22,367.0997346711346,374.419927016119,367.0997346711346,373.5049133300781,40358503,ITC
2024-03-26,370.8469775031,374.0277893005211,370.8469775031,372.6770324707031,10669833,ITC
2024-03-27,372.110596906979,373.76637683110386,371.63129873341626,372.9820556640625,12698464,ITC
2024-03-28,372.98202537113855,377.55714895063414,372.1105666848334,373.28704833984375,29009002,ITC
2024-04-01,373.94064999194785,375.9014252800758,371.02127836187066,371.84918212890625,9743648,ITC
2024-04-02,373.5920573017108,373.5920573017108,370.01911246222807,371.1084289550781,9194659,ITC
2024-04-03,371.23914520830874,373.679218545448,366.88187928309895,370.5419616699219,13152268,ITC
2024-04-04,370.84699479060345,372.4156094618312,365.9232929984776,368.40692138671875,19065447,ITC
2024-04-05,368.1890562257562,376.20643221522545,365.96684064487147,372.58990478515625,16768902,ITC
2024-04-08,373.24348736865613,375.94500116709133,372.76418920624536,373.9406433105469,8844633,ITC
2024-04-09,375.1171315326912,376.0321452699147,370.8470029815778,371.5441589355469,6967273,ITC
2024-04-10,373.24344743864197,381.52226312429957,371.0212320403527,380.7815246582031,14547618,ITC
2024-04-12,379.0822317625633,379.73583272202484,373.2434885876637,374.8121032714844,18785009,ITC
2024-04-15,372.9820325297619,373.9842114191919,368.5376290488552,371.1519775390625,9083087,ITC
2024-04-16,368.84262440452886,372.1105738267309,368.7990694216531,371.1519775390625,10357752,ITC
2024-04-18,371.23911220469597,372.02340563968835,363.9624754422312,365.0082092285156,22133191,ITC
2024-04-19,364.26748550568493,371.4569849814609,362.52459579138616,370.1498107910156,17221280,ITC
2024-04-22,372.1105692692811,372.63345000847283,368.92978508955906,370.6291198730469,7386048,ITC
2024-04-23,370.6291015967122,375.1606423832982,370.4547988192816,374.02777099609375,12484384,ITC
2024-04-24,374.0713222381474,375.42207898836284,373.2434461961144,373.7663269042969,6070285,ITC
2024-04-25,375.5963903762039,381.95798612312706,373.8534730548878,381.3044128417969,30337038,ITC
2024-04-26,382.78588270732047,386.31527251993987,380.30225439111325,383.4394836425781,15342965,ITC
2024-04-29,385.182412263794,385.5745452174713,378.7336507842141,381.8708801269531,12075706,ITC
2024-04-30,383.3959295035606,383.8752276853702,379.1693834588154,379.648681640625,12528665,ITC
2024-05-02,379.9536751869483,385.70525292282576,378.9514962957991,382.5680236816406,24123523,ITC
2024-05-03,383.48305142686223,383.48305142686223,375.9013913463709,380.3457946777344,23786388,ITC
2024-05-06,381.696586307185,383.8316643954197,377.6443431520748,378.8643798828125,10753860,ITC
2024-05-07,380.7379369964709,388.6681746430204,379.2564600839783,383.74444580078125,26969062,ITC
2024-05-08,384.52880137635015,387.5353104505702,381.87087026244257,384.3109436035156,10916481,ITC
2024-05-09,383.4830455341657,384.74663711557434,368.92977152540453,370.4548034667969,24314298,ITC
2024-05-10,371.6748545706709,380.2586660910364,371.6748545706709,377.6443176269531,14524604,ITC
2024-05-13,377.5571672805197,379.47438753102364,374.2892177623848,376.337158203125,7584217,ITC
2024-05-14,375.1606568754472,377.6007301404288,373.4613221101125,374.4635009765625,11423749,ITC
2024-05-15,375.3785050214278,377.5571378637732,371.89269799745216,372.8077392578125,7856433,ITC
2024-05-16,374.7249642167052,376.9907348358264,368.5376430939357,375.9885559082031,23911954,ITC
2024-05-17,376.8164487683138,381.260852290136,373.7663570890688,380.2151184082031,11894830,ITC
2024-05-21,379.9536900005545,380.91228632724113,377.5136165803025,378.9079284667969,11175153,ITC
2024-05-22,381.1301403386556,385.13882840102065,379.4308054819888,383.35235595703125,11036895,ITC
2024-05-23,384.65951888111425,387.70961053618345,380.4329731658347,384.6159362792969,27244733,ITC
2024-05-24,384.310951047624,385.5745427258716,379.34366668390487,380.1279602050781,13252938,ITC
2024-05-27,382.3937278342273,382.48086541430223,375.3349486138195,376.0321044921875,12282545,ITC
2024-05-28,376.5550294949917,376.90360747517,373.1999146503608,373.853515625,9668761,ITC
2024-05-29,370.80339947365115,376.8164451895943,370.80339947365115,375.5528259277344,10832067,ITC
2024-05-30,373.4177487640164,375.5527989564336,368.0583043647801,369.365478515625,21314885,ITC
2024-05-31,371.8927270015866,374.3328003943377,369.7140939893284,371.63128662109375,29300711,ITC
2024-06-03,378.2107495176925,378.99507062030193,373.54848835957597,375.0299377441406,16116836,ITC
2024-06-04,378.0819920118962,378.34825137293643,357.5359728112726,368.4967956542969,47791986,ITC
2024-06-05,374.5319094827672,386.95715897011706,371.0262361922414,381.8983154296875,28197030,ITC
2024-06-06,386.95717084482885,388.46592707633255,382.6083333908019,386.4246520996094,32318523,ITC
2024-06-07,382.8745928945324,391.97162873664547,382.60833352183147,389.7528381347656,29543660,ITC
2024-06-10,390.50726048759805,391.3947824225192,386.82407117924964,387.7559509277344,11872688,ITC
2024-06-11,387.844704269185,388.55471053198954,383.6289963758289,384.29461669921875,13158571,ITC
2024-06-12,382.120167291892,385.5370966440888,381.80952200825493,383.6733093261719,10751658,ITC
2024-06-13,387.7559089354638,387.7559089354638,381.4101826375395,381.8983154296875,9641349,ITC
2024-06-14,382.51958027789186,383.3183302481955,380.7889225262687,382.6527099609375,9572809,ITC
2024-06-18,384.29460735192566,385.3596448481991,380.0345417507453,380.5226745605469,14641141,ITC
2024-06-19,381.6320579972225,382.2976782837194,375.4638191590513,375.996337890625,11329972,ITC
2024-06-20,376.35137846118886,378.52578328491967,374.0882017547134,375.68572998046875,15147549,ITC
2024-06-21,377.1945010103919,377.46076039319195,371.47000866410593,372.40191650390625,26176371,ITC
2024-06-24,372.7569329212461,376.2626065784442,372.7569329212461,375.68572998046875,9723008,ITC
2024-06-25,375.4194705881807,376.30699251981656,372.5350594703304,375.68572998046875,10655609,ITC
2024-06-26,375.41943732662446,378.43700600124004,374.5763014110614,376.2625732421875,11511714,ITC
2024-06-27,376.2625936563807,379.19141874299106,373.7331857724581,377.7270202636719,38438054,ITC
2024-06-28,377.63823402627366,379.8570246308186,375.86321841942026,377.1057434082031,18554411,ITC
2024-07-01,378.3482763390493,381.8539498161556,376.8838497566948,380.7889404296875,13391362,ITC
2024-07-02,381.6320482400805,382.2089247658896,375.0200345853231,377.6382141113281,11177863,ITC
2024-07-03,378.1707597480842,381.32143008834834,377.63824099221983,380.123291015625,7435499,ITC
2024-07-04,381.6320763766379,382.9633451417158,379.0138966576025,380.7889404296875,9478861,ITC
2024-07-05,380.7445568579234,385.1821381877556,379.5020318353326,384.87152099609375,13427543,ITC
2024-07-08,386.20276307915896,394.5454064017364,384.871494397807,393.7022705078125,21311436,ITC
2024-07-09,397.25236004414035,403.8199883358948,394.0573037136591,401.68994140625,27489709,ITC
2024-07-10,402.66623127167867,404.1306579618595,396.27611822642035,400.6693420410156,12065662,ITC
2024-07-11,399.38239433526815,407.81380990765183,398.22861309156133,407.0594177246094,19556596,ITC
2024-07-12,407.0594255817072,411.1420037598132,404.5743755491234,407.4144287109375,19693114,ITC
2024-07-15,407.41441139257415,413.98203932408734,405.77249737770325,411.2751159667969,16876907,ITC
2024-07-16,411.3195010056231,414.24832611511465,409.5000993772223,413.18328857421875,13497253,ITC
2024-07-18,410.9201136086524,417.9314884137471,410.60946830322706,417.3545837402344,21907158,ITC
2024-07-19,418.0202585325393,425.47540879743394,416.6002178558093,421.1709289550781,25939326,ITC
2024-07-22,421.2152745186909,425.51972582046176,413.4495078011498,414.0707702636719,18762384,ITC
2024-07-23,414.0708177614114,441.45069893305146,413.9376880664591,436.8356018066406,56125835,ITC
2024-07-24,440.2081664220659,453.2102934707586,435.459967808962,438.4775085449219,43693692,ITC
2024-07-25,434.8830418921205,440.20814495659073,430.13484351054876,434.83868408203125,18567567,ITC
2024-07-26,438.47750808548517,449.438331919922,432.57552818447857,445.7107849121094,21534703,ITC
2024-07-29,448.63956258965953,449.2608250855603,438.47748921984754,440.2525329589844,12978187,ITC
2024-07-30,440.47441788326415,441.8056866583547,433.6849161895334,434.7943115234375,13891052,ITC
2024-07-31,437.0575231332439,441.93885174216354,435.32686514863167,439.6313171386719,11982586,ITC
2024-08-01,440.16375915500845,440.8737935243366,435.72617795456915,438.1668701171875,12114803,ITC
2024-08-02,430.26797086538403,443.2700690816439,430.26797086538403,434.08428955078125,22141163,ITC
2024-08-05,426.0522903769102,436.5693674354034,425.6085153542388,431.3330078125,25022076,ITC
2024-08-06,431.5548877403152,436.3918583538408,429.602356369564,431.5992736816406,14251363,ITC
2024-08-07,434.8830345877464,439.8531344481693,433.19676276137596,437.2349548339844,11320399,ITC
2024-08-08,438.4331345718136,441.98319394772153,437.1018376938733,439.0987548828125,21349889,ITC
2024-08-09,441.983233468581,441.983233468581,437.63439557704834,440.11944580078125,9556181,ITC
2024-08-12,436.65807241158785,443.75819086408256,436.65807241158785,438.9656066894531,9425644,ITC
2024-08-13,440.16377394612385,441.85007398597685,433.32991441946837,434.883056640625,8056478,ITC
2024-08-14,436.61372835771095,442.870739636552,434.7943266973262,436.8356018066406,9609981,ITC
2024-08-16,438.87688936925474,447.48579265284656,437.23497527546624,446.1101379394531,13643352,ITC
2024-08-19,447.97390175378985,452.01209380136623,443.40319097362044,445.04510498046875,10591508,ITC
2024-08-20,444.645738066525,446.7757849749655,441.7169411474016,442.6932067871094,6888634,ITC
2024-08-21,443.7581691815728,451.7458372103057,442.9150333209322,448.55078125,8801221,ITC
2024-08-22,450.72521402910553,451.3020905746001,445.0451079369473,447.7964172363281,8686423,ITC
2024-08-23,448.24020479089086,449.9264767710972,443.7138795067736,448.9058532714844,8195369,ITC
2024-08-26,449.0833064910477,450.8583502184477,445.53324716421866,448.8170471191406,8126402,ITC
2024-08-27,450.4589802075658,450.50336614741735,443.7582222004659,444.2907409667969,8260450,ITC
2024-08-28,444.11321976952377,445.79951979911414,440.65193221566744,441.3619384765625,8081932,ITC
2024-08-29,441.9832074702022,450.5921108617591,441.4063027627872,448.2845764160156,19389694,ITC
2024-08-30,445.4888768545288,451.87901762056,443.9357346345459,445.44451904296875,15523349,ITC
2024-09-02,447.30830387252314,455.20720087112886,446.6870413627012,452.6777648925781,16497266,ITC
2024-09-03,452.67773713088366,457.91409626795934,450.76959190714877,452.1008605957031,12481552,ITC
2024-09-04,443.7582030567318,452.677751368125,443.71384524676586,449.3939514160156,8739052,ITC
2024-09-05,451.16892857036277,454.31962669613625,450.0151755620247,453.6983642578125,11318636,ITC
2024-09-06,454.40842025952134,454.40842025952134,441.2288060631329,445.2669982910156,14245025,ITC
2024-09-09,445.5332646679885,454.98530397420916,444.06886619293823,454.1865539550781,14265060,ITC
2024-09-10,454.3196763029774,457.0709575777058,451.5239809612763,455.8284606933594,11332248,ITC
2024-09-11,455.29591008277583,461.06475973465473,454.3640023247519,456.4940490722656,15497555,ITC
2024-09-12,457.1597565673343,461.95234127279457,451.3465202280897,461.0648193359375,19085324,ITC
2024-09-13,461.06478122957145,461.50852809733834,454.4084094452432,456.0503234863281,9165077,ITC
2024-09-16,457.8697151318346,458.84598072220786,452.3671247017335,453.6096496582031,7821668,ITC
2024-09-17,453.56527143027444,455.78406201482926,449.30517775626555,450.636474609375,10889862,ITC
2024-09-18,450.72523863670733,454.76343093157726,448.2845745094767,450.2814636230469,5638729,ITC
2024-09-19,452.63337290269794,456.89346666395045,450.4145822727039,451.0802307128906,14461616,ITC
2024-09-20,454.4084053209533,459.15663177722325,450.8583460271267,456.5384521484375,24725118,ITC
2024-09-23,457.4703669208341,461.0204264871007,455.8284808966198,458.8016357421875,8105508,ITC
2024-09-24,458.8460194599906,459.5560257442093,456.3166115244718,457.2928771972656,7015487,ITC
2024-09-25,457.51473537232573,460.88730730174024,454.67468220228506,459.3341369628906,8802667,ITC
2024-09-26,459.4228656991907,464.83674061062754,458.8459891473696,463.94921875,16086557,ITC
2024-09-27,461.730441478933,469.0524337523458,461.730441478933,463.90484619140625,17916386,ITC
2024-09-30,462.0410428214885,465.3692286846989,456.2278070132723,459.86663818359375,10936940,ITC
2024-10-01,459.8666441244711,461.28665660969307,456.1834550969594,458.135986328125,5285319,ITC
2024-10-03,451.3464911442906,457.6922177343659,450.9471020792447,455.0740661621094,16481353,ITC
2024-10-04,452.63336905434744,459.15663932880176,445.1338612892048,446.9089050292969,18930962,ITC
2024-10-07,449.97085980040646,457.0266211371439,449.74898635096883,452.8109130859375,17114457,ITC
2024-10-08,452.63336638342724,454.8965429194943,449.08330705216247,450.81396484375,9868331,ITC
2024-10-09,452.4558677197935,452.4558677197935,435.37116365980967,436.3918151855469,24874940,ITC
2024-10-10,439.63128105582945,439.8975404359125,434.39492158878744,436.7024841308594,13292273,ITC
2024-10-11,437.5456162489988,438.38875219322694,432.57551620558445,433.2855224609375,14949380,ITC
2024-10-14,435.7705826929564,442.8707297967612,433.6849216890066,441.0513000488281,6970606,ITC
2024-10-15,441.98318067862937,443.2257056420901,438.8768682699775,442.4713134765625,8347216,ITC
2024-10-16,440.2081640936547,442.73760011362725,436.9687218016791,437.7231140136719,6939430,ITC
2024-10-17,439.3206155181232,439.3206155181232,433.10801882331054,433.9067687988281,7669729,ITC
2024-10-18,433.77368637573744,436.2587365756036,424.58790595263207,431.95428466796875,22616838,ITC
2024-10-21,431.95423781408044,432.7530159179544,423.65595210991864,429.247314453125,7680088,ITC
2024-10-22,429.2472911251276,433.46299859008997,426.71785539496267,427.6053771972656,12772970,ITC
2024-10-23,426.8954190593147,428.9366941192119,425.56415026999287,426.31854248046875,10553961,ITC
2024-10-24,427.7829319671288,428.1379350949523,417.13272562053703,418.6415100097656,13596626,ITC
2024-10-25,422.2803161165742,437.98936636836663,420.86030359535795,428.0491943359375,32154050,ITC
2024-10-28,427.73853932024565,431.24424086047924,422.45782216873073,429.6910705566406,8946214,ITC
2024-10-29,430.44547989302475,434.173055017219,427.1616797853139,433.06365966796875,7131161,ITC
2024-10-30,433.0636412897533,437.76748187143,431.7767303629288,436.2586975097656,6640080,ITC
2024-10-31,436.6581074335961,437.5456293433338,430.17922280768573,433.81805419921875,8111694,ITC
2024-11-01,435.7705850330851,436.74685069430546,434.26180060102746,435.1493225097656,1517892,ITC
2024-11-04,437.9449959595894,437.9449959595894,425.60851720016433,430.0904846191406,8754385,ITC
2024-11-05,428.6260890085853,430.48987661737266,423.3009855731891,426.1854248046875,7610046,ITC
2024-11-06,426.1853808967422,429.91295573028174,424.23284973478434,426.984130859375,11749720,ITC
2024-11-07,427.5610311124764,428.4041670029908,422.5465454495721,424.1440734863281,9267980,ITC
2024-11-08,424.14409199348466,426.62914196530926,421.21529515296464,424.2772216796875,6325023,ITC
2024-11-11,424.2772299880931,427.3391565747761,420.771556524025,423.30096435546875,5700343,ITC
2024-11-12,423.8778475255531,424.1884646983555,418.153355581329,419.6621398925781,5236095,ITC
2024-11-13,417.1771207432275,421.30405680700125,415.57959256886795,419.08526611328125,11548660,ITC
2024-11-14,418.1977517730254,419.7508939310638,410.254469103816,413.53826904296875,12087836,ITC
2024-11-18,413.58263748083095,415.1801655090349,410.0325783212632,414.0707702636719,8448573,ITC
2024-11-19,415.35772747288905,420.46092929422525,413.8045570792864,414.78082275390625,7121472,ITC
2024-11-21,409.14507908254996,411.8520025055283,404.17497910804383,405.7281494140625,20313155,ITC
2024-11-22,404.8849760938828,422.90155996145944,404.26371361127775,421.2596740722656,20214206,ITC
2024-11-25,425.1203780003654,427.96043122898016,419.26278403833174,423.1678466796875,14427013,ITC
2024-11-26,426.0078743501634,428.35979460750633,420.7715432250395,423.3453369140625,6791715,ITC
2024-11-27,423.78909717178095,426.0966596925035,419.79529089140067,423.30096435546875,7339184,ITC
2024-11-28,423.34532426600987,429.3804333184387,417.62083238305877,421.4815368652344,14967609,ITC
2024-11-29,419.97274538658377,425.0315887798811,419.4402266731938,423.1234436035156,8668142,ITC
2024-12-02,422.45784823353785,425.38664526883133,420.15031373251634,423.5228576660156,5689595,ITC
2024-12-03,413.5826685185779,420.150296739833,410.69822941298054,419.3959045410156,23073942,ITC
2024-12-04,421.0378138404822,424.41035759923045,413.93766694127874,414.5589294433594,13957078,ITC
2024-12-05,414.9583263692382,419.57339521958045,410.4763590816044,414.9139404296875,27432375,ITC
2024-12-06,417.1327602081297,421.52598405116026,415.0914850218942,418.1534118652344,7842234,ITC
2024-12-09,418.4639618565727,418.9077368278381,410.8757108172056,412.6507263183594,12154116,ITC
2024-12-10,413.0057997049072,413.9820653621883,410.5651074337324,413.09454345703125,9163636,ITC
2024-12-11,414.6476805538857,415.5352024480384,412.4288898824899,412.9170227050781,7005617,ITC
2024-12-12,413.13893783213524,415.2689566944341,407.5031890897079,408.79010009765625,13380617,ITC
2024-12-13,408.2575584671943,421.0378115655174,400.84679442097826,417.1327209472656,32976794,ITC
2024-12-16,417.35459575232846,421.0378129462512,415.3577066901408,417.2214660644531,9354160,ITC
2024-12-17,417.1327264699478,422.2803140258282,410.96448733951416,416.73333740234375,20608409,ITC
2024-12-18,419.5290388678347,420.5053045175723,414.38142310888753,417.5765075683594,12841386,ITC
2024-12-19,416.24517481851433,420.99340109521216,412.9613750183089,414.0707702636719,15161531,ITC
2024-12-20,414.02640741203714,414.8695714730185,407.63629494293747,412.384521484375,20231570,ITC
2024-12-23,418.19777009680405,423.96662024396306,415.00268563723716,420.9046936035156,19562956,ITC
2024-12-24,421.4815623327857,426.22976080207064,419.48464513072406,424.6322326660156,12009880,ITC
2024-12-26,426.49602063096154,427.64980189132285,422.4578284116542,423.30096435546875,9188830,ITC
2024-12-27,425.78600188340243,427.69417528170976,422.4578160167487,424.7653503417969,16906420,ITC
2024-12-30,426.67352277317383,427.2947852586601,422.457815059372,423.3453369140625,13578360,ITC
2024-12-31,424.6322177071176,430.1348363036615,421.1709021796047,429.247314453125,13787501,ITC
2025-01-01,431.3329818602233,432.08737403819936,427.9160522183077,429.5135803222656,18931186,ITC
2025-01-02,430.75614723421285,434.8830835178147,428.04922356880445,434.0399475097656,27131131,ITC
2025-01-03,435.104912655584,435.7705610825458,425.8747471935482,427.42791748046875,38500784,ITC
2025-01-06,419.92534197219254,425.5937753688359,406.698978628043,407.9893493652344,22009958,ITC
2025-01-07,410.6161621050003,412.5517321310893,405.6850757448119,406.5606994628906,14294780,ITC
2025-01-08,408.3119532648956,416.6533035871767,402.8739441630344,414.34906005859375,13482926,ITC
2025-01-09,414.21078814534843,424.57988345002826,411.1230963623607,414.8559875488281,19732649,ITC
2025-01-10,414.71772931211405,416.60719760759747,407.8510728791192,410.0631408691406,9145729,ITC
2025-01-13,400.93834065834005,409.2336166719609,400.93834065834005,404.67120361328125,17799607,ITC
2025-01-14,406.468548826272,406.9293975210864,401.72181289527845,402.4130859375,18048459,ITC
2025-01-15,402.4130665906223,407.2058759094838,401.2609449089771,403.1043395996094,9786805,ITC
2025-01-16,403.74953568775027,405.0399345529054,397.34375562074734,398.95672607421875,15774070,ITC
2025-01-17,399.09496873161544,407.20589448929087,398.63412003792996,405.731201171875,11270061,ITC
2025-01-20,404.6251362205085,406.65288163954455,401.86004417344355,403.42694091796875,8742771,ITC
2025-01-21,403.7034408317465,411.99871701322076,401.16877310962934,403.2886657714844,15686500,ITC
2025-01-22,405.4546856664066,407.3441822366401,402.3669937124915,402.7817687988281,9619648,ITC
2025-01-23,400.9383635063573,407.2519962354426,400.10884148331786,405.731201171875,8888248,ITC
2025-01-24,404.99380003866463,410.1553106977586,404.6712003484769,407.02154541015625,9665384,ITC
2025-01-27,406.28420939984284,410.1553497951661,402.36699538494514,405.6390380859375,10480203,ITC
2025-01-28,405.5468305521421,407.205874516849,400.47749517024033,401.3531188964844,20813072,ITC
2025-01-29,401.81396017503766,403.24257977791996,396.4220251969846,399.41754150390625,15158510,ITC
2025-01-30,399.09492995439433,403.7034164434751,397.666310393967,402.04437255859375,22496695,ITC
2025-01-31,402.32089335691995,413.10476360530413,401.0305226922514,412.4595642089844,13546181,ITC
2025-02-01,412.92042997358686,434.5803185994335,405.1320757909766,426.33111572265625,30393007,ITC
2025-02-03,425.8242034381593,428.77364640147414,416.88372730958895,418.7732238769531,16991730,ITC
2025-02-04,422.13740225440523,424.30339673436174,413.61170144468196,419.51055908203125,18923681,ITC
2025-02-05,419.51056712020244,420.1557665531382,411.5378902142114,413.0586853027344,12836283,ITC
2025-02-06,414.7638001060609,414.7638001060609,403.8877828211345,406.5606994628906,17469129,ITC
2025-02-07,405.5468369559543,410.6161724179037,394.8551419924304,397.1133117675781,18875982,ITC
2025-02-10,393.5647947742935,399.37147721649563,393.1039460684688,393.7491455078125,12227140,ITC
2025-02-11,395.22381215861816,396.83678252001545,384.8086433619268,385.5459899902344,14288751,ITC
2025-02-12,386.80994975406657,387.4185038147077,381.61379694988227,383.76715087890625,13884574,ITC
2025-02-13,383.81395645691885,387.55893945511997,382.92451156606495,383.57989501953125,12989029,ITC
2025-02-14,385.4992173663877,389.6655227047761,382.3627881470121,384.0948486328125,14124236,ITC
2025-02-17,383.6735266720701,385.1715257026187,380.8179883419268,382.550048828125,11975265,ITC
2025-02-18,381.98828064755554,384.6565868517638,378.243297503952,379.4136047363281,12998403,ITC
2025-02-19,378.99226598682156,382.73724896523663,378.7114036922215,380.4902648925781,7079032,ITC
2025-02-20,374.45150926845105,378.1496629377972,370.940587610997,376.4176025390625,15355585,ITC
2025-02-21,376.41761935814907,377.54112576751635,373.7493416368229,375.3409423828125,8240986,ITC
2025-02-24,374.49832980990334,377.6815598988965,373.3280225292474,376.2771911621094,7037625,ITC
2025-02-25,376.3708172507043,381.05204632098673,374.96644852961964,379.03912353515625,15760891,ITC
2025-02-27,379.03910612899966,380.5839059368619,374.0301855394252,375.9963073730469,19051003,ITC
2025-02-28,373.5620607013944,376.8389208829856,367.1956009202271,369.81707763671875,31954776,ITC
2025-03-03,370.70656259549924,373.56210106205316,366.25939472571287,372.1109313964844,10702826,ITC
2025-03-04,370.19155946983375,371.8768189431307,367.80414426427035,369.6766357421875,13404774,ITC
2025-03-05,369.3489671413712,386.435452947024,369.3489671413712,379.2263488769531,15665018,ITC
2025-03-06,383.0649304920634,383.57988278105773,375.013211588438,379.83489990234375,17869996,ITC
2025-03-07,377.8219664714748,379.97534887092377,376.0899346663798,378.149658203125,11180761,ITC
2025-03-10,375.48135271072846,380.9115952921479,374.8727986777293,379.1795349121094,9785018,ITC
2025-03-11,375.9027032097249,382.36279376469145,375.6218408876654,380.3030700683594,11099475,ITC
2025-03-12,380.4903129094051,386.9504036480261,378.24332855318335,386.1077880859375,13844306,ITC
2025-03-13,386.66953531662665,387.98027378974945,382.17556667393245,385.78009033203125,8196569,ITC
2025-03-17,386.66952781576737,389.7123267634701,381.052052835393,381.9414978027344,5257805,ITC
2025-03-18,383.8607734546159,385.6864641717792,381.7542204295601,383.0181579589844,13861897,ITC
2025-03-19,383.8607709374216,384.56295527450226,376.9325578592833,377.3538513183594,12830387,ITC
2025-03-20,379.17954934766647,380.72434920469203,376.27718165061447,378.1965026855469,16994037,ITC
2025-03-21,380.06900971850354,381.5201793399715,376.08996490330134,379.6944885253906,25302035,ITC
2025-03-24,381.05201646627233,386.5290597637776,379.74127814367813,384.703369140625,14362572,ITC
2025-03-25,385.73324448631945,388.77604313821394,382.6436449762537,383.6734924316406,20338110,ITC
2025-03-26,384.1416074375026,384.9842514429551,380.34982370077415,381.37969970703125,13891436,ITC
2025-03-27,381.98825745938433,384.51613235664644,379.78807428168614,383.3458251953125,18642328,ITC
2025-03-28,384.70338591875066,389.10375252075136,382.12871001952664,383.626708984375,12981873,ITC
2025-04-01,383.67353391685737,387.9802704965241,379.74131853086607,380.724365234375,15206240,ITC
2025-04-02,381.0988219723193,383.8607583698592,380.1625762201977,382.9713134765625,8001323,ITC
2025-04-03,381.09882796400086,384.0480249871138,380.77116480316903,383.29901123046875,7059566,ITC
2025-04-04,381.52014294173955,386.4822339855749,378.7114056930887,383.57989501953125,18627592,ITC
2025-04-07,365.2762657499408,382.08188802784315,365.2762657499408,380.1625671386719,26762866,ITC
2025-04-08,385.6396149281719,389.29096760296807,381.28607794776286,386.2481689453125,18600796,ITC
2025-04-09,386.66949469252165,392.3337700503985,385.0310646302652,389.75909423828125,21785572,ITC
2025-04-11,393.2232079835811,395.51702145893296,390.4144707836984,394.67437744140625,8939356,ITC
2025-04-15,401.8366972313636,401.8366972313636,392.2869789172459,393.59771728515625,11685880,ITC
2025-04-16,391.35075980822495,398.8875273661801,391.35075980822495,397.3895568847656,13034594,ITC
2025-04-17,397.90449415891055,400.57280059883806,394.67443448342624,400.01104736328125,22410217,ITC
2025-04-21,400.76000152305585,401.7430767519647,394.6276029884348,395.89154052734375,27388236,ITC
2025-04-22,398.7939022404639,407.0796545529523,396.5468895062768,405.9561767578125,32031936,ITC
2025-04-23,408.39042088422286,409.5607281098517,401.5090086831345,403.3815002441406,19566317,ITC
2025-04-24,404.317736314244,408.2499513547456,401.9302924881275,402.6324768066406,26064089,ITC
2025-04-25,402.63249298157206,405.11356719755287,396.3128338610747,400.52593994140625,22944377,ITC
2025-04-28,399.4492659595311,403.05381801388353,397.6704046490059,401.4621887207031,6287095,ITC
2025-04-29,401.5558052623093,402.21118873045583,397.90445247166593,398.8406982421875,11189930,ITC
2025-04-30,400.1514719800394,401.93033338689156,395.0957500866863,398.6534729003906,10026546,ITC
2025-05-02,397.06183232395665,403.990045229964,397.06183232395665,402.1175537109375,9263372,ITC
2025-05-05,402.8197624517931,410.5437904360518,401.9771469315377,409.0926208496094,11525305,ITC
2025-05-06,409.60755115118997,411.6204739738847,405.3944449107777,407.7818603515625,15026568,ITC
2025-05-07,405.76890647461266,407.2669054042834,402.30481430744925,403.662353515625,9710361,ITC
2025-05-08,401.6494314878609,403.9900458904708,396.54688066139005,403.1474304199219,19937960,ITC
2025-05-09,398.7939183424925,401.7898878224534,396.031981745509,396.5469055175781,8226512,ITC
2025-05-12,402.1175715800131,408.3904298762828,400.85363403411344,407.73504638671875,8031891,ITC
2025-05-13,407.1733194186355,410.0288864391506,398.2321828708248,400.6195983886719,14976369,ITC
2025-05-14,399.8705809376595,404.3177484214116,398.74707456561424,401.7430725097656,9557309,ITC
2025-05-15,401.7430807633696,407.64141790790075,398.8407130525867,405.0667419433594,24263510,ITC
2025-05-16,407.17328847071144,408.3904251412249,404.5518116867584,407.92230224609375,16402035,ITC
2025-05-19,407.266912756039,410.54377297361634,405.0667294669892,407.5946044921875,7543854,ITC
2025-05-20,409.13940063587995,412.69712312567145,405.30078727250276,407.17327880859375,9868414,ITC
2025-05-21,408.7649303606408,410.2629293856914,404.4581938781033,405.3944396972656,5776672,ITC
2025-05-22,405.3944162358384,405.3944162358384,395.9383282951614,398.934326171875,19451749,ITC
2025-05-23,406.3306853522196,411.01191444613914,401.6494562583,408.4840393066406,18536884,ITC
2025-05-26,410.3097014858526,415.27179255079653,408.90533285555307,414.6632385253906,13107662,ITC
2025-05-27,414.6632418792466,415.88037851185567,403.38149188670627,406.2370300292969,26986022,ITC
2025-05-28,398.2753781298962,402.9475037342144,393.79393430833676,400.65911865234375,431851622,ITC
2025-05-29,402.37538231693094,403.1381676108757,397.22650883681956,399.2765197753906,21478547,ITC
2025-05-30,399.61025828083166,400.5160622005545,397.03580693342064,398.60906982421875,30656239,ITC
2025-06-02,398.8474376645607,400.8974777159352,395.2718270145734,399.8009338378906,14973380,ITC
2025-06-03,399.5149278857097,402.0893793944988,396.32070963544066,397.5602722167969,13216486,ITC
2025-06-04,397.7509287646849,399.5149025311001,396.60675079881145,397.60791015625,12598933,ITC
2025-06-05,399.0381564747108,401.37423378518696,396.4160419459044,399.6102600097656,13212523,ITC
2025-06-06,400.7544518057209,401.7079480309055,399.5149183523392,401.4695739746094,8774988,ITC
2025-06-09,402.375397024289,403.9009967663349,400.94515272206996,403.3765563964844,10473123,ITC
2025-06-10,404.75914276623337,408.62079079284285,403.3765616168375,407.14288330078125,13041075,ITC
2025-06-11,408.0963712404173,408.1917266795449,405.09286404746234,406.3323974609375,20789182,ITC
2025-06-12,407.14288279336307,407.3335936752473,400.03932436990533,401.4219055175781,18508835,ITC
2025-06-13,395.70092072544685,399.8486349912841,394.27067643366814,394.6520690917969,17873926,ITC
2025-06-16,395.65324319318955,399.4195355657901,394.0322880819885,398.7521057128906,7006629,ITC
2025-06-17,398.65677784510535,399.5625818006199,396.3683927227586,397.98931884765625,9028406,ITC
2025-06-18,397.6079031209599,398.99048420762057,395.60555534311806,396.5590515136719,8036215,ITC
2025-06-19,396.3206894558478,398.799785393935,395.51021186668925,396.6544189453125,12601006,ITC
2025-06-20,396.6544118043789,399.9916484421562,396.6544118043789,399.0858154296875,13203184,ITC
2025-06-23,397.60791311448514,398.08466121174473,392.6020580932596,394.6520690917969,14839890,ITC
2025-06-24,397.5125498490303,401.0881605080796,394.5090427151077,395.0811462402344,16690068,ITC
2025-06-25,397.035822351589,398.7044407456806,395.7962888981935,396.9881591796875,9946718,ITC
2025-06-26,397.7986102268212,401.32652856542074,396.89277723401676,400.7544250488281,13703918,ITC
2025-06-27,401.4218740876709,402.3753702256464,398.3706748067923,399.18115234375,21409935,ITC
2025-06-30,400.27768502039476,401.1835180314217,396.46370029757674,397.08349609375,12317124,ITC
2025-07-01,397.60790154563335,399.3718752738479,395.6055537757248,395.7962646484375,13670465,ITC
2025-07-02,397.5125694765953,397.5125694765953,392.55440657693595,393.74627685546875,15990899,ITC
2025-07-03,394.7474217316605,396.65441410717574,392.125307215327,394.1276550292969,14185298,ITC
2025-07-04,395.60555949045533,395.70091492818915,392.60205234140216,393.3648376464844,8256733,ITC
2025-07-07,393.79391720822565,397.79861275139564,392.8404210406513,396.79742431640625,6845218,ITC
2025-07-08,396.7974260625579,398.6567552368677,395.3671818049024,397.7986145019531,6807192,ITC
2025-07-09,396.84513753591426,400.7544487506528,396.13001537247743,399.9440002441406,9930533,ITC
2025-07-10,400.75444928229246,400.75444928229246,397.0358198471668,397.46490478515625,6220360,ITC
2025-07-11,397.6079166905238,398.6090760644153,396.1776723858816,397.4172058105469,8578844,ITC
2025-07-14,397.6555490287378,400.42071108202924,397.1788009641555,399.8962707519531,6896989,ITC
2025-07-15,401.3265266149538,402.75677085028747,399.5148897365432,402.4707336425781,8532755,ITC
2025-07-16,402.4707213505022,405.6649391982031,400.7544108614845,404.8544616699219,9780773,ITC
2025-07-17,405.99865531946784,406.0940107556235,403.3288776974709,404.2347106933594,7240795,ITC
2025-07-18,405.4265924462953,405.4265924462953,400.56375604779373,403.09051513671875,6730256,ITC
2025-07-21,402.3753881438521,403.09051027917883,398.9427960746048,400.5637512207031,4822343,ITC
2025-07-22,400.5637591824813,400.8497964029397,395.8916336251602,396.6544189453125,9869507,ITC
2025-07-23,397.7032702848046,398.46605560438246,394.74742624924966,395.65325927734375,12196187,ITC
2025-07-24,396.5113943772586,396.5113943772586,390.4090246125477,390.8857727050781,9005157,ITC
2025-07-25,390.93343164953177,391.1718056932205,388.7880652563331,390.361328125,5824089,ITC
2025-07-28,391.69621446262005,391.74390673009134,389.5985403505162,390.83807373046875,8123337,ITC
2025-07-29,390.9334127310859,392.2683014914648,389.02642047386115,389.45550537109375,6811772,ITC
2025-07-30,389.979938885481,390.26597610105154,386.8810762904252,388.6450500488281,10915863,ITC
2025-07-31,387.07180823457605,394.7474412869076,386.6903864618624,392.79278564453125,19364174,ITC
2025-08-01,393.22181910286025,399.8486291981142,392.6497155747587,397.08349609375,14324065,ITC
2025-08-04,400.6591229390907,402.85215260384814,395.79628640159,397.46490478515625,18352458,ITC
2025-08-05,397.798622737676,398.5137448813091,393.7939270939727,394.89044189453125,8495104,ITC
2025-08-06,394.8904345378628,395.700912105227,391.4101793233631,392.8404235839844,9080543,ITC
2025-08-07,392.84042811675334,395.4625426248142,392.5066986324122,394.36602783203125,11514878,ITC
2025-08-08,394.6520785787631,396.03465973340934,393.74627463123227,395.22418212890625,9814361,ITC
2025-08-11,395.22418285040254,397.6079233983543,394.74743474081214,397.46490478515625,8514272,ITC
2025-08-12,397.6079259063852,400.2777036975735,395.9869706841952,396.9881591796875,13635738,ITC
2025-08-13,397.79861741128474,398.08465462555023,394.3660253481281,394.8427734375,10874910,ITC
2025-08-14,394.98578714952254,395.7485724437067,391.8869246070097,392.3160095214844,9580361,ITC
2025-08-18,393.79392311853456,394.4613820852118,386.02293505585004,387.4054870605469,30950814,ITC
2025-08-19,387.45320272429717,390.36135461529216,385.68922886161675,390.0753173828125,16681331,ITC
2025-08-20,390.07529508093324,391.17180987394187,386.5950398255606,387.1671142578125,18188129,ITC
2025-08-21,387.16711674788274,387.9299311597819,384.59269449100873,386.69036865234375,15028966,ITC
2025-08-22,387.1194592741643,387.5962073767187,379.0147415307397,379.77752685546875,13087624,ITC
2025-08-25,380.44498754804886,381.92289503325094,377.82287297221643,380.7787170410156,10440286,ITC
2025-08-26,380.7310049784415,386.5473373730478,379.87286425427845,384.5926818847656,13715752,ITC
2025-08-28,385.6892144680879,385.6892144680879,381.39848155064317,382.2566223144531,12471719,ITC
2025-08-29,383.3054728016321,391.3625273394323,383.21011736185324,390.695068359375,25255050,ITC
2025-09-01,390.69506980769,391.12415473908817,386.1659628361549,386.9764404296875,12268090,ITC
2025-09-02,387.6438838396435,388.88344640782555,385.6415650189729,387.8345947265625,19808255,ITC
2025-09-03,389.50321848347613,394.0323256751445,388.35901134306454,392.6020812988281,12936588,ITC
2025-09-04,404.2347131456668,407.1428648264985,395.7009107798522,396.5590515136719,27274123,ITC
2025-09-05,397.5125541844266,397.60790962272006,385.59385185760647,388.40667724609375,16000675,ITC
2025-09-08,388.5020552463618,391.4578703163545,387.88225941065747,388.5973815917969,7419022,ITC
2025-09-09,389.5032021316832,391.8392794876205,388.4543504800707,390.9811096191406,8825896,ITC
2025-09-10,391.8869277335158,394.46137904411546,389.9322722150785,393.8415832519531,9252397,ITC
2025-09-11,393.8416037431192,397.32188823995943,393.26952928734954,395.74859619140625,8274406,ITC
2025-09-12,396.0346635028067,397.65558962884535,393.65092293651844,394.5090637207031,7803379,ITC
2025-09-15,393.8415671951324,395.0334373647078,392.60203385813116,393.4601745605469,5707331,ITC
2025-09-16,393.98463766531836,395.0811524650244,392.84043059703714,393.8892822265625,8239087,ITC
2025-09-17,394.6997719127026,395.31953863603036,389.0741209359244,390.2659912109375,14113882,ITC
2025-09-18,392.22066465605855,393.84159072448466,391.02879441527705,392.4113464355469,15647808,ITC
2025-09-19,392.4113634471354,393.4125519518315,389.9322965175544,391.55322265625,19505321,ITC
2025-09-22,391.5532176336283,391.8869471309128,387.16712919399254,388.0252990722656,8930779,ITC
2025-09-23,388.16830584530703,389.1218020379517,383.4008248820839,384.4496765136719,14936357,ITC
2025-09-24,384.4496930997698,385.83224517971445,382.06595251531786,382.35198974609375,12380865,ITC
2025-09-25,382.7810611389299,384.2589686096089,379.4914876094897,381.49383544921875,22006368,ITC
2025-09-26,381.4938409525902,387.02410735314936,381.2077746294194,386.2613220214844,14414044,ITC
2025-09-29,387.97758033993085,389.02643193197514,384.44966201919163,388.3113098144531,19717660,ITC
2025-09-30,387.83459589952565,387.83459589952565,381.77988895148263,382.87640380859375,9465490,ITC
2025-10-01,383.6392049522153,387.1194602903188,381.16010899274613,386.7380676269531,17643039,ITC
2025-10-03,386.0706081822361,386.6427117258004,383.5915122257209,385.4985046386719,16987141,ITC
2025-10-06,384.25895278749806,385.1170935125061,381.20775343369894,382.11358642578125,13989077,ITC
2025-10-07,383.78224573811093,383.8776011840606,380.92175695000077,381.2077941894531,12298968,ITC
2025-10-08,381.3984692581301,383.0670875611344,379.4914769118394,381.16009521484375,8402463,ITC
2025-10-09,380.4449903284688,382.73337542805876,380.3973271570088,381.3031311035156,15656267,ITC
2025-10-10,381.82754463251206,385.0694257205041,380.9217116513056,384.0682373046875,15085738,ITC
2025-10-13,381.3984717438948,382.3043047536442,380.0158906444655,380.683349609375,9508594,ITC
2025-10-14,381.3984895951822,382.20896720525104,377.7752155833861,378.3472900390625,10291102,ITC
2025-10-15,379.49149411210675,382.20896414841775,378.7763719498352,381.3031311035156,16043867,ITC
2025-10-16,382.35195675188714,387.11943750939196,380.9693756928534,386.3089599609375,22962049,ITC
2025-10-17,386.49969684539326,394.6044146786696,386.4043414041463,392.98345947265625,21071344,ITC
2025-10-20,393.3648351646861,395.5578938251509,392.17296494651845,393.8415832519531,13083621,ITC
2025-10-21,394.27067613010945,394.6997610566706,393.1741613269356,393.6509094238281,1142130,ITC
2025-10-23,396.65441365825745,400.89748332833454,394.3183363615374,396.60675048828125,24305990,ITC
2025-10-24,396.6067573166322,398.5137497228218,394.22301680889524,397.4172058105469,14935678,ITC
2025-10-27,397.60791001997336,403.0428499257912,397.22651736481293,401.0881652832031,11603679,ITC
2025-10-28,400.9451604443985,402.04167527754,396.559072013437,398.466064453125,17163147,ITC
2025-10-29,398.7521371748908,402.56612211545064,396.7020969906232,401.9940185546875,11470661,ITC
2025-10-30,401.9939896699586,402.08934510630013,396.7974239224796,399.2765197753906,12938674,ITC
2025-10-31,400.9451426303807,406.5707642578344,398.7521130615341,400.8021240234375,18599864,ITC
2025-11-03,400.42074533071906,402.041671429904,394.07997225072296,394.69976806640625,7635440,ITC
2025-11-04,394.7474188614159,395.22416695182824,389.36017125943533,389.88458251953125,10085404,ITC
2025-11-06,390.9334537061446,394.0799796210065,387.64388007828336,388.5497131347656,10095563,ITC
2025-11-07,387.1671242550703,390.0753051532848,384.3543278958865,385.2601318359375,8411611,ITC
2025-11-10,385.26012436572665,388.1683052075514,384.8787317089743,386.69036865234375,6650003,ITC
2025-11-11,387.11945405752516,389.07410961230016,385.7845652080402,387.929931640625,12005318,ITC
2025-11-12,389.0264331714527,389.1217886071048,386.6903559407471,388.07293701171875,7987236,ITC
2025-11-13,388.0729379121885,388.5496859931617,385.6891975073225,386.8334045410156,6617185,ITC
2025-11-14,385.87991971501265,389.74156764498133,381.49383142153096,389.1694641113281,64020258,ITC
2025-11-17,390.69506352506284,392.8404299507648,387.1194528155595,388.1683044433594,7855399,ITC
2025-11-18,389.26482550088946,390.74273297855876,385.73687790475674,386.9764404296875,7661681,ITC
2025-11-19,386.0229487699935,386.6903786619881,384.06826406864894,384.78338623046875,7882450,ITC
2025-11-20,384.78336574606783,388.07293915467255,384.49732853592553,386.59503173828125,6693410,ITC
2025-11-21,386.1659529187517,389.5031895489138,385.8799157040955,388.8834228515625,5808131,ITC
2025-11-24,389.40784869658233,389.78924136320717,384.1159563384741,384.78338623046875,11037491,ITC
2025-11-25,384.7834000881633,385.6892331651161,381.49385548435896,382.1612854003906,8199785,ITC
2025-11-26,382.3519887554517,385.16481427717554,382.3043255832445,383.5915222167969,11443953,ITC
2025-11-27,384.7357193128495,387.07179665807234,383.40083044346284,385.4985046386719,8679529,ITC
2025-11-28,385.4984993519528,386.1659583266901,383.782217843192,385.4508361816406,6883500,ITC
2025-12-01,384.0682550618539,386.6427064233897,379.6821958509331,385.4508361816406,13442658,ITC
2025-12-02,385.45084717768543,386.64271745343586,381.8752363504342,382.3043212890625,8093808,ITC
2025-12-03,383.01942065902773,383.49616874095415,380.3019507723685,381.8752136230469,10772192,ITC
2025-12-04,381.493813935015,384.7833581805478,380.49262552241476,384.3066101074219,8057989,ITC
2025-12-05,384.3066201289768,386.49967878158014,383.3054607886625,386.1182861328125,4419747,ITC
2025-12-08,386.11831050848593,386.40434773852076,381.92290381200377,383.5915222167969,6056866,ITC
2025-12-09,383.305460687225,385.68920111438433,381.39846834549746,382.3996276855469,9426717,ITC
2025-12-10,382.447322017598,385.5938477590759,382.35196658031816,384.4019775390625,6969146,ITC
2025-12-11,384.40200931761535,385.2124869539056,382.4473536345593,384.16363525390625,6980147,ITC
2025-12-12,384.1636131699276,385.21246480963276,381.2554613992128,381.49383544921875,12407516,ITC
2025-12-15,381.49384796695153,384.5927107187102,380.9217444084862,383.5915222167969,7756564,ITC
2025-12-16,382.7333428800691,386.8810568881978,382.39961341304394,383.0194091796875,12347384,ITC
2025-12-17,382.35200134405585,384.35434931541226,380.54036426459874,381.2077941894531,8087490,ITC
2025-12-18,381.3984840446188,383.2578132936943,381.2554654327811,381.7798767089844,7227668,ITC
2025-12-19,381.63684238821344,383.92522737860764,381.63684238821344,382.3996276855469,10654835,ITC
2025-12-22,382.92407926981116,384.87873483805475,382.5426866099581,383.9729309082031,6847871,ITC
2025-12-23,383.78221492360865,389.8845846952617,383.114755953949,388.40667724609375,10081997,ITC
2025-12-24,388.9787845212552,390.45669198464753,386.7857258129762,387.6915588378906,5777430,ITC
2025-12-26,387.5961905544338,388.2159572411766,385.0694315402398,385.35546875,3152453,ITC
2025-12-29,385.30780773012765,385.97523758942174,382.7810487018413,383.8775634765625,6647710,ITC
2025-12-30,384.258966100121,384.6880510266874,381.68451473751173,381.9705810546875,12340527,ITC
2025-12-31,382.4473351908261,384.97409432460887,382.2089611386127,384.25897216796875,9945109,ITC
2026-01-01,383.9729288975114,383.9729288975114,345.833081144032,346.9295959472656,282626710,ITC
2026-01-02,343.258630577141,343.258630577141,329.19456168543866,333.7713317871094,118790358,ITC
2026-01-05,333.91437015500077,337.4899807901625,329.9573377733733,333.4376220703125,48358124,ITC
2026-01-06,333.96207009159815,334.39115505441515,322.04336666220496,326.5248107910156,72582738,ITC
2026-01-07,327.0491724258814,328.52707978728273,323.52122510729475,325.38055419921875,29440734,ITC
2026-01-08,325.61894801457146,329.0992032790893,323.2828707159584,325.0468444824219,36706319,ITC
2026-01-09,325.04683249490375,325.1421879298111,320.47006260328425,321.4712219238281,35193201,ITC
2026-01-12,322.52006733707344,323.71193750461623,320.1839901693325,322.6630859375,16156143,ITC
2026-01-13,323.23521493145626,323.71196303607496,318.18169666185645,319.13519287109375,24922339,ITC
2026-01-14,320.37473160941005,320.37473160941005,317.9433278749468,319.182861328125,14913422,ITC
2026-01-15,319.182861328125,319.182861328125,319.182861328125,319.182861328125,0,ITC
2026-01-16,321.8049675143545,321.8049675143545,313.2711648846159,313.8909606933594,30526898,ITC
2026-01-19,314.65372624927437,319.0874774812901,312.07927503151404,317.7049255371094,15507440,ITC
2026-01-20,318.5153888891398,318.9444738116522,310.3630081485584,311.12579345703125,18771011,ITC
2026-01-21,310.8397584229455,313.9862842154765,309.2664955266801,309.64788818359375,14177965,ITC
2026-01-22,310.9351259007337,313.4142219142513,306.1199524882791,309.7432556152344,18622852,ITC
2026-01-23,310.41069841240886,311.2211760598996,307.6932573272881,308.3606872558594,11950089,ITC
2026-01-27,308.551391551435,309.6002432435028,303.06878812758583,303.8315734863281,47847784,ITC
2026-01-28,305.07112352260765,308.64673430417406,304.499019977878,306.2153015136719,28400238,ITC
2026-01-29,307.5978899534603,307.5978899534603,303.25946464318696,303.7839050292969,17719420,ITC
2026-01-30,303.9745746586993,310.02928130332384,301.7338818840886,307.1687927246094,41975824,ITC
2026-02-02,295.0593918522917,300.7326764202941,287.9558339773994,300.06524658203125,35227572,ITC
2026-02-03,306.26298563884325,309.64788544935533,297.1094164617701,301.924560546875,33168353,ITC
2026-02-04,304.2122558533025,306.5972918224836,303.09276069340797,305.5264587402344,11196759,ITC
2026-02-05,305.62381368471375,306.98667865411124,301.09711153502366,301.9732666015625,15816704,ITC
2026-02-06,301.7785557148148,319.0091496502099,300.12362917115206,317.1595153808594,68057745,ITC
2026-02-09,319.25251636686045,319.9826257687896,313.11957956571865,314.23907470703125,20059198,ITC
2026-02-10,314.43379342333833,314.9691951201795,312.2434651409776,312.876220703125,11489090,ITC
2026-02-11,313.41163831821643,313.6550081166595,307.91145710682224,309.80975341796875,24843366,ITC
2026-02-12,308.8849296992704,311.90272107711473,308.49554397172875,309.0309753417969,13294561,ITC
2026-02-13,307.6194359281623,309.9557801328065,304.9423680522052,305.4291076660156,8730618,ITC
2026-02-16,305.4291060946274,309.80976259638305,304.8450126194144,309.5177307128906,11693763,ITC
2026-02-17,310.0044627469445,319.34983928901715,309.7124011623626,316.8188171386719,39360672,ITC
2026-02-18,317.35422585595626,324.11991832114603,316.18603890816456,323.6331787109375,35473203,ITC
2026-02-19,325.19071316475083,325.38542088701683,316.3807383344217,317.3542175292969,19911747,ITC
2026-02-20,316.4294014344681,319.1551610138723,316.4294014344681,318.32769775390625,11282027,ITC
2026-02-23,318.3277143412081,319.39854745647875,315.79666235281263,316.7701416015625,13486092,ITC
2026-02-24,315.4072718436051,316.7701368296786,313.5089754538475,314.9205322265625,13135859,ITC
2026-02-25,316.86749468006315,317.93832779267075,309.6637541988749,311.2699890136719,13492101,ITC
2026-02-26,311.5133555396741,312.87622052851447,309.1770113147723,309.8584289550781,11270119,ITC
2026-02-27,307.6194251776827,309.32301376648314,304.3582639374763,305.2830810546875,13892595,ITC
2026-03-02,298.85810450075655,307.376047218612,298.85810450075655,306.548583984375,22194311,ITC
2026-03-04,302.3626464990797,307.13268865380064,302.2652926371002,303.6768493652344,24165489,ITC
2026-03-05,303.9202168516899,305.28308178434213,300.026300067982,303.23876953125,19938009,ITC
2026-03-06,301.8272051738374,304.0175333092302,300.9997716448259,301.48651123046875,21288269,ITC
2026-03-09,296.9111643273846,299.05283051074235,295.54829935080625,297.8846435546875,14084931,ITC
2026-03-10,300.8050671722483,301.77854635403554,295.69430146786544,300.8537292480469,18352950,ITC
2026-03-11,300.85374630707344,302.41131902789596,299.53957310372596,300.8050842285156,14842485,ITC
2026-03-12,298.9067800288785,299.83159716315987,294.8181851652266,296.0350341796875,23319679,ITC
2026-03-13,295.937682389217,297.8846408259882,292.67652106597967,293.455322265625,25659996,ITC
2026-03-16,294.52613802796225,301.2431686839447,293.99073631862075,300.0749816894531,37472204,ITC
2026-03-17,301.7298865244703,301.7298865244703,295.98633554258623,296.76513671875,25649286,ITC
2026-03-18,297.7872705212262,298.8094414690324,295.45092646773946,295.986328125,16702554,ITC
2026-03-19,293.50397895966603,297.3978957617843,289.2206764189814,290.0968017578125,17851126,ITC
2026-03-20,293.0658899820715,300.56169141647746,290.2428063525175,291.9950866699219,58679529,ITC
2026-03-23,290.9729210433315,291.07027490300464,281.87088476609046,282.7470397949219,31788160,ITC
2026-03-24,288.1011820084419,288.14984408530046,281.0921198636166,283.52581787109375,33335721,ITC
2026-03-25,284.9373809296547,290.58354854916115,284.49930339528424,287.8578186035156,26184716,ITC
2026-03-27,286.88433837890625,288.9773127628988,283.81785506545845,286.88433837890625,22179022,ITC
2026-03-30,285.813498126197,286.64096138513423,279.38852948557997,280.0699768066406,24586921,ITC
2026-04-01,285.22940879596706,286.64096553507443,283.1850965114152,283.9638977050781,18604340,ITC
2026-04-02,282.5523525472668,285.86217605837106,280.75140999162466,285.0834045410156,18082775,ITC
2026-04-06,285.2294224223722,287.51710461894146,282.552354464483,287.0303649902344,18047063,ITC
2026-04-07,286.3489031712945,291.0702832730548,284.98603822136056,290.5348815917969,26963485,ITC
2026-04-08,295.8403295367806,296.52177687527063,293.5526474241106,294.4288024902344,22310207,ITC
2026-04-09,293.5039840547165,296.32706784361375,293.26061425035937,294.9642028808594,17691477,ITC
2026-04-10,294.96421173271233,297.30055598300885,294.57482597570106,296.1810607910156,17744386,ITC
2026-04-13,292.0437560666014,293.4553127708808,290.19415155315835,290.72955322265625,16522014,ITC
2026-04-15,292.725224960759,295.9376946310278,292.57917930537735,294.0393981933594,18701403,ITC
2026-04-16,294.91552885499743,297.2518729405252,293.84469581756434,295.35357666015625,16512053,ITC
2026-04-17,295.7916756720069,301.729905030981,295.7916756720069,298.6634216308594,35111203,ITC
2026-04-20,298.8581217781442,299.7829389242669,296.37576164015127,296.9111633300781,13540471,ITC
2026-04-21,296.91116324455527,302.849392451092,296.4730857105753,301.4378356933594,24411865,ITC
2026-04-22,301.77854447435044,302.3139461377078,297.0085024549496,297.39788818359375,24500511,ITC
2026-04-23,295.93767496628874,298.22535701375915,295.2075655708127,297.20318603515625,10701849,ITC
2026-04-24,298.5174072251711,298.5174072251711,293.114609250071,293.6013488769531,17011704,ITC
2026-04-27,295.5969487737246,297.5439071449768,294.8181773085145,295.7916564941406,14382348,ITC
2026-04-28,296.32707115310103,297.6899361310764,294.526128639099,296.3757629394531,12907339,ITC
2026-04-29,297.00850597252486,309.0796419528162,297.00850597252486,307.86279296875,31199038,ITC
2026-04-30,307.86278680248944,309.07963576218305,304.99101137432183,306.548583984375,11541956,ITC
2026-05-01,306.548583984375,306.548583984375,306.548583984375,306.548583984375,0,ITC
2026-05-04,309.4690426623296,309.4690426623296,302.26530226968964,302.8493957519531,20245091,ITC
2026-05-05,302.8494008323303,305.38045282577866,301.4378440355334,303.19012451171875,26795704,ITC
2026-05-06,304.504273955316,305.28307511999276,301.04843476850743,302.4599914550781,20287609,ITC
2026-05-07,303.1901061095417,303.38478412292693,298.85811182359606,299.24749755859375,25718615,ITC
2026-05-08,300.70773068347654,300.70773068347654,297.59261494674206,299.29620361328125,17739844,ITC
2026-05-11,298.85811207299713,299.83159126541733,297.05716962537434,297.7386169433594,14968661,ITC
2026-05-12,297.25189225671994,298.1280176321973,292.141126240168,292.7252197265625,15968338,ITC
2026-05-13,293.99072694682496,297.6899361310764,293.0659097966479,296.3757629394531,13024778,ITC
2026-05-14,296.91115977719784,300.9997843525029,296.7651438369858,299.0528259277344,11113377,ITC
2026-05-15,299.0528357626027,303.77418633135375,298.17668067606064,301.2431640625,11954564,ITC
2026-05-18,301.24314294849347,304.01753483399096,298.371367495507,301.924560546875,14422870,ITC
2026-05-19,303.67685162223455,305.91584192326644,300.17232052251813,302.0705871582031,17519355,ITC
2026-05-20,300.8050809313701,301.43783648682927,298.07935098097914,299.3935241699219,12127920,ITC
2026-05-21,301.6325293694972,303.0440563532439,297.68992087203304,299.8802490234375,21868988,ITC
2026-05-22,297.7872949531656,298.8581280637695,293.01725259672514,293.6986999511719,30751752,ITC
2026-05-25,295.8890075683594,297.3978884085819,294.33143494437775,295.8890075683594,15734247,ITC
2026-05-26,296.27839961224,296.32706168880947,293.1145922213104,293.6499938964844,37560542,ITC
2026-05-27,295.6499938964844,296.3500061035156,291.04998779296875,291.95001220703125,25446093,ITC
2026-05-28,291.95001220703125,291.95001220703125,291.95001220703125,291.95001220703125,0,ITC
2026-05-29,292.0,292.3999938964844,285.8999938964844,286.8999938964844,31930439,ITC
2026-06-01,287.79998779296875,288.54998779296875,278.29998779296875,279.6499938964844,23477875,ITC
2026-06-02,279.5,283.6000061035156,277.1000061035156,283.25,20206131,ITC
2026-06-03,282.3500061035156,282.3500061035156,275.20001220703125,277.0,28001438,ITC
2026-06-04,277.0,280.6499938964844,275.04998779296875,280.29998779296875,22017634,ITC
2026-06-05,280.0,281.3999938964844,277.8500061035156,280.70001220703125,16065822,ITC
2026-06-08,279.0,283.45001220703125,276.95001220703125,279.45001220703125,15779677,ITC
2026-06-09,281.70001220703125,281.70001220703125,277.1499938964844,280.0,12302522,ITC
2026-06-10,280.0,285.8500061035156,278.6499938964844,283.6499938964844,19823743,ITC
2026-06-11,283.0,283.25,281.20001220703125,282.3999938964844,12603100,ITC
2026-06-12,283.54998779296875,285.8500061035156,283.0,285.1000061035156,12893433,ITC
2026-06-15,287.0,288.8500061035156,286.70001220703125,287.8999938964844,11194950,ITC
2026-06-16,288.1499938964844,292.1499938964844,287.5,291.6499938964844,14467499,ITC
2026-06-17,291.95001220703125,292.3500061035156,290.0,290.75,8626353,ITC
2026-06-18,291.04998779296875,291.8999938964844,288.0,291.1499938964844,10409670,ITC
2026-06-19,289.79998779296875,294.54998779296875,288.3999938964844,292.5,13874008,ITC
2026-06-22,292.79998779296875,293.95001220703125,290.04998779296875,291.25,9947873,ITC
2026-06-23,291.25,293.1499938964844,289.6499938964844,290.0,9410364,ITC
2026-06-24,290.0,291.3999938964844,289.45001220703125,290.3500061035156,6218635,ITC
2026-06-25,290.3500061035156,292.25,289.20001220703125,290.0,11230239,ITC
2026-06-26,290.0,290.0,290.0,290.0,0,ITC
2026-06-29,290.45001220703125,291.8999938964844,289.3500061035156,290.70001220703125,10110022,ITC
2026-06-30,291.5,291.6000061035156,285.5,286.95001220703125,18180676,ITC
2026-07-01,287.8500061035156,291.0,287.1000061035156,290.29998779296875,6551425,ITC
2026-07-02,290.70001220703125,291.0,287.70001220703125,289.8999938964844,12722639,ITC
2026-07-03,291.29998779296875,291.6000061035156,289.0,289.95001220703125,6517591,ITC
2026-07-06,289.95001220703125,290.3999938964844,287.6000061035156,288.25,27126124,ITC
2026-07-07,288.29998779296875,290.70001220703125,286.54998779296875,288.75,18491160,ITC
2026-07-08,286.8999938964844,287.8500061035156,280.0,280.6499938964844,21593793,ITC
2026-07-09,281.25,284.3999938964844,281.0,282.04998779296875,12512120,ITC
2026-07-10,282.8500061035156,283.6499938964844,280.8500061035156,281.75,11774274,ITC
2026-07-13,281.3500061035156,281.5,279.5,279.6499938964844,12559492,ITC
2026-07-14,279.25,280.6499938964844,275.0,275.54998779296875,15018851,ITC
2026-07-15,276.6499938964844,277.70001220703125,275.29998779296875,276.6499938964844,8523722,ITC
2026-07-16,277.0,280.45001220703125,276.0,279.3500061035156,11220653,ITC
2026-07-17,279.3500061035156,281.95001220703125,277.79998779296875,280.70001220703125,15215868,ITC
2026-07-20,280.70001220703125,283.70001220703125,279.5,282.70001220703125,9913943,ITC
2026-07-21,283.0,283.95001220703125,278.79998779296875,281.0,9858768,ITC
2026-07-22,280.5,282.20001220703125,278.5,280.79998779296875,12995017,ITC
2026-07-23,279.95001220703125,284.0,279.6499938964844,281.29998779296875,21143589,ITC
2026-07-24,279.54998779296875,284.8500061035156,279.54998779296875,283.45001220703125,24954082,ITC
2026-07-27,287.75,287.8999938964844,285.5,285.8500061035156,19312804,ITC
2026-07-28,284.8999938964844,287.95001220703125,282.29998779296875,284.6499938964844,14843878,ITC
2026-07-29,285.6000061035156,289.04998779296875,284.1499938964844,286.25,19030590,ITC
2026-07-30,286.1000061035156,288.3999938964844,283.75,285.04998779296875,18283697,ITC
2026-07-31,285.54998779296875,285.79998779296875,280.04998779296875,281.0,16833813,ITC
2026-08-03,284.45001220703125,292.54998779296875,283.0,287.0,45392755,ITC
2026-08-04,286.04998779296875,289.0,284.70001220703125,289.0,12689243,ITC
2026-08-05,288.25,288.5,285.0,286.95001220703125,11771241,ITC
2026-08-06,285.45001220703125,286.3500061035156,283.70001220703125,285.8999938964844,12447629,ITC
2026-08-07,285.0,286.1000061035156,284.3999938964844,286.1000061035156,6128841,ITC
2026-08-10,286.1000061035156,286.1000061035156,281.3999938964844,282.6499938964844,9347929,ITC
2026-08-11,282.0,282.6000061035156,278.0,279.0,13053722,ITC
2026-08-12,279.0,279.54998779296875,275.3999938964844,276.1499938964844,12630816,ITC
2026-08-13,276.20001220703125,278.5,276.04998779296875,278.5,11335590,ITC
2026-08-14,278.3500061035156,278.3500061035156,275.95001220703125,278.20001220703125,7338537,ITC
2026-08-17,278.20001220703125,278.20001220703125,273.0,273.04998779296875,12795275,ITC
2026-08-18,273.04998779296875,273.6499938964844,269.1499938964844,270.0,14561572,ITC
2026-08-19,270.0,270.95001220703125,265.8500061035156,267.04998779296875,13821291,ITC
2026-08-20,268.20001220703125,271.6499938964844,265.0,271.6499938964844,28272797,ITC
2026-08-21,271.6000061035156,271.6000061035156,269.0,269.3999938964844,8312928,ITC
2026-08-24,270.6000061035156,270.6000061035156,267.0,269.70001220703125,8518400,ITC
2026-08-25,269.70001220703125,271.3999938964844,267.6499938964844,271.3999938964844,8414719,ITC
2026-08-26,271.8500061035156,273.95001220703125,270.25,270.25,11693367,ITC
2026-08-27,269.5,271.25,268.0,269.0,8834890,ITC
2026-08-28,269.0,269.0,264.79998779296875,266.0,15200847,ITC
2026-08-31,266.0,266.54998779296875,255.5,255.5,24575845,ITC
2026-09-01,261.5,268.20001220703125,261.5,266.6000061035156,31258553,ITC
2026-09-02,266.0,269.0,262.79998779296875,266.29998779296875,14643482,ITC
2026-09-03,266.5,267.6000061035156,262.3500061035156,263.0,17813663,ITC
2026-09-04,264.0,266.25,262.6499938964844,264.1000061035156,9519153,ITC
2026-09-07,264.1000061035156,264.95001220703125,262.95001220703125,263.5,6688002,ITC
2026-09-08,263.5,265.8999938964844,262.70001220703125,263.5,7406617,ITC
2026-09-09,263.6499938964844,264.5,260.20001220703125,260.79998779296875,10065188,ITC
2026-09-10,261.0,263.8999938964844,259.1000061035156,259.29998779296875,17541602,ITC
2026-09-11,258.0,261.6499938964844,257.70001220703125,259.8500061035156,11116049,ITC
2026-09-14,259.8500061035156,259.8500061035156,259.8500061035156,259.8500061035156,0,ITC
2026-09-15,261.0,264.20001220703125,258.0,258.0,12133201,ITC
2026-09-16,259.3999938964844,264.8999938964844,259.29998779296875,264.1499938964844,15199856,ITC
2026-09-17,264.79998779296875,268.5,264.1000061035156,266.20001220703125,13365227,ITC
2026-09-18,266.6000061035156,266.6000061035156,262.29998779296875,262.29998779296875,14399150,ITC
2026-09-21,263.54998779296875,267.95001220703125,263.54998779296875,267.0,8662786,ITC
2026-09-22,267.8999938964844,268.25,264.75,265.79998779296875,7177847,ITC
2026-09-23,265.8500061035156,271.04998779296875,265.1499938964844,270.1499938964844,13142058,ITC
2026-09-24,268.70001220703125,270.29998779296875,266.70001220703125,268.0,7398276,ITC
2026-09-25,268.1000061035156,269.0,266.29998779296875,269.0,6240148,ITC
2026-09-28,269.0,269.29998779296875,265.0,265.20001220703125,7863377,ITC
2026-09-29,265.45001220703125,266.75,263.29998779296875,265.1000061035156,14419948,ITC
2026-09-30,265.0,266.8999938964844,261.3999938964844,262.75,14079098,ITC
2026-10-01,262.70001220703125,262.70001220703125,254.64999389648438,255.89999389648438,16447266,ITC
