Date,Open,High,Low,Close,Volume,Symbol
2021-10-04,794.7948485212172,813.4116647928854,790.5941076951938,803.0531005859375,6544700,M&M
2021-10-05,803.0530931729168,807.6834061766087,797.2293362510172,804.8670043945312,2647442,M&M
2021-10-06,807.6833809774904,816.1803098303653,791.4533366788884,796.3223266601562,3288323,M&M
2021-10-07,801.668717266847,847.590171557642,799.2342223123187,838.4727172851562,9515673,M&M
2021-10-08,853.2231032190617,854.4642127678067,833.0309926481323,838.043212890625,3938358,M&M
2021-10-11,839.1887881631593,861.6244383586477,839.1887881631593,855.0369262695312,5493159,M&M
2021-10-12,847.7812070959045,854.1300423717729,837.2794128638607,849.7860717773438,3433345,M&M
2021-10-13,852.554748866117,927.1652465572839,852.554748866117,892.9866333007812,17519612,M&M
2021-10-14,895.9939221397455,903.3929129725457,880.4321853326575,889.2155151367188,3354982,M&M
2021-10-18,914.6107984553439,914.6107984553439,867.1617714742237,869.6917724609375,2885649,M&M
2021-10-19,869.739462970453,885.5876011169249,860.3833311151582,875.945068359375,3476818,M&M
2021-10-20,871.6488597518146,883.0099142003758,854.129982100165,858.6170654296875,3551282,M&M
2021-10-21,867.1617914903848,869.8349638600131,852.9366686119965,856.3735961914062,2614538,M&M
2021-10-22,863.0565054190916,868.5938032023582,845.0124910129674,847.637939453125,1999394,M&M
2021-10-25,843.0076800000877,864.8705298905115,843.0076800000877,850.3589477539062,2833933,M&M
2021-10-26,852.9366659973633,859.2377192972281,843.9623820652774,854.0345458984375,3410657,M&M
2021-10-27,859.2376620781783,862.8655427750184,843.484971606745,846.635498046875,3362019,M&M
2021-10-28,846.8264469064909,855.4188234816413,838.1386227888187,843.819091796875,2171227,M&M
2021-10-29,843.4850183799168,860.6697725744143,822.9587842031559,844.2010498046875,2482056,M&M
2021-11-01,844.2010138070525,847.6857232339929,821.4312387785856,830.9305419921875,4146270,M&M
2021-11-02,835.3700111995793,839.4752464576026,820.0946738519298,822.4814453125,3704926,M&M
2021-11-03,824.8681744147527,830.5009780807599,804.8192951755052,810.5475463867188,3288759,M&M
2021-11-04,816.9918291310665,835.3699684366734,814.366380658837,833.3173217773438,973315,M&M
2021-11-08,838.2340678003654,838.4727449267323,815.6074645666318,820.5719604492188,4481883,M&M
2021-11-09,824.8681570879249,864.3931129233681,823.5315418584044,851.7432250976562,15376349,M&M
2021-11-10,864.8704991309863,883.1054091356349,854.4641526231278,877.9977416992188,17083220,M&M
2021-11-11,877.3294014860792,886.7332570502228,869.7394571379089,882.86669921875,4935551,M&M
2021-11-12,891.6978026887881,896.9486998138292,883.1054255750846,895.32568359375,6239600,M&M
2021-11-15,892.652432077353,905.588720374692,879.3819608483183,886.3513793945312,3757546,M&M
2021-11-16,886.351412781322,922.2007060331448,883.6304585383713,916.8065795898438,7368780,M&M
2021-11-17,916.4724544717075,934.6596401045703,904.3476446262044,911.2215576171875,5416608,M&M
2021-11-18,911.7466223678879,911.7466223678879,876.6133610344651,881.8642578125,3463426,M&M
2021-11-22,884.4420449829946,888.1176496792648,853.2230630041804,860.0491943359375,3731367,M&M
2021-11-23,857.1850094841603,867.3526783894438,853.1274983304397,860.5264892578125,3195288,M&M
2021-11-24,866.5889401215969,866.5889401215969,849.6905875686039,852.7456665039062,2708554,M&M
2021-11-25,850.549841774612,858.1875099166374,843.4849754349251,850.8362426757812,2288825,M&M
2021-11-26,844.9171019256726,844.9171019256726,804.8193411563186,815.0824584960938,3934155,M&M
2021-11-29,806.9196468464198,828.4960359320313,790.8327734398069,812.2659912109375,3936245,M&M
2021-11-30,812.2659636460008,821.8130484520676,791.0236999525024,797.658935546875,6067618,M&M
2021-12-01,798.1363120419576,804.5328706945365,785.9637785748105,796.8952026367188,5121634,M&M
2021-12-02,797.9453893569913,821.0016240010546,797.2293579490488,811.0726318359375,4677008,M&M
2021-12-03,810.4998375951228,816.8486145090957,796.1792093023912,799.0433349609375,2933597,M&M
2021-12-06,800.0456798187038,802.5278984764167,782.9086515144934,784.91357421875,1552749,M&M
2021-12-07,789.0665819315396,795.8927710726545,785.2477478992031,788.54150390625,1976433,M&M
2021-12-08,796.704275248627,805.487605455555,789.4962374382818,802.6712036132812,2346456,M&M
2021-12-09,818.5670782353652,818.5670782353652,798.1362933508467,812.5523681640625,4078098,M&M
2021-12-10,811.5977025517568,829.2598104548404,811.5977025517568,820.762939453125,3434165,M&M
2021-12-13,829.5939842133115,829.5939842133115,801.6687598651266,804.9147338867188,2683048,M&M
2021-12-14,801.955231402638,803.8169248439805,788.5893108792607,798.9478759765625,1979863,M&M
2021-12-15,805.7740191765216,815.0347037998876,800.236721220224,807.8743896484375,3208613,M&M
2021-12-16,814.2709225493761,823.1974239308314,807.8743637913207,814.6527709960938,3965285,M&M
2021-12-17,809.5928617093676,813.6503731035478,792.4081075693103,796.7997436523438,2675800,M&M
2021-12-20,788.5892296445727,792.4080636864351,760.9026828410707,777.4191284179688,2907378,M&M
2021-12-21,785.1523456388625,789.5439817210155,770.9271647396856,775.414306640625,1973119,M&M
2021-12-22,781.715381632691,789.7349570949016,774.268666286803,781.6199340820312,1979912,M&M
2021-12-23,787.5390608521137,796.0359314953419,785.4864142795032,789.4006958007812,1495208,M&M
2021-12-24,793.3628118395808,794.3652441715025,771.4045150016622,775.8439331054688,1071730,M&M
2021-12-27,771.4045208592897,785.8683789337159,770.402088519756,781.4766845703125,1492196,M&M
2021-12-28,786.6798233437237,801.9551597193299,781.9540044983637,800.7140502929688,1677680,M&M
2021-12-29,805.2488951733233,805.2488951733233,793.2195331228918,794.9857788085938,1575343,M&M
2021-12-30,804.8193262198513,804.8193262198513,789.6872186615176,791.7398071289062,1874659,M&M
2021-12-31,796.9906529673847,806.7286914293272,792.5990171270885,799.2342529296875,1528983,M&M
2022-01-03,797.1816593251136,801.9552021953239,788.8756830767903,792.2171630859375,1537088,M&M
2022-01-04,799.9980122785591,803.8645701124732,788.2551091911679,794.1742553710938,1886453,M&M
2022-01-05,792.4079921374795,808.638035349934,792.4079921374795,801.4777221679688,2634010,M&M
2022-01-06,801.0004717261543,804.1032745069767,790.0213234247827,801.8119506835938,2962301,M&M
2022-01-07,802.9098714683541,811.2635710823233,785.247763713105,791.453369140625,2531717,M&M
2022-01-10,798.0885824941915,808.399422643459,792.12165436721,803.8168334960938,3403434,M&M
2022-01-11,803.8645498334555,810.3088321510039,797.7066684091972,803.291748046875,2117911,M&M
2022-01-12,808.4471077227926,844.1532272341015,804.3418730220585,840.6685180664062,9022415,M&M
2022-01-13,840.6686851035671,868.3075120108468,828.6871032714844,855.4189453125,5658001,M&M
2022-01-14,849.4996547788832,855.3711356603185,839.8093979743334,841.2891845703125,2027852,M&M
2022-01-17,844.1533259519477,863.056543909978,842.6735393283833,860.00146484375,3617269,M&M
2022-01-18,861.1470806635513,868.8801963279373,848.0675623518662,851.7432250976562,3468168,M&M
2022-01-19,867.7822932559197,867.7822932559197,840.9072259659913,853.8912963867188,4215758,M&M
2022-01-20,855.4188937393526,856.9464041698578,833.3173666474817,840.6209106445312,2486026,M&M
2022-01-21,836.133714892865,844.8215974364931,826.0138278319181,835.5609130859375,1872843,M&M
2022-01-24,831.7421326025983,838.5682640367984,809.6406055064544,815.9894409179688,3386669,M&M
2022-01-25,807.7788867273653,819.3786190026262,806.9674077622718,815.7984619140625,4742388,M&M
2022-01-27,807.3014895142625,823.7702112458015,803.100807049557,819.1876220703125,2927566,M&M
2022-01-28,825.2500484550914,855.418813664407,821.4312144655181,830.2622680664062,4208702,M&M
2022-01-31,839.0933323791726,848.5926354328784,832.6012678973943,845.6807861328125,2335040,M&M
2022-02-01,851.5999855430125,854.1777101578934,825.0591007867479,830.3099975585938,2921070,M&M
2022-02-02,836.0382026727519,840.4298382415504,825.9660401631004,829.9757690429688,1341479,M&M
2022-02-03,828.6869966533317,842.4348226711013,813.5548898960284,817.4214477539062,2630289,M&M
2022-02-04,822.3859558398486,822.3859558398486,798.2795653169542,803.5781860351562,2080640,M&M
2022-02-07,802.9098113038729,806.4422442443836,784.9613039895237,791.9306640625,1801701,M&M
2022-02-08,792.4080935090443,799.759360970454,780.1401119961643,794.365234375,2729631,M&M
2022-02-09,800.0457477449428,807.6356922088518,795.4154346850429,802.1461181640625,2165223,M&M
2022-02-10,805.7740831293045,818.9013267821812,792.5513919218139,814.4141845703125,6949276,M&M
2022-02-11,814.3664156287747,822.911069041288,797.7544630919244,814.9869995117188,5146850,M&M
2022-02-14,803.6259571489624,807.1106668173533,745.3410092736348,787.6823120117188,4202165,M&M
2022-02-15,790.4986962358892,819.1399533458851,783.2429344096715,815.8939208984375,2728328,M&M
2022-02-16,815.8939116509847,838.7114695316455,815.8939116509847,825.1068725585938,4401342,M&M
2022-02-17,832.5057953845318,837.565738679387,820.0945851322394,823.1973876953125,2041741,M&M
2022-02-18,818.3761168203093,830.3576965332031,808.781308296071,813.41162109375,1616856,M&M
2022-02-21,806.9196499393902,811.9795934235578,794.3174858652559,803.0053100585938,2255753,M&M
2022-02-22,789.5439429519256,817.2304899236376,786.0592335592415,814.6050415039062,2768989,M&M
2022-02-23,817.2304854207948,830.3100036757281,807.3969994115937,811.7886352539062,2265060,M&M
2022-02-24,781.0470698635627,794.2220949495388,754.6971362331859,759.757080078125,5677898,M&M
2022-02-25,775.891570036824,787.6344723338269,765.6761779536112,771.0225219726562,3470318,M&M
2022-02-28,770.4497544470347,770.4497544470347,751.1169074488284,755.0311889648438,5026913,M&M
2022-03-02,749.9235402806951,774.029930340641,734.1708497464729,743.0973510742188,5779175,M&M
2022-03-03,756.1292409142275,757.2271791556894,725.6262882913703,727.5357055664062,2763929,M&M
2022-03-04,716.0314720708104,721.7597238473769,696.9372994822555,699.1331176757812,4829850,M&M
2022-03-07,687.2468724456188,687.2468724456188,650.8725028550983,659.27392578125,7008637,M&M
2022-03-08,659.2739736805063,671.2078304854925,640.7526628816386,668.9165649414062,4000294,M&M
2022-03-09,673.0695385514455,706.38889078947,668.2959957248395,701.5675659179688,5490287,M&M
2022-03-10,727.440216814402,727.9652948811423,701.7108088362487,705.3864135742188,4064470,M&M
2022-03-11,700.7560202652006,708.2027347119553,695.6960770046353,701.519775390625,2364792,M&M
2022-03-14,701.5197929807869,712.2125398171853,692.5932918289246,709.5393676757812,3563695,M&M
2022-03-15,711.2578914919704,734.3618507623771,711.2578914919704,726.7241821289062,4811450,M&M
2022-03-16,734.0275822296862,740.8537710834191,730.3519779366181,738.6102294921875,2277631,M&M
2022-03-17,749.446187799884,763.671368048603,741.8085196439616,758.4204711914062,3787641,M&M
2022-03-21,753.8378590903773,755.2699219368793,744.7681277291974,748.01416015625,3008019,M&M
2022-03-22,747.5367631166156,753.3127379463102,734.1708439804308,750.0189819335938,5436875,M&M
2022-03-23,754.2196827307166,758.2294699133143,737.1303780035694,739.039794921875,3277274,M&M
2022-03-24,738.6580487559423,744.6727012270804,728.1085304760497,730.97265625,2248114,M&M
2022-03-25,737.9896258989867,737.9896258989867,723.8599526070816,730.11328125,3148869,M&M
2022-03-28,730.2565870492498,737.7033020223373,717.2725159161987,734.4095458984375,4719388,M&M
2022-03-29,736.0802498483492,747.5367517915142,735.7938489539266,738.3237915039062,3519610,M&M
2022-03-30,744.0043858699393,758.993322252864,740.7584116554813,757.4180297851562,4407033,M&M
2022-03-31,761.8574558354961,776.1780847045843,761.8574558354961,770.0202026367188,7059986,M&M
2022-04-01,774.2686728407027,791.9307819005708,771.1181461220191,789.1143798828125,3406177,M&M
2022-04-04,780.9515555691888,798.1363086257236,773.3138875440624,795.9404907226562,4163250,M&M
2022-04-05,799.0910684964689,813.4116969641475,795.9405418877368,798.6614379882812,2669967,M&M
2022-04-06,800.7140917282151,800.7140917282151,785.6774317053626,790.35546875,2049292,M&M
2022-04-07,788.5892970393011,802.2416182515624,785.0568635945316,796.5133666992188,2913537,M&M
2022-04-08,792.4081009467639,821.669941476787,789.5916990543019,818.567138671875,4145522,M&M
2022-04-11,816.2280200175078,822.3381192775382,807.874320885185,818.0419311523438,2922901,M&M
2022-04-12,811.5022696385475,828.1142217606391,805.1057106825335,821.8131103515625,2961076,M&M
2022-04-13,823.4361194239791,835.3699762272253,823.2928898340261,826.873046875,3695363,M&M
2022-04-18,826.8730735866917,836.3247117885068,819.2354049858834,834.5107421875,3076843,M&M
2022-04-19,838.3295599387419,847.5902445885675,825.9183487074338,832.9832153320312,3301212,M&M
2022-04-20,833.8901384930027,849.5951047370029,833.8901384930027,841.3368530273438,2208791,M&M
2022-04-21,841.3369221692551,872.6036276456161,840.8595678871733,869.739501953125,3206906,M&M
2022-04-22,862.8655195966516,885.0624919374143,848.7835694019742,878.952392578125,4924905,M&M
2022-04-25,872.9377286169941,885.9695234720687,854.5595892561781,863.0565185546875,5476626,M&M
2022-04-26,865.5386972795463,900.1946622254675,865.5386972795463,897.5692138671875,6384561,M&M
2022-04-27,887.8789372237086,898.0943301986115,881.1482537085891,884.87158203125,3154605,M&M
2022-04-28,902.1995600892387,902.1995600892387,876.8997840655722,881.1005249023438,2869224,M&M
2022-04-29,886.8286727454254,896.7098815629342,876.4223276814199,880.3366088867188,3467791,M&M
2022-05-02,873.5582907452987,891.4113516201515,868.4983472727339,879.6206665039062,2740823,M&M
2022-05-04,876.3269745977484,882.1029494947422,850.69301585042,855.5142822265625,2408261,M&M
2022-05-05,868.7847584883539,879.286552272279,855.0847144512742,858.3306884765625,2690817,M&M
2022-05-06,849.6906063419752,873.3673666398194,847.1128816123987,853.3662109375,4247088,M&M
2022-05-09,840.1435202212617,861.0516606805369,835.3699774927319,854.7505493164062,1790691,M&M
2022-05-10,854.7505313172464,869.6917430512302,844.057784176348,848.1152954101562,2436623,M&M
2022-05-11,848.3539931394239,857.7101835341164,836.8020430074752,846.8742065429688,3048794,M&M
2022-05-12,844.8216934728505,848.7359755636467,815.0347724400807,826.0616455078125,4908042,M&M
2022-05-13,839.9525722292132,864.011239389009,830.6918876224887,849.2132568359375,4956950,M&M
2022-05-16,854.4640598288462,867.7345305467902,852.2682420555088,862.4358520507812,2856221,M&M
2022-05-17,865.9205813860061,875.4676660760392,857.471434743639,869.5484619140625,3469290,M&M
2022-05-18,868.7848370037852,880.9573718079591,864.2022473199012,871.9353637695312,3203522,M&M
2022-05-19,860.192386992288,871.6488893717636,840.2867374162631,842.5780029296875,2658159,M&M
2022-05-20,856.278085795267,870.0735771460131,848.4017405889815,862.8655395507812,3426756,M&M
2022-05-23,869.7394732664208,900.7197768058635,869.0234418669149,899.239990234375,6613972,M&M
2022-05-24,906.0183447762839,916.902044723637,900.3855414530293,903.9656982421875,4546511,M&M
2022-05-25,910.6009399130943,910.6009399130943,881.5300549362049,886.3513793945312,1363358,M&M
2022-05-26,887.974328134065,891.2203602531548,873.3673001397228,887.6879272460938,2384886,M&M
2022-05-27,897.425928613879,914.6106804384001,881.1958852240535,909.6939086914062,3269005,M&M
2022-05-30,928.2153109262439,965.9262955306014,913.7037305129426,953.1331787109375,11690785,M&M
2022-05-31,952.7513909861719,995.7609986906075,947.0708635676726,987.5027465820312,13301109,M&M
2022-06-01,988.1233738866846,1009.3656396538138,968.8382490416953,999.9140014648438,7889745,M&M
2022-06-02,997.6226959650172,1010.033907653195,988.1233920972346,997.2409057617188,4081658,M&M
2022-06-03,1002.5394882276935,1008.6974286882155,979.2445748313113,982.06103515625,2660682,M&M
2022-06-06,981.4403265326515,1001.1072980945456,971.8932416442016,989.0302124023438,3443406,M&M
2022-06-07,987.9325509810958,997.6705325288593,971.9888467085559,995.33154296875,2162861,M&M
2022-06-08,1009.0790069646528,1009.0790069646528,987.4071726821827,997.6702880859375,4293398,M&M
2022-06-09,989.0780447584928,1001.7757149226958,985.259210608846,997.765869140625,2757706,M&M
2022-06-10,986.214000799434,996.2384412722258,980.1038423457974,989.5554809570312,2425545,M&M
2022-06-13,977.2874270782728,982.3950944944927,953.3242075950905,958.8137817382812,4047155,M&M
2022-06-14,954.7085307057886,978.5762439734333,953.8015459474611,973.086669921875,3614327,M&M
2022-06-15,978.2421099321689,992.2286130814422,973.8026919985678,979.0535888671875,3333753,M&M
2022-06-16,990.7010098061464,990.7010098061464,951.8444186696601,959.7207641601562,3255301,M&M
2022-06-17,954.7085075046352,962.2984517934536,938.6216924614953,952.4649658203125,5318310,M&M
2022-06-20,959.4820660552302,962.3461916255443,934.7550919898714,938.1920776367188,3722583,M&M
2022-06-21,938.1920985023609,959.2434102581996,937.3328375038428,952.7514038085938,6263423,M&M
2022-06-22,950.0782254097522,958.4796488945117,928.5972832932047,939.2422485351562,2629024,M&M
2022-06-23,941.3425721690127,984.8772560522891,940.5788170303342,981.1538696289062,7303072,M&M
2022-06-24,989.9372730046888,1025.834289515629,984.8772713071572,1023.4953002929688,7273273,M&M
2022-06-27,1040.4413653503777,1045.405802911964,1023.4952895497499,1033.662841796875,6316257,M&M
2022-06-28,1032.9946089271161,1070.6578130703554,1030.5600556073803,1061.6358642578125,11020641,M&M
2022-06-29,1055.9075212660923,1064.9294692931992,1041.3004357024797,1061.3970947265625,5052023,M&M
2022-06-30,1059.0582144397133,1066.886777735778,1038.7706582635296,1043.6396484375,4165189,M&M
2022-07-01,1042.923565985411,1062.924662008007,1015.8098218678439,1057.1964111328125,2839545,M&M
2022-07-04,1051.134144786226,1052.0888533645966,1030.512462801732,1041.7779541015625,2784613,M&M
2022-07-05,1041.5870586621243,1052.0888530207708,1029.1758471473602,1032.9468994140625,3675577,M&M
2022-07-06,1033.662841567614,1061.6358471052688,1031.6579770351705,1054.5233154296875,4957228,M&M
2022-07-07,1068.3189337476952,1087.365323885547,1064.1181925586916,1081.9713134765625,4917004,M&M
2022-07-08,1131.2817005599902,1140.7811193050488,1075.1449151458926,1082.2574462890625,10482265,M&M
2022-07-11,1077.8181324659258,1115.0040990871462,1071.8035387403766,1112.283203125,4520273,M&M
2022-07-12,1111.2805984058734,1111.710170577295,1090.2770132126352,1094.7164306640625,2452632,M&M
2022-07-13,1100.9698862235552,1104.1204711495611,1086.5538099950277,1088.701904296875,3379695,M&M
2022-07-14,1094.4888137727203,1110.4508413773976,1091.0166015382179,1102.0599365234375,2423203,M&M
2022-07-15,1102.397410651819,1134.1287332453835,1099.8897935444738,1130.8494873046875,3879759,M&M
2022-07-18,1137.600812668871,1137.600812668871,1118.070150136828,1122.07275390625,3480683,M&M
2022-07-19,1120.6260875986047,1147.2456348994008,1119.758034567637,1144.111083984375,4056414,M&M
2022-07-20,1152.550303408575,1152.550303408575,1121.2047930648273,1124.242919921875,3028752,M&M
2022-07-21,1125.6413070200915,1138.083086341307,1123.423080119337,1133.4053955078125,2062279,M&M
2022-07-22,1138.083141553093,1143.773580807666,1128.727759432246,1139.14404296875,1983433,M&M
2022-07-25,1142.9055454001946,1142.9055454001946,1091.7882509645742,1095.50146484375,4380502,M&M
2022-07-26,1093.717163730675,1105.2908903309997,1085.1815639097426,1095.6461181640625,2598868,M&M
2022-07-27,1099.5040390676493,1109.4382016019629,1086.772986761533,1097.6715087890625,1647876,M&M
2022-07-28,1101.5293682516708,1111.0777159196616,1095.019147259954,1108.3289794921875,1929675,M&M
2022-07-29,1117.6362471251894,1142.133874271066,1112.2833514725698,1123.08544921875,2230572,M&M
2022-08-01,1147.1492859275143,1204.3427172705901,1142.1822044512787,1193.78173828125,12673841,M&M
2022-08-02,1193.733501915107,1215.0002733810625,1182.642013013434,1209.936767578125,5626351,M&M
2022-08-03,1215.1931443436406,1215.1931443436406,1187.2715732047036,1209.1651611328125,3820503,M&M
2022-08-04,1219.9672728610446,1220.0636970373232,1195.035559990133,1216.9774169921875,3075648,M&M
2022-08-05,1232.7947528632817,1233.0841431269694,1187.5125938405015,1191.9974365234375,5766297,M&M
2022-08-08,1200.774260650867,1234.5309667735821,1198.5077625008657,1231.34814453125,5412651,M&M
2022-08-10,1231.6375179464194,1234.2415595751622,1215.4825230947338,1223.0054931640625,2530492,M&M
2022-08-11,1231.6373478097817,1233.5180312002958,1209.4543728688068,1221.220947265625,3077633,M&M
2022-08-12,1220.0635886085408,1223.825073021412,1204.9213445233736,1214.710693359375,3355489,M&M
2022-08-16,1235.109587080841,1252.5666023848526,1229.3709943312329,1242.5361328125,4085782,M&M
2022-08-17,1248.0335326693398,1248.0335326693398,1224.9343501590668,1228.985107421875,2197165,M&M
2022-08-18,1228.7439725394797,1232.939424880072,1210.1295151868296,1216.3504638671875,2659857,M&M
2022-08-19,1224.8861502792479,1227.4420386278205,1191.6116839921344,1195.3731689453125,2513148,M&M
2022-08-22,1195.373200039969,1203.0890185101523,1175.7461103532494,1183.124267578125,2443323,M&M
2022-08-23,1176.6141036039135,1231.6375838688073,1174.7334198529422,1227.8760986328125,4449168,M&M
2022-08-24,1229.6601390494104,1237.9064660689203,1216.205729421822,1223.2464599609375,2570071,M&M
2022-08-25,1228.743910318127,1232.0713094494743,1212.0584082413886,1214.9036865234375,1769049,M&M
2022-08-26,1234.4343547573203,1252.855845177325,1223.7286817056133,1229.370849609375,4325600,M&M
2022-08-29,1204.6320658659563,1235.3024890160464,1198.0254203565735,1231.444580078125,2554692,M&M
2022-08-30,1238.3887632253725,1268.287557353088,1238.3887632253725,1262.2113037109375,5078317,M&M
2022-09-01,1234.5307217485458,1278.6072793298647,1234.5307217485458,1265.4422607421875,4913035,M&M
2022-09-02,1271.8080167755452,1283.3817443899575,1264.6225902411702,1269.203857421875,2316436,M&M
2022-09-05,1272.1455160711655,1277.4018700864099,1254.8813494328683,1273.6405029296875,2271837,M&M
2022-09-06,1277.9322944275332,1279.8612488342162,1254.399027119193,1259.9930419921875,1930221,M&M
2022-09-07,1245.1400979553482,1265.3458487332787,1235.6881740530873,1243.88623046875,3162428,M&M
2022-09-08,1258.6428157526939,1284.6354306395647,1255.7493839923427,1274.9425048828125,4026323,M&M
2022-09-09,1290.4705393326728,1290.4705393326728,1248.0818119840824,1255.0260009765625,3415016,M&M
2022-09-12,1261.5361981449416,1268.8662014375088,1248.9979943407488,1250.9752197265625,3077887,M&M
2022-09-13,1263.4168553086417,1263.4168553086417,1245.1400595452583,1253.6756591796875,2460291,M&M
2022-09-14,1238.3404743334138,1267.1783666373126,1234.5308364240007,1251.939697265625,2955136,M&M
2022-09-15,1258.6427664978203,1267.5641807431114,1243.2594020009053,1250.9752197265625,2555055,M&M
2022-09-16,1245.3812557618683,1250.926999979201,1190.6471715299333,1205.6929931640625,9047956,M&M
2022-09-19,1215.1448163739806,1252.3253408311793,1205.692892965021,1242.87353515625,4476773,M&M
2022-09-20,1253.8204884761385,1265.394216062072,1250.4930888888007,1256.6656494140625,3780649,M&M
2022-09-21,1262.4524800182492,1276.003432804155,1247.6477774172542,1260.2342529296875,2887754,M&M
2022-09-22,1250.9270548851553,1273.6405423354004,1247.06914569507,1263.85107421875,2010645,M&M
2022-09-23,1258.6428521948574,1271.277481034066,1216.205851814341,1227.1044921875,4639618,M&M
2022-09-26,1205.5966038309975,1214.2286284208103,1173.0937664853313,1192.479736328125,3345338,M&M
2022-09-27,1198.459428938082,1208.3935918860318,1177.8195918686786,1191.852783203125,3588217,M&M
2022-09-28,1189.2969157248824,1216.9292134669176,1168.223110609712,1198.2666015625,3361451,M&M
2022-09-29,1210.4190489060236,1222.9089832333864,1201.4493626452117,1213.6500244140625,3474302,M&M
2022-09-30,1212.2995341595754,1237.1348213366864,1189.2486239377527,1223.14990234375,3320684,M&M
2022-10-03,1224.8378125216698,1230.7693710396445,1197.9289919616524,1206.8985595703125,3150821,M&M
2022-10-04,1220.0637001034502,1232.5536331808546,1210.4189277706166,1215.578857421875,3011962,M&M
2022-10-06,1222.9571386462908,1231.6374337944112,1209.9366959241104,1212.25146484375,3531469,M&M
2022-10-07,1215.241369327711,1217.1220529247203,1189.152211884638,1194.8426513671875,3501889,M&M
2022-10-10,1190.1647984572983,1202.269033736192,1174.7331641174956,1198.8450927734375,2230590,M&M
2022-10-11,1204.8730775328881,1204.8730775328881,1181.9667452603999,1185.8729248046875,1569478,M&M
2022-10-12,1191.7564417169056,1214.614507447007,1186.4035454177308,1203.5712890625,2884899,M&M
2022-10-13,1210.4189661205482,1228.888729269913,1196.4340457948526,1203.8604736328125,2137351,M&M
2022-10-14,1222.716062311321,1226.8150907197794,1184.3780907263279,1186.596435546875,1696759,M&M
2022-10-17,1183.4135751119472,1194.7461826975753,1153.9970192513815,1186.3070068359375,2158727,M&M
2022-10-18,1192.2385500429182,1222.330192490766,1189.6826618395444,1209.2615966796875,2722206,M&M
2022-10-19,1215.192985604588,1219.8707941523724,1199.809621553682,1204.0533447265625,1449579,M&M
2022-10-20,1197.1091107579468,1209.4544666015624,1180.0861815516232,1205.5965576171875,1831346,M&M
2022-10-21,1208.5863242182315,1223.8251106739756,1199.9543005972182,1212.106689453125,1750934,M&M
2022-10-24,1216.2057450798734,1232.6018574243283,1216.2057450798734,1225.80224609375,318933,M&M
2022-10-25,1225.8022461687326,1238.2440255541514,1214.855453531954,1235.881103515625,2809493,M&M
2022-10-27,1237.7135472785335,1253.6755731300227,1233.6145194784976,1248.1781005859375,3279938,M&M
2022-10-28,1254.4472695590814,1269.1555465757172,1244.1755640301658,1265.0565185546875,2111224,M&M
2022-10-31,1271.4221093227197,1310.2423178569427,1269.830698345317,1300.6939697265625,4306893,M&M
2022-11-01,1312.6533864064136,1318.0062816224013,1301.4172041883119,1305.9503173828125,3405472,M&M
2022-11-02,1305.950472987994,1312.653542810272,1291.0492287719503,1304.310791015625,2298917,M&M
2022-11-03,1292.3994622471012,1306.8666204065835,1281.3562452789765,1287.962890625,1931917,M&M
2022-11-04,1290.4704974408378,1303.973178281026,1283.7191570207438,1290.7598876953125,2204968,M&M
2022-11-07,1297.2218422110507,1307.4452770489556,1289.120210132963,1303.298095703125,2599224,M&M
2022-11-09,1316.366779955178,1316.366779955178,1283.7192478742306,1290.03662109375,2459869,M&M
2022-11-10,1291.435070476755,1291.435070476755,1244.754346846993,1252.0843505859375,2792546,M&M
2022-11-11,1258.7392528496525,1271.9043910411713,1233.1324521481677,1241.378662109375,5308986,M&M
2022-11-14,1257.6784191553402,1263.1758927589492,1223.00550676381,1232.7467041015625,3794391,M&M
2022-11-15,1238.9193889638418,1250.2519974780882,1229.9497027908617,1245.8153076171875,3192070,M&M
2022-11-16,1243.1627493232322,1248.9978830519497,1230.6728175863225,1240.99267578125,2478281,M&M
2022-11-17,1234.7238307362263,1239.3533690137103,1209.5992669308914,1214.614501953125,2319979,M&M
2022-11-18,1205.6446547671026,1211.3349755115069,1174.0097585621058,1183.55810546875,4525364,M&M
2022-11-21,1174.733367976285,1191.033058123094,1159.301730958534,1174.9744873046875,4120736,M&M
2022-11-22,1177.2892812247342,1191.5634751266657,1172.7561671147707,1184.8121337890625,2469455,M&M
2022-11-23,1190.7436639350017,1196.2894084700902,1180.5202279910388,1191.8045654296875,2396267,M&M
2022-11-24,1197.7843848515583,1212.3479685643529,1194.6498336201867,1209.5028076171875,2133523,M&M
2022-11-25,1213.3124779130005,1222.6678608954987,1201.7387499837828,1216.0130615234375,1370326,M&M
2022-11-28,1214.1803902535748,1226.815018231002,1201.7386106256515,1206.2716064453125,2126619,M&M
2022-11-29,1211.3834345018622,1220.063729812783,1204.1981260325492,1212.4443359375,2435651,M&M
2022-11-30,1217.266676454829,1269.252022186953,1212.974799917188,1259.221435546875,7536690,M&M
2022-12-01,1268.28745948213,1270.1681428417435,1242.2465762836378,1247.5029296875,2613761,M&M
2022-12-02,1240.751784120377,1247.8407865119148,1215.2414064515792,1219.677978515625,2892150,M&M
2022-12-05,1224.355572999906,1224.355572999906,1208.1041552149745,1215.0484619140625,2764806,M&M
2022-12-06,1204.1497929429338,1220.497634508017,1204.1497929429338,1218.1829833984375,1686075,M&M
2022-12-07,1217.1703615280167,1223.8252784936399,1207.9114029269106,1221.60693359375,1731982,M&M
2022-12-08,1227.731129354439,1236.4596945727635,1224.4037303121086,1229.0814208984375,1906386,M&M
2022-12-09,1235.9776457659284,1239.015772772872,1211.865713542637,1220.4495849609375,1308941,M&M
2022-12-12,1219.0028189859365,1231.9268376738823,1211.8656637940226,1219.0992431640625,1723401,M&M
2022-12-13,1222.9571387521005,1240.26945809429,1221.992661513337,1237.7618408203125,2164600,M&M
2022-12-14,1241.2820964420505,1245.140005055701,1231.1068153799363,1240.7515869140625,1436837,M&M
2022-12-15,1240.2213782688564,1247.5513821704396,1236.2187739443068,1241.2340087890625,2417555,M&M
2022-12-16,1232.5537239291555,1241.2822906266363,1205.596630367751,1207.1397705078125,2136354,M&M
2022-12-19,1206.4646408150306,1248.9016407029526,1200.8224723312856,1244.8026123046875,2767603,M&M
2022-12-20,1242.1985219484495,1242.2467929082534,1218.2312840016489,1229.94970703125,1286604,M&M
2022-12-21,1234.434416687491,1238.870988350034,1213.7945806450118,1220.73876953125,1251993,M&M
2022-12-22,1220.738853030021,1232.2644272309096,1185.6319740289011,1190.11669921875,1557590,M&M
2022-12-23,1176.662304923991,1186.3070779151712,1165.088577334575,1181.098876953125,1913648,M&M
2022-12-26,1181.0987556020987,1203.0888828562502,1173.0936654823226,1193.1065673828125,1677560,M&M
2022-12-27,1199.0863008180418,1204.1498062105973,1180.4718434241756,1190.406005859375,1304940,M&M
2022-12-28,1186.162299404449,1210.4189253192071,1181.4846083793057,1207.863037109375,1959508,M&M
2022-12-29,1203.378197478494,1222.571317977281,1194.5533249767482,1217.5078125,1289676,M&M
2022-12-30,1220.4012825332748,1220.4012825332748,1200.7741937564335,1204.824951171875,1372710,M&M
2023-01-02,1206.560959132326,1225.8505028434743,1198.4593272268373,1217.989990234375,1718385,M&M
2023-01-03,1218.1348003852938,1220.0637549385565,1202.4137736825871,1204.9215087890625,1510751,M&M
2023-01-04,1207.8630744787572,1211.1905916702162,1187.2715084995975,1192.2867431640625,1344532,M&M
2023-01-05,1195.9518049089095,1210.4189638392593,1187.2715095506996,1208.1524658203125,2745160,M&M
2023-01-06,1208.152438959147,1229.6602107836545,1203.8122913765376,1219.96728515625,2214972,M&M
2023-01-09,1227.7312618670173,1267.2266756881922,1226.477512089004,1263.802734375,3634805,M&M
2023-01-10,1263.9473169922446,1279.2825273686396,1259.3660504865497,1268.1910400390625,3139930,M&M
2023-01-11,1268.7697858115162,1273.1099333114414,1254.3026274784315,1265.9727783203125,2041750,M&M
2023-01-12,1269.2521866807317,1279.8614374812546,1263.4653226077191,1273.013671875,2448619,M&M
2023-01-13,1277.9323321573445,1289.506058939147,1265.008313704191,1280.970458984375,2600139,M&M
2023-01-16,1285.6481381632575,1287.818211914846,1256.6655505206515,1268.8662109375,1651972,M&M
2023-01-17,1272.097279165857,1276.823241450807,1257.7748149042172,1273.9298095703125,1607137,M&M
2023-01-18,1273.4473657375054,1277.9322079764543,1261.6325207958364,1275.1834716796875,1179938,M&M
2023-01-19,1270.7951021887102,1281.5007752840295,1265.6834438018072,1272.6759033203125,2066881,M&M
2023-01-20,1277.0160716876123,1277.9322779253423,1265.0565309738065,1268.04638671875,1332666,M&M
2023-01-23,1274.4118792256959,1298.1379939527794,1265.6834315173858,1281.2596435546875,1681075,M&M
2023-01-24,1287.6735581107978,1287.6735581107978,1274.1227233341822,1276.8714599609375,1408040,M&M
2023-01-25,1277.8358834393143,1284.683648106891,1259.6555115155395,1264.911865234375,1359090,M&M
2023-01-27,1271.277355830393,1292.2065814154178,1240.9445954121225,1273.302734375,1914769,M&M
2023-01-30,1273.2063634551425,1294.3284382672653,1258.6427808783765,1284.2978515625,2402331,M&M
2023-01-31,1302.3337393232616,1336.2832930342674,1287.866579889473,1329.7730712890625,5265862,M&M
2023-02-01,1337.2958235855442,1340.6232226200195,1275.038777196882,1304.0213623046875,3010838,M&M
2023-02-02,1300.163556451661,1329.2424502894655,1283.2369342389982,1304.3590087890625,2029111,M&M
2023-02-03,1310.9173458503715,1342.503973733623,1302.5747123676692,1338.6943359375,1803085,M&M
2023-02-06,1342.4558162444466,1342.4558162444466,1311.688970521439,1327.12060546875,1504382,M&M
2023-02-07,1333.775726471585,1335.8011053227374,1312.6536493460258,1318.151123046875,1413825,M&M
2023-02-08,1324.757751312115,1330.978582375254,1311.689037703149,1324.2755126953125,1241238,M&M
2023-02-09,1323.262718059913,1336.7653988564425,1314.5824232621437,1323.45556640625,1866387,M&M
2023-02-10,1329.5801809306734,1337.6816957704843,1302.8159368234749,1316.9454345703125,3282665,M&M
2023-02-13,1326.156119990155,1334.8364145937269,1277.980532033943,1304.9376220703125,4401219,M&M
2023-02-14,1309.7599699111438,1328.0850357640982,1302.0441527099001,1314.72705078125,2373179,M&M
2023-02-15,1315.7397098100403,1334.0166228440398,1311.7372237369282,1330.3515625,2007214,M&M
2023-02-16,1331.0750164808157,1347.3747053971379,1314.7753275644936,1319.549560546875,2646301,M&M
2023-02-17,1311.6407490323115,1323.7932561988312,1284.9730480705407,1293.84619140625,2150027,M&M
2023-02-20,1294.424764429416,1306.818272307612,1285.2622314692983,1298.4273681640625,1497314,M&M
2023-02-21,1306.3843793611456,1314.003772857715,1293.3639370419316,1303.8284912109375,2118816,M&M
2023-02-22,1299.0543537292658,1304.7929459292795,1264.574294107896,1272.8687744140625,2196484,M&M
2023-02-23,1278.1732966965994,1279.1377738116319,1258.6426351171947,1267.274658203125,1847879,M&M
2023-02-24,1273.30271982722,1273.640381025823,1232.794678461764,1234.7236328125,2824384,M&M
2023-02-27,1224.9344258801004,1239.7391286939644,1204.0534690623754,1212.7337646484375,2019964,M&M
2023-02-28,1218.8098050461213,1247.310153738793,1215.2412864572814,1224.500244140625,3407211,M&M
2023-03-01,1230.624782020901,1259.1734047098744,1223.9699827398288,1226.9598388671875,2338935,M&M
2023-03-02,1233.1324385577943,1233.1324385577943,1205.5965658990442,1207.091552734375,1563750,M&M
2023-03-03,1213.2159075351672,1231.5891277684075,1208.7310649562069,1223.5357666015625,1493291,M&M
2023-03-06,1224.4522550102758,1238.6300248253044,1222.957268038533,1225.3201904296875,1570410,M&M
2023-03-08,1224.8861664365536,1246.0563959990636,1213.6018291622129,1244.12744140625,2370800,M&M
2023-03-09,1245.1400808520814,1248.8051413517665,1200.7258581401575,1203.812255859375,3596577,M&M
2023-03-10,1204.6321586573797,1212.0585868413127,1181.8222467580908,1183.124267578125,2664696,M&M
2023-03-13,1179.266256701658,1187.27146476812,1140.4460483694754,1151.0552978515625,3842775,M&M
2023-03-14,1149.9462174742334,1150.042641647831,1115.7554299504845,1119.565185546875,5379592,M&M
2023-03-15,1125.545023258427,1132.6821789150156,1112.235189257382,1119.1312255859375,2226887,M&M
2023-03-16,1118.793528438025,1133.5018054282664,1099.6486799680254,1125.5931396484375,3604480,M&M
2023-03-17,1131.2354235727335,1144.111171694734,1111.0778249039693,1129.8851318359375,3683701,M&M
2023-03-20,1128.3901020158457,1137.2633632813443,1104.3264419251532,1126.171875,2082268,M&M
2023-03-21,1129.0170529140432,1133.2607763894584,1115.3215229653356,1119.0830078125,2209422,M&M
2023-03-22,1126.0271709478313,1138.5653749926466,1117.9738095889304,1122.7479248046875,2211909,M&M
2023-03-23,1119.7581108990944,1133.2607926842686,1112.81392164605,1123.5677490234375,2594282,M&M
2023-03-24,1119.3240628672866,1128.9688348786058,1106.3517738716419,1109.92041015625,1839876,M&M
2023-03-27,1100.9508545511715,1109.727574566706,1085.5192175184786,1097.478759765625,2446528,M&M
2023-03-28,1102.9761578239413,1108.1843585125837,1083.4937644981014,1088.2197265625,1903339,M&M
2023-03-29,1093.6689334363675,1111.5117626085573,1091.7882498875094,1103.6513671875,4003003,M&M
2023-03-31,1106.8341204913197,1121.6870943851025,1105.1462852246182,1117.539794921875,2343070,M&M
2023-04-03,1120.0474384315783,1138.0831152835597,1114.2605751335263,1128.3419189453125,2546562,M&M
2023-04-05,1130.3674201934066,1131.6212878043052,1111.0296028140556,1114.4052734375,2028469,M&M
2023-04-06,1113.0069297375267,1133.260955322005,1107.5094556010774,1129.6441650390625,2029418,M&M
2023-04-10,1129.6439077916211,1148.6923322773282,1129.6439077916211,1146.3775634765625,2586918,M&M
2023-04-11,1157.3726428807822,1161.4234000372517,1145.9917647988411,1159.01220703125,2443384,M&M
2023-04-12,1160.7483341019074,1169.8625967359733,1156.0223721777847,1164.4615478515625,2469405,M&M
2023-04-13,1170.3448616609705,1178.7840375245023,1156.938722190705,1161.7611083984375,4470196,M&M
2023-04-17,1175.6495345844528,1175.6495345844528,1160.6519835052889,1169.8626708984375,1956198,M&M
2023-04-18,1169.910847528935,1174.6368093716128,1159.8802610684422,1161.9056396484375,2075066,M&M
2023-04-19,1161.8574675461089,1174.6849435002948,1160.6518710616535,1172.322021484375,1818732,M&M
2023-04-20,1174.7332268765856,1181.388143087964,1171.405827637913,1175.3118896484375,2172677,M&M
2023-04-21,1178.5429435238545,1178.5429435238545,1166.1012810279453,1169.6697998046875,1015815,M&M
2023-04-24,1167.4033003981328,1173.8652509539745,1153.5148042912958,1164.847412109375,1389756,M&M
2023-04-25,1164.8474240121495,1171.8398842266708,1156.7940623463714,1166.872802734375,1360260,M&M
2023-04-26,1168.9464194285677,1174.0099249582704,1162.4844689890383,1170.44140625,1708865,M&M
2023-04-27,1167.0657311989835,1181.484618841433,1167.0657311989835,1180.5201416015625,1340045,M&M
2023-04-28,1181.484608385531,1185.1013980030375,1168.4641657625066,1183.317138671875,2333102,M&M
2023-05-02,1186.3069257757675,1196.7233263639962,1174.2509610829243,1193.34765625,2607580,M&M
2023-05-03,1193.347731566571,1197.880727483562,1186.4034248247945,1191.5633544921875,1307304,M&M
2023-05-04,1191.1293550917208,1194.0710576776662,1184.3780146175166,1187.946533203125,1541188,M&M
2023-05-05,1189.0074833448268,1198.2181695313075,1165.1366737672654,1168.1746826171875,4753718,M&M
2023-05-08,1173.720509866286,1195.8070618278855,1170.5859588903875,1188.0430908203125,3513667,M&M
2023-05-09,1194.9872987866183,1205.5965484126498,1190.2131835485195,1201.2081298828125,1846359,M&M
2023-05-10,1205.5965764197877,1211.1905916279918,1191.1294175027504,1204.2945556640625,2108081,M&M
2023-05-11,1205.5965963134045,1216.0611512225964,1199.9544277894663,1206.8504638671875,4100467,M&M
2023-05-12,1211.7691752071332,1233.3734879908002,1206.8503650437617,1230.6246337890625,2427624,M&M
2023-05-15,1234.4344803118527,1242.0056033277488,1227.3937491535553,1239.980224609375,2647630,M&M
2023-05-16,1241.282211450601,1245.815207398025,1214.132153519695,1217.604248046875,1571371,M&M
2023-05-17,1220.063731509092,1226.5256820448126,1215.916432205603,1218.231201171875,1643851,M&M
2023-05-18,1224.8377680055878,1224.8377680055878,1197.1573195731196,1201.25634765625,1900447,M&M
2023-05-19,1208.3936176060795,1217.6043050654744,1193.4923728669894,1215.627197265625,1588996,M&M
2023-05-22,1214.5179844755467,1224.3556053919767,1206.850437384862,1220.59423828125,917769,M&M
2023-05-23,1220.5941173471401,1225.609351487236,1211.913822904185,1223.487548828125,1803955,M&M
2023-05-24,1215.241299631196,1232.6018896259272,1209.9366749105836,1230.383544921875,1369297,M&M
2023-05-25,1234.5308604399538,1235.3024893213437,1212.8783936141335,1232.4090576171875,2040166,M&M
2023-05-26,1244.175576128366,1246.8761593562108,1223.2946214008005,1236.3150634765625,3508112,M&M
2023-05-29,1274.5566624564808,1302.0442635764275,1251.891447497928,1282.8994140625,6185862,M&M
2023-05-30,1282.7063593030953,1287.8664063263066,1273.1098585989346,1281.2596435546875,2493657,M&M
2023-05-31,1277.9322487554196,1281.0667995542535,1256.9548703324533,1272.1453857421875,5629378,M&M
2023-06-01,1272.145618523663,1290.1812977881868,1266.1659060760803,1272.0491943359375,2364455,M&M
2023-06-02,1277.7877314697082,1297.2219726740504,1273.3994303810152,1293.7498779296875,2313841,M&M
2023-06-05,1301.851405066768,1351.232591880566,1298.5238880009445,1345.83154296875,5105293,M&M
2023-06-06,1345.8315211658648,1364.6388267438865,1338.7426372255711,1361.0701904296875,2335838,M&M
2023-06-07,1372.2582459715295,1372.2582459715295,1345.445731961408,1356.4407958984375,2491079,M&M
2023-06-08,1362.5168184523598,1365.265672508489,1328.567269972092,1331.9912109375,1776230,M&M
2023-06-09,1331.701889500386,1337.729871980471,1314.5824192569444,1321.960693359375,1881329,M&M
2023-06-12,1328.953308907412,1335.6082258927786,1320.658827588773,1332.3289794921875,1389300,M&M
2023-06-13,1334.0168436203373,1339.1767737932205,1319.5978368846909,1324.3720703125,2516583,M&M
2023-06-14,1325.1916711506503,1331.9430115422474,1317.4758535602534,1329.676513671875,905086,M&M
2023-06-15,1332.714656405508,1357.2122833620945,1322.7804940449146,1343.275634765625,1720070,M&M
2023-06-16,1349.3036322668402,1359.7200333479325,1343.9025833756957,1353.9813232421875,2132678,M&M
2023-06-19,1359.4306084846503,1365.072776537443,1346.4101663317288,1352.7275390625,1476764,M&M
2023-06-20,1352.7756744380567,1359.8164049733414,1331.6536005662338,1346.8441162109375,1042428,M&M
2023-06-21,1344.529434150081,1353.5472720637524,1321.9606450230442,1325.4327392578125,2008628,M&M
2023-06-22,1330.0141217126145,1342.5523259056995,1325.818669240967,1329.7247314453125,1296616,M&M
2023-06-23,1327.9887492989726,1330.5927907808023,1319.887116850779,1324.4683837890625,1258590,M&M
2023-06-26,1326.1561547096746,1354.9940466388953,1321.2854977387638,1348.0015869140625,2281046,M&M
2023-06-27,1356.7301896195493,1366.664353040847,1344.0955603612529,1352.5830078125,2737379,M&M
2023-06-28,1358.9000884044342,1363.5296260054395,1340.7679878908993,1345.4456787109375,2611913,M&M
2023-06-30,1352.8240423844006,1409.1012665466958,1350.2681541172992,1401.964111328125,4114865,M&M
2023-07-03,1417.7815467301587,1444.835180480768,1407.4616873271668,1415.8043212890625,3615176,M&M
2023-07-04,1434.1777207772689,1434.1777207772689,1410.1622128677475,1412.4287109375,1595700,M&M
2023-07-05,1411.9464638060826,1425.4974166534075,1405.3398179996598,1422.9415283203125,1456527,M&M
2023-07-06,1425.3526200028477,1497.736681643541,1420.3373856088556,1493.7823486328125,5628945,M&M
2023-07-07,1491.9499251546185,1535.3995558959448,1484.6199213873024,1508.587158203125,6905845,M&M
2023-07-10,1511.3358607148957,1522.9095877912064,1491.0335673749182,1496.2900390625,2276342,M&M
2023-07-11,1502.8966326652994,1520.0161033727013,1495.3255100119318,1513.69873046875,1563376,M&M
2023-07-12,1513.2648128909236,1523.5365192020963,1486.886383517039,1515.049072265625,2658457,M&M
2023-07-13,1520.0160990398522,1538.148317873282,1503.089476731676,1511.2393798828125,1859405,M&M
2023-07-14,1522.9830962835265,1527.0764224183404,1503.491406978213,1507.24365234375,2174792,M&M
2023-07-17,1519.3771699997694,1519.3771699997694,1490.6269284891903,1497.254150390625,1520990,M&M
2023-07-18,1496.9617095157578,1502.9554276540644,1487.2158650527647,1495.6947021484375,1059058,M&M
2023-07-19,1491.3090710643153,1510.118598451455,1485.2666950887494,1505.1968994140625,1081196,M&M
2023-07-20,1510.6547150990666,1514.2606300742991,1491.6503178109258,1506.0740966796875,1538263,M&M
2023-07-21,1509.5825457672115,1513.1398028257267,1480.2475774306467,1484.7794189453125,1668783,M&M
2023-07-24,1483.31748959007,1517.4279443441123,1476.4466218310542,1507.535888671875,2129706,M&M
2023-07-25,1512.0189615145632,1529.6102580070951,1508.7054696373907,1525.95556640625,1996604,M&M
2023-07-26,1530.2438266262043,1533.995953035425,1493.0634053686601,1505.5867919921875,2100855,M&M
2023-07-27,1460.9020581000364,1461.8766425283886,1401.7934887269068,1410.613525390625,11879512,M&M
2023-07-28,1422.8933108165538,1433.6137398706512,1413.1474662219198,1430.4951171875,4714146,M&M
2023-07-31,1439.2663394480558,1441.4103776153227,1420.554246938074,1437.7069091796875,2460789,M&M
2023-08-01,1437.7068987438654,1465.7749778211885,1432.8339766101512,1455.3956298828125,4184243,M&M
2023-08-02,1455.3957489354016,1458.9530061775647,1428.0099480973124,1447.5504150390625,3188395,M&M
2023-08-03,1447.2579309973505,1463.387351485497,1410.8084482008883,1431.810791015625,2222395,M&M
2023-08-04,1443.3594797912024,1464.2642673435212,1379.7678484229539,1427.425048828125,8066091,M&M
2023-08-07,1451.1563622423873,1492.0889124198086,1443.1160398861082,1488.0931396484375,9257291,M&M
2023-08-08,1491.114184461703,1495.0125221988578,1447.2578849187119,1461.584228515625,3426948,M&M
2023-08-09,1466.7496420013185,1498.4724144038287,1454.323689884696,1495.7435302734375,3713003,M&M
2023-08-10,1495.4998086480346,1516.502150713083,1492.8684782727344,1506.122802734375,3600607,M&M
2023-08-11,1509.1927185057004,1519.961804732866,1494.0866603227305,1507.14599609375,2402812,M&M
2023-08-14,1505.6841544773763,1511.336791709462,1485.266658433158,1507.535888671875,1875450,M&M
2023-08-16,1519.4258724186377,1533.0212773547753,1499.4955498479212,1530.6822509765625,2361632,M&M
2023-08-17,1533.0213747560922,1538.9176583999788,1520.497988082007,1533.5086669921875,2377711,M&M
2023-08-18,1528.879384780258,1542.3286980311148,1505.3431460751744,1513.1885986328125,2202570,M&M
2023-08-21,1506.707505719306,1513.188515873177,1492.8196778043641,1499.4468994140625,1487526,M&M
2023-08-22,1498.9108344271503,1515.4787695281007,1495.7434350696158,1511.0931396484375,975607,M&M
2023-08-23,1506.7564020813265,1515.3326742338554,1497.059215001123,1503.247802734375,1405076,M&M
2023-08-24,1510.654733798665,1515.4301026174544,1489.2138750543318,1503.004150390625,2111147,M&M
2023-08-25,1491.9914544988615,1507.9258874902125,1469.8683146767135,1481.417236328125,1455320,M&M
2023-08-28,1489.16507987736,1513.5296917863482,1485.3641766259916,1509.875,2132512,M&M
2023-08-29,1515.3813240541601,1524.5910991485298,1500.8599925405601,1521.1800537109375,1325882,M&M
2023-08-30,1529.1229846870838,1548.614673465759,1520.1568554360238,1542.9620361328125,3140040,M&M
2023-08-31,1548.5660224725764,1549.5893838037323,1527.3201513583592,1535.3604736328125,3512885,M&M
2023-09-01,1536.9196344922045,1563.7207061146114,1534.9704656469385,1551.4896240234375,2147299,M&M
2023-09-04,1565.085202402703,1565.085202402703,1524.4449591881423,1536.3349609375,2200142,M&M
2023-09-05,1537.5044059100883,1543.839204840789,1525.4683117353222,1531.2183837890625,1078759,M&M
2023-09-06,1536.9195556640625,1540.7204585109491,1519.084614057498,1536.9195556640625,1301466,M&M
2023-09-07,1532.2415883725735,1537.7967909865536,1520.5953520583437,1525.95556640625,1514369,M&M
2023-09-08,1525.3221575624725,1537.8943212445402,1520.3518004698876,1527.7099609375,1223910,M&M
2023-09-11,1527.8074380702465,1548.6147936628988,1524.250180798473,1541.89013671875,1921950,M&M
2023-09-12,1541.9875560799824,1549.053293740573,1474.5951327397888,1518.3538818359375,3770868,M&M
2023-09-13,1524.2500068701534,1528.7330713320894,1491.2115718023574,1497.887451171875,2382637,M&M
2023-09-14,1505.7329457016283,1535.3603361937887,1499.2519354427454,1526.19921875,2220196,M&M
2023-09-15,1539.502316090479,1569.7630912111094,1531.900509961953,1560.4071044921875,5425897,M&M
2023-09-18,1567.8628237007017,1627.5561246807595,1561.3818129435856,1599.731689453125,6887528,M&M
2023-09-20,1578.9241999916487,1622.6830643802116,1578.9241999916487,1592.470947265625,6116670,M&M
2023-09-21,1596.1743684806625,1614.1066261605029,1535.0678555808436,1543.0107421875,2898266,M&M
2023-09-22,1539.8434744393662,1576.8289077731033,1526.2967264086435,1566.303466796875,3827771,M&M
2023-09-25,1571.955957470632,1578.8268255020785,1542.133696782492,1549.05322265625,3231962,M&M
2023-09-26,1549.0532437697352,1565.7673912833116,1541.7926370295163,1554.6571044921875,1479841,M&M
2023-09-27,1554.3161187882795,1558.945395320407,1543.010961998125,1548.8096923828125,1991198,M&M
2023-09-28,1555.388022063195,1556.3139486813175,1504.7584069301072,1516.502197265625,2369699,M&M
2023-09-29,1533.995968243576,1536.432429438372,1510.7033754277597,1514.7479248046875,1254881,M&M
2023-10-03,1556.6062511741966,1557.3859663289525,1494.0867532696104,1498.326171875,3436776,M&M
2023-10-04,1492.8684572156794,1498.8133983644923,1463.5821479042138,1483.4149169921875,2580901,M&M
2023-10-05,1494.0379152569521,1511.3855655130799,1474.5950036729298,1498.862060546875,1991367,M&M
2023-10-06,1505.7331028353242,1514.5043636285397,1501.2012609652618,1509.4852294921875,1743027,M&M
2023-10-09,1500.8600495080852,1502.078280067751,1475.5208538670397,1476.6903076171875,2123175,M&M
2023-10-10,1482.781560690548,1504.6122775896529,1480.588745534858,1498.7647705078125,1956653,M&M
2023-10-11,1500.8600752517216,1519.523391539489,1500.8600752517216,1516.745849609375,1536986,M&M
2023-10-12,1519.3771687807002,1530.1463746199338,1516.0635578326414,1526.832763671875,1731806,M&M
2023-10-13,1520.838987850392,1534.3857350858798,1510.8982743506433,1522.7393798828125,1465554,M&M
2023-10-16,1523.129273057268,1537.1633128310311,1518.889854523482,1534.531982421875,1089610,M&M
2023-10-17,1534.9704738652536,1543.6442990666922,1528.7331097334425,1536.52978515625,997962,M&M
2023-10-18,1536.5298636561854,1539.3074056238977,1522.057307956774,1534.8243408203125,1212994,M&M
2023-10-19,1513.8707182854944,1538.7713983508947,1513.8707182854944,1529.6590576171875,1239578,M&M
2023-10-20,1526.199269826428,1534.970529997844,1505.8304307459064,1518.646240234375,1435102,M&M
2023-10-23,1508.9003488926476,1534.8730478342763,1507.194826134332,1525.370849609375,4069167,M&M
2023-10-25,1533.9959466525263,1536.5298424658831,1507.6821661190968,1529.220458984375,2510769,M&M
2023-10-26,1514.5042754598792,1518.5974826712868,1461.8767137643622,1467.8216552734375,3343802,M&M
2023-10-27,1470.01441841752,1494.9637563242254,1468.9911761347287,1472.4022216796875,3341111,M&M
2023-10-30,1463.923307853809,1476.9339867281697,1426.011948196397,1459.732666015625,2637486,M&M
2023-10-31,1456.2239900881245,1459.2452969588057,1418.556397498933,1421.52880859375,2555737,M&M
2023-11-01,1427.6688833508563,1447.2580083572764,1413.1475502478456,1417.630615234375,2627536,M&M
2023-11-02,1427.7663021639428,1439.9486084963999,1415.583995831486,1432.3468017578125,2091122,M&M
2023-11-03,1442.3848566999234,1450.2789662437042,1423.3316848232805,1431.6644287109375,2456723,M&M
2023-11-06,1444.1392004718446,1454.2747829801363,1436.098879233284,1450.4739990234375,1271868,M&M
2023-11-07,1450.425325347596,1458.9529393887797,1437.5120812280895,1442.141357421875,1940908,M&M
2023-11-08,1447.3067960588555,1451.5462149479263,1436.5375894732947,1449.5970458984375,1342202,M&M
2023-11-09,1449.5968547553862,1519.0846508263387,1449.5968547553862,1512.603759765625,4831782,M&M
2023-11-10,1510.6058967787005,1511.5804812282352,1476.7878639669798,1485.3641357421875,4872228,M&M
2023-11-13,1487.4595769143225,1504.0762900453635,1474.595109241656,1501.103759765625,1968032,M&M
2023-11-15,1509.6312516121955,1511.3855511379315,1494.5739700596164,1504.904541015625,2782942,M&M
2023-11-16,1504.953196364343,1543.6929266111188,1499.398112821746,1529.6102294921875,3224223,M&M
2023-11-17,1534.9705029815955,1555.4367763546834,1532.6802533262678,1544.27783203125,2035309,M&M
2023-11-20,1549.39447205178,1549.39447205178,1501.4448436930572,1512.75,2918577,M&M
2023-11-21,1513.5297090066015,1531.4620873692097,1509.7775825234937,1520.108154296875,2213144,M&M
2023-11-22,1520.3517099335002,1524.8835513239824,1495.9870991973864,1504.2222900390625,1269475,M&M
2023-11-23,1517.0380616549448,1521.277480024878,1496.0844969388052,1506.561279296875,1552635,M&M
2023-11-24,1509.6314020308691,1519.8645393590318,1508.169525269703,1513.724609375,1239270,M&M
2023-11-28,1513.724420274251,1532.0466543124442,1502.9553341930143,1526.2479248046875,2596766,M&M
2023-11-29,1535.9451397565997,1582.140467880409,1527.417525560616,1577.94970703125,3581220,M&M
2023-11-30,1574.002717020949,1617.810241949249,1572.6869327944953,1605.87158203125,5214960,M&M
2023-12-01,1613.911837223162,1623.6576816508382,1579.9962510277182,1584.18701171875,2489755,M&M
2023-12-04,1620.5878636314992,1632.4290894770947,1597.7825618118038,1614.7403564453125,3001010,M&M
2023-12-05,1618.6872979937207,1664.590200694723,1598.9031865458744,1643.1981201171875,3423953,M&M
2023-12-06,1645.1959633314013,1666.9779016918808,1641.3464023946628,1659.132568359375,2279220,M&M
2023-12-07,1659.717296223209,1662.6410495342304,1638.9099422866711,1649.63037109375,2461051,M&M
2023-12-08,1655.8189934830966,1664.736465063814,1620.2954375902643,1626.1429443359375,1942667,M&M
2023-12-11,1631.4542388514603,1631.892754231766,1605.2378954491126,1610.208251953125,2037178,M&M
2023-12-12,1620.733956513441,1627.556047731477,1585.161623733681,1593.83544921875,2051527,M&M
2023-12-13,1597.3439626536574,1628.0433737723824,1588.1341869051728,1623.803955078125,2247441,M&M
2023-12-14,1633.403568289508,1666.3932287361567,1628.579422760272,1660.25341796875,3326228,M&M
2023-12-15,1683.9844704663983,1695.3870607784934,1654.8443720414782,1681.109375,3858594,M&M
2023-12-18,1676.285220973089,1687.834022684484,1655.5753018186251,1667.319091796875,1739425,M&M
2023-12-19,1676.2852265360254,1680.0373528134855,1648.3147008664212,1656.1600341796875,1660221,M&M
2023-12-20,1666.539393442572,1668.4397855146299,1598.9032094706938,1605.091796875,3047660,M&M
2023-12-21,1593.4455028910681,1611.1342336433318,1579.2165943652385,1592.32470703125,3211338,M&M
2023-12-22,1588.5726157951851,1610.0134731862856,1581.5068787003904,1592.714599609375,2751274,M&M
2023-12-26,1599.1956969049481,1626.5814969973162,1592.9583324398523,1620.0030517578125,1203594,M&M
2023-12-27,1627.5560610792,1648.802050062456,1618.0538625190072,1645.0498046875,1793638,M&M
2023-12-28,1646.024328280917,1695.7281342960569,1645.4883782241945,1690.367919921875,2963938,M&M
2023-12-29,1686.0310159102917,1713.3193791735796,1671.4122498763875,1685.4462890625,2273255,M&M
2024-01-01,1685.4463963495978,1686.0311232346103,1655.819004841389,1660.009765625,1307485,M&M
2024-01-02,1660.3020153452944,1661.6664573443036,1607.5282445340201,1614.106689453125,2857334,M&M
2024-01-03,1629.5051977137139,1635.5475737066215,1606.163947761824,1613.180908203125,1927812,M&M
2024-01-04,1624.5349428190925,1631.89298448575,1596.5642960133312,1599.975341796875,2835768,M&M
2024-01-05,1606.06643020633,1619.2720973657197,1594.9074856087875,1600.2677001953125,1709313,M&M
2024-01-08,1606.2614099137832,1611.3779783554487,1565.2800855700725,1575.07470703125,1492195,M&M
2024-01-09,1583.699610422029,1595.1997536417598,1573.9537666655858,1588.47509765625,2542484,M&M
2024-01-10,1603.1915191787498,1605.5792036414562,1580.1425717203938,1591.3016357421875,1954233,M&M
2024-01-11,1602.1194938001274,1609.2826661283125,1584.5281958731805,1587.257080078125,2228002,M&M
2024-01-12,1588.572687690109,1592.3248141097986,1560.7970302673066,1583.1636962890625,3061539,M&M
2024-01-15,1593.445498374212,1599.195570143561,1575.0258293700833,1593.9815673828125,1405514,M&M
2024-01-16,1596.3692855464485,1598.3184543932696,1576.4390816748332,1579.1678466796875,2236688,M&M
2024-01-17,1571.0302340446374,1573.9539875819412,1550.5639592835098,1557.0936279296875,2548169,M&M
2024-01-18,1559.3351464677694,1582.0430121253385,1540.4769608337408,1576.146728515625,2328588,M&M
2024-01-19,1583.6510083131125,1616.8356575516216,1581.0196777957312,1613.473388671875,2836976,M&M
2024-01-23,1577.8522625479056,1605.725354695581,1547.8837899887037,1554.6571044921875,2772880,M&M
2024-01-24,1554.46222519465,1590.8142734085914,1534.9705358505164,1586.720947265625,2543323,M&M
2024-01-25,1590.1320799746322,1600.9987211725975,1563.136136341873,1593.9329833984375,2038472,M&M
2024-01-29,1593.9328514657368,1603.1914036448409,1583.6997148467274,1598.3184814453125,3075670,M&M
2024-01-30,1608.0155218190741,1617.3228506497749,1573.4177747880005,1579.1678466796875,2569098,M&M
2024-01-31,1574.0026197372572,1616.153396026222,1568.1551132000595,1609.574951171875,3154787,M&M
2024-02-01,1617.0792911227757,1659.3275043460376,1603.7275313943246,1609.1851806640625,4065784,M&M
2024-02-02,1612.9372770650261,1644.1727565131453,1608.0643547778207,1618.5411376953125,3304158,M&M
2024-02-05,1634.0857298299431,1669.316982140016,1622.7805737952524,1660.25341796875,3525423,M&M
2024-02-06,1667.4653339609274,1686.0312166212614,1662.641188182585,1683.740966796875,2219874,M&M
2024-02-07,1687.4442479096997,1707.4720065323577,1672.0945423715236,1677.2598876953125,1213661,M&M
2024-02-08,1685.0565693326275,1699.5779019076028,1632.9650763582629,1643.052001953125,2550690,M&M
2024-02-09,1643.1494297342783,1646.804121526392,1586.6235300162546,1604.555908203125,2033950,M&M
2024-02-12,1611.9626352867278,1632.4776849734865,1598.8545223873969,1618.2486572265625,1197925,M&M
2024-02-13,1627.55593774314,1636.717054838971,1582.1889866219137,1604.8968505859375,2075130,M&M
2024-02-14,1589.5473287741165,1636.960888769315,1582.627802577312,1614.935302734375,4368695,M&M
2024-02-15,1638.3253311937287,1739.5359083356157,1625.7043904619047,1720.1904296875,9887134,M&M
2024-02-16,1742.5570207436062,1817.2589436646876,1731.6903801819803,1788.8985595703125,7188957,M&M
2024-02-19,1789.3858097270365,1809.2672371407511,1773.743681868483,1801.568115234375,2682236,M&M
2024-02-20,1790.7015761638804,1812.7271619727785,1774.231074393249,1806.53857421875,1830562,M&M
2024-02-21,1802.8837879925716,1841.6721775098263,1799.765046388924,1812.385986328125,4466234,M&M
2024-02-22,1823.3988320606163,1868.2784961034436,1805.9050877828276,1861.7974853515625,3360123,M&M
2024-02-23,1877.3905679307402,1898.3441317805455,1852.7823127117827,1880.8990478515625,3323441,M&M
2024-02-26,1885.8208431289622,1901.4141937698218,1876.2698682743062,1880.7530517578125,2436063,M&M
2024-02-27,1877.04966026391,1907.2130015579664,1866.3780080691674,1901.0244140625,2821465,M&M
2024-02-28,1902.340131567008,1903.5097043258088,1848.8355386931362,1853.318603515625,2010429,M&M
2024-02-29,1854.4880898467923,1901.3169226037603,1844.4499408893182,1883.287109375,5539065,M&M
2024-03-01,1884.456401468862,1931.9187338705951,1881.435213575256,1922.8062744140625,3384932,M&M
2024-03-04,1917.0075707674828,1924.7554693865554,1870.276295010281,1872.2254638671875,1645331,M&M
2024-03-05,1876.0751834154835,1917.9823173826867,1874.1747912064309,1889.9630126953125,2208384,M&M
2024-03-06,1895.5667050617383,1929.579725259753,1873.1512633052241,1920.5648193359375,1673183,M&M
2024-03-07,1881.0943070619157,1883.0434760728924,1836.4096312788417,1849.3228759765625,18323831,M&M
2024-03-11,1864.3800027902153,1865.0621642997676,1825.6890487512233,1846.2039794921875,3250782,M&M
2024-03-12,1843.9137998034018,1850.1023873358147,1828.9539521239328,1846.9837646484375,3186510,M&M
2024-03-13,1847.8121282722807,1853.0749081273814,1797.3773826825704,1806.587158203125,4270994,M&M
2024-03-14,1806.5871992342484,1847.4223126549473,1797.7185042782464,1842.500732421875,2388133,M&M
2024-03-15,1827.3458986952755,1834.2654247047685,1743.3367641663908,1753.7647705078125,5504948,M&M
2024-03-18,1761.9998361203563,1819.9389506639754,1755.2752988669586,1808.87744140625,3404076,M&M
2024-03-19,1808.8774795049121,1817.5999625692534,1780.3708849176999,1797.0362548828125,2189225,M&M
2024-03-20,1804.8816006896784,1811.8012453673095,1774.2797445391786,1797.5235595703125,1550415,M&M
2024-03-21,1812.6782727649938,1827.345816102709,1798.1082830450657,1818.4283447265625,2072960,M&M
2024-03-22,1818.4283763693854,1857.0218968834824,1800.3011293517761,1831.04931640625,3786990,M&M
2024-03-26,1830.4644887382094,1868.7657056776925,1813.799118233424,1816.57666015625,4092744,M&M
2024-03-27,1822.3754029811396,1851.6129351356008,1808.146494459533,1833.3394775390625,4196597,M&M
2024-03-28,1833.339574689679,1913.060511874647,1822.814014969183,1872.517822265625,3790854,M&M
2024-04-01,1888.7446393103944,1913.937623218673,1843.7188858984848,1867.2550048828125,2765845,M&M
2024-04-02,1867.255057099484,1927.240778474273,1853.1235823647803,1921.831787109375,3431715,M&M
2024-04-03,1917.0075644564738,1952.3850266799893,1906.4820050767,1938.7408447265625,3615370,M&M
2024-04-04,1948.1942561305484,1963.7876068549551,1913.3040862975588,1951.8001708984375,3007920,M&M
2024-04-05,1944.6369976642043,1975.921133736725,1941.6158097573061,1962.130859375,2767027,M&M
2024-04-08,1966.7113179692708,2033.9576415271895,1965.6392989235062,2025.283935546875,2781568,M&M
2024-04-09,2041.7543140581058,2045.3114519369803,2017.4872577192145,2037.7584228515625,2853137,M&M
2024-04-10,2045.1167556692908,2055.0089309084956,2017.3898747841486,2023.4322509765625,2280814,M&M
2024-04-12,2031.0339259928342,2034.4449714539544,1999.5060249136475,2018.3155517578125,4008660,M&M
2024-04-15,2003.0146755602916,2030.9364246652183,1983.2793405985615,2001.2603759765625,2024919,M&M
2024-04-16,1995.0230441479107,2021.0444000478353,1976.2135176356833,1979.67333984375,1981730,M&M
2024-04-18,1979.6734476639324,2033.9577541280378,1965.2495501673159,1973.4847412109375,3539862,M&M
2024-04-19,1982.3045898533421,2033.957560975381,1947.414422149819,2029.961669921875,3253248,M&M
2024-04-22,2070.5534483138604,2078.788639358976,2012.5168965195903,2037.514892578125,2449171,M&M
2024-04-23,2042.7291279660906,2060.2716491032043,2004.5742396671374,2010.1781005859375,2886136,M&M
2024-04-24,2002.771153902947,2037.7101035139158,2000.7732080844255,2006.1334228515625,1929834,M&M
2024-04-25,2007.6438431063707,2060.2226233520523,1990.003889443515,2043.557373046875,3084498,M&M
2024-04-26,2046.1889228592606,2049.5511917778967,1986.9829148228805,1992.9278564453125,2952484,M&M
2024-04-29,1993.5124260062892,2015.7817751205357,1950.1434194273206,2009.641845703125,2724604,M&M
2024-04-30,2020.3624726217513,2113.873809073628,2020.3624726217513,2101.54541015625,5745143,M&M
2024-05-02,2110.0728099569037,2147.984048487806,2110.0728099569037,2129.613037109375,3347541,M&M
2024-05-03,2153.8313612827033,2153.8313612827033,2117.1383565690385,2137.263427734375,3859227,M&M
2024-05-06,2144.52429244751,2183.0691547990623,2134.3399325937257,2168.401611328125,2111447,M&M
2024-05-07,2179.170764530573,2180.047795334881,2109.829178176948,2135.8017578125,1727823,M&M
2024-05-08,2135.996788854078,2139.2129652728295,2105.1025079677956,2126.93310546875,1993202,M&M
2024-05-09,2130.0031141116024,2199.393480075541,2129.4670450714775,2156.31689453125,3998822,M&M
2024-05-10,2155.6347354557906,2174.9313174370204,2127.5178785788244,2137.3125,3045912,M&M
2024-05-13,2151.882464661783,2151.931241471393,2105.102411082179,2128.736083984375,2575573,M&M
2024-05-14,2119.721256013707,2222.3938267378785,2119.721256013707,2212.209228515625,3830189,M&M
2024-05-15,2223.319372743982,2258.2580796765783,2198.662340575051,2243.78564453125,2569084,M&M
2024-05-16,2260.49964929969,2333.0574074135798,2228.0947192854683,2311.470458984375,7444517,M&M
2024-05-17,2363.708522234318,2492.938279251578,2363.708522234318,2450.690185546875,9796445,M&M
2024-05-21,2439.3849108671106,2472.472005798532,2404.2998701994256,2458.535400390625,3747292,M&M
2024-05-22,2457.60945891094,2470.5714791500204,2426.7151807035702,2456.97607421875,2974921,M&M
2024-05-23,2455.9528553702567,2550.8772872249856,2436.7048121585253,2542.8857421875,4715263,M&M
2024-05-24,2523.9789478371267,2538.792584427845,2507.0210350300295,2514.184326171875,2919241,M&M
2024-05-27,2515.548472636608,2523.929993796639,2476.4190034703192,2484.313232421875,3328559,M&M
2024-05-28,2485.190305452165,2516.3282305156995,2483.2411365851435,2487.919189453125,1549203,M&M
2024-05-29,2446.4506778392015,2482.2666572876988,2437.046032831752,2469.255859375,2720451,M&M
2024-05-30,2454.003785232229,2467.1118992461165,2415.0204050061407,2430.12646484375,3367101,M&M
2024-05-31,2453.760212384079,2503.9025391101836,2431.7345067243027,2442.552490234375,8769724,M&M
2024-06-03,2509.6034759832946,2586.8880624616336,2505.071515998156,2567.05517578125,2701157,M&M
2024-06-04,2567.299403464294,2571.928680171689,2385.9778966327676,2507.508544921875,6372249,M&M
2024-06-05,2507.5081505609287,2683.7130606879637,2506.4362504639444,2671.287109375,4242881,M&M
2024-06-06,2675.2343265223963,2691.7047086225334,2603.01752329884,2631.23193359375,4992660,M&M
2024-06-07,2600.5326308807257,2794.7185913954677,2600.5326308807257,2784.826416015625,6447821,M&M
2024-06-10,2788.2860705799485,2812.6506814728177,2728.836420001348,2736.194580078125,2021106,M&M
2024-06-11,2749.302902092426,2782.438775424983,2741.8959646438216,2763.483154296875,2298974,M&M
2024-06-12,2763.482933592803,2776.2013080168344,2711.3426664836697,2716.702880859375,2580846,M&M
2024-06-13,2777.565671286914,2805.9261738416844,2717.774820346528,2788.96826171875,2492637,M&M
2024-06-14,2801.9301497405786,2871.1256421341723,2792.1843057414812,2854.16796875,3515019,M&M
2024-06-18,2889.642888995018,2936.91023473406,2881.5050136780546,2886.62158203125,4887512,M&M
2024-06-19,2899.388722689845,2901.337891579048,2852.0726003173045,2859.28466796875,3512298,M&M
2024-06-20,2870.1999629686625,2879.653384483652,2784.6801780499923,2798.226806640625,4024418,M&M
2024-06-21,2811.4326740059155,2846.663808978215,2753.2500261642767,2767.771240234375,8400461,M&M
2024-06-24,2764.408765651379,2849.6361273913108,2741.5548081073534,2841.693359375,2699784,M&M
2024-06-25,2846.9559542663724,2872.1002798378304,2817.5723292380153,2835.455810546875,1910886,M&M
2024-06-26,2833.165802234665,2838.915755374817,2772.303050290403,2779.027587890625,3282318,M&M
2024-06-27,2769.76918364603,2831.168007914045,2722.0633193614285,2815.52587890625,6900180,M&M
2024-06-28,2782.438666548343,2822.396629885815,2782.438666548343,2793.79248046875,2548169,M&M
2024-07-01,2768.7946669471544,2820.496424172286,2766.1145594729887,2802.759033203125,1718501,M&M
2024-07-02,2816.7437084063604,2817.523423492206,2777.565464182908,2792.330322265625,1507890,M&M
2024-07-03,2798.031861669111,2821.421887680974,2792.281908782121,2804.80517578125,1019710,M&M
2024-07-04,2816.5489535671086,2847.7356547830764,2811.724808309893,2829.023681640625,1502213,M&M
2024-07-05,2833.2450418842777,2833.2450418842777,2788.0859040025466,2827.94384765625,1966103,M&M
2024-07-08,2827.9440835311793,2865.249461414635,2795.449040082609,2799.228759765625,1631998,M&M
2024-07-09,2803.155360971714,2886.257894617373,2785.3861263616127,2872.02294921875,2902129,M&M
2024-07-10,2876.4406924156983,2876.4406924156983,2648.58329800884,2682.06005859375,14481615,M&M
2024-07-11,2707.535667641539,2707.535667641539,2641.809536292532,2648.730712890625,4314565,M&M
2024-07-12,2640.4842989202284,2672.537615254935,2638.029997807824,2654.52294921875,3398732,M&M
2024-07-15,2673.077625784521,2688.9323151964877,2658.5972491327693,2681.127685546875,2017720,M&M
2024-07-16,2704.5905213905417,2716.273137755717,2689.913849599279,2706.357666015625,1925983,M&M
2024-07-18,2705.6215076858252,2774.2928038948958,2686.477959282388,2767.91162109375,4122844,M&M
2024-07-19,2768.4023957439463,2768.4023957439463,2692.859058853137,2699.0439453125,2042568,M&M
2024-07-22,2700.7618883532928,2767.4697399674938,2675.18802462271,2753.480224609375,2208103,M&M
2024-07-23,2772.3783185722014,2802.320789789075,2693.2515610591026,2769.77685546875,2572524,M&M
2024-07-24,2771.3969052140883,2778.6615408691914,2713.1316990615255,2754.216796875,2276082,M&M
2024-07-25,2748.6209756005046,2775.3237240191347,2730.9500074249318,2760.0087890625,1857122,M&M
2024-07-26,2770.0223647624616,2844.4365790245784,2738.9999043829066,2835.01220703125,2352661,M&M
2024-07-29,2846.989212530366,2891.166631345492,2822.9370622865745,2879.385986328125,2388937,M&M
2024-07-30,2891.166604227181,2896.0752062717092,2851.5051955785257,2868.685302734375,2290006,M&M
2024-07-31,2883.3129172789145,2925.1343036764656,2820.4336754884894,2854.646728515625,4238740,M&M
2024-08-01,2873.0048691313327,2873.0048691313327,2768.5499101329756,2776.697998046875,4971708,M&M
2024-08-02,2758.9289383234236,2758.9289383234236,2683.876460311529,2699.387451171875,3041513,M&M
2024-08-05,2630.667136855726,2679.3114336229023,2587.6188384572683,2629.97998046875,3731770,M&M
2024-08-06,2639.15912334734,2698.50407638214,2577.7033275465906,2584.82080078125,3069277,M&M
2024-08-07,2648.1907635371754,2655.308236395616,2612.3579691464033,2631.84521484375,2479171,M&M
2024-08-08,2611.8671629101705,2666.8435061249684,2607.9402812519706,2633.90673828125,2673182,M&M
2024-08-09,2684.023516502527,2714.456848255116,2655.5536255081693,2698.896484375,2279076,M&M
2024-08-12,2698.89660543868,2706.603206631563,2659.1860622577274,2667.972412109375,2321474,M&M
2024-08-13,2668.4146124766667,2688.5887772025903,2654.670525345039,2668.365478515625,1292521,M&M
2024-08-14,2678.918861468604,2721.2800037988536,2665.665635148355,2695.068115234375,2609359,M&M
2024-08-16,2738.018362311415,2793.043842017352,2725.4031585321727,2788.52783203125,4376092,M&M
2024-08-19,2807.6222621098486,2807.6222621098486,2709.5484835230345,2714.604248046875,2500718,M&M
2024-08-20,2728.9373353099154,2732.324222820636,2698.25857220948,2720.641845703125,1762399,M&M
2024-08-21,2723.2923768775354,2730.115285690094,2704.6396893646756,2718.7763671875,1497501,M&M
2024-08-22,2720.4454522412325,2725.0103561561505,2674.2554602339214,2682.99267578125,2346622,M&M
2024-08-23,2682.9927854044317,2718.3838546327074,2675.4827200303735,2708.566650390625,1943539,M&M
2024-08-26,2714.4078828365687,2747.8355117565275,2702.774639428442,2742.04345703125,2765969,M&M
2024-08-27,2746.804671481381,2748.8172463294404,2723.243380798557,2729.96826171875,1604159,M&M
2024-08-28,2731.047964990906,2775.3236522006514,2729.968216325936,2746.853759765625,1851275,M&M
2024-08-29,2738.3617598493206,2750.4367284372242,2691.5335073144925,2707.192138671875,2237121,M&M
2024-08-30,2729.182805063964,2769.9733370104705,2714.4569985618205,2754.118408203125,4895220,M&M
2024-09-02,2796.725121432708,2796.725121432708,2706.1122806426815,2726.237548828125,2270687,M&M
2024-09-03,2729.1828958056926,2746.952132113552,2721.918260227565,2733.9443359375,1592710,M&M
2024-09-04,2710.5301402139266,2729.084560695576,2681.176794870867,2699.338623046875,1697000,M&M
2024-09-05,2705.8178004639667,2709.548386032478,2662.3275374917184,2673.322998046875,2360312,M&M
2024-09-06,2673.224772513355,2688.8340317222633,2631.1090612817297,2648.780029296875,2835519,M&M
2024-09-09,2639.011691347949,2664.6838245286763,2611.4254909324723,2659.33349609375,1269082,M&M
2024-09-10,2642.055031361633,2665.3708909045367,2628.065515635891,2640.827880859375,2034126,M&M
2024-09-11,2632.4833269682467,2658.498918303193,2595.767078842137,2605.7314453125,2034245,M&M
2024-09-12,2616.2851177627385,2701.302208454989,2587.4226310964605,2690.797607421875,3730285,M&M
2024-09-13,2704.6397764969356,2708.1249319484978,2662.1803680274284,2689.030517578125,2102332,M&M
2024-09-16,2690.110305950592,2733.404273293293,2682.1093802232426,2706.995849609375,1234752,M&M
2024-09-17,2714.4567569849364,2742.4357868489765,2695.1169141021987,2736.692626953125,1387175,M&M
2024-09-18,2730.6555424973967,2795.9399550719345,2726.8758227403605,2756.867431640625,2526756,M&M
2024-09-19,2760.5979840398795,2799.866803158512,2741.159870640586,2746.363037109375,2807727,M&M
2024-09-20,2747.541000476228,2905.89255843746,2747.3447043200113,2896.909912109375,12492909,M&M
2024-09-23,2908.591976564806,3001.020851951319,2902.1125263622866,2994.05078125,3925490,M&M
2024-09-24,2964.7958023346428,3041.9099927448433,2964.7958023346428,3018.103271484375,3697722,M&M
2024-09-25,2989.3388433766495,3091.4377726742428,2979.0799123587594,3034.547119140625,4218815,M&M
2024-09-26,3015.8451339108715,3138.7564827089113,2989.97670494125,3122.950927734375,4753617,M&M
2024-09-27,3113.035434190961,3163.2014432400074,3094.9227404801004,3125.4541015625,6803795,M&M
2024-09-30,3105.3288343284207,3120.889198774761,3030.570920609527,3038.326416015625,3554400,M&M
2024-10-01,3048.7327611884357,3127.221260751505,3039.210121059753,3107.635986328125,4028211,M&M
2024-10-03,3028.607439422534,3113.035393973697,3016.286800444908,3072.6376953125,3237011,M&M
2024-10-04,3069.8888903378543,3099.8804971341337,2954.4876069169604,2962.292236328125,4281562,M&M
2024-10-07,2972.6493930111255,3010.887354936121,2928.37370677513,3004.2607421875,2732276,M&M
2024-10-08,3017.808618464167,3118.8275553971826,3009.954854980851,3107.979736328125,6060165,M&M
2024-10-09,3106.9488509109083,3145.7268077225635,3087.510738548233,3095.364501953125,2432656,M&M
2024-10-10,3098.3094857455217,3161.4341534318587,3097.327765376147,3135.909423828125,2507231,M&M
2024-10-11,3141.5052680659073,3151.8133322267486,3063.9493567605305,3077.055419921875,1652856,M&M
2024-10-14,3093.400878624597,3115.980447081711,3058.0589453873754,3097.2294921875,2425178,M&M
2024-10-15,3118.9257057608074,3134.584098179942,3030.129143659841,3098.11328125,2245701,M&M
2024-10-16,3080.6386414767867,3090.357577648553,2996.357848546768,3011.918212890625,1972106,M&M
2024-10-17,2999.1558771875357,3009.267645429169,2898.2349702749216,2910.408447265625,3622197,M&M
2024-10-18,2891.5102775667756,2934.215114989751,2861.4204034838876,2910.064697265625,3407751,M&M
2024-10-21,2905.6469416830264,2946.535500299975,2840.018837347831,2943.39404296875,5059952,M&M
2024-10-22,2950.070061054606,2953.9478090395564,2825.5878554678793,2834.42333984375,4195638,M&M
2024-10-23,2823.57488187349,2871.4337488189035,2730.409716757547,2742.435791015625,7913897,M&M
2024-10-24,2712.493463698298,2790.245671399686,2712.493463698298,2774.685546875,3992102,M&M
2024-10-25,2773.36009621519,2773.409230170158,2630.3234836132146,2671.114013671875,4532596,M&M
2024-10-28,2680.0968082102886,2783.079186764521,2664.291013213809,2730.16455078125,2813985,M&M
2024-10-29,2711.511818454433,2746.804619857546,2653.148587024644,2696.687744140625,3156567,M&M
2024-10-30,2640.091651805168,2705.474327953416,2620.2609471641945,2658.204345703125,5677865,M&M
2024-10-31,2658.20437291059,2701.6946361002424,2622.764409027171,2678.67333984375,3833325,M&M
2024-11-01,2729.1828521628886,2788.969531722226,2729.1828521628886,2766.14453125,1061709,M&M
2024-11-04,2753.2350235878307,2917.427770136258,2753.2350235878307,2831.232666015625,7559263,M&M
2024-11-05,2822.9370626685577,2854.8429762615774,2770.5132882053153,2846.44921875,3562624,M&M
2024-11-06,2856.806430526933,2899.8058329838336,2832.656012253405,2880.90771484375,2902347,M&M
2024-11-07,2917.4275370747373,2918.212961313713,2805.707709979046,2838.497314453125,4251557,M&M
2024-11-08,2856.806459316597,2936.276680412533,2799.1303838922495,2920.52001953125,4455563,M&M
2024-11-11,2908.199653396468,2954.585944379327,2836.239496909713,2877.030029296875,2628672,M&M
2024-11-12,2877.6187485717464,2892.049990315717,2827.354712725525,2845.565673828125,2414528,M&M
2024-11-13,2823.4279847728194,2842.0806731284115,2732.02971595928,2747.786376953125,3949602,M&M
2024-11-14,2763.542965211091,2790.442008681621,2686.2324826141557,2755.885498046875,2478112,M&M
2024-11-18,2792.0127259452142,2822.1514933002677,2748.8661637171745,2794.859619140625,2405351,M&M
2024-11-19,2792.9946421441227,2943.1978689448433,2792.9946421441227,2895.04443359375,5230405,M&M
2024-11-21,2908.3465755457773,2919.636359720892,2864.6600193899,2882.576416015625,3821808,M&M
2024-11-22,2890.1849362326993,3007.5005272244816,2843.7495121137736,2957.87451171875,4827125,M&M
2024-11-25,3018.790464647948,3092.0758023332205,2967.1518717229924,2989.927978515625,6299837,M&M
2024-11-26,2997.683140802293,3012.0163540324247,2898.529383729743,2930.631591796875,2144702,M&M
2024-11-27,2970.637071810415,3013.8819073746017,2931.466520090597,2949.873779296875,3593911,M&M
2024-11-28,2940.25261358157,2945.112081651756,2839.1354118457098,2845.712890625,4457143,M&M
2024-11-29,2849.934447655827,2936.963869106319,2849.934447655827,2911.881103515625,3542836,M&M
2024-12-02,2929.453827845727,2970.9315169296688,2907.7577099922196,2961.261474609375,2318823,M&M
2024-12-03,2986.0990811244387,2986.0990811244387,2933.037042221419,2971.96240234375,2308865,M&M
2024-12-04,2948.1065909875692,2996.063732136679,2948.1065909875692,2976.3310546875,3364025,M&M
2024-12-05,2994.1982451228287,3042.3516812367334,2960.9180176658206,3015.45263671875,3797063,M&M
2024-12-06,3019.2812053905104,3042.351635670685,3009.9057272772543,3016.826904296875,2688767,M&M
2024-12-09,3007.402172202275,3016.8267838968404,2984.4300107537892,2995.474365234375,1879542,M&M
2024-12-10,2992.2345815174,3024.9259180767235,2950.364303220264,3010.838134765625,2061909,M&M
2024-12-11,2996.210744603265,3058.059131533149,2992.087566743507,3015.894287109375,2409385,M&M
2024-12-12,3028.411118530567,3029.589135067483,2989.338598924331,3011.378173828125,1958999,M&M
2024-12-13,2995.229036936749,3036.559562979972,2945.161294923057,3025.0732421875,2467964,M&M
2024-12-16,3032.926841057436,3035.6265720979463,2984.429950237212,3028.460205078125,2300493,M&M
2024-12-17,2999.2540811628137,3037.1974786410065,2972.6493625292824,2985.902587890625,2564201,M&M
2024-12-18,2970.78425427129,3006.0279214240363,2969.2625396870594,2995.42529296875,2014105,M&M
2024-12-19,2951.051671014737,2989.3387685428725,2916.2005950596395,2959.54345703125,2372390,M&M
2024-12-20,2959.5432707719865,2969.704172655344,2833.588736778157,2853.22314453125,8046336,M&M
2024-12-23,2864.660059968986,2888.613941295677,2838.251877699895,2856.119140625,2142508,M&M
2024-12-24,2856.217298708955,2896.2715398454807,2847.774646889965,2875.16455078125,1858546,M&M
2024-12-26,2871.532302964935,2929.89553551185,2869.912560101066,2921.25634765625,2162163,M&M
2024-12-27,2932.595179479213,3007.9913553825945,2923.612533541682,2993.707275390625,2290315,M&M
2024-12-30,2972.6987143857573,2988.946236084888,2936.375057029156,2948.00830078125,2336275,M&M
2024-12-31,2939.663550632152,2963.7157010927885,2916.887684662137,2952.131591796875,1536411,M&M
2025-01-01,2952.131589465177,3030.5218216896947,2940.4489725868207,3025.662353515625,1686613,M&M
2025-01-02,3043.3333515805843,3169.0918353025186,3028.656678998046,3152.402587890625,4298090,M&M
2025-01-03,3156.2312888716397,3177.8782730185994,3117.649626736177,3132.228271484375,2257218,M&M
2025-01-06,3150.9300993056318,3175.8657032373453,3033.6145037764622,3048.92919921875,2657204,M&M
2025-01-07,3053.150611166301,3074.061304766771,3025.417008347829,3052.021728515625,1978328,M&M
2025-01-08,3077.6935329198636,3077.6935329198636,3001.119339756307,3029.6875,2715102,M&M
2025-01-09,3047.0641138401866,3100.175048700089,3028.9514186815054,3069.34912109375,2434207,M&M
2025-01-10,3053.1506189379265,3092.02684487657,2999.155993844169,3036.314208984375,2341303,M&M
2025-01-13,2997.8305308027443,3010.7894323749247,2938.731008150404,2944.817626953125,2207294,M&M
2025-01-14,2945.1611880533696,3022.177105185399,2944.8174900436306,2993.75634765625,2851530,M&M
2025-01-15,3001.2176601654187,3007.94230138878,2897.0570253614296,2906.137939453125,2440803,M&M
2025-01-16,2923.710803976161,2942.608923554443,2891.1668653527554,2926.1162109375,2598449,M&M
2025-01-17,2915.66056804928,2916.053400031339,2850.032700549873,2864.022216796875,2002830,M&M
2025-01-20,2856.8064664253184,2882.2820637831305,2824.7042561299218,2835.306884765625,2905527,M&M
2025-01-21,2847.087397841659,2853.861172658985,2757.554306564996,2769.727783203125,3381309,M&M
2025-01-22,2795.939814836809,2799.768428684023,2754.560394136537,2774.78369140625,3133157,M&M
2025-01-23,2774.7835442654673,2846.399998674208,2758.6342918094792,2833.686767578125,2650506,M&M
2025-01-24,2822.446373421352,2843.062503453299,2739.000132815851,2750.191650390625,2665366,M&M
2025-01-27,2721.623770581622,2794.859975550076,2703.8053998275996,2779.83984375,2022141,M&M
2025-01-28,2783.177607578446,2871.532452263476,2733.109862256929,2818.126953125,2432787,M&M
2025-01-29,2831.2326372154953,2879.8769333347136,2804.088162707664,2870.894287109375,1808565,M&M
2025-01-30,2870.8941692586673,2953.8984379622825,2865.64186920793,2917.133056640625,3055352,M&M
2025-01-31,2915.709774427249,2994.1002492505822,2901.0822354031134,2935.197021484375,2412370,M&M
2025-02-01,2935.344054387239,3042.302446159193,2935.344054387239,3020.50830078125,2674573,M&M
2025-02-03,3000.7267319414286,3129.675565314545,2989.0932490921373,3115.29345703125,3664084,M&M
2025-02-04,3166.0484170955774,3210.7658310462475,3080.491576672178,3130.755615234375,3862456,M&M
2025-02-05,3130.7555671342566,3159.8143478876204,3084.5655732341233,3120.643798828125,2264208,M&M
2025-02-06,3112.053971488741,3122.705734738638,3064.195097321525,3082.55322265625,2341341,M&M
2025-02-07,3110.0903035993615,3161.090631696618,3053.150519000636,3139.983642578125,4790111,M&M
2025-02-10,3150.5373287665075,3211.1585686429107,3071.607097737846,3079.902587890625,3852783,M&M
2025-02-11,3089.3269555966203,3096.346160628624,3014.9616348396075,3029.5400390625,2470280,M&M
2025-02-12,3012.458267539704,3018.7903163652927,2901.082132908884,2932.59521484375,4609887,M&M
2025-02-13,2969.6549553937007,2991.3019372697963,2916.7403238546417,2923.563232421875,2481783,M&M
2025-02-14,2944.179481601508,2964.7956100155234,2853.910338695708,2888.810546875,1959802,M&M
2025-02-17,2887.043469440685,2900.983851519186,2741.2088525903373,2780.18310546875,4773279,M&M
2025-02-18,2792.0128403414583,2792.9945607494546,2705.5231765258513,2739.049072265625,2301836,M&M
2025-02-19,2699.7312142131746,2731.78429075806,2678.1333644994693,2706.995849609375,2671072,M&M
2025-02-20,2694.920723946534,2792.503634315866,2640.876968832523,2787.5458984375,3799854,M&M
2025-02-21,2763.739195051548,2763.739195051548,2604.8478936758556,2620.555419921875,8940621,M&M
2025-02-24,2620.2116471805643,2667.137928437684,2583.0534355935174,2659.6767578125,6167313,M&M
2025-02-25,2689.913809665854,2752.6947792953,2678.280327428103,2727.072021484375,4916248,M&M
2025-02-27,2785.140937516817,2788.0860988888826,2654.0812564598923,2676.7099609375,2669767,M&M
2025-02-28,2645.8349556869607,2649.6635696793805,2525.1813651542047,2537.845703125,7549863,M&M
2025-03-03,2566.020930218075,2646.6691683738372,2547.564538037763,2564.155517578125,4340806,M&M
2025-03-04,2514.1859427843924,2579.2740531981335,2503.387018391332,2565.5791015625,1984876,M&M
2025-03-05,2613.2904249393628,2686.8703168756883,2594.343174341658,2676.7587890625,3665710,M&M
2025-03-06,2697.76774982707,2716.2732758598654,2645.736566879168,2692.27001953125,3706264,M&M
2025-03-07,2671.556010995279,2715.3897348980017,2658.5973484937836,2677.986328125,1886774,M&M
2025-03-10,2645.7365826998557,2684.6617022291084,2616.3832374493873,2653.19775390625,2520931,M&M
2025-03-11,2635.674006250059,2635.919436365177,2565.382725409182,2597.23974609375,3616140,M&M
2025-03-12,2597.239628856158,2629.0472744685117,2587.9132849026664,2604.798828125,3447155,M&M
2025-03-13,2628.1638811119838,2637.2447951658023,2570.4386714072766,2595.177978515625,2446428,M&M
2025-03-17,2586.833335379007,2677.2007489774355,2586.833335379007,2655.700927734375,2527623,M&M
2025-03-18,2655.700927734375,2655.700927734375,2655.700927734375,2655.700927734375,0,M&M
2025-03-19,2743.9085095491537,2780.1338963264516,2728.7409773514337,2738.116455078125,2438912,M&M
2025-03-20,2752.4985767959975,2794.957984177692,2749.798845690803,2776.403564453125,2354374,M&M
2025-03-21,2787.202631767045,2840.117268270529,2730.4100077350186,2750.633544921875,3824316,M&M
2025-03-24,2763.8374355120477,2770.56207631264,2659.8731033970544,2723.9794921875,5395134,M&M
2025-03-25,2723.9798403379687,2751.2225843822225,2675.2375130812848,2685.9873046875,3576766,M&M
2025-03-26,2701.0076653545475,2743.908803360607,2687.018148199668,2692.123046875,3111504,M&M
2025-03-27,2685.005188769924,2700.7127145543186,2646.276368443341,2683.041748046875,4325599,M&M
2025-03-28,2685.7907410841062,2689.6193548055157,2586.8332759874265,2617.0703125,6074446,M&M
2025-04-01,2604.307953708888,2678.1332806655682,2575.199799721933,2589.68017578125,3300417,M&M
2025-04-02,2583.004621323987,2611.3762448043003,2577.310595110276,2589.336669921875,2243574,M&M
2025-04-03,2560.081549392937,2603.9152724002925,2552.718645885911,2563.7138671875,2361203,M&M
2025-04-04,2567.1497413355974,2583.3972620765476,2510.308225398169,2549.086181640625,3598415,M&M
2025-04-07,2380.6719612393376,2478.5003028682054,2380.6719612393376,2445.7109375,3937471,M&M
2025-04-08,2464.1184101183435,2503.387229403098,2409.142063119687,2477.518798828125,4253527,M&M
2025-04-09,2493.5699839123226,2524.9359048688784,2469.9595587668746,2476.97900390625,3347213,M&M
2025-04-11,2502.4053421128774,2556.399965030181,2485.765228985748,2533.182373046875,3600209,M&M
2025-04-15,2558.3635060143847,2640.8280242435517,2558.3635060143847,2597.63232421875,3287861,M&M
2025-04-16,2611.3762762338106,2616.2848782568067,2570.438583297592,2586.440673828125,3070954,M&M
2025-04-17,2583.8881782319568,2633.7596241364395,2554.829157560036,2630.421630859375,2638979,M&M
2025-04-21,2650.546726184626,2723.2923013380746,2617.1682336664235,2713.47509765625,3120955,M&M
2025-04-22,2714.457005737664,2770.415070593739,2705.621521813021,2765.604736328125,3193757,M&M
2025-04-23,2778.268767044681,2869.568765396326,2774.341885395148,2864.4638671875,3906215,M&M
2025-04-24,2864.4638840552207,2874.477384384929,2812.628998040581,2848.363525390625,2488496,M&M
2025-04-25,2848.363456597495,2885.8653674078996,2779.3487046096484,2811.843505859375,2299310,M&M
2025-04-28,2865.5437083588454,2891.166707820514,2829.612883912162,2877.030029296875,1864672,M&M
2025-04-29,2896.075227295955,2915.218775408589,2848.756351178754,2856.413818359375,2051228,M&M
2025-04-30,2855.6285301966545,2894.9953769491694,2834.226976171532,2875.262939453125,2689753,M&M
2025-05-02,2896.0752335098996,2945.161254416847,2857.002712932402,2863.874755859375,2868096,M&M
2025-05-05,2894.9950724311684,2988.356774496318,2883.9998523396766,2966.26806640625,4049197,M&M
2025-05-06,3093.008399946684,3101.9419118141695,3000.1375538801763,3012.310791015625,5683215,M&M
2025-05-07,2966.6607854187223,3067.876254684403,2966.6607854187223,3062.869384765625,2942902,M&M
2025-05-08,3070.2325439851065,3079.657156497106,2953.5060743772847,2977.656494140625,3323894,M&M
2025-05-09,2907.4633540058962,3001.2176561236265,2900.9839032240056,2927.588623046875,2308852,M&M
2025-05-12,2989.0440418630797,3055.31016859524,2978.2451175067276,3047.947265625,2166730,M&M
2025-05-13,2994.247441612073,3054.1323904443148,2979.5216345221775,2997.97802734375,2681662,M&M
2025-05-14,2981.975912109376,3053.1506458140443,2962.8323630439827,3045.1005859375,2236302,M&M
2025-05-15,3028.607418961627,3112.740808888301,3016.8267742201233,3086.823486328125,3590003,M&M
2025-05-16,3077.6935867072148,3091.928533121012,3058.0591778605976,3078.28271484375,2269659,M&M
2025-05-19,3058.0591674960788,3099.291425934228,3046.8676503625748,3070.821533203125,2011149,M&M
2025-05-20,3071.017751131319,3077.9880619418354,2993.3638101908205,3007.50048828125,2667772,M&M
2025-05-21,3007.009518459131,3074.748224555664,2992.3819806949236,3034.203125,1395136,M&M
2025-05-22,3020.3611859160087,3033.319847721256,2926.0177562499975,2951.34619140625,3870830,M&M
2025-05-23,2964.795757607829,2975.398386398419,2929.650117578763,2957.629150390625,1828093,M&M
2025-05-26,2982.466708870662,3044.3150968426344,2972.354940361898,3023.895263671875,2164190,M&M
2025-05-27,3023.8952972252814,3028.607603344336,2959.49457919102,2984.23388671875,2599143,M&M
2025-05-28,2984.1354537576103,2989.142323671785,2938.2891589853202,2943.00146484375,1491995,M&M
2025-05-29,2944.1793783688,2973.532721448396,2932.5950301115436,2953.99658203125,2093429,M&M
2025-05-30,2950.0699669391543,2962.24320470863,2902.9473851045186,2922.385498046875,3700191,M&M
2025-06-02,2922.3855590898415,2982.9576644861104,2908.1506121966218,2970.587890625,2967741,M&M
2025-06-03,2986.393537377677,3008.7768110371803,2971.6677309803513,2990.811279296875,3204094,M&M
2025-06-04,2989.436873393883,3030.5708621105155,2984.528271414436,2997.5849609375,1584653,M&M
2025-06-05,3021.7355045923255,3038.424752018599,2940.056412182838,2986.0009765625,3504632,M&M
2025-06-06,2986.000798782365,3055.9972700193157,2971.6675853867396,3049.71435546875,2028071,M&M
2025-06-09,3072.7850101099243,3083.583935065582,3021.7355466831777,3030.963623046875,1364639,M&M
2025-06-10,3045.2968458702626,3050.107180219874,3003.868290680195,3011.427490234375,1787253,M&M
2025-06-11,3028.6076764622744,3066.8947751274377,3019.772192154929,3024.38623046875,1749787,M&M
2025-06-12,3031.5526669606293,3037.442989500061,2952.033312678307,2964.01025390625,2278398,M&M
2025-06-13,2878.404204286739,2963.3230186355804,2878.404204286739,2951.051513671875,2003184,M&M
2025-06-16,2946.1430998623623,2989.3388000935997,2933.47900180207,2968.330078125,1673726,M&M
2025-06-17,2987.3751298864354,2987.3751298864354,2939.2708310483035,2952.2294921875,1455355,M&M
2025-06-18,2945.1612053807753,3018.6919676039824,2932.006247867874,2985.510009765625,2161043,M&M
2025-06-19,2982.466506120358,3050.106944242543,2978.735920751199,3038.228271484375,2482920,M&M
2025-06-20,3043.333321577619,3144.450525488101,3033.8106813779277,3126.1904296875,8315834,M&M
2025-06-23,3105.7709041907647,3126.1904977604913,3065.61839407344,3077.693603515625,1731432,M&M
2025-06-24,3097.426180204702,3157.801985785037,3079.4606486574257,3092.517578125,2834887,M&M
2025-06-25,3121.8708498751166,3166.53912775855,3102.727302210788,3156.721923828125,2078771,M&M
2025-06-26,3166.9318340825685,3178.810747137262,3125.306983789831,3157.0166015625,2907261,M&M
2025-06-27,3146.4137497211473,3182.246542814695,3128.8410511710563,3144.744873046875,5098406,M&M
2025-06-30,3146.806596965945,3160.943515083767,3103.218305377805,3125.012451171875,2083572,M&M
2025-07-01,3129.7246131346283,3159.176224926987,3110.2865014161057,3118.042236328125,1407074,M&M
2025-07-02,3110.0901736019437,3144.1558229593034,3096.0515241883136,3107.34130859375,1559309,M&M
2025-07-03,3107.3415108389963,3162.121559715934,3106.9489185313428,3116.373291015625,2102806,M&M
2025-07-04,3128.2486792052878,3143.9833433948866,3101.5292740206287,3129.634033203125,968006,M&M
2025-07-07,3129.634055972186,3140.0249358418173,3119.342233504586,3127.35791015625,853459,M&M
2025-07-08,3117.263983601394,3135.0769206505447,3090.5445780276677,3125.081787109375,1513129,M&M
2025-07-09,3112.3160042659083,3155.8587400966553,3108.35757373584,3143.290771484375,1245661,M&M
2025-07-10,3139.134543800721,3159.421500758814,3104.9930796517356,3129.53515625,1701384,M&M
2025-07-11,3125.180984772034,3129.535161826987,3030.5743960014,3041.26220703125,3041614,M&M
2025-07-14,3040.866344914149,3072.5337887734927,3021.8659269192276,3059.9658203125,2958843,M&M
2025-07-15,3054.0281028929153,3115.5816471288067,3050.861165298589,3096.08642578125,2826720,M&M
2025-07-16,3096.0865008688934,3176.640464607285,3050.366435478723,3163.28076171875,2892812,M&M
2025-07-17,3153.1868486342855,3204.3495149281107,3138.0458035321303,3161.79638671875,3267180,M&M
2025-07-18,3174.6613647678546,3218.2041016911044,3143.68659677222,3159.223388671875,2040381,M&M
2025-07-21,3143.9833821647176,3219.7874218573347,3120.0349262838326,3212.958984375,2436535,M&M
2025-07-22,3212.9589736282123,3237.897037037319,3177.13522652753,3223.349853515625,1854072,M&M
2025-07-23,3226.12099405445,3268.6741237306283,3214.2457020517954,3234.82958984375,2159800,M&M
2025-07-24,3221.1728861422243,3252.345526975859,3209.9902714272507,3227.011474609375,1469406,M&M
2025-07-25,3222.1624392524955,3225.1312621387847,3180.5989188444473,3212.662109375,1475856,M&M
2025-07-28,3212.662121338676,3223.0530014793826,3165.952689407803,3176.442626953125,1939520,M&M
2025-07-29,3169.7133189649976,3192.375237623125,3153.48385006437,3166.150634765625,1824673,M&M
2025-07-30,3161.7963086977184,3207.9121198884804,3119.1441241362027,3175.5517578125,2199654,M&M
2025-07-31,3191.484566038547,3204.54733826723,3103.0137416864754,3169.812255859375,4465859,M&M
2025-08-01,3171.6925510488663,3171.6925510488663,3084.310146329548,3126.467529296875,3781457,M&M
2025-08-04,3137.056279823824,3189.5054857640957,3127.1602032313194,3166.9423828125,2684012,M&M
2025-08-05,3161.796423790494,3188.5158301887236,3137.155290086832,3178.817626953125,1805644,M&M
2025-08-06,3178.817694632329,3206.427893460397,3145.567022035327,3193.958740234375,1866321,M&M
2025-08-07,3164.7652910824318,3196.0369897244937,3128.248865134392,3177.729248046875,2374621,M&M
2025-08-08,3173.6715755689474,3181.489378973416,3103.013689517573,3111.524169921875,1721037,M&M
2025-08-11,3118.1546917661226,3196.432754627634,3097.768918850372,3153.087890625,2046761,M&M
2025-08-12,3152.988863947328,3219.193515597844,3151.999256349542,3202.864990234375,3315978,M&M
2025-08-13,3221.172808898852,3265.705151879021,3205.0421563431287,3248.090087890625,2436029,M&M
2025-08-14,3239.183587303721,3279.0648223883254,3228.100030369916,3231.464599609375,1508721,M&M
2025-08-18,3315.1855413851217,3396.333366577235,3300.638357628684,3347.941650390625,5787481,M&M
2025-08-19,3364.6659946612253,3368.525367837259,3303.409378046853,3319.14404296875,2596242,M&M
2025-08-20,3319.243050902464,3368.8222482404235,3300.341448513982,3360.311767578125,2957816,M&M
2025-08-21,3374.562112958166,3374.562112958166,3334.977806647806,3340.02490234375,1964795,M&M
2025-08-22,3344.8737901300324,3384.4580953386717,3340.3214983896687,3367.634765625,2509867,M&M
2025-08-25,3392.375072242326,3393.3646799063404,3346.6552464855345,3363.577392578125,1859862,M&M
2025-08-26,3359.717818505182,3378.5203629975526,3283.6170903326915,3296.18505859375,3122442,M&M
2025-08-28,3339.9258820990385,3339.9258820990385,3253.1373378685894,3261.05419921875,2936428,M&M
2025-08-29,3237.006455018606,3245.912923406001,3153.8794167362576,3166.24951171875,3017625,M&M
2025-09-01,3157.93703216465,3290.3463409260357,3157.93703216465,3280.945068359375,3525726,M&M
2025-09-02,3290.4454798395473,3295.3935181550955,3189.5054982023644,3200.885986328125,3073407,M&M
2025-09-03,3235.027256673672,3259.470516165726,3199.203509738441,3251.8505859375,2672659,M&M
2025-09-04,3490.346240634088,3513.1072169693825,3427.407096387291,3445.319091796875,7600320,M&M
2025-09-05,3474.5124814861915,3540.6183212518445,3445.319055623519,3524.289794921875,3700943,M&M
2025-09-08,3524.289794921875,3524.289794921875,3524.289794921875,3524.289794921875,0,M&M
2025-09-09,3663.7253071059336,3685.1009284831944,3634.9278701321355,3657.88671875,2879258,M&M
2025-09-10,3663.527451867841,3670.355647883923,3554.076751180932,3566.941650390625,2298202,M&M
2025-09-11,3582.3795444686366,3609.98950011751,3542.795240109867,3558.33203125,1949934,M&M
2025-09-12,3557.5403232378085,3603.16133099115,3544.7744816287554,3552.59228515625,2839264,M&M
2025-09-15,3552.6913427831005,3565.951988201145,3489.95031654635,3493.61181640625,2550444,M&M
2025-09-16,3508.159112697694,3582.280628902883,3492.2263329210805,3570.50439453125,2465043,M&M
2025-09-17,3570.504318927813,3607.0207437300232,3555.7592619239435,3595.4423828125,2237804,M&M
2025-09-18,3598.3124153465765,3612.06786482055,3565.853236624216,3604.348876953125,2480472,M&M
2025-09-19,3563.577186931337,3598.906132105082,3547.2486605263475,3554.769775390625,4018342,M&M
2025-09-22,3562.587397513958,3579.014980488307,3532.2064921947313,3547.54541015625,1664133,M&M
2025-09-23,3572.4835968655225,3640.9643975484637,3569.3169007236124,3577.035888671875,2523224,M&M
2025-09-24,3576.9368505933635,3588.614269182967,3530.92009487263,3537.748291015625,1320014,M&M
2025-09-25,3542.6962656079877,3546.8528109456597,3485.2002071434986,3493.31494140625,2106344,M&M
2025-09-26,3473.522861165676,3510.6331481439415,3356.353411721004,3361.202392578125,3046760,M&M
2025-09-29,3383.4684310702914,3422.0631280026523,3369.6139244791875,3382.577880859375,3175716,M&M
2025-09-30,3384.4580006884667,3418.104659174843,3357.837652821495,3391.38525390625,2611078,M&M
2025-10-01,3383.666373326554,3464.616326095866,3380.0048734020083,3427.406982421875,2364844,M&M
2025-10-03,3426.1207859232754,3456.105704822511,3368.822357286734,3426.021728515625,2357702,M&M
2025-10-06,3426.0216482136107,3443.8345857259865,3389.5052229546113,3435.917724609375,1156082,M&M
2025-10-07,3432.0582055063596,3484.804097169995,3429.089382713881,3456.50146484375,1508939,M&M
2025-10-08,3463.6267875383046,3473.2259334573673,3387.0312517924012,3390.890625,1444911,M&M
2025-10-09,3414.1464282173783,3438.8866197262,3388.416629048204,3407.1201171875,1997853,M&M
2025-10-10,3389.4061893384833,3437.7979066120465,3360.4106369746974,3418.995361328125,1416272,M&M
2025-10-13,3396.3332791614043,3433.938367916688,3396.3332791614043,3423.745361328125,1090517,M&M
2025-10-14,3433.8393743938705,3450.8608186930082,3392.3749118731953,3423.844482421875,1518505,M&M
2025-10-15,3425.0319654444534,3463.6266625413427,3424.0423578265845,3460.855712890625,1319445,M&M
2025-10-16,3466.5955521401834,3536.065959931471,3461.944444567332,3523.794921875,2125552,M&M
2025-10-17,3523.9927462011838,3618.00547040481,3523.1021959816767,3609.296875,3339579,M&M
2025-10-20,3635.818538488286,3637.797753805917,3555.660318124227,3561.697021484375,2827250,M&M
2025-10-21,3570.702239348197,3590.395576351884,3566.8428661924645,3583.567138671875,286950,M&M
2025-10-23,3594.3540478507093,3612.0679281721536,3562.5875455944533,3585.9423828125,3724956,M&M
2025-10-24,3592.2756748383617,3617.312796044284,3577.5306178832875,3587.32763671875,1654500,M&M
2025-10-27,3589.10912685547,3597.5207920058906,3555.6603394660515,3574.067138671875,1440893,M&M
2025-10-28,3567.5355262764774,3587.228621583207,3524.9823979464113,3541.90478515625,2851093,M&M
2025-10-29,3542.7953387077378,3546.2589654355247,3485.4971531951483,3497.966064453125,2526473,M&M
2025-10-30,3503.21111174782,3513.107188334678,3459.6683747656434,3465.705078125,2103351,M&M
2025-10-31,3479.5595225790444,3490.0492186098318,3447.496090053955,3450.959716796875,1915577,M&M
2025-11-03,3474.5122791957842,3552.691279496686,3474.5122791957842,3512.018310546875,1776510,M&M
2025-11-04,3511.721845343277,3595.046762147062,3500.4401730365735,3543.98291015625,3494428,M&M
2025-11-06,3587.327713364805,3636.511165003907,3549.0299458214304,3580.895263671875,4535984,M&M
2025-11-07,3578.0255120102433,3679.3612386164023,3529.732610423156,3651.85009765625,2595934,M&M
2025-11-10,3651.8499707699816,3677.184022342986,3607.2188123173178,3625.8232421875,1620889,M&M
2025-11-11,3661.449293322911,3719.935202809737,3631.8601208597324,3710.13818359375,3044040,M&M
2025-11-12,3721.9142582792274,3741.7064106763514,3701.132498262247,3715.283935546875,1984901,M&M
2025-11-13,3709.2473105786376,3715.086140620868,3651.8500674176107,3661.053466796875,1599079,M&M
2025-11-14,3661.5481958241962,3678.1736521691637,3622.4586948147216,3660.162841796875,1847028,M&M
2025-11-17,3671.4443158159647,3715.4818554531103,3644.032232722067,3696.08544921875,2094008,M&M
2025-11-18,3679.8559964149363,3693.9083765328937,3649.672963500951,3656.40234375,2613743,M&M
2025-11-19,3656.6002429273,3707.565036570265,3629.6829633433517,3683.814453125,1626043,M&M
2025-11-20,3705.882778657256,3719.935158976492,3672.5330491493955,3678.07470703125,1815617,M&M
2025-11-21,3691.236406590755,3739.727179760446,3687.277976127923,3710.6328125,3184145,M&M
2025-11-24,3706.17958967584,3710.5337665570346,3638.985087399685,3652.44384765625,4059935,M&M
2025-11-25,3648.6832426303204,3657.3918378821536,3615.036584032699,3631.167236328125,1714176,M&M
2025-11-26,3642.745814859756,3669.4652218147176,3631.1674534999597,3648.089599609375,2116524,M&M
2025-11-27,3663.032686969495,3678.9654666475294,3626.9120080354446,3642.943603515625,1993274,M&M
2025-11-28,3653.6312609158435,3729.7319887502154,3651.751103116328,3718.252685546875,2944457,M&M
2025-12-01,3750.612977872179,3755.5610161015616,3691.236519119585,3702.716064453125,1830158,M&M
2025-12-02,3684.111285292844,3709.049348923298,3666.9910251961796,3677.876708984375,2285922,M&M
2025-12-03,3697.1739917106984,3701.1324221086757,3602.171662159246,3611.473876953125,2002476,M&M
2025-12-04,3636.807928572312,3639.974624570385,3582.5773837929173,3633.443359375,1984001,M&M
2025-12-05,3621.2713324684196,3682.8248801562563,3604.6458755795147,3678.470703125,2393280,M&M
2025-12-08,3681.3404982930315,3686.288536597189,3633.443584150162,3643.4384765625,1500195,M&M
2025-12-09,3619.9846829099406,3636.214151276697,3567.0406751090436,3598.1142578125,3901255,M&M
2025-12-10,3621.963863152118,3656.5010722003694,3588.515077515985,3592.275634765625,1593915,M&M
2025-12-11,3585.74421572861,3630.969478028106,3578.322158450149,3627.10986328125,981456,M&M
2025-12-12,3627.307729858224,3656.6002125050477,3623.2504835154705,3641.3603515625,1078982,M&M
2025-12-15,3594.25497808689,3627.307776893784,3566.1502175207543,3570.50439453125,1704069,M&M
2025-12-16,3543.7848363927437,3595.73923569758,3540.716956173376,3583.369140625,1394406,M&M
2025-12-17,3609.9894764159635,3609.9894764159635,3556.6497232840943,3575.25439453125,1209367,M&M
2025-12-18,3562.5875502034824,3574.363784630838,3503.31014844008,3549.326904296875,2446168,M&M
2025-12-19,3533.888841155892,3577.4315768072106,3523.003157243062,3566.150146484375,1647819,M&M
2025-12-22,3562.5873708814556,3587.3275609570214,3539.7273386102656,3579.11376953125,1400786,M&M
2025-12-23,3581.5879277656427,3599.697795925624,3567.535547577148,3587.4267578125,1413628,M&M
2025-12-24,3586.931898544481,3619.984696617994,3574.5618032170546,3598.906005859375,842897,M&M
2025-12-26,3598.9060286048693,3609.0990355397744,3577.0358448898123,3585.447509765625,829910,M&M
2025-12-29,3585.051624852364,3602.369758918262,3550.8113447469914,3554.769775390625,1034692,M&M
2025-12-30,3552.691519123215,3627.9017017007536,3538.045277353218,3622.260986328125,2063179,M&M
2025-12-31,3615.0366871778056,3684.903082782974,3602.5675343474286,3670.652587890625,1868363,M&M
2026-01-01,3686.28843186289,3734.7792058659184,3682.4290587366722,3721.914306640625,1498161,M&M
2026-01-02,3720.8257080615326,3772.384363288245,3704.299308620699,3762.884033203125,1478292,M&M
2026-01-05,3766.3476464379023,3799.9943064302024,3745.6649432604777,3750.909912109375,1574098,M&M
2026-01-06,3748.6337507637454,3779.4106450948616,3719.044578886681,3746.2587890625,1299489,M&M
2026-01-07,3760.508925870485,3769.0196479756655,3679.855905486684,3709.841064453125,1046776,M&M
2026-01-08,3691.2364739275645,3717.7580068330376,3654.8188646844837,3685.298828125,1261005,M&M
2026-01-09,3673.522622761523,3709.544244271811,3628.990278892714,3639.084228515625,1235928,M&M
2026-01-12,3637.105028656823,3678.371619162904,3561.400043758797,3643.7353515625,1665237,M&M
2026-01-13,3678.3714642116447,3678.3714642116447,3593.760014066341,3623.4482421875,1700985,M&M
2026-01-14,3624.932700875655,3643.7352455976416,3597.322745004212,3611.572998046875,1573135,M&M
2026-01-15,3611.572998046875,3611.572998046875,3611.572998046875,3611.572998046875,0,M&M
2026-01-16,3612.1669402725083,3691.1374365932747,3612.1669402725083,3620.1826171875,2089943,M&M
2026-01-19,3650.6625670612407,3650.6625670612407,3576.4419944048045,3619.390869140625,1715818,M&M
2026-01-20,3608.1093257257994,3639.28196526512,3503.2109196569745,3520.529052734375,1753439,M&M
2026-01-21,3506.179795932712,3549.425600584723,3480.549055228708,3516.372802734375,1587467,M&M
2026-01-22,3562.5875203880346,3582.3796732790793,3496.6795546194844,3536.560791015625,2107171,M&M
2026-01-23,3536.560843993548,3558.6291431183336,3498.065202685171,3506.57568359375,1922549,M&M
2026-01-27,3401.479202337744,3461.3504622774726,3309.346879524775,3358.2333984375,7139715,M&M
2026-01-28,3343.8840868540974,3420.974422401524,3340.915264048367,3413.3544921875,3964878,M&M
2026-01-29,3413.354651256634,3443.4388687187356,3286.4869991001624,3349.22802734375,5592638,M&M
2026-01-30,3248.88183502858,3416.5212701733335,3248.683961824134,3396.135498046875,5291090,M&M
2026-02-02,3320.133490613888,3436.0166369574567,3308.950876438082,3427.208984375,2950641,M&M
2026-02-03,3600.192466193384,3605.9322386217978,3476.4915155957556,3491.236572265625,5492214,M&M
2026-02-04,3512.1174752908373,3582.379616949234,3482.5283038253615,3536.857666015625,2395062,M&M
2026-02-05,3554.670570364992,3561.3999505003985,3491.434740100369,3534.87841796875,1251428,M&M
2026-02-06,3539.8265544620554,3552.6914538772094,3493.9088562678,3540.816162109375,1462031,M&M
2026-02-09,3556.4520413443897,3581.489163354068,3520.133488701202,3572.087890625,1294690,M&M
2026-02-10,3578.7181982544303,3660.5587027085476,3563.57715286658,3637.599853515625,1917432,M&M
2026-02-11,3666.199340082087,3747.6440963860227,3628.0006305100783,3636.708984375,4787745,M&M
2026-02-12,3659.766894451167,3660.5586288770432,3544.9724091984667,3555.75927734375,2554236,M&M
2026-02-13,3493.3148741163254,3559.123780385089,3483.7157285902877,3496.679443359375,1632115,M&M
2026-02-16,3498.262951289225,3512.6122618390673,3432.9488480968375,3473.225830078125,1562001,M&M
2026-02-17,3473.2259216733587,3479.2626249811024,3426.0216850783213,3452.93896484375,1991583,M&M
2026-02-18,3454.8193696161084,3508.1591254032937,3447.0013242053374,3493.809814453125,1682427,M&M
2026-02-19,3498.1638992899516,3509.6434443889307,3385.744617977487,3396.135498046875,2479531,M&M
2026-02-20,3407.2191102702523,3414.047306356405,3367.1400007826123,3377.3330078125,2260853,M&M
2026-02-23,3389.406185721949,3421.667491605521,3381.3902671523006,3411.276611328125,1789276,M&M
2026-02-24,3379.5101848640634,3405.23998422174,3354.76999317399,3397.52099609375,1929400,M&M
2026-02-25,3399.3021331972996,3464.517177917708,3389.8018035199216,3455.01708984375,2273269,M&M
2026-02-26,3468.5748625964607,3470.5540779246185,3425.625986616811,3448.386962890625,1998012,M&M
2026-02-27,3424.042306020157,3451.850376302902,3345.96236279303,3362.0927734375,3765500,M&M
2026-03-02,3265.6060351081674,3339.8266053924835,3248.881763245469,3299.648681640625,2997529,M&M
2026-03-04,3206.328707079345,3244.0328542576663,3174.5622056548746,3230.376220703125,4537215,M&M
2026-03-05,3243.241088687893,3325.6754514328254,3242.152423668773,3313.206298828125,2304760,M&M
2026-03-06,3280.5492980911245,3332.008894923926,3280.5492980911245,3297.867431640625,2084605,M&M
2026-03-09,3216.2248083508407,3216.2248083508407,3110.2377341788933,3154.473388671875,3961149,M&M
2026-03-10,3243.9339111755658,3275.0074950744342,3195.3440784027953,3259.470703125,2672336,M&M
2026-03-11,3241.9546551280514,3258.678927739324,3123.201737357793,3135.27490234375,4574950,M&M
2026-03-12,3082.726708308199,3110.1387903021673,2988.6149296118374,2999.698486328125,6968585,M&M
2026-03-13,2934.1865168178074,2993.562972470107,2892.2272514648826,2900.638916015625,7217643,M&M
2026-03-16,2871.841370436124,3012.0687246622333,2865.903724597869,3004.5478515625,5378638,M&M
2026-03-17,3020.282568613201,3106.6753653742326,2993.0683580506643,3096.38330078125,3491894,M&M
2026-03-18,3107.4671006412204,3202.568251524639,3107.4671006412204,3181.19287109375,3746758,M&M
2026-03-19,3103.7064549960965,3115.1857585298594,3001.084192194682,3013.7509765625,3059501,M&M
2026-03-20,3027.4076463010542,3074.315193435271,3011.5739240488488,3034.236083984375,4471960,M&M
2026-03-23,2983.766056056275,2988.3181061833743,2904.498388405939,2925.082275390625,3978740,M&M
2026-03-24,2998.5110692035128,3025.5274053754365,2935.077124530479,2999.797607421875,3944279,M&M
2026-03-25,3067.684667769683,3125.0819116600796,3050.861337663877,3095.591796875,3328790,M&M
2026-03-27,3067.783769421052,3072.929680971652,2998.5112326921894,3009.69384765625,3155168,M&M
2026-03-30,2949.0307740142885,2992.2765796615304,2914.394506534255,2923.99365234375,5416854,M&M
2026-04-01,3047.89251931878,3047.89251931878,2978.818098297808,2999.99560546875,3522875,M&M
2026-04-02,2944.0828140707426,2997.323754961852,2897.6703110550015,2980.4013671875,3297975,M&M
2026-04-06,2974.8595681919905,2998.5110937089194,2930.2281678125773,2990.198486328125,2554900,M&M
2026-04-07,2970.4064538792013,2985.646315227388,2918.8477980653565,2975.3544921875,2292715,M&M
2026-04-08,3092.5237972646455,3197.4222044678622,3076.6900754226504,3176.739501953125,4227961,M&M
2026-04-09,3146.8531189291425,3166.645270981537,3098.4614038024047,3133.889404296875,3039565,M&M
2026-04-10,3146.952356180181,3236.017045506035,3146.952356180181,3225.923095703125,2801451,M&M
2026-04-13,3161.4005651651423,3215.4329956683746,3150.0200776587176,3186.734375,3183080,M&M
2026-04-15,3216.2247770084828,3267.5853160368797,3191.4845864161102,3222.6572265625,2591177,M&M
2026-04-16,3238.985803127785,3253.829917715905,3167.734053104809,3188.812744140625,2678634,M&M
2026-04-17,3176.6405861938406,3208.802835119479,3151.9003947125802,3166.9423828125,2180404,M&M
2026-04-20,3173.6717487867613,3201.8755669471675,3129.7332655571854,3188.1201171875,3201466,M&M
2026-04-21,3178.6197800591704,3228.3970933041956,3178.6197800591704,3213.552978515625,1972188,M&M
2026-04-22,3180.6979160641167,3216.1256752207364,3110.3367183490554,3116.967041015625,3096787,M&M
2026-04-23,3072.731664639838,3082.330810247336,3000.688181476712,3016.027099609375,4540875,M&M
2026-04-24,3016.0271297610398,3056.8979732567013,3003.459161163512,3006.82373046875,2300917,M&M
2026-04-27,3018.3033469395464,3081.63823684254,3018.3033469395464,3070.15869140625,1816150,M&M
2026-04-28,3083.5182221981677,3111.326292381494,3043.0433680257934,3056.00732421875,2645344,M&M
2026-04-29,3067.7837541273225,3158.8276590885207,3059.8668928263487,3119.540283203125,3917359,M&M
2026-04-30,3073.127373785892,3084.903849300557,3015.3343860346044,3065.3095703125,3331158,M&M
2026-05-01,3065.3095703125,3065.3095703125,3065.3095703125,3065.3095703125,0,M&M
2026-05-04,3098.956254896173,3139.0353634139105,3049.4758740100774,3074.216064453125,2873467,M&M
2026-05-05,3081.638064950621,3188.5156857003535,3038.2932037703235,3177.43212890625,6454419,M&M
2026-05-06,3211.2766735721993,3281.2418828236437,3209.7922621668504,3266.496826171875,6007370,M&M
2026-05-07,3277.481432842049,3363.6763545741546,3270.6532367954046,3335.67041015625,4916193,M&M
2026-05-08,3322.904455768703,3328.0503669806685,3283.1222784715983,3295.7890625,2071348,M&M
2026-05-11,3201.3806100484644,3257.788243672193,3190.6927995674946,3212.167236328125,2320887,M&M
2026-05-12,3206.3287860860755,3227.7044079680213,3133.3947505998035,3142.993896484375,2638081,M&M
2026-05-13,3142.9939454412633,3156.4527063326373,3071.3464471046937,3079.461181640625,2692484,M&M
2026-05-14,3104.39910282029,3147.9418380845846,3068.872285916473,3140.91552734375,2167959,M&M
2026-05-15,3137.056301729692,3155.7597899787575,3078.669449426206,3090.643798828125,2196383,M&M
2026-05-18,3067.783729262555,3079.3620905006983,3018.3033465325134,3051.653076171875,1962357,M&M
2026-05-19,3066.893198774704,3125.972727814335,3043.043557503789,3060.163818359375,3151874,M&M
2026-05-20,3046.0123202578934,3110.138943741903,3001.479976394474,3089.7529296875,2330606,M&M
2026-05-21,3114.2951100027226,3124.883862977568,3047.7935277570946,3066.7939453125,1877207,M&M
2026-05-22,3062.835652549064,3099.1542046964078,3040.668538005589,3049.278076171875,2407171,M&M
2026-05-25,3102.123056746737,3140.7177551541217,3079.065150146767,3106.37841796875,2423710,M&M
2026-05-26,3089.5549962243176,3126.368351446088,3070.7524514042466,3075.0078125,1791919,M&M
2026-05-27,3078.5701850885835,3108.654401079787,3071.7419892924127,3089.1591796875,1408612,M&M
2026-05-28,3089.1591796875,3089.1591796875,3089.1591796875,3089.1591796875,0,M&M
2026-05-29,3087.1801863872597,3118.055897394715,2973.8701080836618,3013.94921875,11402867,M&M
2026-06-01,3018.303256329002,3037.0067438006217,2930.2281777016965,2939.33251953125,5763247,M&M
2026-06-02,2882.8261026863,2977.4324477787886,2882.8261026863,2967.140625,4045354,M&M
2026-06-03,2964.8644454040736,2998.016300851683,2934.186609019719,2979.8076171875,3110137,M&M
2026-06-04,2953.978721859396,3035.225603447048,2943.2909113289693,2984.755615234375,2788572,M&M
2026-06-05,3008.308238370151,3027.2098413764443,2981.390958254931,3008.902099609375,1685633,M&M
2026-06-08,2953.9788147507693,2974.7605752565532,2917.3633319548635,2935.17626953125,2415904,M&M
2026-06-09,2964.7654098926428,2984.5575625448273,2943.093099379871,2959.02587890625,2527267,M&M
2026-06-10,2949.030861359547,2968.8230147914906,2912.6132507240845,2921.816650390625,2281551,M&M
2026-06-11,2899.5502960293647,2980.8959932150333,2870.257814144833,2969.71337890625,3177902,M&M
2026-06-12,2993.6620335529688,3018.303166037614,2951.6037107475267,3011.27685546875,3557496,M&M
2026-06-15,3057.887627858748,3134.087416643578,3046.0123361000738,3101.727294921875,5286854,M&M
2026-06-16,3130.129043951227,3130.129043951227,3075.7006223839435,3105.289794921875,3551761,M&M
2026-06-17,3112.315901333177,3132.1080533289364,3057.887483344838,3100.341552734375,3186836,M&M
2026-06-18,3104.3991006844813,3118.2536073499523,3082.6277330673124,3103.904296875,2432013,M&M
2026-06-19,3077.679844686293,3097.471998028327,3027.209853664106,3042.845703125,3408840,M&M
2026-06-22,3052.939586629758,3069.762916604703,3022.0638764081914,3031.56396484375,2186778,M&M
2026-06-23,3031.563966161438,3060.0647146873603,3000.292509509417,3005.7353515625,2828392,M&M
2026-06-24,3012.365631437123,3065.7053861539853,2993.5630864314376,3032.652587890625,2179193,M&M
2026-06-25,3057.887618129747,3175.1561238735576,3053.929187556116,3149.12939453125,5346892,M&M
2026-06-26,3149.12939453125,3149.12939453125,3149.12939453125,3149.12939453125,0,M&M
2026-06-29,3110.73257396817,3141.311595154009,3053.4343879766307,3060.8564453125,3700623,M&M
2026-06-30,3072.731707055121,3090.445587082442,3029.980705538518,3036.907958984375,3882185,M&M
2026-07-01,3055.9084028055113,3133.3947296040697,3055.9084028055113,3097.471923828125,2754707,M&M
2026-07-02,3104.2011936304143,3156.8482700644095,3079.1640728230127,3142.39990234375,2624368,M&M
2026-07-03,3194.0,3197.0,3127.300048828125,3136.89990234375,2414988,M&M
2026-07-06,3157.89990234375,3212.699951171875,3124.89990234375,3201.199951171875,2637740,M&M
2026-07-07,3210.800048828125,3217.10009765625,3181.0,3196.39990234375,2426521,M&M
2026-07-08,3175.0,3200.89990234375,3088.199951171875,3102.5,2933765,M&M
2026-07-09,3101.0,3139.699951171875,3080.300048828125,3085.39990234375,2922682,M&M
2026-07-10,3109.0,3135.0,3105.199951171875,3129.39990234375,1814898,M&M
2026-07-13,3088.800048828125,3169.0,3082.0,3160.39990234375,1770170,M&M
2026-07-14,3121.0,3130.0,3082.199951171875,3093.300048828125,2376410,M&M
2026-07-15,3088.800048828125,3119.89990234375,3079.39990234375,3082.89990234375,2377390,M&M
2026-07-16,3117.0,3146.0,3089.39990234375,3117.800048828125,1978238,M&M
2026-07-17,3119.0,3183.199951171875,3119.0,3179.199951171875,1627877,M&M
2026-07-20,3179.199951171875,3183.5,3140.5,3165.5,1768417,M&M
2026-07-21,3153.800048828125,3212.0,3143.0,3201.699951171875,1776773,M&M
2026-07-22,3198.0,3219.89990234375,3166.89990234375,3175.300048828125,1784375,M&M
2026-07-23,3156.0,3250.0,3156.0,3229.699951171875,2705691,M&M
2026-07-24,3215.300048828125,3217.0,3135.10009765625,3161.39990234375,2135688,M&M
2026-07-27,3183.0,3246.800048828125,3179.0,3238.60009765625,2264570,M&M
2026-07-28,3225.0,3284.699951171875,3222.0,3271.199951171875,2208579,M&M
2026-07-29,3280.10009765625,3321.199951171875,3211.800048828125,3221.800048828125,3693381,M&M
2026-07-30,3220.0,3327.0,3197.5,3283.699951171875,4851980,M&M
2026-07-31,3379.89990234375,3457.0,3243.300048828125,3398.5,6131873,M&M
2026-08-03,3465.0,3465.0,3386.199951171875,3428.60009765625,2169303,M&M
2026-08-04,3401.0,3434.10009765625,3384.60009765625,3433.0,2450782,M&M
2026-08-05,3470.0,3485.800048828125,3435.0,3455.39990234375,1970549,M&M
2026-08-06,3449.0,3449.0,3406.0,3406.0,1656879,M&M
2026-08-07,3405.0,3504.89990234375,3402.10009765625,3502.0,3299237,M&M
2026-08-10,3509.0,3534.60009765625,3491.10009765625,3517.0,2434928,M&M
2026-08-11,3505.39990234375,3514.60009765625,3455.10009765625,3460.10009765625,2269936,M&M
2026-08-12,3460.0,3471.800048828125,3403.60009765625,3403.60009765625,1834082,M&M
2026-08-13,3405.0,3440.0,3396.5,3428.199951171875,2288322,M&M
2026-08-14,3425.0,3430.0,3378.300048828125,3428.300048828125,1032969,M&M
2026-08-17,3428.300048828125,3451.89990234375,3388.300048828125,3390.39990234375,1756791,M&M
2026-08-18,3390.39990234375,3435.0,3390.199951171875,3421.5,1371664,M&M
2026-08-19,3396.199951171875,3425.60009765625,3371.10009765625,3415.0,1601024,M&M
2026-08-20,3424.0,3456.39990234375,3401.0,3424.800048828125,1279093,M&M
2026-08-21,3431.199951171875,3453.89990234375,3412.199951171875,3412.199951171875,1730623,M&M
2026-08-24,3419.89990234375,3444.699951171875,3400.0,3414.10009765625,1168624,M&M
2026-08-25,3414.10009765625,3443.0,3396.800048828125,3443.0,1078022,M&M
2026-08-26,3435.0,3447.89990234375,3398.199951171875,3398.199951171875,687761,M&M
2026-08-27,3410.0,3420.0,3330.0,3330.0,1853016,M&M
2026-08-28,3331.0,3351.699951171875,3302.0,3334.0,1744074,M&M
2026-08-31,3320.0,3365.0,3282.0,3282.0,3613080,M&M
2026-09-01,3367.0,3368.0,3223.0,3259.0,1887247,M&M
2026-09-02,3223.5,3229.60009765625,3142.5,3190.0,2883166,M&M
2026-09-03,3200.0,3210.0,3150.0,3150.0,1826312,M&M
2026-09-04,3158.699951171875,3185.300048828125,3144.199951171875,3170.0,1489449,M&M
2026-09-07,3154.10009765625,3178.0,3145.0,3160.0,1715004,M&M
2026-09-08,3145.0,3163.0,3096.300048828125,3160.0,1784671,M&M
2026-09-09,3135.300048828125,3151.300048828125,3118.0,3150.0,1050769,M&M
2026-09-10,3141.699951171875,3146.89990234375,3097.699951171875,3123.800048828125,2140618,M&M
2026-09-11,3110.0,3124.199951171875,3069.10009765625,3107.0,1311484,M&M
2026-09-14,3107.0,3107.0,3107.0,3107.0,0,M&M
2026-09-15,3114.60009765625,3119.60009765625,3029.5,3029.5,2176832,M&M
2026-09-16,3044.60009765625,3105.89990234375,3044.60009765625,3070.0,2390779,M&M
2026-09-17,3047.0,3127.800048828125,3047.0,3076.5,1875308,M&M
2026-09-18,3082.0,3098.199951171875,3052.0,3052.0,2973119,M&M
2026-09-21,3065.0,3088.0,3055.300048828125,3055.300048828125,1056850,M&M
2026-09-22,3066.0,3093.699951171875,3035.0,3044.5,1708090,M&M
2026-09-23,3048.39990234375,3052.0,3022.39990234375,3035.0,2600352,M&M
2026-09-24,3028.800048828125,3039.0,2982.699951171875,2982.699951171875,1903721,M&M
2026-09-25,2965.0,3045.0,2965.0,3035.0,2080300,M&M
2026-09-28,3017.300048828125,3019.89990234375,2977.60009765625,2995.0,2078624,M&M
2026-09-29,2986.0,2991.0,2947.800048828125,2947.800048828125,3270487,M&M
2026-09-30,2925.0,2986.0,2925.0,2950.0,2332540,M&M
2026-10-01,2926.0,2927.39990234375,2812.0,2860.0,5453321,M&M
