Date,Open,High,Low,Close,Volume,Symbol
2021-10-04,121.59031960384148,126.59125382563951,119.08985895972907,123.37031555175781,58612212,NTPC
2021-10-05,123.37034456830521,125.31986131893429,122.22605934214268,123.24319458007812,24390676,NTPC
2021-10-06,124.13316928261676,124.8536469455576,121.03938082461535,121.46318817138672,14421296,NTPC
2021-10-07,122.22603835278635,123.45507709313308,120.57319225828043,121.03938293457031,10035682,NTPC
2021-10-08,121.67508779152958,121.97174516424298,118.92034012928194,119.59843444824219,10686586,NTPC
2021-10-11,120.36128775746704,124.38745759442456,119.89509708436769,122.73461151123047,17449923,NTPC
2021-10-12,123.75174378239986,123.96364745326014,121.88699406554419,122.522705078125,16030831,NTPC
2021-10-13,123.32795364164254,124.81127954454888,122.64985921359882,124.04843139648438,19100941,NTPC
2021-10-14,125.02315105139597,127.65076143336265,124.47220674561528,126.63361358642578,29263867,NTPC
2021-10-18,128.20172273051406,128.58314675688183,126.04030266966501,126.76078033447266,25346029,NTPC
2021-10-19,127.94742158887752,128.9221861413491,125.53172773325127,126.84552001953125,20234486,NTPC
2021-10-20,127.69316104095047,127.69316104095047,123.15842974203855,123.96366119384766,16129487,NTPC
2021-10-21,125.19268515675273,125.91316280534768,123.66697615204045,125.3622055053711,20818539,NTPC
2021-10-22,125.31984019948119,125.53174387723914,122.05651838857914,122.81936645507812,11379569,NTPC
2021-10-25,122.64986570416248,123.96367130297764,121.33606010534731,121.97177124023438,14079380,NTPC
2021-10-26,123.15841394641454,123.45507132030967,120.74270696723744,121.37841796875,16224116,NTPC
2021-10-27,122.05651669606296,122.52270736738076,119.38653556676614,119.76795959472656,15072448,NTPC
2021-10-28,119.76795134340387,120.2341419826038,115.52987813899163,116.41987609863281,19999659,NTPC
2021-10-29,111.03752189892273,116.03844328429979,108.96086854172627,112.43608093261719,29217522,NTPC
2021-11-01,112.90226685986177,114.68226276780904,110.95275061153212,113.83464813232422,10043407,NTPC
2021-11-02,114.42798660799727,119.34415454527792,114.42798660799727,115.82654571533203,21525811,NTPC
2021-11-03,116.92846641389711,117.77608126710923,114.89419593961851,115.91133117675781,9808728,NTPC
2021-11-04,117.22512331083269,117.22512331083269,116.08083821710228,116.25035858154297,1026849,NTPC
2021-11-08,117.56415283824147,119.17462848091924,115.74178646038281,118.92034149169922,12765483,NTPC
2021-11-09,119.30177892416393,119.85272335144943,117.01322163098376,117.39464569091797,9556650,NTPC
2021-11-10,117.14034407433118,117.18272739428068,115.91130539723603,116.46224975585938,5479056,NTPC
2021-11-11,116.54702339703427,116.75892707593796,113.87704221627732,115.82654571533203,11418813,NTPC
2021-11-12,117.14036944146918,117.14036944146918,114.13133414346557,115.65704345703125,9306659,NTPC
2021-11-15,116.37750855505455,116.67416595943203,115.275606785828,116.25035858154297,3991733,NTPC
2021-11-16,116.7165327195434,116.80129935652104,113.5803611549642,113.83464813232422,5762128,NTPC
2021-11-17,113.58038966553337,116.97084905853437,113.58038966553337,115.65704345703125,15264066,NTPC
2021-11-18,115.78416788151358,116.63178254262694,114.21607558502454,114.68226623535156,9942974,NTPC
2021-11-22,114.42798355356872,116.03844629681906,109.93562309401015,110.31704711914062,15990636,NTPC
2021-11-23,110.23229466771187,113.36846648084091,108.62181897251257,113.15656280517578,11510010,NTPC
2021-11-24,114.00418506232823,116.37750897376081,113.19895362815686,114.72466278076172,7570759,NTPC
2021-11-25,114.851790656181,115.86892569889366,112.13942623108926,114.59750366210938,13919886,NTPC
2021-11-26,112.90228842235919,113.62276617354996,108.49469406277407,109.21517181396484,13323593,NTPC
2021-11-29,108.3251683707441,109.6389738288616,105.99422779244927,107.2232666015625,16077669,NTPC
2021-11-30,108.3251613140946,109.72372039653496,105.69755056903062,107.85897064208984,22883512,NTPC
2021-12-01,110.18991098880183,112.69037176683293,106.67230869080191,108.24039459228516,17010938,NTPC
2021-12-02,108.24039039884234,110.44419370666833,107.3080155584165,109.08800506591797,12916313,NTPC
2021-12-03,109.08801430776829,110.40181973975474,107.13850428840543,107.6470718383789,12827354,NTPC
2021-12-06,107.64707457351315,108.15564213640849,105.10423029224906,105.40089416503906,8158812,NTPC
2021-12-07,106.03659334293782,107.138494994618,105.10421850440127,106.24849700927734,8701301,NTPC
2021-12-08,105.8246940674671,108.19801781565813,105.8246940674671,107.85897064208984,12093435,NTPC
2021-12-09,107.85896236847391,108.19800951603466,106.50278024501738,106.84182739257812,11518172,NTPC
2021-12-10,106.88421427274818,107.39278180841269,105.44327184390093,106.92659759521484,8389566,NTPC
2021-12-13,108.15563886073934,109.00326006227654,106.37564921112184,106.62993621826172,13223189,NTPC
2021-12-14,105.95184411857606,108.02849767658522,105.95184411857606,107.09612274169922,11649242,NTPC
2021-12-15,106.92658470287414,108.87609443232982,106.71468104966463,107.39276885986328,11916145,NTPC
2021-12-16,108.11325800081514,108.66420238457226,107.01135629972693,107.98611450195312,10758513,NTPC
2021-12-17,107.98611571057317,108.24039624435623,105.18898457145009,106.41802978515625,13041775,NTPC
2021-12-20,105.5280305835011,106.33326196509415,100.95090989134125,103.19709014892578,14185935,NTPC
2021-12-21,104.72279912137128,105.6975508561963,102.43423554365788,103.5785140991211,10168470,NTPC
2021-12-22,104.2989904515265,105.01946164646729,103.11232858920742,103.87518310546875,7885198,NTPC
2021-12-23,104.341366507891,106.29088287155838,104.08708598227362,105.5704116821289,9836979,NTPC
2021-12-24,105.78230405256498,105.9518243848663,102.47660583839992,102.77326965332031,8509575,NTPC
2021-12-27,102.7732851816369,103.53613972582708,102.22233431823358,103.28185272216797,5097217,NTPC
2021-12-28,103.40899057453153,105.61278744095927,103.36660725397479,105.18898010253906,6511374,NTPC
2021-12-29,105.61279735499757,105.73994086181615,103.57852064626246,104.38375854492188,8960770,NTPC
2021-12-30,104.4685142436706,108.36754066245017,103.62089952364082,107.56230926513672,32394253,NTPC
2021-12-31,107.47754435412283,107.47754435412283,105.10422065582496,105.44326782226562,9155163,NTPC
2022-01-03,106.29088620139778,107.26564441376831,105.69755202279582,106.79945373535156,9034081,NTPC
2022-01-04,107.64708043896634,112.98705630729947,107.43517673731483,112.64800262451172,33986738,NTPC
2022-01-05,112.39372111858701,112.60562480626642,110.7832453320787,111.88514709472656,16122852,NTPC
2022-01-06,112.18181816186564,112.18181816186564,109.59659056861703,110.95276641845703,8037648,NTPC
2022-01-07,111.29182230206861,112.05467042447879,109.72372979830041,111.3342056274414,8820039,NTPC
2022-01-10,111.84276457979806,112.13943491812589,110.8256294582916,111.75801086425781,7324926,NTPC
2022-01-11,112.01229246164203,113.58038504048193,111.03754059927711,112.13944244384766,11971883,NTPC
2022-01-12,113.02941686420324,113.74988154453311,112.18180222835193,113.4532241821289,10439580,NTPC
2022-01-13,113.91940657338483,115.8265395825391,113.15655854315253,114.3855972290039,15114699,NTPC
2022-01-14,113.91941841301553,115.40274424096404,112.98704993844993,114.72466278076172,9344382,NTPC
2022-01-17,114.13132058293577,116.41989074815558,113.96180022014255,115.7841796875,9803141,NTPC
2022-01-18,115.78416713812838,116.75891881872107,113.91940454879294,114.427978515625,6473378,NTPC
2022-01-19,113.66511054226943,114.68224536377753,112.69034609924715,114.25843811035156,21136414,NTPC
2022-01-20,114.00418284826067,115.57227529506805,113.70751251500266,114.34322357177734,8466412,NTPC
2022-01-21,113.62276254879218,115.3603754146736,112.35134039330457,113.66514587402344,12437749,NTPC
2022-01-24,112.73277091771601,114.63990426030894,111.03754127985562,112.39373016357422,14284658,NTPC
2022-01-25,111.20704095135747,114.97892360659723,111.0799039256198,114.68226623535156,10007486,NTPC
2022-01-27,113.74988420437332,115.27559317129631,112.85988622920381,114.427978515625,18760325,NTPC
2022-01-28,118.66605297625334,122.05651163271773,116.97082364802115,118.7931900024414,34009553,NTPC
2022-01-31,120.36130319616035,121.54795875846689,117.43703468409552,120.4036865234375,27928927,NTPC
2022-02-01,122.05649957418085,122.18363658780845,119.04746522713073,119.64079284667969,17413984,NTPC
2022-02-02,120.36127041342834,120.99698134871053,119.30175218795802,119.64079284667969,10783943,NTPC
2022-02-03,119.94614911807211,120.90572363533083,118.89934902428965,119.20465850830078,9571728,NTPC
2022-02-04,119.50996301164841,119.90251132288768,116.80571764838537,117.06742095947266,7213085,NTPC
2022-02-07,117.0674325402041,118.9429620295443,117.0674325402041,117.89614868164062,10562489,NTPC
2022-02-08,118.15782995401382,118.33229437582368,115.84614641577333,117.7652816772461,8721631,NTPC
2022-02-09,118.02701335076627,118.28871670181161,116.76212934996337,117.80892944335938,5144026,NTPC
2022-02-10,117.8961581329371,119.37913939109086,117.15468081464596,119.03019714355469,6081460,NTPC
2022-02-11,117.2855273630023,120.120618271011,117.2855273630023,119.64083099365234,8426925,NTPC
2022-02-14,117.50359289586578,119.0301800690398,114.9738251903481,115.58445739746094,7705072,NTPC
2022-02-15,115.23554213491511,118.46318130621165,113.97064482182525,118.07063293457031,12674466,NTPC
2022-02-16,117.67805127640193,119.24825780721153,115.8897741857292,116.19508361816406,12946623,NTPC
2022-02-17,117.32913084443231,117.67805973824339,115.54084031438637,115.80254364013672,5811964,NTPC
2022-02-18,115.80254982308568,116.98020819644793,115.06105924566727,115.45362091064453,6760078,NTPC
2022-02-21,115.49723129099844,117.02381863296822,114.40681176102004,115.10468292236328,12212740,NTPC
2022-02-22,114.31957965296674,115.58446357331022,111.57172126335298,115.23553466796875,13578566,NTPC
2022-02-23,115.14829351769825,116.41317741312218,113.2727773945646,113.57808685302734,9263264,NTPC
2022-02-24,110.78659485959125,112.53126564478166,107.86427262547548,108.51852416992188,18045779,NTPC
2022-02-25,109.04194563071883,114.27595902099333,109.04194563071883,113.70894622802734,10424521,NTPC
2022-02-28,112.48766536454231,116.8493430701142,112.35682035768875,116.45679473876953,13262687,NTPC
2022-03-02,115.84615631111642,117.76529173651782,113.79616257509333,114.23233032226562,12587947,NTPC
2022-03-03,115.23553466796875,116.41317970658459,113.62170853149928,115.23553466796875,15628119,NTPC
2022-03-04,115.14829351769825,116.32595184389751,113.18553851455567,113.57808685302734,15883138,NTPC
2022-03-07,112.5312877326496,113.83979107837808,110.69938437970816,113.4472427368164,14985637,NTPC
2022-03-08,113.83979041554105,118.46317153901872,113.83979041554105,116.67488098144531,28572640,NTPC
2022-03-09,116.84934717418534,116.84934717418534,114.36319878115938,114.71212768554688,14286413,NTPC
2022-03-10,115.93339319314471,117.7653032344387,115.10467705476299,115.97701263427734,13101323,NTPC
2022-03-11,115.93339910298981,116.36956691498116,114.7121345537281,115.10468292236328,8669803,NTPC
2022-03-14,115.10467221131012,115.93338831482056,114.05787222209777,115.27913665771484,5670284,NTPC
2022-03-15,114.53765632852172,115.9770046108305,113.97063025459427,114.31957244873047,6895190,NTPC
2022-03-16,115.49722087496397,116.02062752646466,114.75574364791942,115.80254364013672,5561866,NTPC
2022-03-17,116.4568020676636,117.15467320663055,115.06105978972973,115.93339538574219,13995384,NTPC
2022-03-21,115.93339538574219,116.36956318374843,114.88659533268421,115.93339538574219,9172207,NTPC
2022-03-22,116.28232645559832,117.02380365460773,114.93020374933182,115.88977813720703,10343712,NTPC
2022-03-23,115.93338267348535,116.67487317310442,115.32275048539027,116.41316986083984,11892811,NTPC
2022-03-24,116.45678004150301,118.37591532759603,116.32593505116257,118.11421203613281,11276181,NTPC
2022-03-25,118.63763778771451,118.768482799196,117.06743109601435,117.5472183227539,7266868,NTPC
2022-03-28,118.2014447910876,118.2014447910876,116.71847729719339,117.59081268310547,7778682,NTPC
2022-03-29,117.76529308799034,118.02699640145367,116.80571870888593,117.19828033447266,5116935,NTPC
2022-03-30,117.76528949237856,118.59400553405722,116.4131668397539,118.02699279785156,24047012,NTPC
2022-03-31,117.15464954552051,118.28868825345783,117.15464954552051,117.7652816772461,11615450,NTPC
2022-04-01,120.38229752002776,125.13652327442294,119.33549759505372,124.70035552978516,32589741,NTPC
2022-04-04,123.74083182617677,127.36101987502174,123.43550898846284,125.8780517578125,15437496,NTPC
2022-04-05,126.83759413156835,131.3737500152075,126.27058130150608,130.06524658203125,23958626,NTPC
2022-04-06,131.15564719175774,135.47370523624457,129.36735676220326,133.4673309326172,52737388,NTPC
2022-04-07,133.42373141999346,137.8290289962719,132.76947970007447,133.9035186767578,37738903,NTPC
2022-04-08,135.12475894220273,135.12475894220273,131.89712036623078,132.63861083984375,17585569,NTPC
2022-04-11,132.9875545832162,134.86308403952975,132.46416122926556,133.55458068847656,15583159,NTPC
2022-04-12,133.20560323273577,133.99071302212116,131.5917908465419,133.11837768554688,11306524,NTPC
2022-04-13,133.51095437946188,136.25880595099622,133.24925106055773,134.29605102539062,19454061,NTPC
2022-04-18,135.12477040560955,142.84494529228482,134.7758415124153,142.3651580810547,82098517,NTPC
2022-04-19,143.84814305741818,145.11304039588,139.13753588166358,140.14071655273438,38522118,NTPC
2022-04-20,141.4492055253413,142.36516052417494,138.70135383962472,140.00985717773438,20047692,NTPC
2022-04-21,140.96942451589396,142.53961779390596,139.87900512239474,141.92898559570312,21966151,NTPC
2022-04-22,140.66408804697102,142.19067504903117,139.44282376963582,139.96621704101562,9922564,NTPC
2022-04-25,138.35237745498029,140.358737902829,135.56089397648174,136.17153930664062,12008027,NTPC
2022-04-26,137.48011758235123,138.22159497290522,136.0843750777518,136.9567108154297,11735823,NTPC
2022-04-27,136.7822314512631,139.22477391322568,135.3864890984886,135.77903747558594,17873048,NTPC
2022-04-28,137.8290285616446,139.66093869595525,135.43010559617295,139.31199645996094,29123808,NTPC
2022-04-29,139.9226264788519,140.44603316901316,135.82265177520543,136.25881958007812,28941216,NTPC
2022-05-02,134.8630999229937,138.1343586858983,133.4673575265067,137.3928680419922,13368198,NTPC
2022-05-04,137.82901384072727,141.23111708590005,137.2183816314378,138.39602661132812,24511385,NTPC
2022-05-05,139.2247459489718,140.22792641236762,136.9566684089687,138.1779327392578,33396072,NTPC
2022-05-06,136.47689662522887,139.87901331876762,136.12796772317668,138.70135498046875,22604305,NTPC
2022-05-09,138.65773554001612,139.39922609535753,136.04072884227142,138.70135498046875,22958742,NTPC
2022-05-10,138.65772752691385,140.6641018747256,134.77583714508592,135.60455322265625,20322427,NTPC
2022-05-11,134.38330198537895,136.91306990376114,130.8939595816601,133.07479858398438,13794764,NTPC
2022-05-12,131.80990754377666,133.46733977218952,129.10566200185653,129.58544921875,11818556,NTPC
2022-05-13,130.85031418393157,130.85031418393157,125.18013390262786,125.74714660644531,22913410,NTPC
2022-05-16,125.09291297132951,129.89075851265474,123.56632575363513,129.32374572753906,16286682,NTPC
2022-05-17,128.66947744375844,131.5045676247226,127.62267757755892,131.28648376464844,13925542,NTPC
2022-05-18,131.2864953757135,131.6354242583787,128.407785505983,129.5418243408203,17611218,NTPC
2022-05-19,128.6694841127138,129.58543903465585,127.14289701307142,129.10565185546875,11701170,NTPC
2022-05-20,131.67906421295112,131.67906421295112,128.80035389469685,130.5014190673828,17841739,NTPC
2022-05-23,134.68856516641827,135.51729435109303,129.45455335978366,130.98114013671875,26055890,NTPC
2022-05-24,130.98117819893565,132.46415929038372,127.62269430019467,128.14608764648438,16581141,NTPC
2022-05-25,129.45459169469956,133.59818560197928,128.58225613527225,133.16201782226562,19926619,NTPC
2022-05-26,133.59816930770907,135.2992340897498,131.37372455110076,134.4705047607422,22698086,NTPC
2022-05-27,135.21200335784644,135.21200335784644,130.41415807740674,131.2428741455078,10245727,NTPC
2022-05-30,130.89392939084377,133.03114845801286,129.80351014118793,131.63540649414062,12513990,NTPC
2022-05-31,131.80988200590946,137.82899083846655,131.15563046711927,136.08432006835938,124665699,NTPC
2022-06-01,136.47688854939403,139.74814672800264,136.3024241086916,136.78221130371094,16084988,NTPC
2022-06-02,135.64820073409118,138.9630790411973,134.5577811140422,138.7449951171875,17646975,NTPC
2022-06-03,138.70134769562753,139.09389601751502,134.95030229704815,135.21200561523438,14063328,NTPC
2022-06-06,135.90989658112647,138.3960451907338,134.8630964659873,135.38648986816406,18485464,NTPC
2022-06-07,135.38646845395022,137.56730722837202,133.90350074950007,137.1747589111328,14911957,NTPC
2022-06-08,136.17157387241787,139.35559305291298,136.17157387241787,137.0002899169922,16416591,NTPC
2022-06-09,135.47372331861445,137.82902681081953,134.95031662666437,135.34286499023438,13821409,NTPC
2022-06-10,134.42688859796718,136.607727067689,134.33964973486565,135.43006896972656,7908849,NTPC
2022-06-13,134.33967910427114,135.12477580069654,128.88758173802637,129.89076232910156,19208167,NTPC
2022-06-14,129.89074040115986,132.9875338445482,129.89074040115986,132.0715789794922,17034328,NTPC
2022-06-15,133.07479578015955,134.07797637577818,128.71311786740955,129.23651123046875,15172295,NTPC
2022-06-16,130.93756226457538,130.98116839041256,123.87163947713002,124.70035552978516,18494040,NTPC
2022-06-17,123.08656503604752,126.00888146512757,121.73444212191883,122.51953887939453,21387729,NTPC
2022-06-20,122.51950562183741,123.34822159883939,117.76528030145364,119.72803497314453,16578770,NTPC
2022-06-21,120.55677907108227,123.21740535325651,120.16423070733511,122.08336639404297,51398446,NTPC
2022-06-22,122.08334721862198,122.08334721862198,119.11741192418101,120.07697296142578,8317317,NTPC
2022-06-23,120.2950558360434,121.38547517215977,118.33230103103396,119.07379150390625,11257409,NTPC
2022-06-24,120.2950745262884,120.2950745262884,117.7216871553832,119.16104888916016,21879039,NTPC
2022-06-27,119.7280694982205,121.29827635051828,119.2919016676259,120.81848907470703,12872030,NTPC
2022-06-28,120.81848468451409,121.51635585026402,119.64082626038699,120.90572357177734,14272044,NTPC
2022-06-29,120.20787135325372,124.83125358045338,119.33553558626464,123.65359497070312,53487394,NTPC
2022-06-30,124.1333525623287,125.57270090867756,123.13015868418422,124.65674591064453,19270932,NTPC
2022-07-01,123.8716663639861,124.91846651617242,121.90891108709195,122.69400787353516,9592229,NTPC
2022-07-04,121.55995141405938,124.04609948324655,121.55995141405938,123.34822845458984,17526429,NTPC
2022-07-05,123.34822783040703,125.83438919779614,122.3014279481105,122.86845397949219,11370649,NTPC
2022-07-06,123.43548749663279,123.87165529697425,118.72488057725901,121.21102905273438,15929985,NTPC
2022-07-07,122.12699050065667,124.52591352834816,121.69082267744005,122.51953887939453,18144208,NTPC
2022-07-08,122.99932593740414,125.79079733907463,122.99932593740414,125.35462951660156,15375888,NTPC
2022-07-11,125.616299842786,128.2333060895107,125.26737100086888,126.31417083740234,16779135,NTPC
2022-07-12,125.65993071868078,129.19289213563732,125.65993071868078,128.320556640625,19138561,NTPC
2022-07-13,128.88755317728842,130.28329511807257,128.66946933096477,129.62904357910156,13644449,NTPC
2022-07-14,129.97798752524568,130.2396908334263,128.23331655175244,129.3673553466797,9775869,NTPC
2022-07-15,129.49820905361784,130.98117681865415,129.2365057278387,130.6322479248047,11518139,NTPC
2022-07-18,132.07158632523823,132.20244463368584,130.23968980401946,130.6758575439453,8286352,NTPC
2022-07-19,130.6758918927621,131.89715656125688,130.19610459057253,131.50460815429688,6798359,NTPC
2022-07-20,132.68224670912872,132.81309172148633,130.9811816837727,131.3301239013672,7271345,NTPC
2022-07-21,131.7226876790518,131.94077159905024,130.8503519990581,131.5918426513672,7521568,NTPC
2022-07-22,131.72269334894008,132.07162231164247,129.23653122962887,129.9344024658203,6800124,NTPC
2022-07-25,130.1524662830064,131.24288576143437,128.53865344140377,130.9375762939453,7996687,NTPC
2022-07-26,130.85035705566406,131.67907332152595,130.10886637470065,130.85035705566406,5774871,NTPC
2022-07-27,130.45777804482665,131.33011355390502,130.02161029028747,130.588623046875,5403197,NTPC
2022-07-28,130.89393635244502,131.6790329296399,130.02160090632515,131.1556396484375,6030744,NTPC
2022-07-29,131.67906525177628,134.73224006263263,131.24289742165394,133.42373657226562,11771461,NTPC
2022-08-01,133.38012445631762,137.56733851773612,131.72269193509135,136.52053833007812,14221965,NTPC
2022-08-02,137.04391768923074,139.660924290725,136.56413048346667,139.18113708496094,18278835,NTPC
2022-08-03,139.617313804409,140.40241051088566,137.1311520492584,139.26837158203125,10147608,NTPC
2022-08-04,139.3119797189226,140.0098507962632,133.5109538420202,134.95030212402344,15754128,NTPC
2022-08-05,134.68859932224257,137.08752200862875,133.4673349153049,135.73541259765625,33864055,NTPC
2022-08-08,135.64817447822887,139.5736843505892,135.16838727611693,139.05027770996094,16964235,NTPC
2022-08-10,139.49482003652327,139.71708712617107,137.8055955816425,138.47239685058594,14055597,NTPC
2022-08-11,138.87247368754356,139.45037625525157,135.89410285190291,136.6053466796875,15810624,NTPC
2022-08-12,136.64979725705066,141.36186203821222,135.67183025053788,140.91732788085938,17998843,NTPC
2022-08-16,141.3618544691191,142.07311179602124,139.53926180834026,141.13958740234375,8309725,NTPC
2022-08-17,141.3618400030168,145.49600159553142,141.3618400030168,143.54005432128906,19674110,NTPC
2022-08-18,143.540093023342,144.60697240912253,142.1620342655762,142.9622039794922,9585888,NTPC
2022-08-19,143.18446236443685,143.71789524179076,139.71708761415667,140.2505340576172,9599472,NTPC
2022-08-22,139.8504787094403,141.31743631792216,138.69468693839855,139.13922119140625,11400211,NTPC
2022-08-23,139.09472697393005,141.53966469613948,138.38346965061174,141.05067443847656,14362373,NTPC
2022-08-24,141.2729658497412,144.91815178110775,140.47280970193265,142.9622039794922,20602844,NTPC
2022-08-25,143.45114644588963,143.98457917769778,140.87284076079,141.27291870117188,12889454,NTPC
2022-08-26,141.36189245224062,146.4295802231558,141.27298017519823,145.27378845214844,30724938,NTPC
2022-08-29,143.85127941266632,145.27378080773022,142.87329868109705,143.09556579589844,10928330,NTPC
2022-08-30,143.8512877079519,147.0963823447393,143.62902058033336,145.80723571777344,24663153,NTPC
2022-09-01,143.58453312329945,146.02947099382004,142.51765385665712,142.87327575683594,14554158,NTPC
2022-09-02,144.91813659822375,147.9409634689222,143.3622670335189,143.85125732421875,25106698,NTPC
2022-09-05,144.56251511043985,146.78518592353944,144.20687964068028,146.25173950195312,15226001,NTPC
2022-09-06,147.4075242773009,150.1191852581362,146.5184559928372,149.7635498046875,27866331,NTPC
2022-09-07,149.80799856040213,151.27495573113924,148.16321688863832,148.74111938476562,19415892,NTPC
2022-09-08,149.36349499446777,150.4303743883496,147.54090201494472,148.29661560058594,11595205,NTPC
2022-09-09,149.05228521446202,150.5637120774236,147.54087191760522,148.1187744140625,16415150,NTPC
2022-09-12,148.87447284383035,149.45237533471487,147.140792503386,147.94094848632812,15469466,NTPC
2022-09-13,148.42995431514683,150.2080909671788,147.27416277810485,148.8300323486328,15644741,NTPC
2022-09-14,146.69626910004578,153.85327160875397,146.69626910004578,153.23092651367188,38751148,NTPC
2022-09-15,155.05352930547022,156.6093990633879,153.4976595475525,155.67588806152344,29483891,NTPC
2022-09-16,154.6534351280981,155.32023638352203,152.29740945204279,153.63101196289062,26126152,NTPC
2022-09-19,154.25332530060706,154.7867716214598,151.63057694963877,152.03065490722656,13304030,NTPC
2022-09-20,152.83084106445312,153.9421764810536,151.94177273117276,152.83084106445312,15395199,NTPC
2022-09-21,152.03070093589045,152.96422549696393,149.49685049384925,149.89694213867188,7370283,NTPC
2022-09-22,148.4744183429018,150.83044410573268,148.34106351334788,149.94137573242188,7447846,NTPC
2022-09-23,148.60775685790708,149.80800445655302,144.60694961722763,145.7627410888672,12264388,NTPC
2022-09-26,144.42914573381705,145.67384952030028,139.22810420641275,141.00624084472656,21951865,NTPC
2022-09-27,141.7174840824204,143.71788779255178,140.02825970919628,141.3618621826172,8367800,NTPC
2022-09-28,140.29498989902623,141.7619472663515,137.80559577819875,140.4283447265625,14261815,NTPC
2022-09-29,141.13958800696503,143.76233669292853,140.4727868037825,141.85084533691406,17623352,NTPC
2022-09-30,142.25093765334057,143.62899632507862,139.93935449003115,141.93975830078125,12015533,NTPC
2022-10-03,142.11758434535346,145.89612491717313,141.3174146728335,142.56211853027344,10528629,NTPC
2022-10-04,143.98461995725538,145.8072128308625,143.45118707436748,144.51806640625,9013773,NTPC
2022-10-06,146.0294712890277,146.7851847860678,144.3846894736374,144.8292236328125,6456408,NTPC
2022-10-07,145.0070344065316,146.56290381618922,143.45116499687398,146.07391357421875,8825983,NTPC
2022-10-10,144.65140574423398,147.22971188344616,143.8957058495466,145.7627410888672,10484521,NTPC
2022-10-11,146.1628188204507,146.1628188204507,142.5176470366816,143.1844482421875,13805741,NTPC
2022-10-12,143.94017153851914,146.96301230128967,143.27337022459866,146.6962890625,12496248,NTPC
2022-10-13,146.56294181391777,148.29662260664443,146.02949530872118,146.47402954101562,9447511,NTPC
2022-10-14,147.80760992104064,148.9189453339808,146.5629196849901,146.78518676757812,9588164,NTPC
2022-10-17,146.7851791913974,150.29699620180787,145.80719865204517,149.7635498046875,13426449,NTPC
2022-10-18,150.20809890419204,150.65263309068928,147.94097183983482,148.42996215820312,20635735,NTPC
2022-10-19,148.02985313892492,149.4523676645994,145.673827869762,145.8516387939453,6947654,NTPC
2022-10-20,145.80721317109084,149.2745743993265,143.58454223860468,148.42996215820312,12020720,NTPC
2022-10-21,148.91892174862298,149.763533815469,146.25171717999092,146.74070739746094,7414335,NTPC
2022-10-24,148.42996215820312,149.31903053119757,147.80761701032836,148.42996215820312,685185,NTPC
2022-10-25,148.87448280836458,150.87488646571643,147.0963462240518,150.563720703125,8131380,NTPC
2022-10-27,151.05269646571927,152.47521115071035,148.96339413188883,151.71949768066406,16225577,NTPC
2022-10-28,151.719499732922,155.32022905555084,151.05269850895763,154.74234008789062,16185760,NTPC
2022-10-31,151.0526910685852,154.69787633981596,150.29699119164565,153.89772033691406,24233760,NTPC
2022-11-01,154.69789352336596,162.6550525747086,154.25335934657468,161.63262939453125,41101936,NTPC
2022-11-02,161.72153486548874,162.43279229137394,160.03231034935501,160.87692260742188,22146420,NTPC
2022-11-03,159.4544357429816,161.67710692107664,157.58738652693845,158.38754272460938,16719953,NTPC
2022-11-04,159.187681790571,159.58775981225523,156.78720009435986,157.3206329345703,14881752,NTPC
2022-11-07,158.12080323330707,159.58776050791244,155.4535983223113,156.34266662597656,12799401,NTPC
2022-11-09,158.03191229768683,158.03191229768683,153.1420359678006,154.16445922851562,14929008,NTPC
2022-11-10,154.25337262670868,154.87571781457473,151.63062347106109,153.00868225097656,10668583,NTPC
2022-11-11,153.8088295747644,154.34227602863405,150.83044507852128,152.43077087402344,16963169,NTPC
2022-11-14,153.23094055482795,154.1644514999396,152.11960508102186,152.43077087402344,10224241,NTPC
2022-11-15,153.18649322378005,154.83126167984696,152.38632349700288,153.00868225097656,13899999,NTPC
2022-11-16,153.00865766727554,153.7643575718,150.38589536691612,151.09715270996094,9781274,NTPC
2022-11-17,151.0971605709597,151.85287408090645,148.9189458670215,149.6302032470703,12778124,NTPC
2022-11-18,149.85247775587882,150.29701194467341,146.7851945664175,147.45199584960938,11134908,NTPC
2022-11-21,146.6963035860569,147.7631830807337,145.94058992901853,146.16285705566406,12788632,NTPC
2022-11-22,146.91853423554292,148.9189378786895,146.5629123476479,148.51885986328125,15198091,NTPC
2022-11-23,149.23011752247132,149.58573941112243,147.8076028356559,149.40792846679688,12004998,NTPC
2022-11-24,149.98582513955117,151.14161668625553,149.00785811242145,150.69708251953125,10986350,NTPC
2022-11-25,151.36389148920028,152.25295986799148,149.89693409063756,150.9193572998047,12358833,NTPC
2022-11-28,151.14161625326153,152.830840655532,150.60816982827814,151.4972381591797,5471921,NTPC
2022-11-29,152.03069218317722,152.56413863482408,150.29701156448516,151.2749786376953,7693168,NTPC
2022-11-30,151.23051425921633,153.67545193875853,150.9193349462872,153.09754943847656,9133076,NTPC
2022-12-01,154.25334087293567,154.38669568355965,151.89731544454602,153.09754943847656,9214914,NTPC
2022-12-02,153.27538293922436,153.6754745622058,152.16404746673547,153.05311584472656,6376672,NTPC
2022-12-05,153.85327111720312,156.16484054385214,152.38630029122618,155.72030639648438,9861212,NTPC
2022-12-06,156.1204212772246,156.47604322174007,154.56455152928118,155.76478576660156,7008295,NTPC
2022-12-07,154.78682679659642,155.58698299699478,152.2974323554228,152.7864227294922,7718718,NTPC
2022-12-08,152.78642253391445,153.31985547812775,151.14164043217977,151.45281982421875,4225180,NTPC
2022-12-09,152.20849597317257,152.69748626979052,149.3634800193584,150.69708251953125,6174919,NTPC
2022-12-12,151.14161584167718,151.14161584167718,148.96340115012129,150.16363525390625,7153044,NTPC
2022-12-13,150.9193644903623,151.14163159565,149.4079508876273,150.4303741455078,5166993,NTPC
2022-12-14,151.09717690068132,154.43118351175596,150.65264268587137,152.56414794921875,8562333,NTPC
2022-12-15,152.919769981521,154.742362976499,152.65304673926192,153.00868225097656,10644546,NTPC
2022-12-16,152.83087241311324,153.89776548477565,150.29703528318734,150.96383666992188,9433166,NTPC
2022-12-19,150.9637765189962,153.14199080120633,150.69705335735543,152.74191284179688,7706855,NTPC
2022-12-20,152.16404760366962,152.43077083052833,149.8524779584766,150.9193572998047,7387632,NTPC
2022-12-21,151.14160819735415,152.07513260826477,148.11878145984923,149.3190155029297,8454254,NTPC
2022-12-22,149.80799701299304,149.94135182128088,146.29618021166607,147.4964141845703,6979001,NTPC
2022-12-23,146.07391274889838,147.89650533170627,144.340232415439,144.91812133789062,5313321,NTPC
2022-12-26,144.0290459558082,149.14118801905448,143.9401337108754,147.27413940429688,8321609,NTPC
2022-12-27,148.47441016974295,149.54128944576541,146.29619548825835,146.87408447265625,9244387,NTPC
2022-12-28,146.69628230221585,149.00786551039045,146.51847133991936,147.45199584960938,9652984,NTPC
2022-12-29,146.69626673479667,148.83002518813336,145.80719845155548,148.25213623046875,19571340,NTPC
2022-12-30,148.25215108135725,149.1856755854957,147.58534980213076,147.9854278564453,8626291,NTPC
2023-01-02,148.51888258549818,149.85248521829322,147.94097997162245,149.36349487304688,7322962,NTPC
2023-01-03,149.36348018369543,150.4303594717863,148.29660089560454,149.0078582763672,9629995,NTPC
2023-01-04,149.23010971559026,149.8079986459428,146.42953661607746,148.1187744140625,11995082,NTPC
2023-01-05,149.36347945667572,151.45279545885143,148.6077659496489,151.05270385742188,18887530,NTPC
2023-01-06,151.54169458689407,153.05310803917706,149.85247018130238,150.25254821777344,13216749,NTPC
2023-01-09,151.3638833359869,152.03068458416305,150.65262595804444,151.4972381591797,6012344,NTPC
2023-01-10,151.49723008431752,151.76395328259275,148.6077581628975,149.3190155029297,7557693,NTPC
2023-01-11,149.76356519408608,150.07474455206668,147.14081619863094,147.6298065185547,8463293,NTPC
2023-01-12,148.38550579449125,148.65222901919418,147.18527163248805,147.5408935546875,7628932,NTPC
2023-01-13,147.76315418650208,149.4968347221043,147.14080906681232,149.1856689453125,5090393,NTPC
2023-01-16,149.9413754448006,149.9413754448006,146.38510195837918,147.5408935546875,10321015,NTPC
2023-01-17,148.1188041184272,149.54130544999424,147.40754666958992,149.09677124023438,13015434,NTPC
2023-01-18,148.91893796304842,150.87488547978975,148.56331607495198,150.65261840820312,5536057,NTPC
2023-01-19,151.49725344556617,151.49725344556617,148.74114948133848,149.98583984375,6812613,NTPC
2023-01-20,151.05271923526098,151.05271923526098,149.0523152888876,149.98583984375,8545359,NTPC
2023-01-23,150.6082089505266,150.6971212331552,147.58538126668887,148.34109497070312,7787735,NTPC
2023-01-24,148.6522297243079,148.9634090822885,147.05190393460595,147.6298065185547,7033092,NTPC
2023-01-25,147.58532643416527,148.11877279952577,146.16281183727364,147.4964141845703,9257370,NTPC
2023-01-27,147.80760991030346,148.51886728775472,145.8072061671565,147.85206604003906,13756671,NTPC
2023-01-30,149.00783589149626,153.1419975990791,148.56330179106354,150.11917114257812,30768122,NTPC
2023-01-31,151.0082843473103,153.49766519874183,148.78561318274058,152.1640625,24990701,NTPC
2023-02-01,153.1420051125919,154.52006360476508,148.6522077647202,151.1416015625,13878016,NTPC
2023-02-02,151.14161528138982,151.89732878423916,147.1408078180589,148.385498046875,19898080,NTPC
2023-02-03,150.07325651862737,151.8522376263726,148.29427541088214,151.0311737060547,11730514,NTPC
2023-02-06,150.07326819179815,152.2171775913438,149.66273619970673,151.48733520507812,7588936,NTPC
2023-02-07,151.89785106387694,152.99260756670697,149.89079515525788,150.75747680664062,8699758,NTPC
2023-02-08,151.07680070253366,151.21364005742836,149.7083514712447,150.98556518554688,8839686,NTPC
2023-02-09,151.39607841415045,152.03468519218367,150.21008644318377,151.4416961669922,5507650,NTPC
2023-02-10,150.62063919638538,151.25924600366588,149.70833978010342,150.52940368652344,9468345,NTPC
2023-02-13,150.62066230431017,153.44878257631828,150.34696965331935,153.12948608398438,9829152,NTPC
2023-02-14,153.72246620254097,153.72246620254097,150.39257858597242,151.48733520507812,12916373,NTPC
2023-02-15,151.44170392630355,151.89785363692496,149.79956218394963,151.25924682617188,11855678,NTPC
2023-02-16,151.4417193538513,152.99262574383985,151.07680511641374,152.71893310546875,7923121,NTPC
2023-02-17,152.35400299183036,154.7715908842454,151.85223552720146,153.31192016601562,10182025,NTPC
2023-02-20,152.9926069905602,155.09089840009,152.58207504361795,153.17506408691406,6679716,NTPC
2023-02-21,154.2242079399228,158.9681617769844,154.2242079399228,158.0558624267578,26883881,NTPC
2023-02-22,157.78218900087316,158.01026386613043,153.72245918341048,155.54705810546875,12225021,NTPC
2023-02-23,155.95756311432652,156.59616984251716,154.17858225701593,154.72596740722656,11184381,NTPC
2023-02-24,155.3189493815104,156.18563089643916,154.54348944044776,156.003173828125,8338893,NTPC
2023-02-27,156.1400668145421,158.28397638569547,155.54707765856529,157.2804412841797,17669762,NTPC
2023-02-28,157.6453496499528,157.82780675804162,154.95406902403383,155.54705810546875,19044910,NTPC
2023-03-01,155.95754766777424,157.87338158317823,155.04524845483542,157.14353942871094,9318790,NTPC
2023-03-02,157.09796871714673,157.09796871714673,155.3189875034272,155.8207550048828,7725981,NTPC
2023-03-03,156.91549018106684,159.65238826562032,156.45934050030792,157.46287536621094,12962719,NTPC
2023-03-06,157.73656431127964,161.93314721581046,157.55410721120967,161.29454040527344,12402804,NTPC
2023-03-08,160.29099775559305,163.4384278221422,160.0629229113419,163.1647491455078,22099710,NTPC
2023-03-09,162.75419534355277,166.22093559103703,162.38928117879993,163.7121124267578,18874546,NTPC
2023-03-10,162.38927868095175,165.12617663624872,162.20682160138188,164.89810180664062,12399692,NTPC
2023-03-13,165.39987003180036,165.62794486253352,163.71211071614184,163.940185546875,13669178,NTPC
2023-03-14,162.98232041337525,165.12623007372767,161.65948875767558,162.298095703125,9217542,NTPC
2023-03-15,163.7121517834797,163.80338730689266,162.1612453295646,162.57177734375,8548173,NTPC
2023-03-16,162.57178648555583,164.21392855522552,161.4314119817001,163.84901428222656,9405016,NTPC
2023-03-17,165.76480351462854,165.76480351462854,160.4734640407333,161.43138122558594,47276890,NTPC
2023-03-20,161.97874875180818,161.97874875180818,159.6067649266558,160.56468200683594,5627841,NTPC
2023-03-21,161.34016244339946,161.97876927088905,159.9260955192966,161.5682373046875,12894327,NTPC
2023-03-22,162.20683254259643,162.20683254259643,158.55763502272063,159.0594024658203,7893205,NTPC
2023-03-23,158.7857081482713,160.42784979854994,158.46639780050637,159.2874755859375,5759884,NTPC
2023-03-24,159.83485622493473,159.83485622493473,157.23481122011762,157.55410766601562,4977283,NTPC
2023-03-27,157.50847571669485,158.6944676445729,155.72949478516938,156.23126220703125,12077986,NTPC
2023-03-28,156.32250778430662,157.82779622632404,155.54704772594363,156.91549682617188,8750986,NTPC
2023-03-29,157.50848727644654,160.0173106492984,156.64180562266912,158.74009704589844,20272070,NTPC
2023-03-31,159.46994446957606,161.7050753074807,159.287487366181,159.74363708496094,8125121,NTPC
2023-04-03,160.19979209966678,162.48054076896395,160.06293882715786,162.20684814453125,9098662,NTPC
2023-04-05,162.66300742802875,162.66300742802875,159.7892555836507,160.47348022460938,10829323,NTPC
2023-04-06,160.9296259990655,161.11209703527015,159.5155729125787,159.83486938476562,7159274,NTPC
2023-04-10,160.42785955021915,162.38929774690584,159.8348565712646,162.02438354492188,10968456,NTPC
2023-04-11,162.48052978515625,163.9858182368997,161.06646292166698,162.48052978515625,9208605,NTPC
2023-04-12,162.38931940333796,162.66301205161815,159.92611340998886,160.38226318359375,7591360,NTPC
2023-04-13,160.56469351702074,160.65592902475268,157.18918853970018,157.8734130859375,9944382,NTPC
2023-04-17,157.23479049129043,158.69446102421438,154.40665708283993,154.72596740722656,17401126,NTPC
2023-04-18,155.09090865054003,155.7751332475277,154.17860918788978,155.18214416503906,16199789,NTPC
2023-04-19,153.95054006614515,155.04529667805397,152.17155883172015,152.44525146484375,16314641,NTPC
2023-04-20,152.4452447315488,155.27336469401695,152.17155211051383,154.8172149658203,15498083,NTPC
2023-04-21,154.77159720888366,155.04528982991863,153.63122288839207,154.8172149658203,6672391,NTPC
2023-04-24,153.72243476722514,156.23125788657154,153.44874218827078,155.9575653076172,8088991,NTPC
2023-04-25,156.27689374575945,157.3260325126447,155.41021207912584,156.0944366455078,9175412,NTPC
2023-04-26,156.09446075716602,156.6418321424725,154.63477588850887,154.95408630371094,9032416,NTPC
2023-04-27,155.0908837414141,156.32249338641728,153.9961273461795,155.9575653076172,9054900,NTPC
2023-04-28,156.824261317923,157.37164652624796,154.72598383404033,156.91549682617188,21552892,NTPC
2023-05-02,157.50847390391695,160.5646822305151,157.41725232318126,160.19976806640625,8893428,NTPC
2023-05-03,160.19980853215154,162.98231105764097,159.74365875150258,160.884033203125,11194149,NTPC
2023-05-04,160.97525480690285,161.88755436820077,159.46996609899588,160.884033203125,4671155,NTPC
2023-05-05,160.8839890281436,160.9295928572175,157.8277807687242,158.96815490722656,5958697,NTPC
2023-05-08,159.46993985033913,161.9787632309576,159.19624724288207,161.52261352539062,6287186,NTPC
2023-05-09,161.65943841822047,162.9822696620011,159.83483975905187,160.56468200683594,7918748,NTPC
2023-05-10,160.56469635958308,161.79630613284766,159.6067791937755,161.52261352539062,6231734,NTPC
2023-05-11,162.02442421942965,164.21393782215654,161.43142109160797,163.80340576171875,12125975,NTPC
2023-05-12,163.39284757814522,163.5296869362174,159.1962642698462,159.60679626464844,8920297,NTPC
2023-05-15,158.74007738578044,161.248900447912,158.60323805971535,160.51905822753906,7980565,NTPC
2023-05-16,161.38576000637258,162.38929492526805,160.10854640103676,161.8875274658203,7874923,NTPC
2023-05-17,161.88751325061656,162.2524413348001,159.69800042784746,160.56468200683594,6639494,NTPC
2023-05-18,161.47700044809076,162.1156072702657,159.33309120159126,159.74363708496094,6921939,NTPC
2023-05-19,159.652392376452,159.97170272943848,157.78217585306822,158.1014862060547,6657753,NTPC
2023-05-22,158.10148704968526,161.52260976172153,157.96463378885346,158.83132934570312,13339834,NTPC
2023-05-23,159.6067648548777,160.2453716011829,157.64532686538678,158.87692260742188,8359389,NTPC
2023-05-24,158.74011451549134,159.92610666093114,158.23834700158386,159.60679626464844,8507023,NTPC
2023-05-25,159.6067905249608,160.15417577873617,158.19272355319544,159.19625854492188,7986243,NTPC
2023-05-26,159.65240828287295,161.70508210365273,158.83134432279513,159.19625854492188,6926193,NTPC
2023-05-29,159.6067843519711,162.2068433259658,159.46994500411233,160.83839416503906,9943211,NTPC
2023-05-30,161.47699750534338,162.38929692627752,160.19978388426935,161.29454040527344,9727639,NTPC
2023-05-31,161.4770093020243,161.4770093020243,156.86989410561782,158.603271484375,41785992,NTPC
2023-06-01,158.37519778611153,159.37871887753707,156.77867367101197,159.1050262451172,11602551,NTPC
2023-06-02,160.473493687708,160.473493687708,158.19274469316645,159.2418975830078,7262018,NTPC
2023-06-05,160.3822355243761,160.74714971209306,158.32956189715435,158.83132934570312,12239684,NTPC
2023-06-06,159.19625478490067,160.33662910284409,158.32957308738065,160.01731872558594,4889564,NTPC
2023-06-07,160.51906772465014,162.38928417482518,160.01730029842025,161.79629516601562,6270083,NTPC
2023-06-08,163.07350069722733,168.1823823712197,162.48051171747048,166.08409118652344,27382635,NTPC
2023-06-09,167.8630976125922,168.09117247347888,164.71566731647306,166.76834106445312,10235269,NTPC
2023-06-12,166.7683236640484,170.09821071732355,166.63147040944463,169.4139862060547,17450400,NTPC
2023-06-13,169.68770038736824,170.28068947102554,168.77540092292003,169.09471130371094,8332566,NTPC
2023-06-14,169.09470980244205,171.87721200783724,169.09470980244205,170.78245544433594,15061573,NTPC
2023-06-15,170.59998654741983,170.87367914952713,169.09469811670562,170.3262939453125,9840499,NTPC
2023-06-16,170.5087710490089,172.15091293377364,169.73332482605446,171.69476318359375,8562558,NTPC
2023-06-19,171.6947528888929,171.6947528888929,168.9578545519161,169.5508575439453,5363723,NTPC
2023-06-20,169.68771826171874,171.5123173828125,168.3648866830431,171.05616760253906,6035600,NTPC
2023-06-21,171.05616760253906,172.150924291078,170.1438680419922,171.05616760253906,5906854,NTPC
2023-06-22,171.05614266744473,171.4666746257297,167.27010561130578,168.31924438476562,6683123,NTPC
2023-06-23,168.36485581794744,171.05613624407067,167.63501351918927,170.3262939453125,15255365,NTPC
2023-06-26,170.96493782074813,170.96493782074813,168.27365681085539,168.68418884277344,7231775,NTPC
2023-06-27,168.68415421789888,170.5543707800664,168.59293262985668,169.73330688476562,6787438,NTPC
2023-06-28,169.73330738988253,173.88427247422098,169.04908283490093,172.5158233642578,32476741,NTPC
2023-06-30,171.6035134441566,174.84216500284953,171.51227794084832,172.56141662597656,9579059,NTPC
2023-07-03,173.33693560431985,175.70892029135103,172.15094326080427,174.47731018066406,7352149,NTPC
2023-07-04,174.34042722034903,177.7159323384447,172.42459284275128,177.03170776367188,13258826,NTPC
2023-07-05,176.9861059805776,177.67033061710046,175.4808173484617,176.438720703125,6558910,NTPC
2023-07-06,176.52994557711492,179.8598330391469,175.84572098185478,179.4949188232422,16276609,NTPC
2023-07-07,179.49493025561085,180.40722977406378,175.29834690249308,175.70889282226562,12652336,NTPC
2023-07-10,175.7544823398829,176.39310308722892,173.15443727651547,174.75096130371094,10238356,NTPC
2023-07-11,175.75445727479027,176.02814985310826,174.06671189623106,175.52638244628906,11236383,NTPC
2023-07-12,176.75799161070512,177.67029092224422,173.56494402031817,174.06671142578125,9191559,NTPC
2023-07-13,174.97904259940694,174.97904259940694,170.55438456451924,171.4210662841797,10612659,NTPC
2023-07-14,171.46667828797558,171.83160641914446,168.5473228415488,171.01052856445312,12369394,NTPC
2023-07-17,171.92284113671582,172.3789908950624,169.50525298571318,170.14385986328125,9058800,NTPC
2023-07-18,170.60000114023507,172.56143943537802,169.9613942944154,170.9193115234375,7177677,NTPC
2023-07-19,174.24921718966155,179.3581003299491,173.51937475239382,175.6632843017578,31761232,NTPC
2023-07-20,175.8001020973193,177.21416903590554,175.0246559133484,175.98255920410156,8936996,NTPC
2023-07-21,175.8913325543028,179.12999830877325,175.2527257386317,177.9896240234375,11031250,NTPC
2023-07-24,178.3545377022958,179.72298684067658,176.02817138293156,178.71945190429688,9981788,NTPC
2023-07-25,179.26684965046613,183.69150774187975,178.71946438864273,183.05288696289062,18028061,NTPC
2023-07-26,183.82832016026572,184.4213091731945,182.45987112681462,183.9195556640625,13857423,NTPC
2023-07-27,184.05643447541914,185.19680891454811,183.00729555965503,184.2388916015625,16013422,NTPC
2023-07-28,184.1476507447128,191.99341771323233,182.0037414550781,191.5828857421875,39630520,NTPC
2023-07-31,193.58992719806463,199.74794806224807,191.26356097636744,199.20057678222656,43494779,NTPC
2023-08-01,200.29533701022885,206.77265442879795,199.6567302112973,205.40420532226562,63510580,NTPC
2023-08-02,205.3129902453066,205.4042118362845,197.83213767647194,199.8848114013672,22647784,NTPC
2023-08-03,199.8848044801385,203.9901517877769,198.835651815836,200.79710388183594,29868065,NTPC
2023-08-04,202.2568013092009,202.7129510703496,198.51638162013344,198.83567810058594,12879897,NTPC
2023-08-07,200.43220226460625,201.93750482874844,198.56198545977955,198.83567810058594,12929354,NTPC
2023-08-08,200.97957239859744,201.0707939916003,195.23208305718936,198.4707489013672,15314866,NTPC
2023-08-09,199.2918225864004,200.4321969590859,197.46722359010363,199.5198974609375,12554174,NTPC
2023-08-10,199.9760345994962,201.48133702886784,197.51282889394273,198.33389282226562,10970619,NTPC
2023-08-11,198.79640518578793,200.27651440257756,196.71500953957175,197.03878784179688,7970536,NTPC
2023-08-14,197.31631008436588,197.9638525734485,195.92871298688843,197.03878784179688,9283695,NTPC
2023-08-16,196.9925280013299,201.6178515708158,196.1599754049694,201.1553192138672,9687712,NTPC
2023-08-17,203.00547013502796,203.3292484653192,199.02768862104585,199.58273315429688,11865239,NTPC
2023-08-18,199.62901062232615,200.4153073274754,197.316348344763,199.0277099609375,14101163,NTPC
2023-08-21,200.92408067151237,203.09798869432802,199.53648340980945,202.40419006347656,13336739,NTPC
2023-08-22,202.82044720434823,205.64189752558948,202.45042694909637,205.08685302734375,16930149,NTPC
2023-08-23,206.1969279084673,206.1969279084673,204.48556658371749,205.08685302734375,13507905,NTPC
2023-08-24,205.36437116725278,205.73439141510076,203.19046339388478,204.30055236816406,11182959,NTPC
2023-08-25,205.22562666277346,205.22562666277346,200.9240669754893,201.5716094970703,7413549,NTPC
2023-08-28,201.57162133638735,202.86672057098536,200.9240787767729,202.31167602539062,4851793,NTPC
2023-08-29,202.7742285266627,205.13314690604076,201.89541967189808,204.5318603515625,8799235,NTPC
2023-08-30,205.36438667766444,205.36438667766444,203.28299086674215,203.88427734375,5490930,NTPC
2023-08-31,205.0406075770788,205.0406075770788,202.35792529925894,203.79177856445312,18532999,NTPC
2023-09-01,201.52539975712864,214.29128444248437,199.9527780907736,213.4124755859375,29859815,NTPC
2023-09-04,216.18763784267284,218.77782206867374,213.22743334811543,218.13027954101562,21895573,NTPC
2023-09-05,219.14784033452773,219.14784033452773,214.33750631041056,217.02020263671875,13952922,NTPC
2023-09-06,217.85276090654713,218.17653923344744,211.28479516512795,214.52252197265625,14623019,NTPC
2023-09-07,215.5400860958085,220.16540983177006,212.1636054147037,216.5576629638672,30334731,NTPC
2023-09-08,218.3153156197158,225.34581448073604,217.39025072302206,222.24684143066406,28856420,NTPC
2023-09-11,225.34578739764038,225.62329554100018,220.30417302428802,224.8832550048828,22493483,NTPC
2023-09-12,225.90082360486264,226.59462221182804,216.5576775002831,217.4827423095703,21174310,NTPC
2023-09-13,218.40779789780927,220.58169163863244,215.67884553333175,219.3791046142578,9151928,NTPC
2023-09-14,220.11917114257812,221.2755021678232,218.269041502186,220.11917114257812,7568464,NTPC
2023-09-15,217.94527475931534,221.36801173131255,217.94527475931534,218.50030517578125,14098284,NTPC
2023-09-18,219.2403712896138,224.0044496609407,218.3615624978137,223.12564086914062,11163399,NTPC
2023-09-20,223.40316371661308,227.56595558710896,222.33934477363417,223.63442993164062,18936709,NTPC
2023-09-21,222.06181217447977,224.6982384340712,219.33287378702803,221.0442352294922,10134737,NTPC
2023-09-22,220.72047174492693,221.36801429599038,218.3152975662696,220.11917114257812,7209300,NTPC
2023-09-25,221.2292552904216,222.24683228104035,219.3791255732017,221.69178771972656,8027642,NTPC
2023-09-26,221.78428518766057,224.9757559157753,221.13674265252214,222.2005615234375,10681642,NTPC
2023-09-27,221.92304189043165,222.47808642162272,220.02667032549456,221.36801147460938,9679279,NTPC
2023-09-28,221.6455392367573,223.12563449769013,217.9915218606435,219.28662109375,32887087,NTPC
2023-09-29,221.59925467014503,232.6537751598351,221.55299861145332,227.14964294433594,35038887,NTPC
2023-10-03,226.03960364031292,228.2134975868321,222.52435435774308,223.12564086914062,14885044,NTPC
2023-10-04,222.9406266648238,222.9406266648238,214.15251067596145,217.52899169921875,25424437,NTPC
2023-10-05,219.4716153090053,219.6103693774897,214.66128135818292,216.32640075683594,22472389,NTPC
2023-10-06,216.69643026610407,219.70289087812046,216.14138573773818,217.89901733398438,8825123,NTPC
2023-10-09,216.32640482088544,218.59281071270638,213.2274321564128,217.11270141601562,10659145,NTPC
2023-10-10,217.29772872439514,219.10161648336828,216.23390978763052,218.22279357910156,11665907,NTPC
2023-10-11,218.5465670025454,221.73803785633413,218.3153007940771,220.81297302246094,14313043,NTPC
2023-10-12,221.04423625789238,224.55948540240445,220.72047203961287,223.49566650390625,13170027,NTPC
2023-10-13,222.52432914013778,225.53078958715696,221.64552044792885,223.91192626953125,11880728,NTPC
2023-10-16,224.65200081824042,226.64088456727498,222.94062522740109,225.20703125,6936948,NTPC
2023-10-17,226.5021362216781,228.67603016966075,225.06828286810767,227.5196990966797,10084205,NTPC
2023-10-18,227.47345488705702,228.30602177222016,223.4956870809686,223.86570739746094,6987265,NTPC
2023-10-19,222.20056684263196,223.68067620012476,220.62795947240141,221.5530242919922,11485237,NTPC
2023-10-20,221.04424229297396,224.00444697930104,219.7491571537588,222.9406280517578,9040953,NTPC
2023-10-23,222.755606823734,222.84810483457954,217.39022815679056,218.82408142089844,7058625,NTPC
2023-10-25,218.31530398328366,218.5928262605736,211.23856354692242,214.6613006591797,23949207,NTPC
2023-10-26,213.55121920240788,215.81762518684042,210.68351261615024,214.291259765625,17410264,NTPC
2023-10-27,214.61504217320237,220.5817075484783,214.61504217320237,218.87034606933594,10519462,NTPC
2023-10-30,219.65662878566965,220.53543750198662,213.36618547011565,217.02020263671875,8812268,NTPC
2023-10-31,216.9276924951543,219.42536459633186,216.04888377080624,218.13027954101562,6583581,NTPC
2023-11-01,218.96284713685048,218.96284713685048,214.70755729675378,215.1700897216797,6718059,NTPC
2023-11-02,216.65016963205218,218.03776680832325,216.23389330224452,217.62149047851562,6057787,NTPC
2023-11-03,217.90171511626585,219.72300818928477,217.90171511626585,218.88241577148438,6825146,NTPC
2023-11-06,219.81638733174117,221.54427470602798,219.06918624344198,220.28338623046875,5338605,NTPC
2023-11-07,220.70369994368107,223.73919302685235,219.67629658409095,223.36558532714844,7002346,NTPC
2023-11-08,224.01937205027576,225.00005831275516,220.37677217651293,221.0772705078125,9777991,NTPC
2023-11-09,221.54428311944696,223.87927770175918,220.4234885702723,222.24478149414062,13987058,NTPC
2023-11-10,222.1513827820256,227.19496520933237,220.2366844386622,226.72796630859375,9589671,NTPC
2023-11-13,228.78276274466603,234.0598589691222,227.24167204512503,229.48326110839844,18792969,NTPC
2023-11-15,232.51876717836763,232.51876717836763,229.71677356484642,230.97767639160156,10965645,NTPC
2023-11-16,232.37867119072206,237.468956694306,231.3045650971461,235.69436645507812,22145147,NTPC
2023-11-17,236.30144191914323,236.39484739922804,234.4334463308496,234.9938507080078,5618928,NTPC
2023-11-20,234.43346083128765,238.54304567905407,233.77966518528063,234.48016357421875,6283832,NTPC
2023-11-21,235.92783525389248,236.11463195189742,230.9776443725517,233.4994354248047,6851869,NTPC
2023-11-22,234.2466686980665,237.23545903239122,232.89237463660268,236.90855407714844,5275418,NTPC
2023-11-23,237.23545998894969,238.8232535243672,235.08726202847822,236.06796264648438,8200025,NTPC
2023-11-24,236.58163869592974,239.89733363963964,236.30143651376025,237.14202880859375,7149443,NTPC
2023-11-28,238.02935513708755,241.25163058189068,236.90854632815913,240.55113220214844,6151585,NTPC
2023-11-29,242.41913886065043,242.41913886065043,239.19686326991007,241.3450469970703,8637363,NTPC
2023-11-30,240.92474948506083,244.38052432299864,239.10344233158511,244.05361938476562,21687673,NTPC
2023-12-01,245.03438367711385,257.2697633114289,244.47397917032131,251.1987762451172,29121320,NTPC
2023-12-04,257.78337582621236,260.58536904171467,255.21488204533526,256.6625671386719,20464526,NTPC
2023-12-05,257.0362322637108,267.6370855758094,254.79461451164667,266.6097106933594,18883076,NTPC
2023-12-06,268.99139373917404,269.22489321290595,260.53872419142,262.54681396484375,13415314,NTPC
2023-12-07,263.24729432987186,269.2248747467353,262.73357842088524,265.0685729980469,25133786,NTPC
2023-12-08,267.5436731500781,272.6339439046945,262.45337389211176,266.2360534667969,20815064,NTPC
2023-12-11,267.17005768863254,269.4583636862686,265.628967028532,268.3375549316406,8071675,NTPC
2023-12-12,268.4776850842147,269.5517768778401,262.3132937641081,264.6949768066406,8640883,NTPC
2023-12-13,265.95592018207805,275.4359938136214,265.7224206911368,274.64208984375,23629670,NTPC
2023-12-14,278.09785470925806,278.7983530838406,274.22176940390517,275.9029541015625,24900443,NTPC
2023-12-15,278.33134787367703,286.7373281785867,275.5293544387071,284.9627380371094,28843558,NTPC
2023-12-18,285.80335407495204,286.3170415126342,281.8338630461333,283.18817138671875,13307504,NTPC
2023-12-19,284.86934849478314,291.87433247416305,282.5343538349898,289.2124328613281,15650536,NTPC
2023-12-20,291.8742973600474,292.6682011495366,275.66943066994776,278.0044250488281,23497233,NTPC
2023-12-21,276.2765209610372,283.141410072334,273.84814963206605,282.0206298828125,17868637,NTPC
2023-12-22,283.93529225016755,288.5585921272903,279.82570819458454,282.8144836425781,15207726,NTPC
2023-12-26,286.2236534307481,290.1931443056868,284.49575170216303,289.1657409667969,9917180,NTPC
2023-12-27,291.0337108289595,291.64080367878177,283.5150116785454,285.8500061035156,12630732,NTPC
2023-12-28,288.698737067715,294.6763175228165,287.4378342873115,293.1819152832031,37591916,NTPC
2023-12-29,293.6022692781985,293.6022692781985,287.8114704291682,290.61346435546875,12682889,NTPC
2024-01-01,291.40731168659204,292.6214974172792,287.4845095510092,289.3058166503906,8024960,NTPC
2024-01-02,290.2865230464224,290.2865230464224,282.11404178381645,285.8033447265625,13506040,NTPC
2024-01-03,286.92407940430655,287.6712660967262,283.2814658945614,285.9900817871094,14259987,NTPC
2024-01-04,290.3799473498021,300.5138304727876,288.23176353719697,296.1707458496094,40057506,NTPC
2024-01-05,301.58789382571854,304.156387860087,292.0611330547994,294.1626281738281,27456415,NTPC
2024-01-08,295.5636291503906,297.3382193534118,291.96773175013465,295.5636291503906,10136462,NTPC
2024-01-09,296.87119243503423,300.23359005718817,295.1899793722825,298.6457824707031,12229517,NTPC
2024-01-10,298.5523564289792,298.64576189881177,287.67128902215484,292.6681823730469,14455000,NTPC
2024-01-11,294.1626375204287,296.35750968958286,291.7342373828328,292.2479248046875,10316319,NTPC
2024-01-12,294.39611577116665,294.4894927477913,289.2591279093835,292.014404296875,12341629,NTPC
2024-01-15,294.11592423527617,297.0113233395715,289.16574691429116,296.3575134277344,9706124,NTPC
2024-01-16,296.3107948364454,296.3107948364454,289.67940491721345,290.9403076171875,10162832,NTPC
2024-01-17,289.3058084435324,293.36870443227133,286.8307200606661,288.885498046875,13502940,NTPC
2024-01-18,288.55866536808657,290.7535376514102,276.977068494558,279.5455627441406,32481018,NTPC
2024-01-19,283.74853154142625,289.025642124314,281.7871588859781,288.0916442871094,28651237,NTPC
2024-01-23,292.76162864939937,294.4895018170768,280.47953448984475,282.62774658203125,21652362,NTPC
2024-01-24,282.9546588870077,290.19314219453014,278.56485760884675,288.4652404785156,23922028,NTPC
2024-01-25,289.53934018814533,296.2641362648241,288.7921532922268,293.975830078125,32525422,NTPC
2024-01-29,296.8244822870547,304.2497760194921,295.28339165485545,303.12896728515625,24694773,NTPC
2024-01-30,300.60721932254825,302.56862054475357,293.7423292965062,294.629638671875,20918448,NTPC
2024-01-31,297.52496722674397,298.8792753444882,291.9676978028167,296.5442810058594,20931224,NTPC
2024-02-01,298.9260375361531,305.37064630249574,296.17076063921144,300.7473449707031,24020951,NTPC
2024-02-02,302.6152791647086,311.67506898548595,301.7746868676989,310.55426025390625,32346639,NTPC
2024-02-05,315.6912465581466,318.539928357997,311.0679461909403,313.9166564941406,19651482,NTPC
2024-02-06,316.88748036035946,316.88748036035946,310.28565785285195,315.18988037109375,12024661,NTPC
2024-02-07,318.67940596223247,318.67940596223247,310.8986863804681,311.88897705078125,8080437,NTPC
2024-02-08,314.9541321328193,316.18017349275766,309.342570934003,312.0776062011719,17754869,NTPC
2024-02-09,314.0110290489558,315.9444086939688,301.4204028267584,306.4189147949219,18304439,NTPC
2024-02-12,307.5977705725481,308.11650247279147,296.61045732157885,298.1665954589844,11714289,NTPC
2024-02-13,300.4300773446933,305.5229350265288,297.93082164922237,303.2594299316406,15426888,NTPC
2024-02-14,302.6463895222263,310.6157436341547,300.24145149310095,309.342529296875,14085723,NTPC
2024-02-15,312.171916739591,321.508774958249,311.3702610460115,319.95263671875,21973316,NTPC
2024-02-16,322.45186519031887,323.4421558272422,317.6419602183447,318.5379333496094,20307449,NTPC
2024-02-19,321.03721734675753,322.45189371178293,318.30218213070805,319.4810791015625,8496898,NTPC
2024-02-20,321.2258610738862,326.7902491706758,318.58511451865945,326.0357666015625,19340526,NTPC
2024-02-21,327.26175546440334,328.2520172751905,315.66142233092296,316.9817810058594,17751633,NTPC
2024-02-22,319.7168315571632,320.89572842868665,311.7946503368579,320.23553466796875,16083122,NTPC
2024-02-23,320.65994770945133,320.65994770945133,315.8028983754788,318.5379333496094,9665454,NTPC
2024-02-26,318.7736950775129,319.2452537980418,315.5199283931997,318.3964538574219,7711995,NTPC
2024-02-27,316.9817810058594,318.7736984062488,315.09554610404723,316.9817810058594,8882923,NTPC
2024-02-28,316.60453883628986,317.3590212820973,312.92635776341274,314.3410339355469,12977628,NTPC
2024-02-29,314.34106628342363,316.88749516797446,311.7946661805361,316.51025390625,13149469,NTPC
2024-03-01,316.51025362125716,324.76253213382597,315.9443773383484,323.96087646484375,13027254,NTPC
2024-03-04,328.20486423537403,337.91896221013644,326.08285002695567,333.72210693359375,38075510,NTPC
2024-03-05,334.71237696076054,339.4751373481601,333.4391626480236,337.871826171875,15918221,NTPC
2024-03-06,339.0036185177219,339.0036185177219,325.37555826052153,331.93023681640625,13120921,NTPC
2024-03-07,331.97741110087696,333.7693288703723,329.80825202964576,332.1660461425781,9172926,NTPC
2024-03-11,332.2131390952483,333.0619390882012,326.9788484873209,328.1577453613281,10664917,NTPC
2024-03-12,328.2049333048178,329.5724653729209,323.0649307389582,325.1398010253906,9637912,NTPC
2024-03-13,324.2909600055148,324.9039806277253,301.3260429914607,304.1553955078125,23722232,NTPC
2024-03-14,302.78787760778266,308.3522941724707,298.49670427229967,303.5423889160156,20859127,NTPC
2024-03-15,304.2968461281452,307.5034397718044,288.358166631579,298.30804443359375,43285007,NTPC
2024-03-18,299.0626273563515,304.53269848411355,297.03493006493983,299.1097717285156,13690352,NTPC
2024-03-19,296.4218050352715,299.8170336346599,292.460728987369,295.62017822265625,13388060,NTPC
2024-03-20,298.0251393237172,299.39267125416524,290.7631228338602,295.8088073730469,10026655,NTPC
2024-03-21,299.204023061899,307.78639795885636,298.96824368990383,306.51318359375,23370426,NTPC
2024-03-22,306.0416559068123,308.6352292619548,302.88220624512405,306.2774353027344,14709219,NTPC
2024-03-26,301.89188719976227,311.5116674650467,301.89188719976227,310.37994384765625,11208959,NTPC
2024-03-27,313.11500368723387,315.095556153636,307.73922253295115,312.7377624511719,45209520,NTPC
2024-03-28,313.0206999576888,320.6599576461804,311.5117061653743,316.6988525390625,19868037,NTPC
2024-04-01,319.71683235834865,324.80966109975986,317.02894172820714,322.87628173828125,8580656,NTPC
2024-04-02,323.48928972812627,325.9414008876454,321.36727543690677,325.1868896484375,9745257,NTPC
2024-04-03,324.7625145836233,333.95791014356547,322.54618271797153,331.27001953125,21679943,NTPC
2024-04-04,334.8067204243015,342.06873685884574,332.5903884905123,334.47662353515625,28962927,NTPC
2024-04-05,336.1270668094873,337.8246955560894,331.55294123849666,334.3822937011719,11208130,NTPC
2024-04-08,335.37258916712807,345.18100542280996,333.1562572830809,342.8232116699219,11447140,NTPC
2024-04-09,344.2378766627308,346.0297940999854,339.85238618212685,342.25732421875,10010148,NTPC
2024-04-10,343.38905955145583,347.3973086001493,340.7954866375954,341.88006591796875,12886638,NTPC
2024-04-12,341.8801287247052,353.19753988248857,340.46545232998227,341.17279052734375,30924494,NTPC
2024-04-15,335.278264546466,345.1809980984714,332.7318358347144,340.60687255859375,18126999,NTPC
2024-04-16,340.4653969315414,341.36137001507797,334.42945105252204,338.81494140625,15328939,NTPC
2024-04-18,339.097870589973,340.70118178160953,329.33662792273503,331.1756896972656,22966560,NTPC
2024-04-19,323.5836842968385,332.35466727681694,323.4893667717668,330.6098937988281,12867942,NTPC
2024-04-22,334.806685067399,334.806685067399,322.4518410733687,323.39495849609375,37382916,NTPC
2024-04-23,326.3186798261619,328.8179356349716,324.43244468265806,327.40325927734375,14651106,NTPC
2024-04-24,329.9024742662656,333.0619234970386,327.54468062862315,331.6472473144531,11132307,NTPC
2024-04-25,331.0342769653634,340.0882116643388,329.2423592851318,338.7678527832031,19865014,NTPC
2024-04-26,340.18248048417394,340.8426454394083,334.8066994313443,335.74981689453125,10986589,NTPC
2024-04-29,339.23934756113687,342.9646441019589,336.6457746555675,342.35162353515625,13652173,NTPC
2024-04-30,344.19080013660124,344.6623589646927,338.8621623538347,342.54034423828125,14566548,NTPC
2024-05-02,342.5403109082678,351.40561025743796,342.5403109082678,348.0575256347656,27892188,NTPC
2024-05-03,351.12265642850053,358.76191442851706,339.852418844163,344.1907653808594,26844664,NTPC
2024-05-06,346.8786266437853,347.8689173496087,334.240857111112,336.50433349609375,15319437,NTPC
2024-05-07,337.871833970562,338.060468977418,327.12030055797754,329.2894592285156,10028071,NTPC
2024-05-08,325.56418537965993,338.10763711273927,325.56418537965993,335.23114013671875,9595776,NTPC
2024-05-09,336.22140404498805,337.6360803593428,325.23409042649854,326.3658142089844,9043486,NTPC
2024-05-10,327.87481125408806,336.0799454705955,327.7804937425388,335.2782897949219,11699095,NTPC
2024-05-13,335.27825696009955,335.74981569000124,326.7901998218692,330.9399108886719,10691781,NTPC
2024-05-14,330.6098209760175,336.92871960228683,330.37404160610686,335.5611877441406,10891985,NTPC
2024-05-15,337.16452390509795,342.82322920140734,336.3628682317881,340.7955322265625,8538183,NTPC
2024-05-16,343.1533077843476,343.1533077843476,332.9676215256498,340.88983154296875,13114162,NTPC
2024-05-17,341.83297032475053,345.6525849210351,339.85241769711035,344.6623229980469,8509179,NTPC
2024-05-21,346.12416413009805,352.82030494180907,344.5680258242659,350.8397521972656,10939593,NTPC
2024-05-22,353.6690826041481,355.88541461146684,349.51937112459217,352.5845031738281,14001806,NTPC
2024-05-23,353.71622339269084,354.2349553109301,348.48193253573953,351.1226501464844,15370357,NTPC
2024-05-24,351.7828878068219,356.639938008143,347.72749337426256,353.6219787597656,13317821,NTPC
2024-05-27,358.3375102113439,358.8562133302996,347.0672444298298,348.6233825683594,21891930,NTPC
2024-05-28,351.4056006123417,352.01862125605305,343.38910153484284,344.6151428222656,10200096,NTPC
2024-05-29,340.93698664282624,345.5111124135923,339.5223103497025,343.86065673828125,18146672,NTPC
2024-05-30,343.29477366342434,344.04925615881086,336.83441296315107,339.2393798828125,14425073,NTPC
2024-05-31,342.77610853034224,345.7940676279864,335.2783119817962,338.5792236328125,30515612,NTPC
2024-06-03,363.1002102114405,370.8337846428936,352.20721541776123,369.5133972167969,39261174,NTPC
2024-06-04,369.60775722457834,369.60775722457834,296.09176243855705,312.4076843261719,84042244,NTPC
2024-06-05,320.6599708176778,322.78198533044184,297.3649555426692,321.60308837890625,46418629,NTPC
2024-06-06,328.01625603614235,339.286521709843,325.37553854036366,329.8553466796875,33171039,NTPC
2024-06-07,331.9773790783302,341.40855462032823,327.92198510793656,340.08819580078125,23930193,NTPC
2024-06-10,344.2378721896375,349.04777698204407,341.2198848112011,344.1435546875,16072588,NTPC
2024-06-11,347.7745570777151,350.79254440773155,344.1435491661309,346.5013427734375,11235777,NTPC
2024-06-12,348.529079199092,352.72596381057303,344.61514712169776,350.1795349121094,12134524,NTPC
2024-06-13,354.98940129939444,354.98940129939444,347.02007614113006,348.90631103515625,11243702,NTPC
2024-06-14,348.95348937372086,349.7551450380742,345.2753367285467,347.4916687011719,10298434,NTPC
2024-06-18,350.6510794629077,351.0754938559896,347.7274382009211,348.6233825683594,10228382,NTPC
2024-06-19,348.76481159482535,349.8022465167015,340.984092853244,341.88006591796875,8337334,NTPC
2024-06-20,341.88006395337675,344.14353999977067,336.7400625136898,337.3059387207031,14338604,NTPC
2024-06-21,339.47520038577716,342.30455325872987,336.45721247529457,339.3337097167969,17931844,NTPC
2024-06-24,337.2588258453874,343.90779274890775,335.3254176894142,342.1158752441406,9335598,NTPC
2024-06-25,343.5305377267369,343.95495210001087,337.40027418459886,340.3239440917969,14983828,NTPC
2024-06-26,342.3516851505414,346.0298379949994,339.19223546788805,344.2850646972656,15918394,NTPC
2024-06-27,344.28501972223717,359.4220723324751,343.3890753978269,355.6967468261719,55378829,NTPC
2024-06-28,356.4513109597523,367.3443078043129,355.2724139513944,356.82855224609375,25141039,NTPC
2024-07-01,360.03512294684174,360.2709023331854,346.8786216761975,348.71771240234375,23389211,NTPC
2024-07-02,351.40561972198105,351.40561972198105,344.3793821651818,349.33074951171875,13702830,NTPC
2024-07-03,349.47217577837915,352.9617220177389,347.68025829667886,351.4527282714844,9207317,NTPC
2024-07-04,352.6316316223521,359.1863098367604,350.6039347299438,351.7356872558594,14916930,NTPC
2024-07-05,353.0560713863232,359.5635769238248,349.89662174095474,358.196044921875,15946104,NTPC
2024-07-08,359.186299499473,359.56354073670053,354.7536358124806,355.9797058105469,8898299,NTPC
2024-07-09,357.6302038838944,358.6204658469399,353.71624283551233,355.60247802734375,8355819,NTPC
2024-07-10,357.2529057766154,361.96849338603045,348.9534830967101,359.70501708984375,17715196,NTPC
2024-07-11,360.648108154593,361.4969081056872,353.29180353622894,355.64959716796875,19873143,NTPC
2024-07-12,357.3943755353077,357.8187611263459,350.8396976287724,355.6967468261719,16151583,NTPC
2024-07-15,357.0643199567442,366.82559262267625,355.4610085652071,363.7132873535156,22951140,NTPC
2024-07-16,364.6563935497805,366.63694615350187,358.38466762271565,358.80908203125,11893034,NTPC
2024-07-18,361.11965269400366,361.11965269400366,352.9145484468909,356.2626037597656,15709153,NTPC
2024-07-19,356.2626519696329,356.49843135545,342.2573506957647,343.9078063964844,13330099,NTPC
2024-07-22,344.0021162122448,355.79108523939504,341.7386399153645,352.25439453125,18715538,NTPC
2024-07-23,355.2723566191035,363.713240567794,340.9841041582493,360.6952819824219,49882257,NTPC
2024-07-24,362.25144541100974,372.5314206289964,359.9879691179509,370.2679443359375,36868466,NTPC
2024-07-25,368.71181260155487,373.7574683991571,364.2791486650048,369.8435363769531,25973101,NTPC
2024-07-26,372.4842303011427,376.7754029775855,367.53286392909683,373.7574157714844,20381410,NTPC
2024-07-29,381.0194808137866,385.0748746662187,370.31509112865086,371.4939880371094,27751449,NTPC
2024-07-30,374.41763591251794,389.22459171693686,374.41763591251794,383.8016662597656,34447139,NTPC
2024-07-31,386.2065896987915,393.6572116802384,385.3106166227237,392.33685302734375,29727771,NTPC
2024-08-01,396.0150139076682,400.2118980983625,391.959620360663,399.36309814453125,28803487,NTPC
2024-08-02,392.5727097456287,402.05103032411813,389.8376744010313,395.82647705078125,24233263,NTPC
2024-08-05,384.4618527615906,392.0067929508299,381.6325001906259,389.7433166503906,42489503,NTPC
2024-08-06,389.74334304993414,400.7778303367905,389.74334304993414,391.393798828125,18230579,NTPC
2024-08-07,400.1864933432385,400.1864933432385,394.4831228917909,395.7188415527344,15556736,NTPC
2024-08-08,395.766359031384,396.38421831812144,385.7379159587989,387.54400634765625,16447385,NTPC
2024-08-09,393.3424079941819,395.7663576613858,388.01928584178745,390.34814453125,10954753,NTPC
2024-08-12,389.7302873463853,389.7302873463853,380.3197325512528,381.03265380859375,26254763,NTPC
2024-08-13,383.07638768322295,384.5022303172796,375.4718936349207,376.6125793457031,11355664,NTPC
2024-08-14,379.17901691505983,380.2246404781423,374.1885685087842,376.7550964355469,9424614,NTPC
2024-08-16,378.3710632324219,381.12771529773863,373.8558952749522,378.3710632324219,13844122,NTPC
2024-08-19,382.4109504905436,387.35388280720224,381.6029962733553,383.1714172363281,10677045,NTPC
2024-08-20,384.54971348285216,388.01928679884855,383.1714164613233,386.1656799316406,10126083,NTPC
2024-08-21,387.35391263025474,389.44516008112066,385.16763221158413,388.73223876953125,9726854,NTPC
2024-08-22,389.5401320133127,389.77777241327414,382.3634035380113,383.4090270996094,10445288,NTPC
2024-08-23,383.4090581336238,385.8329788058934,379.7969063565307,382.0782775878906,11513586,NTPC
2024-08-26,382.55355621448194,395.38613877690653,382.0782753788366,394.34051513671875,13772637,NTPC
2024-08-27,394.95837458899234,395.6237793627144,388.87478569191666,389.3975830078125,8441188,NTPC
2024-08-28,389.7778016614085,393.9127507327839,387.21130255454244,388.8272399902344,15884745,NTPC
2024-08-29,388.8272706203347,392.20178222413597,383.78930496977915,389.63525390625,19014705,NTPC
2024-08-30,392.29681344649856,398.4754643114834,391.15612783711913,395.623779296875,22633988,NTPC
2024-09-02,397.14462398680877,398.3803714693433,387.54397505538583,389.7302551269531,11107165,NTPC
2024-09-03,390.2055975426741,391.2036757745082,385.54785077937777,386.30828857421875,7538160,NTPC
2024-09-04,380.22466993970386,388.06680375721027,380.12960797045093,385.0725402832031,11052003,NTPC
2024-09-05,385.3102420331761,388.20944399940703,381.9832756416381,383.3140563964844,14246871,NTPC
2024-09-06,383.3140272220206,384.64480787557966,373.2856123229109,375.2817687988281,17956121,NTPC
2024-09-09,371.8597411215917,373.33310012325234,366.25140399796385,370.57647705078125,12293356,NTPC
2024-09-10,370.8140855408211,379.65429680725055,370.4813831794312,376.7075500488281,15852309,NTPC
2024-09-11,379.2741100423236,379.5592669425787,368.3426507303268,370.3863525390625,11492592,NTPC
2024-09-12,371.6696149026185,386.1656804454956,371.3369125146205,384.83489990234375,24028069,NTPC
2024-09-13,384.8348690409721,387.16372755251774,379.60678024804724,381.555419921875,12017217,NTPC
2024-09-16,382.55355675726526,391.6314091274356,382.1257924010415,390.7759094238281,11479712,NTPC
2024-09-17,391.4888592065494,397.0021057060785,389.82537615821053,395.7188415527344,14432501,NTPC
2024-09-18,397.81005892991215,398.9982610175164,392.5819697444533,393.67510986328125,10303840,NTPC
2024-09-19,403.0381781045975,410.5000935717459,399.7587284952567,402.99066162109375,59601773,NTPC
2024-09-20,406.8879415513522,408.5989700901204,395.9564815320058,402.99066162109375,36084164,NTPC
2024-09-23,406.3651124847207,409.2167974846135,403.98870831814344,407.173095703125,14139629,NTPC
2024-09-24,410.1198427075273,410.1198427075273,405.8898316871116,406.9354553222656,12539885,NTPC
2024-09-25,406.9354541970759,415.3954472056752,404.60656651652874,414.5399475097656,19443168,NTPC
2024-09-26,416.2984618498771,416.2984618498771,409.2642828446041,413.11407470703125,20041825,NTPC
2024-09-27,414.4448848270497,420.62353563295756,412.0684806709313,415.3003845214844,53885913,NTPC
2024-09-30,415.3004146343217,426.27942003696455,412.1635725243334,421.2889709472656,20903229,NTPC
2024-10-01,423.9505325390118,425.6140155702748,417.10647646399326,418.34222412109375,15984996,NTPC
2024-10-03,410.6426692726652,420.6235674841536,410.6426692726652,413.8270568847656,13563784,NTPC
2024-10-04,411.4981396838071,417.62927403712814,405.224426882259,409.1692810058594,18347292,NTPC
2024-10-07,409.3118616803518,411.59320389091215,388.8272402476825,394.9108581542969,23431004,NTPC
2024-10-08,393.53253132410543,406.55523780479183,390.966003211934,400.1389465332031,18706355,NTPC
2024-10-09,403.46591274904824,403.75106964673415,396.38421669850067,397.7625427246094,13916492,NTPC
2024-10-10,399.9013058607012,408.6464558125779,399.71118192331346,401.80242919921875,15866037,NTPC
2024-10-11,402.9906307094901,405.55712980751457,398.85568165235975,401.6123046875,8639087,NTPC
2024-10-14,403.60848970286486,404.93927023520314,399.23590023189047,403.513427734375,8483177,NTPC
2024-10-15,405.5571295169343,406.07995583920837,402.6103825467895,405.5096130371094,9365964,NTPC
2024-10-16,404.27386550064836,408.17117413836075,400.4241023516051,403.2757873535156,6219440,NTPC
2024-10-17,402.7054454997017,404.5590523588446,396.00399733296655,397.0971374511719,11968387,NTPC
2024-10-18,397.04962053042465,404.8917542954398,393.9602951078429,403.9411926269531,8828971,NTPC
2024-10-21,404.9867560499863,407.553283960679,398.3803703683461,403.9886779785156,9139781,NTPC
2024-10-22,401.94497702605867,405.224397129858,393.00970381751915,395.19598388671875,14242323,NTPC
2024-10-23,393.53253197843156,394.2454532320157,381.8406350231881,388.11431884765625,22522821,NTPC
2024-10-24,389.017363809471,394.72073383477783,386.688476112268,391.5363464355469,9400171,NTPC
2024-10-25,382.6010436721162,387.3538516680431,372.2399280427631,379.17901611328125,19642277,NTPC
2024-10-28,379.179076018814,386.40335111573523,378.1334522927471,383.931884765625,11716022,NTPC
2024-10-29,388.77969307083254,393.8176579300735,384.45464940915423,391.7739562988281,20284308,NTPC
2024-10-30,393.67508006954256,394.29293930656854,385.7378849232731,388.3044128417969,12264297,NTPC
2024-10-31,391.1736762388107,392.7517549142615,385.9133945289978,390.3607177734375,12204072,NTPC
2024-11-01,394.0429284796623,397.34257147322825,392.46484977348683,393.4212646484375,2145479,NTPC
2024-11-04,395.8123256490677,396.2426948562084,376.5405705968591,383.4745788574219,13866505,NTPC
2024-11-05,382.56596123442426,386.48726817457043,379.8401729231357,385.5308532714844,6665326,NTPC
2024-11-06,388.9739686048246,392.89524651723633,385.5786780480831,391.07806396484375,9700643,NTPC
2024-11-07,392.9908688773398,392.9908688773398,384.4787822715085,386.2003173828125,7589295,NTPC
2024-11-08,385.57864105152134,386.58289415679076,378.30988235192615,380.318359375,7536509,NTPC
2024-11-11,380.7965723881851,383.4267132650421,374.72333216231317,375.4406433105469,12243693,NTPC
2024-11-12,376.0145162971804,377.5925950623125,362.5290602190692,363.7245788574219,10549517,NTPC
2024-11-13,367.26331439859086,370.7064138085708,362.8159910382886,364.72882080078125,20602407,NTPC
2024-11-14,363.48544670313396,368.41100645791363,355.1646551434126,356.2645263671875,15086601,NTPC
2024-11-18,363.4376207241895,363.4376207241895,346.8438182562635,350.7173156738281,16383636,NTPC
2024-11-19,351.9606432276362,362.00299853712033,349.1392079180815,350.7173156738281,17055094,NTPC
2024-11-21,347.8481480461919,348.469811960255,339.3360311748973,340.627197265625,21276150,NTPC
2024-11-22,341.4879119448087,351.0998987399622,340.1967752418841,349.5218200683594,15949254,NTPC
2024-11-25,357.6992222573548,360.75976203721876,351.4825245443259,352.3432922363281,18388844,NTPC
2024-11-26,353.8735216188755,354.25608175069976,344.54847611675643,345.887451171875,11222231,NTPC
2024-11-27,347.94375813602824,355.40381249437525,345.60055894692357,353.20404052734375,14225274,NTPC
2024-11-28,353.5866172182708,355.64290351471845,343.92682042598375,346.27001953125,16837860,NTPC
2024-11-29,347.4177328237811,349.47401914202356,344.5006788824916,347.80029296875,14280017,NTPC
2024-12-02,347.80027329354465,348.03937701905755,341.4401200323953,342.58782958984375,12510350,NTPC
2024-12-03,343.35297421175454,353.8735388811955,342.5878539107826,351.4346923828125,14205760,NTPC
2024-12-04,352.8693272879036,358.7990827983249,351.9607213594064,356.5036926269531,22035954,NTPC
2024-12-05,356.5036770933476,357.6513867227602,348.51760632297817,353.0605773925781,18758283,NTPC
2024-12-06,353.3474851209766,355.0212111421716,352.00848095404825,353.3952941894531,9736086,NTPC
2024-12-09,354.73429603527165,357.02968605783377,351.72159480644217,353.7300720214844,10878679,NTPC
2024-12-10,352.91712098576863,355.0212455772023,350.4304362470202,353.0605773925781,7913822,NTPC
2024-12-11,353.15619693865693,354.5908192688072,348.8045208788542,349.56964111328125,9998662,NTPC
2024-12-12,350.0478755226114,351.0042904830557,337.61448103683557,340.1011657714844,22538216,NTPC
2024-12-13,340.2445821791867,342.68342836662356,332.88017617453175,341.58355712890625,14269143,NTPC
2024-12-16,341.583561990009,343.2572879978436,336.3711185066604,337.518798828125,12168143,NTPC
2024-12-17,336.65804451431103,338.42741791530284,332.1150737431662,333.83660888671875,15646176,NTPC
2024-12-18,334.31482202899264,335.70163533141687,325.1810712612015,326.85479736328125,14672392,NTPC
2024-12-19,322.3118063503156,325.7549056681087,320.4467857068336,322.6943664550781,14513129,NTPC
2024-12-20,323.07695709113017,328.91109409935586,316.57334713317,318.72528076171875,20375797,NTPC
2024-12-23,321.2597520816882,323.50733288527266,316.09511757156724,319.1078186035156,8884187,NTPC
2024-12-24,320.4946171137976,322.16834307540165,317.29062157837683,320.6858825683594,7755462,NTPC
2024-12-26,320.68590334762325,322.694380469183,317.7688495862276,320.0642395019531,9030212,NTPC
2024-12-27,321.9770655408446,325.1810612465019,319.63386658257735,320.39898681640625,9090597,NTPC
2024-12-30,320.3990325356618,322.12056790116384,313.13027252720946,316.9559326171875,36657549,NTPC
2024-12-31,315.71260454814814,320.01647214644544,311.98259180045113,318.8209533691406,8580998,NTPC
2025-01-01,318.4861547695367,320.06423348270346,314.4692006019617,319.1078186035156,7843971,NTPC
2025-01-02,319.107808563084,323.84207374109064,315.6169002013799,323.2682189941406,16543382,NTPC
2025-01-03,323.3160637429851,329.48495187543693,322.35964878833937,325.0376281738281,8689629,NTPC
2025-01-06,326.80699486096626,326.80699486096626,312.2216671068363,313.22589111328125,10538077,NTPC
2025-01-07,312.7476843650352,315.9516802411307,310.93050182242604,314.2779541015625,13891401,NTPC
2025-01-08,316.0951291262153,316.0951291262153,307.8221459563206,311.2174072265625,8993608,NTPC
2025-01-09,309.92626061553796,311.74347241591255,305.8614969764862,306.3875427246094,12403467,NTPC
2025-01-10,306.38753772130883,307.0092016066948,294.1932470032859,294.8149108886719,15941143,NTPC
2025-01-13,287.97647770677463,296.4407538067814,283.91171515132976,285.202880859375,29630336,NTPC
2025-01-14,287.3548448227785,299.07092638729995,287.11574111738014,296.87115478515625,22732888,NTPC
2025-01-15,298.92746449618426,310.1653395402132,298.92746449618426,307.34393310546875,21894626,NTPC
2025-01-16,310.54792907295,313.03458445791597,307.6308461214071,311.31304931640625,14865186,NTPC
2025-01-17,311.12176437417355,314.6605112824279,309.2567727772292,311.9347229003906,7129232,NTPC
2025-01-20,311.9825945782784,322.3118652311735,310.40448642820877,321.40325927734375,17991880,NTPC
2025-01-21,323.07691376030164,323.5073121032738,309.6871063118291,310.1653137207031,12774630,NTPC
2025-01-22,312.7476587176767,312.7476587176767,303.51826117099364,308.34814453125,11068145,NTPC
2025-01-23,307.0091770550428,310.9304839078808,305.6223638014589,309.5436706542969,6477347,NTPC
2025-01-24,310.6435419308638,315.5212636654932,308.06123926250655,309.5436706542969,7492600,NTPC
2025-01-27,309.5436749545241,310.8826499701401,301.270691949592,308.1568908691406,13803855,NTPC
2025-01-28,308.4438223887501,309.7349884129873,294.71926197364854,304.3790588378906,22008929,NTPC
2025-01-29,306.05277237354085,308.8263697856827,299.6447807769831,307.248291015625,16056888,NTPC
2025-01-30,308.2047163783212,312.55639270805517,307.15265410012586,308.9220275878906,10375720,NTPC
2025-01-31,310.80156796003035,314.46428192986383,306.07855597901283,312.2955627441406,13195557,NTPC
2025-02-01,314.2715410781492,318.8499489174682,305.3075122324861,306.22320556640625,10097627,NTPC
2025-02-03,298.8977139222155,302.7050034216489,293.0180691516064,300.00616455078125,15881217,NTPC
2025-02-04,303.47613146376784,308.87383880225735,299.090481382122,307.5726013183594,12141064,NTPC
2025-02-05,309.40398502652573,311.3799177131309,306.89790325231695,308.0545654296875,12226722,NTPC
2025-02-06,310.94617872687024,311.042572140228,300.15076356387993,301.50018310546875,13384442,NTPC
2025-02-07,302.17492343886636,307.7172067236302,300.82550382647383,305.50030517578125,8937447,NTPC
2025-02-10,305.0664845342221,305.4038467192617,297.8374209196671,299.2832336425781,6806132,NTPC
2025-02-11,301.06642993195703,301.06642993195703,293.1626413860039,294.5602722167969,13241830,NTPC
2025-02-12,295.1386160988041,296.3916421695631,289.1625777264031,295.1867980957031,7616083,NTPC
2025-02-13,295.09042587153056,297.45193219188593,292.1506178863165,295.6205749511719,9086906,NTPC
2025-02-14,295.76512812759324,297.1145476026962,287.57218845322853,289.49993896484375,7446248,NTPC
2025-02-17,286.7529027530418,292.24700374831565,282.22267706113945,291.4277038574219,6464173,NTPC
2025-02-18,290.27104331165907,301.114640533775,286.7529043181783,299.9580078125,15793327,NTPC
2025-02-19,299.9579901063294,304.92194176974266,299.3796590722601,303.42791748046875,13079903,NTPC
2025-02-20,301.2592178844723,315.3318033640376,300.24716056995555,313.404052734375,22888146,NTPC
2025-02-21,311.62085073319656,317.837857745525,309.93406907723096,314.46429443359375,10809296,NTPC
2025-02-24,310.4642189752304,313.64499548363744,307.90995548634135,308.5364685058594,6034113,NTPC
2025-02-25,308.5364923035202,309.88591185313413,304.34362882621184,307.18707275390625,10686112,NTPC
2025-02-27,303.95807843946125,307.7653681840605,303.1387785603244,304.2954406738281,7302366,NTPC
2025-02-28,302.65681409626916,304.2472023000534,295.475932059459,300.1989440917969,21127180,NTPC
2025-03-03,300.0543393815916,306.3195282105659,296.5844121776538,303.0423583984375,9779703,NTPC
2025-03-04,300.05438716167,303.5243443332939,296.8736102465139,302.4158935546875,8734999,NTPC
2025-03-05,302.22309149917504,315.4763770035505,302.1749094997606,314.4161376953125,10493615,NTPC
2025-03-06,317.1149371129251,326.56090219704276,311.5244727839797,325.69342041015625,26294903,NTPC
2025-03-07,323.71754346210963,326.51277610514757,316.825840565354,317.6451110839844,8992315,NTPC
2025-03-10,317.54873021304286,322.8500443774333,314.5124994776892,317.5005187988281,11383132,NTPC
2025-03-11,315.1872044215842,321.2114246895809,312.0064278861372,318.36798095703125,10299324,NTPC
2025-03-12,319.04268846788625,322.70540243046605,314.60885670282795,318.223388671875,6984859,NTPC
2025-03-13,320.0065801747548,322.46445027449965,316.58483483351966,319.9101867675781,8965150,NTPC
2025-03-17,320.9222754416158,322.41627030928066,318.56076931903516,319.6692199707031,4353561,NTPC
2025-03-18,319.6692199707031,319.6692199707031,319.6692199707031,319.6692199707031,0,NTPC
2025-03-19,326.7537405717848,331.4767238592632,324.19947680137574,328.97064208984375,30582397,NTPC
2025-03-20,332.2478015879448,332.2478015879448,328.00672706884234,329.40435791015625,15002119,NTPC
2025-03-21,329.64534663817545,341.06727461963135,329.40437781753354,338.609375,36406837,NTPC
2025-03-24,344.10346036640385,354.70608799674125,340.874472432319,353.69403076171875,24588471,NTPC
2025-03-25,355.66996323586284,358.0314693377659,350.9951624430956,353.69403076171875,23189083,NTPC
2025-03-26,353.694063079818,355.66999573450903,340.53714133151027,341.83837890625,18668095,NTPC
2025-03-27,341.1154843795667,351.28438708734166,338.3202517156566,347.62164306640625,37930538,NTPC
2025-03-28,348.92283840439154,351.13973970002166,343.57334256507556,344.6817932128906,11327077,NTPC
2025-04-01,339.62143671073017,349.79030842766747,338.17562389324314,339.42864990234375,18736320,NTPC
2025-04-02,339.4286655573083,340.6817210393388,334.51289586810225,339.0431213378906,13593404,NTPC
2025-04-03,339.043112435892,348.29632053465394,339.043112435892,345.934814453125,10317410,NTPC
2025-04-04,345.886639967418,345.886639967418,335.958707225485,337.74188232421875,10872963,NTPC
2025-04-07,316.1511040680858,338.7057806094273,312.2956027989628,337.16357421875,18025165,NTPC
2025-04-08,343.95890636745287,345.30832590316726,337.3563546855786,340.1997985839844,17506712,NTPC
2025-04-09,341.21184195572465,341.9829303974788,335.62137721516086,336.7298278808594,7462119,NTPC
2025-04-11,338.3202208316663,348.4409111984255,338.3202208316663,347.09149169921875,11246077,NTPC
2025-04-15,353.7422238685345,355.13985477521504,348.48909188426774,349.40478515625,17497327,NTPC
2025-04-16,349.4047861722496,349.88672380834925,344.970954037105,346.32037353515625,11541484,NTPC
2025-04-17,346.27217856606285,352.2482167958886,344.3444280938788,350.8505859375,12288196,NTPC
2025-04-21,352.58558145868125,354.8989057664617,348.7300801659012,351.3807373046875,7375594,NTPC
2025-04-22,353.79039329983743,353.79039329983743,346.70593385351333,347.2360534667969,12077119,NTPC
2025-04-23,349.83853596092564,351.09156202777655,344.97094826862974,350.6578063964844,9719205,NTPC
2025-04-24,350.6096179059867,353.21209281526154,348.5372920268208,350.0794982910156,7491123,NTPC
2025-04-25,350.0795225670266,352.5855748280934,338.4166254926667,343.5733642578125,9785640,NTPC
2025-04-28,340.92270245913153,349.79033749417647,340.92270245913153,348.44091796875,5315840,NTPC
2025-04-29,350.85057578575817,351.18793799165644,341.3082171075795,344.0552673339844,9472828,NTPC
2025-04-30,344.1034493859214,347.9589502193771,339.2840733441018,341.741943359375,16739088,NTPC
2025-05-02,341.74194852398716,345.0673298091527,335.04303337370203,336.1033020019531,8221620,NTPC
2025-05-05,338.3202222723164,339.2840975494455,333.06709024590714,336.0069274902344,9492646,NTPC
2025-05-06,336.3924586579658,336.8743962778196,327.717581500597,329.4525451660156,8904223,NTPC
2025-05-07,325.78985918820473,331.2839602956005,324.8259838651627,329.69354248046875,8465490,NTPC
2025-05-08,328.7296475949423,330.7056095386746,326.1753840239116,327.71759033203125,14286109,NTPC
2025-05-09,322.1271069630302,326.5127274026792,318.65715032384145,322.6572265625,11322011,NTPC
2025-05-12,328.1031024359485,336.5852215926886,325.8862013079557,335.95867919921875,7978210,NTPC
2025-05-13,336.0069111307284,337.16354375788575,328.19951588308135,329.16339111328125,14738980,NTPC
2025-05-14,330.07908320594566,331.4285026405291,325.5488578736256,326.3199462890625,22485535,NTPC
2025-05-15,327.2356617365541,331.3321317288379,320.633110101257,329.59716796875,43307763,NTPC
2025-05-16,330.609234026592,335.0430663717843,329.6453587087302,330.70562744140625,6920351,NTPC
2025-05-19,330.7056165020665,335.139448700593,330.0308920358262,332.6815490722656,6218209,NTPC
2025-05-20,334.36831509882245,337.0671834217282,329.21157667831176,330.2236633300781,9986143,NTPC
2025-05-21,330.1754896316336,334.85029096577495,327.57304383370695,333.64544677734375,5930972,NTPC
2025-05-22,333.6454242078947,334.4647240836346,326.03081533512795,329.0670166015625,8717514,NTPC
2025-05-23,329.64534660520286,332.4887904545491,327.862171449603,332.15142822265625,4045937,NTPC
2025-05-26,338.32022054747205,338.5130073679706,330.17546273119956,331.0911560058594,16655082,NTPC
2025-05-27,331.5730780415313,332.05501565496377,324.6331646420489,326.3199462890625,24937330,NTPC
2025-05-28,326.36814569186095,328.3922894768332,324.92233290475747,327.7657470703125,10985957,NTPC
2025-05-29,328.68145269604605,329.88629673085563,325.8380090078405,327.091064453125,15884093,NTPC
2025-05-30,325.3079085679085,328.44050324300684,320.82589437733407,321.83795166015625,19143010,NTPC
2025-06-02,321.83795015770926,322.7054320268128,318.36799326615596,320.5367126464844,29479727,NTPC
2025-06-03,320.9704668868705,322.65724861975946,315.1872152312512,316.3920593261719,14081719,NTPC
2025-06-04,317.1149577008293,318.0306509556864,313.1148812906702,317.3559265136719,15654279,NTPC
2025-06-05,317.307767483912,319.62106237160947,315.7655610870669,316.7776184082031,16270360,NTPC
2025-06-06,317.74148451257656,321.45241027433366,317.1631534536428,320.8258972167969,11402511,NTPC
2025-06-09,321.8379506143509,325.35608950884756,320.7294999236381,324.92236328125,19416373,NTPC
2025-06-10,326.5609290462194,328.5850729921332,324.63317851013755,326.9465026855469,12061248,NTPC
2025-06-11,328.6814628326865,330.22366912783235,325.2597174343547,325.88623046875,10807496,NTPC
2025-06-12,325.9343991915783,329.3079624556952,320.6330854908232,321.6451721191406,11881618,NTPC
2025-06-13,314.99442341652326,320.87406838955627,314.8016660134751,319.9584045410156,11711773,NTPC
2025-06-16,320.00657248194324,322.5608359274614,318.65715305932395,321.6451721191406,8065112,NTPC
2025-06-17,321.93434132380366,324.7295737337071,321.06685946074936,323.09100341796875,6796992,NTPC
2025-06-18,323.0910194273088,323.76571450305414,318.80176248197887,320.39215087890625,17835507,NTPC
2025-06-19,320.3921268782895,321.1150333150253,316.6812012866846,318.12701416015625,11610604,NTPC
2025-06-20,318.0788402301054,323.8620918706528,317.78968941413365,323.09100341796875,16592862,NTPC
2025-06-23,321.6451685136371,323.572918928666,318.4161806854362,320.58489990234375,8277787,NTPC
2025-06-24,319.04269686033837,319.71742127836376,309.74130689834385,318.0306396484375,100814893,NTPC
2025-06-25,319.5246147761157,321.64515188910036,317.5004710619277,318.8981018066406,17963666,NTPC
2025-06-26,320.3921428758439,325.59706359720195,319.3318741659966,324.9705505371094,13754087,NTPC
2025-06-27,326.70552192562155,328.9706051906053,322.3680833779949,326.0789794921875,50845169,NTPC
2025-06-30,323.62108810704717,325.06690086106227,321.5969443683989,322.8017883300781,11858890,NTPC
2025-07-01,323.13916331922974,323.13916331922974,320.1511442929075,320.58489990234375,8903292,NTPC
2025-07-02,320.6330907344818,323.524716436729,319.33185328544306,321.693359375,11326880,NTPC
2025-07-03,322.5126647949219,324.19944648379163,319.0427080090765,322.5126647949219,15786429,NTPC
2025-07-04,323.57294429337327,323.86209511223916,320.24756280071864,323.3801574707031,5899185,NTPC
2025-07-07,323.3801361457435,326.75369941403,321.6933545116003,325.25970458984375,9454556,NTPC
2025-07-08,325.98265571218553,331.47672756781077,324.82599352408477,330.8020324707031,12092302,NTPC
2025-07-09,330.8502136053041,333.11532655890034,330.41645793211757,331.5731201171875,9079872,NTPC
2025-07-10,331.5730738890914,332.53694910388526,328.8742350537234,329.1152038574219,6426072,NTPC
2025-07-11,328.19950066761095,331.5730638169109,327.2356254820967,330.3200378417969,17234194,NTPC
2025-07-14,330.65742417936804,332.5369928615987,327.66943415243463,329.74176025390625,11516965,NTPC
2025-07-15,330.7537753252116,331.6694685487861,328.6332674937225,329.64532470703125,8450777,NTPC
2025-07-16,329.6453154427584,331.3802790211394,328.4886534470801,330.0790710449219,6001484,NTPC
2025-07-17,331.7658748818231,332.0550256925682,329.6453375525641,330.2718505859375,7562006,NTPC
2025-07-18,330.6092421783431,331.47672410277994,328.3441292424895,329.74176025390625,6370338,NTPC
2025-07-21,329.7417579700267,330.41645305540845,327.0428893830773,329.21160888671875,4463318,NTPC
2025-07-22,329.211590800268,330.2236774954491,327.76577787727143,328.5368957519531,4728372,NTPC
2025-07-23,329.45256554381035,331.573102968385,328.63329507149444,330.65740966796875,5058422,NTPC
2025-07-24,331.1875745216912,331.1875745216912,324.34405368716557,326.6573486328125,9098453,NTPC
2025-07-25,326.6573096894179,327.62118491978805,320.5366960935399,321.1632385253906,7790739,NTPC
2025-07-28,321.4042093467202,324.44041045838185,318.416190230824,320.9222717285156,4605823,NTPC
2025-07-29,320.0065832598592,323.38014663759867,316.6330198821197,322.5126647949219,7551356,NTPC
2025-07-30,322.8981990124483,329.9344763592019,320.48851096011657,326.5609130859375,12537358,NTPC
2025-07-31,323.91025660237716,327.8139689007444,320.97044894119296,322.17529296875,8935384,NTPC
2025-08-01,320.9704635213486,322.65724523655086,318.27162454308046,318.9463195800781,7107542,NTPC
2025-08-04,318.9463231097009,321.25961789026496,315.3800022357469,320.006591796875,8193399,NTPC
2025-08-05,320.4403469242535,322.2717040636368,319.33186682594607,321.5487976074219,9855535,NTPC
2025-08-06,321.54880979339475,323.28377358800617,319.6210591704309,320.1029968261719,13872826,NTPC
2025-08-07,320.10300353750125,320.4403657866211,316.7776218771121,317.837890625,8731389,NTPC
2025-08-08,318.07881931478715,325.3078833901232,317.74145710824405,322.6572265625,11247218,NTPC
2025-08-11,322.8982022000437,326.8500965279076,321.8861449741285,324.00665283203125,11993280,NTPC
2025-08-12,324.1030695738854,329.5007771360621,323.6211319239614,327.8139953613281,7221182,NTPC
2025-08-13,328.006735881636,330.6092108232681,326.898285226918,327.6694030761719,5417151,NTPC
2025-08-14,327.6693954728611,328.1513330867849,324.1512273591071,327.091064453125,5689423,NTPC
2025-08-18,329.1152284004567,329.45256121868067,323.3319766804204,323.9102783203125,6511340,NTPC
2025-08-19,326.6573369625966,328.3441187565767,322.0789292360793,322.9464111328125,10316115,NTPC
2025-08-20,325.5970370235216,330.99474412982204,324.3440110056024,329.64532470703125,10824544,NTPC
2025-08-21,329.98268776933094,331.9104382111963,324.7295560491929,326.5609130859375,11135121,NTPC
2025-08-22,326.2718017759238,326.65734602793367,323.38017576313865,324.82598876953125,8534844,NTPC
2025-08-25,324.8741458119554,329.0670090914061,324.8741458119554,325.645263671875,7142387,NTPC
2025-08-26,324.0066528059,325.2114968438627,319.76560767529884,321.1632385253906,13113388,NTPC
2025-08-28,319.28367017065307,320.8740584182869,316.82580009841325,318.84991455078125,10486948,NTPC
2025-08-29,319.04272777872086,319.5246654339757,315.1872265366819,315.71734619140625,11813425,NTPC
2025-09-01,316.1510652360041,319.6210218350364,316.1510652360041,318.7535400390625,6897558,NTPC
2025-09-02,319.1391413525862,326.0308443750466,319.1391413525862,324.1512756347656,9224639,NTPC
2025-09-03,324.34401221835265,325.7898250514211,321.4523865522158,322.17529296875,10778333,NTPC
2025-09-04,324.7067646668845,326.0698455924642,320.6174921772097,321.34771728515625,7934237,NTPC
2025-09-05,321.34767593254844,323.0515342984961,317.3558029598167,320.0332946777344,5678244,NTPC
2025-09-08,320.08199625494126,322.2240017272205,317.74528192068607,318.0860595703125,5239184,NTPC
2025-09-09,318.96231290195976,319.49779939538104,315.11644902506,315.5545959472656,9735495,NTPC
2025-09-10,316.91771213465705,319.4004657362514,316.5769344585915,317.0637512207031,6509477,NTPC
2025-09-11,317.8426598818364,324.70676399720276,317.4045129327979,322.32135009765625,10309925,NTPC
2025-09-12,323.246301779367,324.7067519380087,319.74121545604,322.9542236328125,5257048,NTPC
2025-09-15,322.2726563518913,324.9988179947702,321.93187871829815,322.3700256347656,6566824,NTPC
2025-09-16,322.4674162687391,326.9461064481625,322.4674162687391,326.21588134765625,8784889,NTPC
2025-09-17,326.654039746334,328.55263695939334,325.729076034754,327.5303039550781,7936518,NTPC
2025-09-18,328.1144962068359,328.69868226136424,325.2909649417087,328.0658264160156,6497322,NTPC
2025-09-19,328.0658186662319,330.54857219815693,327.579001917781,329.7209777832031,10646331,NTPC
2025-09-22,330.20780074061804,331.3761728440439,327.9684555408116,330.2565002441406,6966213,NTPC
2025-09-23,330.499911702105,335.0273016474207,329.1855005017392,333.956298828125,10738268,NTPC
2025-09-24,334.2483859815092,341.16119013223386,333.22608263872047,338.4350280761719,14653575,NTPC
2025-09-25,340.09014866507107,341.5505988248918,331.03536955935664,331.5221862792969,13228081,NTPC
2025-09-26,331.52217545991095,331.7655838119373,327.57897204225725,328.99072265625,6337702,NTPC
2025-09-29,330.15912972696384,334.6865196133277,329.0881269216138,331.9603576660156,16922231,NTPC
2025-09-30,332.1063971003872,334.004964622252,330.2077998655857,331.4735412597656,8308029,NTPC
2025-10-01,331.3274478630151,334.00493982395403,329.1367726222469,331.2787780761719,6022078,NTPC
2025-10-03,331.2787769830715,334.44308565374007,329.8183268273783,332.9826354980469,8506827,NTPC
2025-10-06,331.61953821818724,332.7878804571647,326.8000410577227,330.1590881347656,8436245,NTPC
2025-10-07,330.15910697960675,332.39845201683084,327.9684317294348,329.0881042480469,16130172,NTPC
2025-10-08,330.30518564342634,330.30518564342634,323.53842050778144,324.9988708496094,13223442,NTPC
2025-10-09,324.9988455389022,327.53029854351036,322.46742224723,326.99481201171875,6824759,NTPC
2025-10-10,327.140830577588,332.9339613375731,327.09216079154476,330.7432861328125,8970962,NTPC
2025-10-13,329.03942642997407,333.07999918352846,327.33556794364944,332.6905517578125,6663149,NTPC
2025-10-14,332.9826573309678,333.9562908319356,326.36196140956173,327.7737121582031,7545848,NTPC
2025-10-15,328.0658002318039,332.73922886915216,327.87106165819165,330.3051452636719,8121744,NTPC
2025-10-16,331.23010750751433,333.5668218162314,330.6945912888298,332.4958190917969,6788416,NTPC
2025-10-17,332.49581940502713,335.12464157539443,331.1814083198435,332.0090026855469,7032129,NTPC
2025-10-20,332.3984437520054,335.36804351171804,331.3274410470751,332.9339599609375,6896835,NTPC
2025-10-21,333.90759914849303,334.44308565374007,332.0576718476007,332.9826354980469,346988,NTPC
2025-10-23,334.735181602865,336.09829225769107,332.05768950835625,333.6155090332031,8710859,NTPC
2025-10-24,333.4208271870626,334.19972215614774,329.23418501764934,330.6459655761719,7584711,NTPC
2025-10-27,331.7169240706307,333.85889980555856,331.47351571123426,332.7392272949219,6752390,NTPC
2025-10-28,333.3721030511047,333.8589197990511,328.4065662794642,330.2077941894531,13186584,NTPC
2025-10-29,330.3051401920456,340.77169953490335,330.2077709067345,338.3376159667969,15423201,NTPC
2025-10-30,339.7980550625007,339.7980550625007,334.39440160212416,336.049560546875,6721032,NTPC
2025-10-31,335.9035643660486,335.9035643660486,326.75141522156105,328.0658264160156,18651312,NTPC
2025-11-03,327.9684276976862,328.60128348625807,324.6093804702085,326.3619384765625,10242245,NTPC
2025-11-04,326.55666864209536,327.14085468232963,321.00697554221045,321.88323974609375,11887651,NTPC
2025-11-06,323.29499910965524,324.17129304984485,316.04144719818703,318.0373840332031,11587302,NTPC
2025-11-07,318.5282985875436,321.1794401123665,315.04256618009566,320.1975402832031,8578167,NTPC
2025-11-10,320.19755509731823,322.3086338346486,318.1355593676349,319.559326171875,5246998,NTPC
2025-11-11,320.0502674312487,321.52311720320074,317.00637190950687,320.7375793457031,6103758,NTPC
2025-11-12,321.5722171004597,322.30864202511725,319.6575003102673,321.2285461425781,6850550,NTPC
2025-11-13,321.22855805298707,323.9778958527718,319.6575121624255,321.0321960449219,7276001,NTPC
2025-11-14,321.0812685537484,323.92877228182584,320.2957606167639,322.5050354003906,9169855,NTPC
2025-11-17,323.0450662911643,325.4507330262238,322.60319935118787,324.2233581542969,6283156,NTPC
2025-11-18,323.0941513705254,323.78149328929214,321.2285475462821,322.5050354003906,6776200,NTPC
2025-11-19,322.99597779312717,322.99597779312717,319.16654428563004,320.6885070800781,6935056,NTPC
2025-11-20,322.063160920233,324.0269606819417,320.29575312077765,320.6885070800781,5155775,NTPC
2025-11-21,320.93397130137885,322.4559040796471,319.117450589597,320.7375793457031,6142545,NTPC
2025-11-24,320.78669454761507,321.17944849649194,316.2208362506538,317.59552001953125,13719726,NTPC
2025-11-25,317.59552844775567,319.70660719854686,316.66271157486347,317.84100341796875,8074651,NTPC
2025-11-26,318.4301026115863,321.86675201365796,318.1355446489192,320.1975402832031,7101095,NTPC
2025-11-27,321.2285347987564,322.7995805755875,319.11745608232985,321.4249267578125,6755179,NTPC
2025-11-28,322.06316208278236,322.21044107240084,318.3810375162871,320.5412292480469,8930988,NTPC
2025-12-01,321.1794738769531,322.308652806157,319.5593449815555,321.1794738769531,6936186,NTPC
2025-12-02,321.52313434011546,323.97788409087156,320.835792423821,322.6523132324219,5806943,NTPC
2025-12-03,323.0450661313389,323.0450661313389,315.484424937927,317.1045837402344,8546132,NTPC
2025-12-04,317.0554707662575,318.43012462909417,315.2880629376399,317.1045837402344,5965357,NTPC
2025-12-05,316.41722880651815,318.2828325411183,315.14077097895114,317.4482116699219,6574010,NTPC
2025-12-08,317.3500520266732,317.3500520266732,312.09688169508877,313.7170104980469,7906928,NTPC
2025-12-09,311.7041456174841,315.5826323724719,309.838511773213,314.0606994628906,7152584,NTPC
2025-12-10,314.0606669946609,317.84098733772913,313.7169960607083,315.77899169921875,5484712,NTPC
2025-12-11,315.8281083678436,317.5955462314689,313.37335852825953,316.76092529296875,6317942,NTPC
2025-12-12,317.0554557382619,320.050268261456,317.0554557382619,319.1665344238281,4261023,NTPC
2025-12-15,317.20275292805815,319.41202771851414,315.7299030677541,318.08648681640625,10219819,NTPC
2025-12-16,316.2208633208038,317.93918821379265,313.2751635042515,315.18988037109375,5241263,NTPC
2025-12-17,314.2079584143969,316.56451210946364,313.7660914867942,315.4353332519531,5043027,NTPC
2025-12-18,316.1717569539835,316.3190359408899,311.26225762239994,312.735107421875,5554193,NTPC
2025-12-19,313.17698480349634,314.79711364396724,311.753217963721,314.1097717285156,10833662,NTPC
2025-12-22,314.15886930123196,317.79188077066647,313.7170023822171,314.8952941894531,8925871,NTPC
2025-12-23,315.23894766047425,318.8719892391196,314.4534397346514,317.3991394042969,6024641,NTPC
2025-12-24,318.03736281353645,320.737587463793,316.4172340164237,316.7117919921875,5678004,NTPC
2025-12-26,316.7117714475912,319.85386282287686,316.4662964953096,318.2337341308594,4174183,NTPC
2025-12-29,318.23377503863554,319.9029869495987,317.2027621273976,319.6084289550781,14043845,NTPC
2025-12-30,319.1174525702442,319.6574855038963,317.4973238040825,319.0192565917969,8035909,NTPC
2025-12-31,318.8719757222494,324.66517883393897,318.82289271591856,323.5850830078125,8497983,NTPC
2026-01-01,323.83057185522665,330.8020670698365,323.6342098562783,330.2129211425781,10357315,NTPC
2026-01-02,330.70387284694124,346.61066314150077,329.86928190785943,345.7269592285156,23128940,NTPC
2026-01-05,344.0086448916721,348.3780815810187,342.09392805086566,344.2541198730469,18248271,NTPC
2026-01-06,343.5667660613468,347.690757591952,339.8846414680231,344.4504699707031,8641743,NTPC
2026-01-07,343.2230785132978,344.9905162117712,340.0319040200265,342.5357666015625,7165806,NTPC
2026-01-08,340.47379156724156,343.46857428708546,336.00615899202387,338.16632080078125,8805975,NTPC
2026-01-09,338.16631862243713,338.16631862243713,328.34731964986224,329.9183654785156,10161744,NTPC
2026-01-12,330.6547601994002,334.4841634558847,327.65997777239147,331.34210205078125,9406174,NTPC
2026-01-13,331.3421290941072,333.10953690590406,328.9855453914359,331.7839660644531,5583379,NTPC
2026-01-14,332.7658593577418,344.15590382251236,331.3421225278992,342.78125,20389924,NTPC
2026-01-15,342.78125,342.78125,342.78125,342.78125,0,NTPC
2026-01-16,346.2669813321414,347.641635149834,339.14820731227024,340.0810241699219,14275582,NTPC
2026-01-19,337.2826244547877,341.6520911099357,335.8588575765374,337.1353454589844,9974363,NTPC
2026-01-20,336.79166588589715,341.9957233726868,331.58760839910747,332.61859130859375,7718407,NTPC
2026-01-21,332.66768506402855,335.4170228534848,330.70388519950603,332.56951904296875,6948955,NTPC
2026-01-22,332.569523157682,336.9880729075261,330.99847725358467,336.25164794921875,5885972,NTPC
2026-01-23,337.7244872641264,339.19733713450603,330.0165669494317,330.605712890625,10084314,NTPC
2026-01-27,334.3369154228415,340.2283148135524,330.94934878710006,338.4609069824219,12203590,NTPC
2026-01-28,338.4609034869478,346.8561355459258,338.4609034869478,341.750244140625,13566973,NTPC
2026-01-29,343.6649716054019,353.97492075356394,341.01382983836294,351.6674499511719,20624409,NTPC
2026-01-30,352.5020656800002,352.845736639582,344.74506242827283,349.5563659667969,22641103,NTPC
2026-02-02,338.7063829996888,346.3651902451066,331.6366917229901,344.0086364746094,12622760,NTPC
2026-02-03,359.3262947032176,359.3262947032176,347.3961864708703,352.0602111816406,11559806,NTPC
2026-02-04,352.9439152761472,361.8791799948705,351.12739454924434,360.60272216796875,15515053,NTPC
2026-02-05,363.0574940569719,363.9903109635528,358.39346945448204,360.3572692871094,18789794,NTPC
2026-02-06,357.9334447872593,362.03911804484557,357.1420064340637,361.1487121582031,7328789,NTPC
2026-02-09,362.6326786968706,364.6607885211468,357.1420034625941,358.0323791503906,7983235,NTPC
2026-02-10,358.03237774559113,364.21558415246943,357.38933031756335,362.97894287109375,8319282,NTPC
2026-02-11,365.05650021493585,365.05650021493585,362.08856118879817,364.51239013671875,5782448,NTPC
2026-02-12,366.0458119192337,368.024437929608,362.92948199118166,364.31451416015625,6763353,NTPC
2026-02-13,363.6219982726669,364.0672012202996,358.5270421199639,359.1206359863281,7111972,NTPC
2026-02-16,358.72489167178406,365.699536086429,358.62595433574904,365.1554260253906,6292850,NTPC
2026-02-17,364.8091562013766,365.551140925854,362.1379991166838,364.462890625,4442793,NTPC
2026-02-18,364.51237438815997,366.7383285615921,363.4735776590302,364.462890625,4871319,NTPC
2026-02-19,363.07785864076794,366.9361731711429,358.3291684789889,359.3184814453125,5375352,NTPC
2026-02-20,358.92274335746885,369.656795416868,358.82383621088445,368.96429443359375,16736731,NTPC
2026-02-23,370.00307557353455,372.47635816426674,368.1728404181052,371.4375915527344,16135451,NTPC
2026-02-24,370.94291667388126,380.88550011991754,369.5578543384779,378.6595458984375,20774629,NTPC
2026-02-25,378.659543189351,384.39754639820626,378.6100896169131,380.78656005859375,12750016,NTPC
2026-02-26,380.8855104150926,381.72643251533543,374.356038483975,377.8186340332031,10721570,NTPC
2026-02-27,376.9282583588319,381.0833850944805,376.08733625858906,377.8186340332031,11548959,NTPC
2026-03-02,361.09924028970323,374.9001685362541,361.09924028970323,373.5151062011719,14732253,NTPC
2026-03-04,366.78779749842613,369.8546738596943,360.2088720374161,361.89068603515625,11433169,NTPC
2026-03-05,363.0284155353574,375.84000070375265,362.6821499488739,374.009765625,16158714,NTPC
2026-03-06,372.9709989198574,381.4296129461071,370.64610734453646,376.53253173828125,14940896,NTPC
2026-03-09,369.01373676287375,374.9496145660299,367.4308299770783,372.22900390625,11286578,NTPC
2026-03-10,380.885514106757,381.3307170439763,370.8439929549573,373.2677917480469,10875834,NTPC
2026-03-11,373.4656512161283,379.79724827130656,372.42688466018114,375.8399963378906,9963701,NTPC
2026-03-12,374.9496368130693,388.20642532173457,371.63543213804354,386.3761901855469,23847146,NTPC
2026-03-13,387.6623104086712,390.2839838563644,379.10475887951236,380.3414001464844,27107369,NTPC
2026-03-16,380.3908568408736,384.1007806722215,371.4375860711289,378.31329345703125,16793109,NTPC
2026-03-17,378.80794038547214,381.7758793754728,374.257094562517,379.2531433105469,9720902,NTPC
2026-03-18,380.88552134827546,382.22109999388823,373.5646108723365,374.4549865722656,10681498,NTPC
2026-03-19,369.5084106709135,376.68093002128603,369.1126915036632,370.0525207519531,10568326,NTPC
2026-03-20,371.83331215454035,379.2036761883169,371.48704655222275,376.8788146972656,20930288,NTPC
2026-03-23,373.06994932918553,375.44429456084805,365.35328958698534,368.420166015625,13148432,NTPC
2026-03-24,373.9603280410193,374.10871895830354,367.0351367810004,371.5364990234375,9339144,NTPC
2026-03-25,371.9817033244563,376.87881495277634,371.58598414644126,374.3560485839844,9266292,NTPC
2026-03-27,375.8400174268992,375.8400174268992,370.64612397285276,371.63543701171875,20263654,NTPC
2026-03-30,370.0030780228232,373.91087661862343,365.69956024817384,366.6888732910156,17974103,NTPC
2026-04-01,377.2250466508289,377.81864050772765,357.58720713825926,360.75299072265625,15449629,NTPC
2026-04-02,356.1032390273179,357.438787471427,348.23818832243774,355.8064270019531,16551512,NTPC
2026-04-06,354.9654968921836,362.83054741998933,351.89865070585967,362.1875,11534034,NTPC
2026-04-07,360.9508595127945,365.8479408215277,358.3786396358509,364.9081115722656,12603971,NTPC
2026-04-08,369.5084113183961,371.53649092375616,364.3145179866114,370.1514587402344,19491331,NTPC
2026-04-09,372.92154904467407,380.0940683257955,372.47634611616763,374.6033630371094,18503665,NTPC
2026-04-10,377.12613810217323,380.34140544105884,368.07389974877594,376.08734130859375,14953758,NTPC
2026-04-13,370.34934272243123,383.853459685983,370.34934272243123,382.1221618652344,15240045,NTPC
2026-04-15,386.07940524459264,389.739875487484,382.9630752764215,388.404296875,7722460,NTPC
2026-04-16,392.75725725678825,393.004585504431,383.65556566695807,386.6235046386719,9896906,NTPC
2026-04-17,388.80002186472785,392.01528922111555,384.2986596423602,389.39361572265625,15320653,NTPC
2026-04-20,388.8000169303549,396.5661301770477,386.4751252946467,393.74658203125,9895187,NTPC
2026-04-21,394.3401654598922,398.3963547737153,391.4711638154834,391.9658203125,9493644,NTPC
2026-04-22,393.7465643823424,402.8977094088164,388.99787417490865,401.0674743652344,16411131,NTPC
2026-04-23,399.68246970167803,401.5621584466409,396.1209367056527,397.951171875,9144699,NTPC
2026-04-24,400.42445221194913,400.91910873104973,394.93377692650745,397.5554504394531,6266676,NTPC
2026-04-27,399.58350279715404,409.97128898871665,398.2974080119159,405.8161926269531,13001752,NTPC
2026-04-28,409.5755963191683,409.7734710026609,401.6116384673152,402.50201416015625,7726655,NTPC
2026-04-29,405.12367011265115,405.6183266085152,395.3789311058422,397.01129150390625,11920835,NTPC
2026-04-30,395.72519943082784,396.0219812538263,388.9483993522876,394.88427734375,7706357,NTPC
2026-05-01,394.88427734375,394.88427734375,394.88427734375,394.88427734375,0,NTPC
2026-05-04,395.7252046291212,400.47389500809584,393.004593847296,395.774658203125,6333200,NTPC
2026-05-05,394.0433523347002,396.219852992005,390.33342861754664,394.3896179199219,6791514,NTPC
2026-05-06,395.7252049995189,398.69314403701526,387.4644353068665,390.6302490234375,11120409,NTPC
2026-05-07,392.50993927051593,399.18780213145095,388.9484063730631,396.07147216796875,9700378,NTPC
2026-05-08,393.74659079983223,400.77071943781533,392.9056686756656,397.85223388671875,4740939,NTPC
2026-05-11,397.60488241237664,400.6717587024605,386.8213769201532,388.75054931640625,10088836,NTPC
2026-05-12,388.0085783534943,395.5768169149478,387.068718908324,388.50323486328125,10247516,NTPC
2026-05-13,387.81070582712596,389.83878545194284,381.67695299512195,386.27728271484375,12322076,NTPC
2026-05-14,389.49253814973764,394.2906820216197,387.0192556626081,392.0647277832031,7363948,NTPC
2026-05-15,391.76795522266366,393.74658125914175,388.30535965882694,391.0259704589844,7107857,NTPC
2026-05-18,388.80002136151944,389.64094347654304,380.78657976845244,384.1502380371094,7632596,NTPC
2026-05-19,382.56733745219174,388.552668842187,381.9242598687504,385.23846435546875,6693518,NTPC
2026-05-20,381.9737464504646,389.14626553357334,379.8961831605183,388.2558898925781,5386249,NTPC
2026-05-21,389.29468082050215,391.32276047374154,383.705068188813,384.6448974609375,10596954,NTPC
2026-05-22,385.78261549025615,387.31603855995974,383.309332996259,384.4964904785156,11755213,NTPC
2026-05-25,387.761249649884,388.6021415623989,382.3200280485236,385.88153076171875,10489850,NTPC
2026-05-26,386.57404486718156,388.0580143292437,384.84274716144245,385.5352783203125,9062218,NTPC
2026-05-27,386.17832929835413,398.7920698429061,386.17832929835413,393.89495849609375,14418621,NTPC
2026-05-28,393.89495849609375,393.89495849609375,393.89495849609375,393.89495849609375,0,NTPC
2026-05-29,395.72520423075076,397.3575646599152,380.9844464114427,382.76519775390625,17003143,NTPC
2026-06-01,382.76521141012705,384.84277484474876,372.4763617713314,374.6528625488281,18408900,NTPC
2026-06-02,371.9322468421442,373.4656699667571,359.17008456297765,363.4736022949219,17496468,NTPC
2026-06-03,364.11664616198163,367.5297881690634,359.813158663623,362.8800048828125,10825715,NTPC
2026-06-04,362.88000261584017,364.8586286501499,360.45620383867305,362.4842834472656,14363519,NTPC
2026-06-05,362.0390981204508,364.56183414993416,354.8170952313841,357.7850341796875,10277061,NTPC
2026-06-08,355.11392671139623,361.4455241099741,351.3545190558946,358.52703857421875,14933986,NTPC
2026-06-09,358.9227333059097,359.8131391317271,351.20610421935453,351.8491516113281,14246656,NTPC
2026-06-10,355.16336324978846,355.16336324978846,347.34779667060127,347.89190673828125,14939921,NTPC
2026-06-11,348.2381736255446,349.57375220472534,345.0723599705559,348.08978271484375,15079402,NTPC
2026-06-12,353.1847351744197,353.1847351744197,345.96276247011673,350.11785888671875,8740239,NTPC
2026-06-15,353.58045087674077,354.17404469944046,343.24214841308515,344.3798522949219,17190759,NTPC
2026-06-16,346.01221048640843,352.39329120526247,344.77556927666427,351.7502136230469,14555184,NTPC
2026-06-17,351.7502136230469,352.2448701069445,348.2876182357633,351.7502136230469,9299676,NTPC
2026-06-18,353.1847367765176,359.6647247724534,350.266251384843,358.08184814453125,12260776,NTPC
2026-06-19,358.0818551097652,364.06718672804,356.1032290949389,361.89068603515625,17465450,NTPC
2026-06-22,361.89067810377395,364.56183524182177,360.1593803787449,363.1273193359375,11946682,NTPC
2026-06-23,363.91878894188164,365.30382108781356,358.03236458237546,360.7035217285156,11696171,NTPC
2026-06-24,358.9722253658766,360.15938284201127,351.70076883273526,353.23419189453125,12770898,NTPC
2026-06-25,352.64062950948494,355.1633655727726,347.6940645293628,348.2876281738281,19767157,NTPC
2026-06-26,348.2876281738281,348.2876281738281,348.2876281738281,348.2876281738281,0,NTPC
2026-06-29,348.2381831371744,354.0751239185157,347.79298020147525,352.29437255859375,49895302,NTPC
2026-06-30,350.9587818236566,354.52031461195133,349.1285467610599,352.8384704589844,10291360,NTPC
2026-07-01,354.1740410944479,356.9935890799953,350.46411747963174,354.0751037597656,6915166,NTPC
2026-07-02,356.1032309165304,356.1032309165304,348.5349622179558,354.42138671875,6513560,NTPC
2026-07-03,354.4213762934975,356.30106492361955,351.65131201662666,352.640625,6588714,NTPC
2026-07-06,352.1954207785088,355.55907887125227,350.8598422176064,352.4427490234375,6204261,NTPC
2026-07-07,351.9975494811349,353.33312805484354,348.78228226623173,350.4146728515625,8149003,NTPC
2026-07-08,348.1887169060533,349.227483463009,343.8357156219206,344.97344970703125,9572223,NTPC
2026-07-09,345.27023274513823,347.24885872075504,339.4332921553558,340.0268859863281,17821421,NTPC
2026-07-10,340.81834427584806,345.0723782961847,339.53224939289186,340.8677978515625,13016441,NTPC
2026-07-13,341.36243560757714,351.2061119486274,340.0268872223302,347.9908447265625,8226337,NTPC
2026-07-14,344.7755868837612,350.1673549101683,343.7862738654434,344.4293212890625,8579646,NTPC
2026-07-15,343.78628243971525,344.7261419071329,339.3838273218257,340.6699523925781,11352533,NTPC
2026-07-16,340.52155045475615,342.3517553719133,338.4439870934176,338.7902526855469,10347549,NTPC
2026-07-17,338.8397026855022,340.2247348479731,336.61374843428354,338.1966552734375,7612446,NTPC
2026-07-20,339.3343601652493,345.5670200100771,337.45467149708196,343.5389404296875,14463484,NTPC
2026-07-21,343.4894942942517,345.4186365777892,340.4720714536867,344.8250427246094,8575793,NTPC
2026-07-22,343.6873350439277,347.1004770189875,341.95603726933393,346.75421142578125,7035952,NTPC
2026-07-23,344.825027954766,346.9520750201726,343.3905422450819,344.87451171875,6863144,NTPC
2026-07-24,344.2314867382846,346.25956640781226,341.4119385163905,343.489501953125,6300466,NTPC
2026-07-27,349.227495590697,349.227495590697,344.0830558170353,347.0509948730469,12350753,NTPC
2026-07-28,346.21010785960067,346.2595614346591,338.44399451485003,340.07635498046875,12409670,NTPC
2026-07-29,340.02688468314346,341.6592450684839,337.5041184590389,339.8290100097656,8471125,NTPC
2026-07-30,339.8290027606085,343.9346455184102,338.19664241008917,341.1645812988281,9943764,NTPC
2026-07-31,340.42261050727365,344.5282534330847,339.87847024054304,343.5389404296875,8519119,NTPC
2026-08-03,343.5389463747265,347.1499328613281,341.60977390814224,347.1499328613281,5460220,NTPC
2026-08-04,344.2809347144051,345.2207941702293,337.9493373556461,339.9774169921875,7201524,NTPC
2026-08-05,339.7795632536122,346.1606140136719,339.08703207433274,346.1606140136719,18554536,NTPC
2026-08-06,343.7862708050272,345.5175685716712,339.43329960146673,341.31298828125,10079779,NTPC
2026-08-07,341.312973579351,343.2915995131444,338.8396911621094,338.8396911621094,7012048,NTPC
2026-08-10,338.8396945158717,340.02688216447257,333.5468640523001,336.8116149902344,8818488,NTPC
2026-08-11,335.97071176120113,336.76215011035725,332.45863238215605,334.8330078125,10043994,NTPC
2026-08-12,334.83301361086006,337.70201541553126,331.7661371197543,335.82232666015625,10152704,NTPC
2026-08-13,334.4372614728004,340.5710144042969,334.3878078973198,340.5710144042969,9672695,NTPC
2026-08-14,339.97741102121824,339.97741102121824,333.8931420270134,336.3664245605469,7507624,NTPC
2026-08-17,336.3664069020076,336.6631887138763,332.1123732442329,333.3984680175781,7839848,NTPC
2026-08-18,333.3984686712306,335.67387641051346,330.33159244635357,333.4974060058594,9943991,NTPC
2026-08-19,332.7059493382513,335.2287155994345,330.0348223570086,332.9532775878906,7502595,NTPC
2026-08-20,333.4974082916147,335.92120695373524,330.82625119550914,333.89312744140625,4185077,NTPC
2026-08-21,333.3984855203068,339.1859726870624,333.3984855203068,336.3664245605469,6534716,NTPC
2026-08-24,337.0589528190787,338.39450122243744,333.8436855534105,335.87176513671875,5401943,NTPC
2026-08-25,335.37709551862594,337.1578467810886,332.06289104379783,336.218017578125,5260835,NTPC
2026-08-26,337.8998467135045,340.76887859756096,331.0241394042969,331.0241394042969,5903358,NTPC
2026-08-27,331.41986746941393,332.3597269313501,324.8903953854603,327.3636779785156,12911842,NTPC
2026-08-28,325.9786255355717,329.5401582868424,325.2860943759172,326.5227355957031,7332490,NTPC
2026-08-31,326.57221912108184,326.91848470065645,320.04274744708897,323.90106201171875,18400774,NTPC
2026-09-01,323.90106266400284,324.7419847328244,321.57617112953244,324.0,7377499,NTPC
2026-09-02,324.0,331.1000061035156,321.0,330.0,11993091,NTPC
2026-09-03,330.45001220703125,332.70001220703125,329.1000061035156,330.8999938964844,8100926,NTPC
2026-09-04,332.75,334.04998779296875,329.79998779296875,332.5,7032282,NTPC
2026-09-07,332.5,333.79998779296875,330.3500061035156,332.0,5245813,NTPC
2026-09-08,330.0,333.20001220703125,328.6499938964844,330.79998779296875,7351373,NTPC
2026-09-09,331.1000061035156,337.5,330.8999938964844,334.5,11795145,NTPC
2026-09-10,335.6499938964844,335.70001220703125,333.1000061035156,335.0,6905905,NTPC
2026-09-11,333.0,336.25,331.6000061035156,333.3999938964844,4968535,NTPC
2026-09-14,333.3999938964844,333.3999938964844,333.3999938964844,333.3999938964844,0,NTPC
2026-09-15,333.0,333.29998779296875,326.3999938964844,329.5,8445501,NTPC
2026-09-16,329.5,329.95001220703125,326.54998779296875,327.0,6556304,NTPC
2026-09-17,327.79998779296875,331.29998779296875,327.20001220703125,329.6000061035156,5589949,NTPC
2026-09-18,329.79998779296875,330.8500061035156,323.6499938964844,323.6499938964844,9448827,NTPC
2026-09-21,325.0,328.75,324.8500061035156,326.3999938964844,5098202,NTPC
2026-09-22,326.5,329.0,325.54998779296875,327.79998779296875,6219007,NTPC
2026-09-23,326.5,329.3999938964844,325.0,326.0,10525477,NTPC
2026-09-24,326.95001220703125,327.70001220703125,324.3999938964844,326.6000061035156,7662580,NTPC
2026-09-25,327.29998779296875,327.29998779296875,323.5,326.6000061035156,6075589,NTPC
2026-09-28,326.6000061035156,326.6000061035156,320.20001220703125,321.1000061035156,5982092,NTPC
2026-09-29,320.5,325.0,317.54998779296875,323.5,11956206,NTPC
2026-09-30,323.5,323.95001220703125,318.8999938964844,322.75,6908628,NTPC
2026-10-01,320.79998779296875,320.95001220703125,313.04998779296875,315.1000061035156,10094465,NTPC
