Date,Open,High,Low,Close,Volume,Symbol
2021-10-04,112.74070128166926,113.35725677037722,111.59568331285114,112.53518676757812,10757286,POWERGRID
2021-10-05,112.53519663112301,114.56100150626301,111.18465208340594,111.5369644165039,17200858,POWERGRID
2021-10-06,112.71133786068698,112.82878326000314,109.65794862142207,110.15705871582031,8929507,POWERGRID
2021-10-07,112.15351132569995,112.47647124159916,110.1570589965838,110.56809997558594,6733699,POWERGRID
2021-10-08,110.97914317736182,111.65441548545313,109.80476070987652,110.21578979492188,8165175,POWERGRID
2021-10-11,111.5663127254967,114.56098504621009,111.15528372034476,113.59211730957031,12982042,POWERGRID
2021-10-12,113.85636903727988,114.29676241008026,112.53518891887872,113.53340911865234,8539966,POWERGRID
2021-10-13,114.56100288456041,120.08060265762084,114.00317601264699,117.08592987060547,33075614,POWERGRID
2021-10-14,117.55565541810496,120.93200429987769,116.41063753242508,120.16866302490234,19185455,POWERGRID
2021-10-18,123.19271811061242,123.28078723315804,118.70070305693022,119.66957092285156,38546365,POWERGRID
2021-10-19,119.78699330042006,120.25675099389744,115.6766552950135,116.64552307128906,16174177,POWERGRID
2021-10-20,117.43822238152579,117.58502015950269,113.53339909805331,114.12059020996094,21909934,POWERGRID
2021-10-21,115.23626616320222,115.88217405559435,113.62149045900448,113.94445037841797,16946547,POWERGRID
2021-10-22,115.0307403036766,115.67664813238797,112.3002992655797,114.17930603027344,7705870,POWERGRID
2021-10-25,114.17933547424994,114.5022954451057,111.85993478098787,113.12239837646484,7862419,POWERGRID
2021-10-26,113.09301665876762,113.29853117844647,111.39015988090661,111.80120086669922,8525850,POWERGRID
2021-10-27,111.65441803019975,112.65263837173849,110.71491442408626,111.713134765625,9862679,POWERGRID
2021-10-28,111.97735452237035,112.21223338633165,108.77716733350792,109.15884399414062,11095238,POWERGRID
2021-10-29,109.74603796696015,110.77362256974735,106.45776962732822,108.65973663330078,12988035,POWERGRID
2021-11-01,108.39549303738357,110.68554110469894,108.36614064527018,110.24514770507812,5475153,POWERGRID
2021-11-02,110.77362008694884,112.3003147875845,108.71845092743749,108.92396545410156,10946890,POWERGRID
2021-11-03,108.92396028152378,109.9809091490828,107.45598238015553,108.01380920410156,13957727,POWERGRID
2021-11-04,108.60100795599305,109.1294824267136,108.1899788934524,108.65973663330078,830214,POWERGRID
2021-11-08,110.1570487172894,111.77182425323335,108.39547540535055,111.06719970703125,11947323,POWERGRID
2021-11-09,111.77182346713579,111.77182346713579,108.80651558075407,109.5405044555664,10381150,POWERGRID
2021-11-10,109.18818472863151,109.51114462540336,107.7789355881864,108.27804565429688,13857851,POWERGRID
2021-11-11,108.63037892896008,108.77717673832355,106.10545182933406,106.9568862915039,8851354,POWERGRID
2021-11-12,107.8670329547337,107.8670329547337,105.8705921673366,106.86881256103516,9590673,POWERGRID
2021-11-15,106.98622434992105,110.83233121846004,106.86879089674026,110.56809997558594,24821341,POWERGRID
2021-11-16,110.97912872529461,112.35902555560791,109.51115083210289,110.15705871582031,23206330,POWERGRID
2021-11-17,109.80474012804443,113.79764454763783,109.80474012804443,112.18286895751953,18359498,POWERGRID
2021-11-18,112.65260229195142,114.1792966562287,112.18285661256063,113.0342788696289,10742933,POWERGRID
2021-11-22,114.14996951453108,115.67666421642527,112.74070827184595,114.03252410888672,25095721,POWERGRID
2021-11-23,113.4746944235607,118.8474960572233,113.41597769542284,118.5245361328125,19671538,POWERGRID
2021-11-24,118.73006426900685,121.81281828730458,118.6126307992653,119.37598419189453,18120478,POWERGRID
2021-11-25,118.96493946520138,120.37420079057335,118.17223370294091,119.93380737304688,18537454,POWERGRID
2021-11-26,119.81634876780403,120.3448112008082,117.90797769225881,118.61260223388672,12814537,POWERGRID
2021-11-29,116.851040653224,119.78699644853114,116.55744507369329,117.58502960205078,16066147,POWERGRID
2021-11-30,117.6144229319804,123.01657814846938,117.6144229319804,121.40180206298828,37739647,POWERGRID
2021-12-01,121.54857453791102,122.57615910526052,120.19803004224906,121.66600799560547,20332817,POWERGRID
2021-12-02,122.72298529209235,126.83332451240166,121.25500699912473,125.9525375366211,33758843,POWERGRID
2021-12-03,125.15979039613501,127.09751393633279,120.66777591089519,121.02008819580078,47614182,POWERGRID
2021-12-06,121.75407223049751,122.13574883489325,118.23092562949097,118.61260223388672,11322446,POWERGRID
2021-12-07,118.9649369507265,121.51921632910499,118.70070568436988,120.84395599365234,8049102,POWERGRID
2021-12-08,120.4622741693201,121.9302521339805,119.52277066122448,120.25675964355469,8788449,POWERGRID
2021-12-09,120.66779771986224,121.22562460957911,118.67134514932181,119.31725311279297,5755422,POWERGRID
2021-12-10,119.93379669736512,119.93379669736512,118.5245354974359,118.99429321289062,6164402,POWERGRID
2021-12-13,120.66777367951508,123.10461918690396,119.61082489790932,120.02186584472656,21648126,POWERGRID
2021-12-14,119.84569971127165,125.15978388234893,119.31722533820006,124.63130950927734,48042035,POWERGRID
2021-12-15,125.13042465830921,126.627766785411,122.01831890569905,123.22205352783203,15207306,POWERGRID
2021-12-16,124.13222337330366,124.36710224505819,121.13755061113154,122.25320434570312,13410737,POWERGRID
2021-12-17,122.25319246659265,123.60373688812459,120.40354990403674,123.28077697753906,15209414,POWERGRID
2021-12-20,123.75052792248171,124.86619343420129,121.84215679200453,123.22205352783203,22539246,POWERGRID
2021-12-21,124.16156489687923,124.33772702188314,120.25675327482729,121.31369018554688,17566511,POWERGRID
2021-12-22,121.43523371720008,123.38013733994738,120.34121770103243,122.49885559082031,14750231,POWERGRID
2021-12-23,123.07626375512544,127.39152781370713,122.80276589293972,126.63179779052734,15932489,POWERGRID
2021-12-24,126.54061672542218,126.84450870830301,124.50454291319986,124.83882904052734,8975969,POWERGRID
2021-12-27,124.83884596839322,125.96324398443885,124.59572987604325,125.26428985595703,8648187,POWERGRID
2021-12-28,125.59856633106344,126.81413433356026,123.5624923999607,124.96038818359375,15736206,POWERGRID
2021-12-29,123.3801709098763,125.14274725309718,123.19783073577105,124.35262298583984,17172943,POWERGRID
2021-12-30,124.35257275878396,128.4855078690504,122.55961535433553,124.80841064453125,87481206,POWERGRID
2021-12-31,123.987932517733,125.32505233402043,123.71443467157319,124.23104858398438,9842223,POWERGRID
2022-01-03,124.83882680943357,125.78088452029004,124.07909686580922,124.59571075439453,7410054,POWERGRID
2022-01-04,125.38586441014964,129.45801292210308,124.89963218540932,127.99932861328125,14784090,POWERGRID
2022-01-05,127.63463092964649,128.45513679825783,126.4494571600297,126.81412506103516,9565107,POWERGRID
2022-01-06,126.26711942168187,126.84450924544191,124.3829915929214,125.17310333251953,5615931,POWERGRID
2022-01-07,125.78089957523643,126.72296976424724,124.29183365366215,124.71727752685547,11908249,POWERGRID
2022-01-10,125.96322045606725,125.96322045606725,123.65363655824159,123.98792266845703,11085710,POWERGRID
2022-01-11,124.32223819554932,125.08196829362674,123.68405996700479,123.89678192138672,7208789,POWERGRID
2022-01-12,125.20353934928788,125.62898332324657,124.20069299307025,124.56536102294922,11018139,POWERGRID
2022-01-13,126.17595893333484,128.5463190628932,125.53779313736744,126.41907501220703,20522807,POWERGRID
2022-01-14,126.38867220974117,127.42191238283837,125.5377845400567,126.26712036132812,14183654,POWERGRID
2022-01-17,127.11803717219027,127.36115326649698,125.08196306749309,125.4162368774414,7574539,POWERGRID
2022-01-18,125.35547258398915,126.32792468610629,124.35262633023737,124.6869125366211,8475422,POWERGRID
2022-01-19,125.20350151611147,126.05440157231006,122.1949757219559,124.38299560546875,13724367,POWERGRID
2022-01-20,125.8720715241435,130.88628982678517,124.83884360794012,130.46084594726562,30170343,POWERGRID
2022-01-21,130.00499340718773,133.25663516738322,129.45798536215565,130.7343292236328,29509593,POWERGRID
2022-01-24,131.52448019467735,132.34498624712506,128.54633566597911,130.0657958984375,12850189,POWERGRID
2022-01-25,129.76190729405224,133.83405587890024,128.81983697877877,133.0135498046875,27389035,POWERGRID
2022-01-27,132.49693512698067,133.28705941105358,129.0629524545089,130.58241271972656,28512473,POWERGRID
2022-01-28,132.1930312205096,132.1930312205096,127.17881279490406,127.7562026977539,18932049,POWERGRID
2022-01-31,128.8502037480421,131.7371776527742,128.36397161792854,130.9166717529297,19907759,POWERGRID
2022-02-01,131.88912717669135,131.91952132266047,128.42476334447625,129.42759704589844,8622355,POWERGRID
2022-02-02,130.58240990439353,132.37538039793384,129.60995782869998,130.0657958984375,9921099,POWERGRID
2022-02-03,130.06580160561256,130.67358572526496,128.24244924665538,128.42478942871094,4594389,POWERGRID
2022-02-04,128.85021689747356,129.6707228810524,127.08764070268323,127.45230865478516,7329263,POWERGRID
2022-02-07,128.27283696140526,130.2481352511449,127.6346587216375,129.8530731201172,7869237,POWERGRID
2022-02-08,130.06578100879298,130.9166811146403,126.72296888006231,127.6650390625,9074237,POWERGRID
2022-02-09,127.99933127382766,128.6375095363894,126.84453899011567,127.2396011352539,9833985,POWERGRID
2022-02-10,127.66504711093039,131.0990171673427,127.66504711093039,128.880615234375,19180334,POWERGRID
2022-02-11,127.75619524493568,128.85021142013355,125.84168548643564,126.29752349853516,20071130,POWERGRID
2022-02-14,125.78090969624083,125.78090969624083,122.3165454060549,122.68121337890625,12109375,POWERGRID
2022-02-15,122.77238168319238,123.89677973542904,120.94902947997664,123.6536636352539,19046061,POWERGRID
2022-02-16,124.05971453917728,125.55892816352073,122.248165272636,122.62297821044922,20270061,POWERGRID
2022-02-17,123.841080796295,124.21588102109767,122.43557042155774,123.06024169921875,16405551,POWERGRID
2022-02-18,122.9352945291309,125.0279404611309,121.96704910692287,122.2481460571289,14600643,POWERGRID
2022-02-21,122.24814297766767,124.30956292381032,122.15445246927096,123.77859497070312,10682638,POWERGRID
2022-02-22,121.31113622196057,123.96598869646405,119.81193558000318,123.77859497070312,13606058,POWERGRID
2022-02-23,123.90352684756009,124.62190125120267,123.43502345939767,123.71613311767578,6493463,POWERGRID
2022-02-24,121.18620559128036,122.43554791696366,118.62505636542306,119.3746566772461,13145037,POWERGRID
2022-02-25,120.28045408420016,123.62244272471366,120.03058304279458,123.24764251708984,10920938,POWERGRID
2022-02-28,123.34133267870573,131.33712972662536,122.46680309978215,130.64999389648438,31938385,POWERGRID
2022-03-02,129.77544715944396,133.14867432054453,128.8072016758703,131.7431640625,20502615,POWERGRID
2022-03-03,131.61822339700177,137.02163209141582,131.61822339700177,136.08462524414062,19805555,POWERGRID
2022-03-04,134.89773465973516,135.86598006099825,131.77437879626393,134.33554077148438,12794317,POWERGRID
2022-03-07,131.49330468071943,134.42925461850626,130.46259452503858,132.9300537109375,17635653,POWERGRID
2022-03-08,133.67965117265013,139.55156362576602,131.05603693415785,132.64894104003906,28410490,POWERGRID
2022-03-09,134.39801681676636,134.92898481707687,129.05707275083628,129.99407958984375,22830958,POWERGRID
2022-03-10,131.8056157361699,132.05548674381396,129.33816971948258,130.4625701904297,16516553,POWERGRID
2022-03-11,130.74369109291365,133.05496951737453,129.77544562081954,132.71139526367188,12992850,POWERGRID
2022-03-14,132.71137961621932,133.67962497415158,130.93106939550648,133.30482482910156,12598659,POWERGRID
2022-03-15,133.17988577610387,134.33553758535282,130.11900726967312,130.96231079101562,14528285,POWERGRID
2022-03-16,131.96181086176045,132.30538515705953,130.52506180192606,130.77493286132812,11933774,POWERGRID
2022-03-17,132.43028211099215,132.8987854675169,129.77542975735196,132.14918518066406,28464621,POWERGRID
2022-03-21,134.9289722372954,134.9289722372954,127.74525380799494,127.99512481689453,17797415,POWERGRID
2022-03-22,128.05760274739126,130.86862329550473,127.46417015971036,130.36888122558594,13285297,POWERGRID
2022-03-23,130.86860804883588,131.55574378319383,130.11900774025762,131.243408203125,9408783,POWERGRID
2022-03-24,131.1809564230705,131.9305568047578,129.93161398094603,131.6494598388672,11188958,POWERGRID
2022-03-25,131.6494465228885,131.68068516436932,129.11952324989377,130.96231079101562,9842670,POWERGRID
2022-03-28,130.96232500894024,132.89880326680384,129.61927933190034,132.61770629882812,12823578,POWERGRID
2022-03-29,133.5859460758307,133.96074628910148,130.99355781150635,131.9930419921875,10470515,POWERGRID
2022-03-30,133.11741952592553,136.61557542420354,132.30535465628918,135.61610412597656,54218485,POWERGRID
2022-03-31,134.64787199692162,135.70980787252137,134.1481299913646,135.4287109375,10326026,POWERGRID
2022-04-01,134.99144520726892,141.01952489287774,134.99144520726892,140.58226013183594,39663961,POWERGRID
2022-04-04,141.17568972096234,142.48749668542547,139.95758597731114,142.05023193359375,9907530,POWERGRID
2022-04-05,143.6431596906382,146.5478837640702,141.7379198597846,145.57965087890625,17167487,POWERGRID
2022-04-06,144.51769783160418,148.95286136999664,144.39276865941216,147.82846069335938,17153675,POWERGRID
2022-04-07,147.39115445908692,149.8586131554296,143.6743661573002,144.51766967773438,11913911,POWERGRID
2022-04-08,145.5483786934995,146.23551442021616,144.0491653840477,145.2985076904297,6746769,POWERGRID
2022-04-11,145.23604357206946,147.14129567885982,142.67489437775328,144.236572265625,12413822,POWERGRID
2022-04-12,143.20588851583324,145.95444464310006,142.79984964891264,145.61087036132812,14769907,POWERGRID
2022-04-13,146.76648273943405,147.0163537431522,142.14392636100084,143.36203002929688,11015439,POWERGRID
2022-04-18,143.36205500920104,144.7988039991991,142.14395112865833,144.3615264892578,19069923,POWERGRID
2022-04-19,145.36096651834535,145.76700529366363,141.4880106052325,142.33131408691406,15036942,POWERGRID
2022-04-20,142.58119295767224,143.04969632993186,139.58276629162387,141.80035400390625,9814641,POWERGRID
2022-04-21,141.23813811919663,142.83105456362145,140.70717020737717,141.95651245117188,11134333,POWERGRID
2022-04-22,140.58226447953655,143.79931112591038,140.36361938328554,140.83212280273438,12032249,POWERGRID
2022-04-25,139.89508241931122,141.73786971932128,138.36464336633975,139.20794677734375,11042683,POWERGRID
2022-04-26,141.80035848491906,145.04864355164727,140.1449773088302,144.67384338378906,15389155,POWERGRID
2022-04-27,144.5177207994895,145.45472786675523,142.08149988280428,143.23715209960938,12680209,POWERGRID
2022-04-28,145.79825958132423,147.57856994682567,143.70561361805173,147.1725311279297,18378146,POWERGRID
2022-04-29,146.86017469867267,147.64101358234169,141.83157991322403,142.2688446044922,9026331,POWERGRID
2022-05-02,141.11321413313928,145.70454450500853,141.11321413313928,144.64260864257812,12634353,POWERGRID
2022-05-04,145.54840497700263,149.57752955908725,145.48594039219694,148.42189025878906,23124643,POWERGRID
2022-05-05,148.92161507103825,150.32712525640235,145.45468486355296,146.0168914794922,16481935,POWERGRID
2022-05-06,144.58014316497608,149.39011899737326,144.58014316497608,148.92161560058594,17715186,POWERGRID
2022-05-09,149.29643738350768,153.95023338153953,147.20379111678804,153.13816833496094,54118806,POWERGRID
2022-05-10,153.5442023809065,155.1371064850129,151.48278211798126,152.20115661621094,30997494,POWERGRID
2022-05-11,152.41978325033992,154.91846822165695,149.10902057975724,149.42135620117188,15412618,POWERGRID
2022-05-12,149.2964177659305,151.10796679944463,145.0174225600395,147.3599395751953,26538994,POWERGRID
2022-05-13,149.82736178155344,149.82736178155344,145.61083182873878,147.6097869873047,15074553,POWERGRID
2022-05-16,147.11004435342608,148.60925753831154,145.54836660020501,146.92263793945312,7960529,POWERGRID
2022-05-17,146.73527222988312,149.48382814173897,145.3922265640818,149.07778930664062,15470937,POWERGRID
2022-05-18,148.35940485724495,148.82790824100468,141.86282206064996,142.36256408691406,19181550,POWERGRID
2022-05-19,139.3016646226559,143.4557302574567,138.45836112301166,142.6124267578125,15085602,POWERGRID
2022-05-20,144.14286849324753,145.61084316037775,141.64418388231368,143.0809326171875,15148281,POWERGRID
2022-05-23,144.92373259426864,144.92373259426864,140.05129167345982,140.30116271972656,11572501,POWERGRID
2022-05-24,140.55101167788064,143.45573512768365,140.30114067088206,141.80035400390625,16336858,POWERGRID
2022-05-25,142.67489358017107,143.2995647318277,139.02056988477312,140.45730590820312,11062614,POWERGRID
2022-05-26,141.80034856573644,143.1121554159609,139.8638705764559,141.92527770996094,14150454,POWERGRID
2022-05-27,142.79982170031036,142.83106034125547,139.551536818635,140.3636016845703,8430491,POWERGRID
2022-05-30,140.2386601626677,143.6118866014694,140.11373102784637,142.5811767578125,9305758,POWERGRID
2022-05-31,142.5812076474158,146.89144165806897,142.5499690024598,145.48593139648438,26351545,POWERGRID
2022-06-01,145.01743999850967,145.54840804400072,142.51875488187446,143.17465209960938,10282009,POWERGRID
2022-06-02,143.2995893491804,143.2995893491804,140.26993628497675,140.8946075439453,10071898,POWERGRID
2022-06-03,141.17568969726562,142.48749666150857,140.5510185039149,141.17568969726562,16082518,POWERGRID
2022-06-06,141.1756867586116,142.08145488652886,139.64524745034646,140.42608642578125,12693293,POWERGRID
2022-06-07,139.89513070946214,141.33187976413302,139.73896288651835,140.55104064941406,9103195,POWERGRID
2022-06-08,139.33290598869021,141.48801638648695,139.33290598869021,140.26991271972656,11240130,POWERGRID
2022-06-09,140.36360269366122,140.98827384531785,138.05232451611846,140.45730590820312,9468041,POWERGRID
2022-06-10,138.70825764704622,142.0814722663724,138.70825764704622,140.20745849609375,9019239,POWERGRID
2022-06-13,138.58330952729216,140.8633620535446,138.3646771390693,138.89564514160156,10186775,POWERGRID
2022-06-14,138.89560939960373,141.98773881095065,138.6769770676415,139.89508056640625,17023962,POWERGRID
2022-06-15,140.08251807231065,141.3630991293572,138.6145432786754,138.8331756591797,5898563,POWERGRID
2022-06-16,139.52032774087863,140.11377308181247,134.71036397209767,135.1476287841797,11883333,POWERGRID
2022-06-17,133.80457193232712,135.49119187303498,131.33712566571447,132.02426147460938,19675226,POWERGRID
2022-06-20,130.6187671389298,131.7431805698412,128.9009210527414,130.08779907226562,7402273,POWERGRID
2022-06-21,130.58753215430735,133.1486817818029,129.49435744790335,131.39959716796875,9459619,POWERGRID
2022-06-22,131.68073938687215,131.96183644007857,130.05658354043166,131.5870361328125,10257637,POWERGRID
2022-06-23,131.24339431352817,132.2428655221801,128.77594857570324,130.27516174316406,13114525,POWERGRID
2022-06-24,132.43029188018667,132.43029188018667,129.7754393307018,130.52503967285156,9499105,POWERGRID
2022-06-27,133.2735856109433,133.2735856109433,130.962307469008,132.14918518066406,17545390,POWERGRID
2022-06-28,130.89984380818137,132.14918610094773,130.15023080714136,131.36834716796875,6770087,POWERGRID
2022-06-29,130.61876048287064,134.30432353086024,130.21272161412296,131.86810302734375,41502918,POWERGRID
2022-06-30,132.11795735008917,134.14813872780923,131.43082157942368,132.36782836914062,22260722,POWERGRID
2022-07-01,131.8368417400599,132.99248074204527,128.18250561012758,128.9945831298828,11133663,POWERGRID
2022-07-04,128.08882791153772,132.52399065664233,128.08882791153772,131.6182098388672,20178279,POWERGRID
2022-07-05,131.80562903831225,134.89774653168993,131.7743903933413,133.77334594726562,20083997,POWERGRID
2022-07-06,133.67963927626715,133.77334249979654,130.05654116556605,131.46205139160156,19203527,POWERGRID
2022-07-07,133.21112948967087,134.49171049566746,132.49275508896469,132.77386474609375,14069302,POWERGRID
2022-07-08,133.67965800786985,137.05288556481574,132.8363542958759,136.67808532714844,17142257,POWERGRID
2022-07-11,137.4276286078136,138.20846740672164,135.05387357554724,135.58485412597656,10826079,POWERGRID
2022-07-12,134.3667656381067,135.52240475662384,133.1486619446095,133.36729431152344,8503695,POWERGRID
2022-07-13,133.99197778058385,135.36624939218189,133.33606791065787,133.9607391357422,10210005,POWERGRID
2022-07-14,136.95917313885857,136.95917313885857,132.96127455105014,134.2106170654297,10898403,POWERGRID
2022-07-15,135.55364585652083,135.55364585652083,130.43134727179697,130.74368286132812,22067479,POWERGRID
2022-07-18,131.39957700145743,132.6801579731531,130.49380889589435,131.3371124267578,15155654,POWERGRID
2022-07-19,131.11847414881996,132.117945425851,130.93106772420367,131.18093872070312,14922395,POWERGRID
2022-07-20,131.99301375072466,132.61768487550998,130.24392951773913,130.71243286132812,14181034,POWERGRID
2022-07-21,131.14971875126784,133.17990023477955,130.8373831384199,132.61770629882812,12461554,POWERGRID
2022-07-22,133.64838462733914,133.64838462733914,130.8686031523205,131.18093872070312,9272199,POWERGRID
2022-07-25,131.1809475587944,131.8056187376458,129.55680503557429,129.869140625,6635194,POWERGRID
2022-07-26,129.86915871979627,131.80563710225348,129.36941662349852,130.61875915527344,11451315,POWERGRID
2022-07-27,131.11853257148678,131.80566858630334,130.8061968639363,131.5870361328125,9209354,POWERGRID
2022-07-28,131.80565274281136,134.17940891845038,131.21222005338709,133.80459594726562,13192642,POWERGRID
2022-07-29,135.17884371534979,136.05338589504984,132.96125597849974,133.6483917236328,15433067,POWERGRID
2022-08-01,134.3355364465149,137.5213567828937,133.77332986739697,136.77174377441406,12136557,POWERGRID
2022-08-02,137.39643747979753,139.55156093533898,135.7722947582824,139.05181884765625,17748747,POWERGRID
2022-08-03,139.52031534828603,140.39485760374043,137.2090369029131,139.67648315429688,12406038,POWERGRID
2022-08-04,139.92634133135877,140.0512704811034,136.86545007294183,137.92739868164062,9712267,POWERGRID
2022-08-05,138.48958629153043,140.39483834712487,136.70927608898873,139.70770263671875,14099223,POWERGRID
2022-08-08,140.55102599023053,141.3631036684282,138.11480566460614,138.6145477294922,8392041,POWERGRID
2022-08-10,137.89616786606894,140.48855589662443,137.77123870923393,139.614013671875,8585266,POWERGRID
2022-08-11,140.33235979799278,141.73786971932128,138.48957249798272,139.20794677734375,5040626,POWERGRID
2022-08-12,139.3016886749479,142.79984513126936,138.67701742528445,142.45628356933594,13279062,POWERGRID
2022-08-16,143.17465658267932,143.64316005671816,141.83162345761076,142.95602416992188,11298246,POWERGRID
2022-08-17,142.95599809553633,144.2678050417847,142.23762369124364,142.73736572265625,11225465,POWERGRID
2022-08-18,142.39378520144172,144.7363020409629,142.26885605358748,144.51766967773438,11360485,POWERGRID
2022-08-19,144.1076453806331,144.8961529890493,142.37292864211744,143.9184112548828,9829530,POWERGRID
2022-08-22,143.88689079590253,145.59007522602522,142.3414207486251,142.53065490722656,9190493,POWERGRID
2022-08-23,141.89984121910274,144.3599878213128,141.4267365969002,143.53994750976562,8903751,POWERGRID
2022-08-24,143.41378914126622,145.05388271895987,142.87760643002977,144.7384796142578,13007225,POWERGRID
2022-08-25,145.40084605925435,145.71624919604233,141.99448961518698,142.75146484375,12124365,POWERGRID
2022-08-26,142.94066174225583,145.84236727709433,142.94066174225583,145.3692626953125,7966045,POWERGRID
2022-08-29,143.9814799436593,144.39150644015666,142.30984135565123,143.22451782226562,7517013,POWERGRID
2022-08-30,143.949952962413,145.24311065550853,143.88687491650714,144.8330841064453,7214498,POWERGRID
2022-09-01,141.9629054939558,145.1484683194376,141.9313600582079,142.625244140625,13109081,POWERGRID
2022-09-02,143.5083926292106,144.3599783264075,141.17441511336975,141.42672729492188,6897237,POWERGRID
2022-09-05,141.93136047196876,142.27830893107966,139.84969538486715,140.9220733642578,18055474,POWERGRID
2022-09-06,141.30056958911584,143.82379404606434,141.30056958911584,141.96292114257812,14103701,POWERGRID
2022-09-07,140.70130132138164,143.1614347671226,140.70130132138164,141.55288696289062,7866745,POWERGRID
2022-09-08,142.5621741244488,143.12990216338233,140.95361348643425,141.55288696289062,7187735,POWERGRID
2022-09-09,142.59371586215508,142.65679390178158,140.35434920204773,140.60667419433594,9162027,POWERGRID
2022-09-12,141.01668506186175,141.74210168778097,140.1650867031204,141.2689971923828,8778919,POWERGRID
2022-09-13,141.48981819227342,143.50839264765008,141.17441513150933,143.06683349609375,11278383,POWERGRID
2022-09-14,141.93137834201698,147.10398344141265,141.74213137071422,146.6939697265625,25072958,POWERGRID
2022-09-15,147.2616838900911,150.28955840597027,146.56779972338893,149.87953186035156,23606369,POWERGRID
2022-09-16,150.384192048473,150.41572465639914,147.23016122880617,148.64947509765625,29399642,POWERGRID
2022-09-19,148.8387135996583,150.19494945853776,146.12625471568393,147.0724639892578,13920046,POWERGRID
2022-09-20,147.60862728160544,149.02794100546703,146.41009312581016,146.78857421875,20162973,POWERGRID
2022-09-21,147.5139912331329,147.82939425601057,141.4898011964384,143.22451782226562,14468837,POWERGRID
2022-09-22,141.3005700034802,142.8145072488456,138.24116290721508,138.84042358398438,26264530,POWERGRID
2022-09-23,137.7049957216049,138.6196595590151,124.96270304708102,127.7697982788086,87162722,POWERGRID
2022-09-26,126.16124312575775,132.05927867512986,117.55073571566771,126.69742584228516,167547134,POWERGRID
2022-09-27,129.81991565500957,131.14460605275772,126.94974243173482,129.22064208984375,54127095,POWERGRID
2022-09-28,129.44141723742462,132.72161692760184,127.76979120190316,131.0184326171875,52877873,POWERGRID
2022-09-29,131.8069174673068,133.79395906824638,129.9775902107985,131.20765686035156,36761869,POWERGRID
2022-09-30,130.57685403642205,137.95727978322873,130.57685403642205,133.85704040527344,62897614,POWERGRID
2022-10-03,134.3616909295237,135.40252349643842,131.83846668671575,132.9739227294922,11740863,POWERGRID
2022-10-04,133.79396076471406,133.9516622773631,131.2076585240257,131.49151611328125,19179333,POWERGRID
2022-10-06,131.7438474893773,133.03700508932593,129.69372772551597,130.1352996826172,20692745,POWERGRID
2022-10-07,128.68444941422476,132.3115846305571,128.68444941422476,132.09080505371094,14282850,POWERGRID
2022-10-10,131.1761396225841,133.6993643353727,130.92382741833288,131.80694580078125,16834226,POWERGRID
2022-10-11,132.46928419494574,133.38394792849277,130.29300823097066,131.42845153808594,17807162,POWERGRID
2022-10-12,132.75312433038795,136.22255750715894,132.05924026179008,135.97024536132812,35288330,POWERGRID
2022-10-13,135.59175882512372,137.07416334803602,134.5193936458677,134.96095275878906,16436903,POWERGRID
2022-10-14,137.51574050678266,137.51574050678266,133.447045978513,134.14093017578125,23365190,POWERGRID
2022-10-17,133.69935429144135,135.5917726838682,133.1000936006863,133.6362762451172,9520537,POWERGRID
2022-10-18,134.33017181766385,135.62332962903596,133.44705342664204,133.95169067382812,13256574,POWERGRID
2022-10-19,134.36170004069962,136.82184641101833,134.33015460201253,134.92942810058594,11595367,POWERGRID
2022-10-20,134.0778325345096,137.51572041127875,133.95166362285386,137.2003173828125,16371066,POWERGRID
2022-10-21,135.84409335763243,138.0834601838858,134.9925076750372,137.0741729736328,11634491,POWERGRID
2022-10-24,138.6511992119274,138.9350568506398,137.8942241190541,138.0519256591797,1132859,POWERGRID
2022-10-25,138.05192582992643,138.3988743521455,135.1502200547836,137.83114624023438,20622687,POWERGRID
2022-10-27,138.3358122019068,141.8367790991255,137.10573234576052,141.23751831054688,24298489,POWERGRID
2022-10-28,141.17441513150933,144.45460182994228,140.79592119156575,143.06683349609375,11669879,POWERGRID
2022-10-31,143.7922423372666,145.24310147026551,143.0037347288504,143.9184112548828,11755682,POWERGRID
2022-11-01,145.4954331483846,148.80716525570543,144.9592505168131,148.3340606689453,15220278,POWERGRID
2022-11-02,148.3340264418439,149.21715736677612,146.88316757704237,147.1670379638672,12884449,POWERGRID
2022-11-03,146.97783196780762,147.3563130885216,143.00374811585118,143.8553466796875,9358215,POWERGRID
2022-11-04,143.82380339563997,144.73846718723019,141.93138492990786,142.6568145751953,8059667,POWERGRID
2022-11-07,143.38226278914323,146.28396891229323,142.81453460914338,143.82382202148438,14862038,POWERGRID
2022-11-09,145.7162373046875,145.7162373046875,137.5473018620298,137.98886108398438,22831150,POWERGRID
2022-11-10,136.25412588465235,138.8719739255818,134.6771105387652,135.56024169921875,16217631,POWERGRID
2022-11-11,136.25411458583824,137.42110327826597,134.70864480853973,135.0240478515625,12123886,POWERGRID
2022-11-14,136.25125296270602,138.02746040571267,135.79913268805456,136.50961303710938,18460862,POWERGRID
2022-11-15,135.6376541985406,139.83596254278112,135.41159406969078,139.5130157470703,15258103,POWERGRID
2022-11-16,139.48070005025892,140.449540327915,137.86596625416544,140.22348022460938,9825807,POWERGRID
2022-11-17,140.09429692467356,142.387210869428,139.6744635390678,140.99855041503906,9449665,POWERGRID
2022-11-18,141.03085327148438,141.3215132518961,140.06201295158766,141.03085327148438,5828998,POWERGRID
2022-11-21,140.4818613488235,141.77364857961726,139.8359677334266,141.48300170898438,4712051,POWERGRID
2022-11-22,141.12771830155998,141.57983845858874,140.09429141354013,140.67559814453125,4366445,POWERGRID
2022-11-23,140.96628743846483,141.32153419804212,138.3827128691459,138.96401977539062,13510578,POWERGRID
2022-11-24,139.12546597000403,142.74246703133846,138.93169265891547,142.58099365234375,7622243,POWERGRID
2022-11-25,142.58100226198064,142.67788892337535,139.9005413806633,142.48411560058594,10989671,POWERGRID
2022-11-28,141.54760523091733,143.51757310708635,141.54760523091733,142.936279296875,4526153,POWERGRID
2022-11-29,142.93624281610929,143.54983641061332,141.1600356164279,141.67674255371094,6476054,POWERGRID
2022-11-30,141.67675277632466,145.2937541612385,140.57873895722634,144.68016052246094,17317951,POWERGRID
2022-12-01,144.68015002343944,145.22915689314877,142.4195226793232,143.3237762451172,13241961,POWERGRID
2022-12-02,141.1600402908808,143.06542100279444,141.1600402908808,141.9674072265625,12880949,POWERGRID
2022-12-05,141.90280260151593,143.54983635138132,140.28806878429006,143.3237762451172,16477957,POWERGRID
2022-12-06,143.0977210872581,144.77704168709744,141.70904732827518,144.35720825195312,11299945,POWERGRID
2022-12-07,143.9373654430994,144.744732327053,142.38721839776107,142.77476501464844,5813973,POWERGRID
2022-12-08,143.25917193494882,143.29145872288754,140.09429141354013,140.67559814453125,11176439,POWERGRID
2022-12-09,141.06316614898097,141.4183997477631,139.31924552870308,140.2880859375,6020031,POWERGRID
2022-12-12,139.51299789687576,140.8047849144394,138.60874435643376,139.22235107421875,8194429,POWERGRID
2022-12-13,139.22236692264448,140.02973390052867,137.6076329668761,139.706787109375,8235450,POWERGRID
2022-12-14,139.70676861502164,142.45181597643906,139.70676861502164,141.57984924316406,10055353,POWERGRID
2022-12-15,141.77364213113836,142.35494898670305,139.4484278496182,139.73907470703125,5385778,POWERGRID
2022-12-16,138.867111926228,140.93396601023022,137.31696479285745,137.70449829101562,11166617,POWERGRID
2022-12-19,138.2535271390297,141.57986858951324,137.8982804109496,141.3861083984375,7758862,POWERGRID
2022-12-20,141.3861034634838,141.3861034634838,138.15663565089045,140.35267639160156,6541929,POWERGRID
2022-12-21,140.1912122084553,140.9662792780873,138.1243447882049,139.54531860351562,7005861,POWERGRID
2022-12-22,139.57759147244974,140.15889828704124,137.4784374658466,138.8671112060547,6961415,POWERGRID
2022-12-23,137.83368103282575,139.06088135998394,135.9282872472877,136.44500732421875,4554651,POWERGRID
2022-12-26,136.60648992768648,138.38269724353108,136.25124320822223,136.83255004882812,6864331,POWERGRID
2022-12-27,137.54303387298415,138.99629444138463,136.80026676172596,137.34927368164062,13115851,POWERGRID
2022-12-28,137.25236293752943,141.06313705429517,137.25236293752943,139.3515167236328,16815549,POWERGRID
2022-12-29,138.2535030764271,139.8359368281182,137.89825641017663,139.3515167236328,22536873,POWERGRID
2022-12-30,139.54529553602447,139.99741572844906,137.7367884848524,138.02743530273438,4643134,POWERGRID
2023-01-02,138.57645206214522,139.19004561482546,137.57531190699686,138.89939880371094,5959394,POWERGRID
2023-01-03,139.02859380465787,139.64218745249448,138.44728695154294,139.25465393066406,2873110,POWERGRID
2023-01-04,139.12547604462205,139.12547604462205,135.96059495899658,136.3158416748047,9954542,POWERGRID
2023-01-05,136.86487770583062,136.86487770583062,133.44163583834163,134.86260986328125,21273509,POWERGRID
2023-01-06,134.4427461010373,135.83141987243118,134.05521259618595,134.4104461669922,11510471,POWERGRID
2023-01-09,135.12092217452766,136.8971293945791,131.92375443473009,135.05633544921875,52485126,POWERGRID
2023-01-10,135.57309229218976,137.2201133674559,134.99178532532005,136.80029296875,17248326,POWERGRID
2023-01-11,137.0586138996733,137.60763396119248,135.70223999517478,136.8971405029297,9164361,POWERGRID
2023-01-12,137.93055432398603,138.15661440796097,136.5418807499454,137.89825439453125,21179555,POWERGRID
2023-01-13,137.96284664125614,139.09316024716182,137.76908647897145,138.22120666503906,6560245,POWERGRID
2023-01-16,138.86710810821774,139.4484149098415,137.38154774192787,139.2869415283203,8362194,POWERGRID
2023-01-17,139.2869639046397,141.25693159122912,138.80254368225448,141.06317138671875,13000571,POWERGRID
2023-01-18,140.9985622346387,142.19346263173142,139.77136190489315,141.67674255371094,11171369,POWERGRID
2023-01-19,141.32150655247978,142.9039404103332,141.22461989693548,142.58099365234375,11586815,POWERGRID
2023-01-20,142.74246410613364,144.61555789223482,142.74246410613364,144.1957244873047,10112645,POWERGRID
2023-01-23,144.68015995856877,147.45750757121164,144.38951310780448,145.39064025878906,14393610,POWERGRID
2023-01-24,146.13341563050696,146.3594757447712,142.4195277194554,142.71017456054688,6150893,POWERGRID
2023-01-25,142.5487144775421,142.9039612193548,140.67563352104355,141.7090606689453,5790331,POWERGRID
2023-01-27,141.64445203141153,143.03311256563674,140.15889170177988,141.61215209960938,10458603,POWERGRID
2023-01-30,140.80479812877377,141.35380503461445,135.99289629305366,136.83255004882812,24288177,POWERGRID
2023-01-31,137.3169568529425,142.22574487416614,137.026310031314,139.93283081054688,20997546,POWERGRID
2023-02-01,145.32603508443268,145.32603508443268,137.96284667867408,139.8682403564453,20246369,POWERGRID
2023-02-02,139.51301538170168,140.22349570225705,136.50960756130897,137.38156127929688,12820663,POWERGRID
2023-02-03,137.70449097662717,138.96399120466322,135.89599703437065,138.7702178955078,10815686,POWERGRID
2023-02-06,137.865950455655,140.3849375170493,137.60760359047467,140.19117736816406,6948201,POWERGRID
2023-02-07,140.80479191894705,140.93396537083447,138.93169802215294,140.06201171875,10035526,POWERGRID
2023-02-08,140.72314288831643,140.9876006324336,139.13640987449295,140.1611785888672,12432719,POWERGRID
2023-02-09,140.1611650273853,141.45037791025754,140.1611650273853,140.72312927246094,7011082,POWERGRID
2023-02-10,140.0950631756082,141.78095602172937,140.06200091453795,141.549560546875,10892159,POWERGRID
2023-02-13,141.54957606128193,143.136309199863,141.4834649827745,142.8057403564453,7710133,POWERGRID
2023-02-14,143.49992982450613,143.49992982450613,140.6570325984511,142.14459228515625,6010681,POWERGRID
2023-02-15,140.98761898654323,142.27683216198793,140.82233455631282,141.8140411376953,8107497,POWERGRID
2023-02-16,143.40074882079995,143.40074882079995,141.48344708139035,141.880126953125,3963115,POWERGRID
2023-02-17,141.48346422173327,142.73962851013974,140.82232653845415,141.3512420654297,6491149,POWERGRID
2023-02-20,142.5412416029812,143.46683678856667,141.6156464173957,142.67347717285156,6841917,POWERGRID
2023-02-21,143.8305147951381,144.62387467011882,142.83880822597158,143.59910583496094,6701434,POWERGRID
2023-02-22,142.80574120013722,143.66522557845332,140.8223281279131,141.9132080078125,9128659,POWERGRID
2023-02-23,142.14460080002564,142.73962740052744,140.55786768231437,140.98760986328125,10345874,POWERGRID
2023-02-24,140.42562553445646,142.40903828649434,140.42562553445646,142.17764282226562,9808830,POWERGRID
2023-02-27,143.10322780541827,145.41720940001375,141.84707712905524,144.92135620117188,17763618,POWERGRID
2023-02-28,145.84697107830056,147.43370421745377,144.6238690473902,146.93785095214844,36559278,POWERGRID
2023-03-01,146.47505522410228,146.9378462097652,143.73133122112299,144.72303771972656,12896085,POWERGRID
2023-03-02,144.1280155296412,146.11142858738856,142.67351800097876,145.6816864013672,79708558,POWERGRID
2023-03-03,145.71474020281605,149.05347725224652,145.71474020281605,146.8386688232422,9951869,POWERGRID
2023-03-06,148.0948427824149,151.26830907953322,147.43370509142196,150.17742919921875,15659957,POWERGRID
2023-03-08,150.0451986919765,150.97079418101268,149.2187765501373,150.7724609375,11591495,POWERGRID
2023-03-09,151.4005166183389,152.3591607973609,149.08653492329879,149.28488159179688,13941653,POWERGRID
2023-03-10,146.93783409259456,150.83854868894048,146.93783409259456,149.78073120117188,9605434,POWERGRID
2023-03-13,150.77244178001718,152.0947170389487,149.02042437175703,149.48321533203125,13209653,POWERGRID
2023-03-14,148.8551652947587,150.57412073370477,148.09485420131665,148.88821411132812,9583405,POWERGRID
2023-03-15,149.8137716759864,152.09470437830188,149.21874516882244,150.93771362304688,12228069,POWERGRID
2023-03-16,151.69802879052733,153.9789617592446,150.97078006388935,153.4831085205078,18437817,POWERGRID
2023-03-17,154.673162301633,154.70622456757684,150.93774499051398,151.8633270263672,33711025,POWERGRID
2023-03-20,148.95431604527292,151.66497768588337,148.95431604527292,150.4088134765625,9281411,POWERGRID
2023-03-21,150.24354461150614,150.54105120068144,147.07007822285786,147.5328826904297,11272787,POWERGRID
2023-03-22,147.4336857736154,148.55761432068599,145.9791884243618,148.1609344482422,7589846,POWERGRID
2023-03-23,148.09483660629337,148.42540543800382,146.27670803188573,146.87173461914062,17091298,POWERGRID
2023-03-24,147.4336977268704,148.26011979933045,145.9792002596928,147.03701782226562,10371666,POWERGRID
2023-03-27,147.36759411465798,149.58240269084348,145.15278553847247,145.5164031982422,19983733,POWERGRID
2023-03-28,146.27670451302913,147.4998064707587,144.59079813151007,146.8386688232422,8689166,POWERGRID
2023-03-29,146.83867286654856,147.89649044152677,145.81391755520852,147.070068359375,19743258,POWERGRID
2023-03-31,148.09483661128763,149.91296518575655,147.43369894784436,149.21876525878906,10202058,POWERGRID
2023-04-03,150.30966012839792,150.30966012839792,147.99567807489007,148.4915313720703,7643214,POWERGRID
2023-04-05,149.8138207603965,149.8138207603965,147.8965184761923,149.1857452392578,12019382,POWERGRID
2023-04-06,150.21044698160773,150.34268256301652,148.52455428838894,148.92123413085938,4282875,POWERGRID
2023-04-10,148.8881878724991,151.6649739699449,148.7559657277595,151.43357849121094,4145643,POWERGRID
2023-04-11,151.33439615082648,153.38391997759274,151.03687616654966,152.9541778564453,5106602,POWERGRID
2023-04-12,152.98725779545921,153.08643113501205,150.11131165370793,150.27659606933594,9118795,POWERGRID
2023-04-13,150.27660005366187,153.15254627166394,150.07825336929739,152.8550262451172,11428621,POWERGRID
2023-04-17,153.78063867285695,158.60694965058784,153.5823054174665,156.458251953125,21815047,POWERGRID
2023-04-18,156.62349997226065,157.02017984168492,151.83025237709344,152.25999450683594,13482833,POWERGRID
2023-04-19,151.40053478866892,152.9872679744469,151.16913928156987,152.0286102294922,8264190,POWERGRID
2023-04-20,152.62361498515398,153.97895246961838,151.83025523139085,152.65667724609375,7308750,POWERGRID
2023-04-21,153.25171019109766,153.61532782223466,151.79719931391048,153.08642578125,5030650,POWERGRID
2023-04-24,152.7228004537574,153.58228479770204,152.02860052588824,153.3508758544922,5725067,POWERGRID
2023-04-25,152.92114060235357,154.64009576594853,152.49139844873494,153.9789581298828,8338703,POWERGRID
2023-04-26,154.73926785260252,158.34246255972675,153.38393032925515,157.54910278320312,13581018,POWERGRID
2023-04-27,157.35077531077187,157.5491220045413,154.3756556095178,155.9954376220703,9794457,POWERGRID
2023-04-28,156.65657274310405,157.31771044356177,154.111195286518,156.85491943359375,10585487,POWERGRID
2023-05-02,157.8135555779075,159.43335093099844,157.51604900840113,158.73915100097656,6732907,POWERGRID
2023-05-03,158.6730323397218,159.99530760921948,157.87967255837503,158.4746856689453,4789217,POWERGRID
2023-05-04,158.44161989931314,159.13580627097107,155.33426527805415,157.91270446777344,9189783,POWERGRID
2023-05-05,157.8796887048376,159.66475512086757,157.48299532271452,159.36724853515625,3896441,POWERGRID
2023-05-08,159.89611394021497,162.80512185335402,159.40026077720984,161.81341552734375,8758321,POWERGRID
2023-05-09,161.35067117718623,163.2349110500952,160.45812446554564,160.92092895507812,9166941,POWERGRID
2023-05-10,162.07789926608694,163.92907663472903,161.71426817446937,163.73074340820312,9689409,POWERGRID
2023-05-11,163.76376694661354,164.75547327883174,163.0365183264958,164.32574462890625,12616726,POWERGRID
2023-05-12,164.52409142691877,165.01994463402272,159.4333372143364,159.83001708984375,13853807,POWERGRID
2023-05-15,160.92090490395182,162.40846459984743,160.22670499884862,160.8217315673828,12187763,POWERGRID
2023-05-16,161.02008156373688,161.68121922000205,158.67303750364346,159.06971740722656,11418509,POWERGRID
2023-05-17,159.26807089559776,159.92920858013667,156.9871378134102,157.8796844482422,11560929,POWERGRID
2023-05-18,159.33417233109228,159.33417233109228,155.10288871594125,155.79708862304688,14497723,POWERGRID
2023-05-19,155.79711549365678,157.02021765680706,153.3839599847547,154.5078887939453,10071694,POWERGRID
2023-05-22,155.16898701909807,158.01188403693416,153.8136630298943,154.93759155273438,12566129,POWERGRID
2023-05-23,154.7392595403759,156.39210352841292,154.27645515319827,154.77230834960938,12458561,POWERGRID
2023-05-24,157.21851533915893,157.25156414625175,155.26815148907588,155.896240234375,8877971,POWERGRID
2023-05-25,157.15241882951682,158.8713875327775,156.2268368519215,157.3177032470703,12502747,POWERGRID
2023-05-26,157.25158760824382,157.2846498711475,155.2351258431183,156.88796997070312,6811801,POWERGRID
2023-05-29,157.48296202401224,157.5821353485735,154.77230070764762,155.03675842285156,13638297,POWERGRID
2023-05-30,155.96237191307023,155.96237191307023,154.50786103503765,155.43345642089844,9469926,POWERGRID
2023-05-31,155.36735141086436,155.49957356362788,152.0616630829736,154.60704040527344,48104157,POWERGRID
2023-06-01,154.01204271063486,154.7723538588695,152.0947538814554,154.04510498046875,8804790,POWERGRID
2023-06-02,154.7062101147865,155.43345883968001,154.11118353955365,155.10289001464844,6617781,POWERGRID
2023-06-05,156.32600243591284,157.35077124242383,155.23513600102928,155.7640380859375,27428302,POWERGRID
2023-06-06,156.32598659761953,156.68961767299302,155.00371134299513,155.56568908691406,6898603,POWERGRID
2023-06-07,156.49130534924683,158.7061276475284,156.1276876449504,158.14414978027344,11153571,POWERGRID
2023-06-08,158.17719807067618,162.2762465170246,158.17719807067618,159.76393127441406,19300834,POWERGRID
2023-06-09,161.02007977914903,162.30929281422576,159.8630888935079,161.91261291503906,11037141,POWERGRID
2023-06-12,161.97873992608427,162.93738423100862,159.46641123259252,159.76393127441406,8188909,POWERGRID
2023-06-13,159.99529909620097,160.95394323522748,159.63166803608533,160.16058349609375,6443218,POWERGRID
2023-06-14,160.06142015692961,163.43321943503224,160.06142015692961,162.97042846679688,10297426,POWERGRID
2023-06-15,163.26794677389535,163.26794677389535,161.18537381609056,162.9373779296875,9732749,POWERGRID
2023-06-16,162.90432911579515,163.53240453943775,161.64816481762924,162.9373779296875,9702361,POWERGRID
2023-06-19,162.93737319897738,164.1604886477391,160.25977370916357,160.72256469726562,10431647,POWERGRID
2023-06-20,161.21843029506243,165.08608326600427,161.15231921325378,164.4580078125,13426365,POWERGRID
2023-06-21,164.49105116176347,171.2677120108771,164.45798889922077,170.7057342529297,31172093,POWERGRID
2023-06-22,170.57352712018223,170.57352712018223,167.06949191914393,167.6314697265625,7430965,POWERGRID
2023-06-23,167.6645066959216,168.35870661434697,164.9869072624524,165.35052490234375,5593393,POWERGRID
2023-06-26,165.28444654744874,165.44973099399618,163.40020654698438,164.29273986816406,7305362,POWERGRID
2023-06-27,164.02823511408488,165.31746149867226,163.73072857580715,164.9868927001953,11142907,POWERGRID
2023-06-28,165.81331757510975,166.9372461290926,162.93735821772708,165.38357543945312,17808717,POWERGRID
2023-06-30,169.58180313533074,171.6974381839577,166.0777682944828,168.68927001953125,17659979,POWERGRID
2023-07-03,168.2926187467596,168.55706308464596,164.95386774668438,165.61500549316406,12467239,POWERGRID
2023-07-04,166.93724497872125,166.93724497872125,164.75548550557843,165.0199432373047,8637967,POWERGRID
2023-07-05,165.08606149248874,167.89589643125356,164.95383934631047,167.43310546875,5340907,POWERGRID
2023-07-06,171.86274891344476,174.27590433750208,168.19344255300405,173.68087768554688,16705046,POWERGRID
2023-07-07,173.5817074196283,173.5817074196283,168.39176574668474,168.8876190185547,13149183,POWERGRID
2023-07-10,168.88761888722578,169.51570776830116,164.29271728515624,165.284423828125,15319047,POWERGRID
2023-07-11,166.6066822300296,168.8545528550551,165.31746923598234,167.598388671875,7486045,POWERGRID
2023-07-12,167.92896832629444,168.4248215792264,166.044728655329,166.63975524902344,9390877,POWERGRID
2023-07-13,166.4414082261968,166.73891479699378,159.79696927018122,160.72256469726562,30591450,POWERGRID
2023-07-14,160.65643573175822,161.5820310557795,156.49126349910185,158.70608520507812,72085831,POWERGRID
2023-07-17,160.32588927082995,161.94567122537885,158.14412952101895,159.3341827392578,11474161,POWERGRID
2023-07-18,159.3341610207707,161.11922715392984,158.40856569395973,159.43333435058594,14940593,POWERGRID
2023-07-19,159.3341718714872,162.77208223276074,159.03666531265998,160.8217315673828,22954874,POWERGRID
2023-07-20,161.28453295272453,162.54069724500292,160.193666532656,161.48287963867188,10249082,POWERGRID
2023-07-21,160.82173319801637,162.83820840880594,160.1275332858744,161.38369750976562,18466409,POWERGRID
2023-07-24,161.3506534292743,164.06131518081338,160.5572801562929,163.5985107421875,14825562,POWERGRID
2023-07-25,164.59021261001217,166.27611899809835,164.06131056046667,166.0447235107422,10500017,POWERGRID
2023-07-26,167.86285859079237,169.01984952354573,165.28441896476593,165.945556640625,12898171,POWERGRID
2023-07-27,166.60669198856132,167.53228741200715,165.0860699749803,165.74720764160156,10836773,POWERGRID
2023-07-28,166.47446409321137,172.65609837271467,165.35052202819634,170.7057342529297,17518458,POWERGRID
2023-07-31,173.21804779270914,176.5237357276845,171.3338083599489,175.89566040039062,24269734,POWERGRID
2023-08-01,173.21807095461924,173.21807095461924,165.61498768752716,166.47447204589844,31395702,POWERGRID
2023-08-02,167.2016903021634,167.79671679166992,163.0365183264958,164.32574462890625,20825405,POWERGRID
2023-08-03,164.62328870865116,165.6811063475265,162.70598667206897,164.42494201660156,10882019,POWERGRID
2023-08-04,163.962136570205,164.65633648039048,163.0365411735843,163.5323944091797,7406390,POWERGRID
2023-08-07,164.49107023032101,164.59023012768463,162.63987923268587,163.92909240722656,6345966,POWERGRID
2023-08-08,165.3109081102454,165.3109081102454,162.2102781218445,162.78321838378906,15171726,POWERGRID
2023-08-09,163.79429344769113,164.131318742851,161.60362902915205,162.008056640625,18442141,POWERGRID
2023-08-10,162.14284949223742,163.55835276662262,161.8058242500699,162.98541259765625,9962450,POWERGRID
2023-08-11,165.47941795747676,165.9849558942104,163.65948687067336,164.67056274414062,23866073,POWERGRID
2023-08-14,165.04127383565793,165.34460481023132,162.27766933324148,164.80535888671875,9188486,POWERGRID
2023-08-16,164.87275959279646,167.6026697693983,163.82798948235865,167.1982421875,9191471,POWERGRID
2023-08-17,167.19822860867882,167.70376647339333,163.25502229303194,164.26609802246094,15301142,POWERGRID
2023-08-18,164.23243437447994,164.23243437447994,161.8395492161803,162.44619750976562,12292241,POWERGRID
2023-08-21,163.32245320391914,166.96231519086442,162.91801190439767,166.6252899169922,9129526,POWERGRID
2023-08-22,167.16452873947875,168.61374009828555,166.28825757919753,167.02972412109375,11107830,POWERGRID
2023-08-23,168.5126344324199,168.5126344324199,166.62528744133948,168.24301147460938,8487619,POWERGRID
2023-08-24,168.5126276439274,170.2988642396716,165.6816209849465,166.01864624023438,18982087,POWERGRID
2023-08-25,165.91753636817154,166.76009950866236,162.7157964343064,163.12022399902344,12851343,POWERGRID
2023-08-28,163.7942784883127,167.8385816608636,163.4909612358086,167.50155639648438,11908665,POWERGRID
2023-08-29,168.24299703248556,170.53477140675724,167.56894655261695,169.28778076171875,12363321,POWERGRID
2023-08-30,169.38889692832117,169.59110385111214,166.11974101714472,166.55787658691406,6748007,POWERGRID
2023-08-31,167.06342411247465,168.24301256111934,164.16501500967513,164.8390655517578,20715819,POWERGRID
2023-09-01,166.49045714575206,170.26513683224925,165.27716087949634,169.99551391601562,13120723,POWERGRID
2023-09-04,170.9391999813836,172.89394912749282,169.05186685454098,172.15249633789062,10240031,POWERGRID
2023-09-05,172.08509173469417,173.2309720566359,170.5347701569217,171.41104125976562,10893186,POWERGRID
2023-09-06,173.0287582792498,173.39949154057533,169.961836725055,171.5458526611328,10018473,POWERGRID
2023-09-07,171.20883594319977,173.70281743803744,169.96184519578097,173.23098754882812,13760453,POWERGRID
2023-09-08,174.07353197944806,176.12939137596828,173.29837120468184,174.34315490722656,16781751,POWERGRID
2023-09-11,175.48904930688582,178.62338695273732,173.63541038567817,178.28636169433594,17683806,POWERGRID
2023-09-12,182.44301153454361,183.56642909325384,171.34364056904911,171.92782592773438,29826173,POWERGRID
2023-09-13,173.6354217529297,174.89365769482254,171.9278324840104,173.6354217529297,10692151,POWERGRID
2023-09-14,174.53416005679796,175.83732176340612,174.0847930053059,175.38795471191406,10941807,POWERGRID
2023-09-15,176.2866686316483,176.33160807437116,172.73667207402275,174.44427490234375,20516593,POWERGRID
2023-09-18,175.4778196426439,180.19617330781102,174.44428099190165,179.83668518066406,25627043,POWERGRID
2023-09-20,178.5784388878821,185.09426023575253,178.35375539312795,183.9259033203125,33369524,POWERGRID
2023-09-21,184.24048963454445,184.7347961299413,180.10630730852682,181.18479919433594,20332556,POWERGRID
2023-09-22,180.2411155302662,182.35313230859612,176.51136101406078,178.98287963867188,21193988,POWERGRID
2023-09-25,179.7468068930757,180.33097853004097,176.78098183662132,178.75819396972656,11951847,POWERGRID
2023-09-26,178.9379206479564,179.79171508958981,177.5898198305592,178.2638702392578,7440011,POWERGRID
2023-09-27,179.11770398612438,179.3873269514875,177.32023583516198,179.1626434326172,6736870,POWERGRID
2023-09-28,179.8366658301887,183.74615021822405,177.76957503753073,180.42083740234375,50185120,POWERGRID
2023-09-29,180.60061870440865,181.4544133758464,178.9379688102603,179.5221405029297,16293959,POWERGRID
2023-10-03,178.62337155154623,179.74678898268803,176.9607082680197,179.3423614501953,10830728,POWERGRID
2023-10-04,178.75817409962247,179.20754106690518,175.61260532864355,178.84805297851562,14120040,POWERGRID
2023-10-05,179.29745502654455,179.29745502654455,175.56771395378595,176.69113159179688,14575590,POWERGRID
2023-10-06,177.05059583615105,177.45502338848976,175.11832324520358,177.0955352783203,12857229,POWERGRID
2023-10-09,176.60122462959046,176.9607127311859,174.1297062187438,176.3765411376953,7853369,POWERGRID
2023-10-10,176.3765434059175,178.4436343006543,175.8822369746729,177.90438842773438,7440527,POWERGRID
2023-10-11,177.36515829702066,178.98286850709863,177.36515829702066,178.39869689941406,10031916,POWERGRID
2023-10-12,177.36514750960865,181.54425482078923,177.36514750960865,180.42083740234375,21872719,POWERGRID
2023-10-13,180.1512360282154,181.90376466790298,179.11769736505417,181.36453247070312,13105921,POWERGRID
2023-10-16,180.01641194879164,183.20692019666004,179.83666790248745,182.48793029785156,18336656,POWERGRID
2023-10-17,182.9373255356157,187.83542355055496,182.08353089855922,186.17276000976562,19378328,POWERGRID
2023-10-18,187.34113669276044,187.34113669276044,183.3417723427096,185.58860778808594,14923328,POWERGRID
2023-10-19,183.34174860233423,186.39743892693576,181.72402454841847,184.95947265625,13192888,POWERGRID
2023-10-20,184.42022912467266,184.42022912467266,180.55566986621426,182.30821228027344,22081120,POWERGRID
2023-10-23,181.5442922733006,184.37529926638217,178.84808991280605,179.5221405029297,6988219,POWERGRID
2023-10-25,178.84807255871613,180.15123416378717,177.76959446188468,179.2974395751953,16817158,POWERGRID
2023-10-26,178.62338704166396,179.74680457022788,176.42149142839725,178.80313110351562,11070090,POWERGRID
2023-10-27,179.0727560828429,181.36453060980867,178.98287719410186,180.60060119628906,9995487,POWERGRID
2023-10-30,180.60059209933235,181.7240095840428,177.63476719697832,180.51072692871094,7679981,POWERGRID
2023-10-31,181.09492072902216,182.398082428274,180.24112607872573,181.67909240722656,7474770,POWERGRID
2023-11-01,181.85883707069823,181.85883707069823,180.1961736241405,180.60060119628906,5598615,POWERGRID
2023-11-02,181.3195862929949,183.02717542444353,180.5556569000037,182.5328826904297,12924797,POWERGRID
2023-11-03,182.80251405126242,185.5885953015171,182.532904786833,183.7012481689453,8684015,POWERGRID
2023-11-06,184.24046334830751,187.79045977742237,184.19552390721148,187.1164093017578,9804415,POWERGRID
2023-11-07,187.11642008654263,187.92528893211588,184.91452448184674,186.93667602539062,10730361,POWERGRID
2023-11-08,187.83541671089503,188.37466262708134,185.7233862050242,186.03794860839844,7435543,POWERGRID
2023-11-09,186.30756256346194,189.18350864576215,185.22908449679846,188.5543975830078,13777877,POWERGRID
2023-11-10,189.18352851431638,191.43036376983082,188.37467330776883,189.7677001953125,12066023,POWERGRID
2023-11-13,190.5316160595482,193.31769706283734,189.36325906740785,190.80123901367188,11352269,POWERGRID
2023-11-15,193.22780759185588,193.22780759185588,188.55439359281783,188.8689422607422,19182861,POWERGRID
2023-11-16,189.37286160505013,191.34264095784394,188.45668906319727,189.83094787597656,27533260,POWERGRID
2023-11-17,190.28901242730953,193.03752973915226,189.5560716815484,191.93812561035156,16705395,POWERGRID
2023-11-20,192.48785415003445,193.49563554525145,191.34263848750376,191.75491333007812,11156900,POWERGRID
2023-11-21,192.39620317214857,192.53362343968473,190.51804696429372,191.43421936035156,9608081,POWERGRID
2023-11-22,190.74712645335822,194.77829415287323,190.74712645335822,193.86212158203125,13079580,POWERGRID
2023-11-23,194.27438620771517,195.2363701523543,191.7091003485718,193.2207794189453,11382709,POWERGRID
2023-11-24,193.58725442370394,194.320195228643,191.93814110751185,192.80850219726562,7250200,POWERGRID
2023-11-28,196.47316998763924,196.47316998763924,191.93811936656132,192.57943725585938,15629209,POWERGRID
2023-11-29,192.67105552511939,193.72464817689198,191.5716514581216,193.35818481445312,10062023,POWERGRID
2023-11-30,192.7626665386992,194.96148867704684,190.79290147904734,191.43421936035156,60354322,POWERGRID
2023-12-01,193.7704641815166,194.640825172684,191.89230795025117,192.57943725585938,20719909,POWERGRID
2023-12-04,193.95371166215713,196.15253400697864,193.95371166215713,195.05311584472656,27914088,POWERGRID
2023-12-05,195.7860715926838,204.53552226139232,193.8163061974935,203.6651611328125,40709207,POWERGRID
2023-12-06,207.0549776088824,207.2840207257064,203.8483739733466,205.58909606933594,29544730,POWERGRID
2023-12-07,206.1387883061948,212.91845841861493,205.45165901184083,210.7196502685547,24534268,POWERGRID
2023-12-08,212.36877601202315,213.83464353942415,207.467247828666,209.43702697753906,22206320,POWERGRID
2023-12-11,208.88733595810496,213.37657574427863,207.55888859115015,211.5900421142578,19106395,POWERGRID
2023-12-12,210.7196891599745,213.74306140907612,210.26160287919194,211.95652770996094,14355329,POWERGRID
2023-12-13,211.6358431825346,217.59096431104746,211.26937978188377,217.08706665039062,26878281,POWERGRID
2023-12-14,217.36191350140484,217.68257945039252,211.72745853254582,212.6436309814453,29972018,POWERGRID
2023-12-15,215.30054124180245,218.14068163303568,208.10858139993707,217.45355224609375,41341690,POWERGRID
2023-12-18,217.04124083891335,217.04124083891335,212.0481039427949,212.41458129882812,29051897,POWERGRID
2023-12-19,212.68942661065938,214.7508146031457,211.49841362096845,213.97207641601562,12612164,POWERGRID
2023-12-20,215.25471418525902,215.66698899154235,207.23820525320767,208.1085662841797,20400245,POWERGRID
2023-12-21,205.6348949665677,213.65140356724453,204.03159324643235,212.87266540527344,17755207,POWERGRID
2023-12-22,213.46821378607066,214.56761809976163,211.17778230767934,212.322998046875,9735375,POWERGRID
2023-12-26,212.55202563607276,216.03348402432442,211.68166453393067,213.7888641357422,6772092,POWERGRID
2023-12-27,215.30052153699324,216.07927369612747,213.01009045681246,214.43016052246094,10231881,POWERGRID
2023-12-28,215.39216418269893,219.8355924991234,214.47599166636195,219.05685424804688,39164340,POWERGRID
2023-12-29,217.8658101328795,218.278084937034,215.0714813807712,217.31610107421875,12665999,POWERGRID
2024-01-01,217.95741023725253,219.42329168169596,216.58315162546737,218.278076171875,5952776,POWERGRID
2024-01-02,219.88140165045115,219.97302449301205,216.35413190710196,217.91163635253906,9128513,POWERGRID
2024-01-03,216.21669655878748,218.69035935907448,214.9340607303963,217.17868041992188,8284439,POWERGRID
2024-01-04,218.04904665903297,222.7215318221709,217.1786856132632,221.2098388671875,19663959,POWERGRID
2024-01-05,221.71375599599256,224.4622736323065,219.2400929192467,221.02662658691406,16345257,POWERGRID
2024-01-08,222.08020601009505,224.69130319877348,220.2478610298808,222.03440856933594,13585746,POWERGRID
2024-01-09,222.26344095547313,224.14158328572327,221.25564567316354,221.98858642578125,8688409,POWERGRID
2024-01-10,220.79757057612827,221.80536590922023,218.04905310007686,219.10264587402344,16872195,POWERGRID
2024-01-11,220.11041744250835,222.72151435471864,219.14843363381607,221.66790771484375,18812468,POWERGRID
2024-01-12,222.17181132083644,222.30923159163646,218.78197617084663,219.4232940673828,11296498,POWERGRID
2024-01-15,220.24785295740887,221.25564825146233,217.13287219708727,220.9349822998047,12597366,POWERGRID
2024-01-16,221.3930721425444,222.08020149615837,217.77419367611407,219.0110321044922,7478450,POWERGRID
2024-01-17,218.50713482358717,220.98079770489883,217.77419404920676,219.14845275878906,13620300,POWERGRID
2024-01-18,208.20018121323747,215.94183532049965,207.10077711167816,213.8804473876953,25522629,POWERGRID
2024-01-19,215.30052879419134,217.08706230101518,212.918474798638,215.6669921875,20931080,POWERGRID
2024-01-23,220.79754821812676,226.11135092968598,216.44572932171138,218.0032196044922,27492163,POWERGRID
2024-01-24,216.35412458803503,226.29460154324494,215.30053183264195,225.56166076660156,28309825,POWERGRID
2024-01-25,224.23320453278646,227.8520828723128,222.72152559971912,224.9203338623047,20651484,POWERGRID
2024-01-29,224.87453634746942,233.62398648021403,224.5996818027326,232.66200256347656,26181011,POWERGRID
2024-01-30,232.7078308872232,235.41055113048728,230.4173994808529,232.79945373535156,16031367,POWERGRID
2024-01-31,232.70778929147195,238.20482368418388,231.24190786154287,237.56349182128906,34369455,POWERGRID
2024-02-01,237.28868424684381,248.23695711688308,236.64735229486243,243.51864624023438,29929092,POWERGRID
2024-02-02,242.32757643078264,257.81088290575457,241.8236928431205,253.87135314941406,33900724,POWERGRID
2024-02-05,254.2378250879956,265.14027037377076,251.85577140520883,259.1851501464844,27440927,POWERGRID
2024-02-06,259.18520168952625,259.18520168952625,249.47376733419293,251.26031494140625,29668277,POWERGRID
2024-02-07,249.29055963594504,251.39774534415446,244.43482828320725,245.4884490966797,27335466,POWERGRID
2024-02-08,248.09949083392786,263.90346575935206,248.09949083392786,253.04684448242188,69776717,POWERGRID
2024-02-09,255.2456687310209,256.0244209620481,246.5420298228303,250.11509704589844,24496638,POWERGRID
2024-02-12,250.29834110553884,252.86361295173754,243.93093097246418,247.64141845703125,19140023,POWERGRID
2024-02-13,247.64140901230724,248.14532064959047,242.09857671774722,247.59561157226562,22031847,POWERGRID
2024-02-14,246.90852153622134,251.9474709553279,244.618089982082,250.71063232421875,13546941,POWERGRID
2024-02-15,253.3653719693574,263.93779299241515,252.75990893494352,262.354248046875,25475670,POWERGRID
2024-02-16,262.68029170159707,263.51862737272535,254.5763138847516,255.7406768798828,25129188,POWERGRID
2024-02-19,256.2529651063185,259.2337167530478,254.57626565488434,257.4173278808594,11429901,POWERGRID
2024-02-20,259.28030526856,268.96779775335926,258.6748423182898,268.176025390625,43053543,POWERGRID
2024-02-21,267.84998505018297,269.61983910167413,260.11862806656166,260.910400390625,24651085,POWERGRID
2024-02-22,260.9104707414982,264.07753246488187,254.5297557179152,263.23919677734375,26793590,POWERGRID
2024-02-23,263.1925383573884,265.66101006993085,259.88575959704457,262.6336669921875,14313526,POWERGRID
2024-02-26,263.56521072114657,271.5294419884992,262.72684664935787,268.0829162597656,31012494,POWERGRID
2024-02-27,264.63642395459686,273.2992731607877,264.63642395459686,272.4609375,36510093,POWERGRID
2024-02-28,271.52942225435123,273.53212071254256,259.3268936477781,260.3981018066406,18824161,POWERGRID
2024-02-29,260.44470232165656,265.4747444254037,255.60094122807553,263.4720458984375,35043015,POWERGRID
2024-03-01,265.47474137493936,269.57329310027444,265.10215093205954,267.9897766113281,15149735,POWERGRID
2024-03-04,268.2691583124385,276.6525695097022,268.2691583124385,274.46356201171875,23131460,POWERGRID
2024-03-05,272.04173453991314,275.20882434556415,269.8993181907524,274.7896423339844,13220556,POWERGRID
2024-03-06,270.41158499675396,274.69644546437996,266.8719337212678,273.57867431640625,15969436,POWERGRID
2024-03-07,273.8581339801482,278.42243052778537,271.0636632252487,272.6006164550781,14908694,POWERGRID
2024-03-11,268.6417521101108,271.94855918067753,264.91579153042323,265.98699951171875,19020659,POWERGRID
2024-03-12,265.38153786305435,268.87462592309845,263.37883972732703,265.6144104003906,17906155,POWERGRID
2024-03-13,263.89117016302805,264.450069985069,243.86413026547842,246.19285583496094,39389523,POWERGRID
2024-03-14,245.9599725059982,250.01196050480286,242.83950312101572,248.1024169921875,26005940,POWERGRID
2024-03-15,249.73252610787188,253.3653321705404,239.99844223279587,247.72982788085938,43817794,POWERGRID
2024-03-18,247.7298365524677,248.381862653459,241.72171323429538,246.7517547607422,12423655,POWERGRID
2024-03-19,244.1901701288765,248.2421585141922,240.60392688148616,241.2559814453125,20031514,POWERGRID
2024-03-20,242.14090323702618,246.98463550851142,241.2094129817221,246.51889038085938,11308487,POWERGRID
2024-03-21,249.4530745890655,255.69407055998502,248.80104847797725,254.99545288085938,23559105,POWERGRID
2024-03-22,254.99544850934774,259.18715451224114,252.7598776598364,256.8584289550781,22097588,POWERGRID
2024-03-26,251.59549598268424,255.32145659426988,247.8695353710986,251.5489044189453,28477120,POWERGRID
2024-03-27,252.43386245148807,254.11053356198485,250.75719134099128,251.73524475097656,18094214,POWERGRID
2024-03-28,253.36539020014308,260.35156823874996,253.03936287297518,257.9296875,26646830,POWERGRID
2024-04-01,261.5159005953733,262.3076730323188,258.6282749924809,260.9570007324219,8945400,POWERGRID
2024-04-02,260.11866608757316,262.40082869165997,259.42004836307655,260.3981018066406,13229425,POWERGRID
2024-04-03,260.95696352805425,263.70487088014943,259.4665735816098,260.910400390625,14499308,POWERGRID
2024-04-04,263.4254034578572,267.0582377899507,256.2063547841601,258.62823486328125,23722104,POWERGRID
2024-04-05,260.77070068873365,260.77070068873365,256.2995305384199,259.3268737792969,9308711,POWERGRID
2024-04-08,261.329587983022,264.72955026339406,259.9323525560727,262.4473876953125,14473340,POWERGRID
2024-04-09,263.47201175588845,264.8692470718007,261.74874918089824,261.93505859375,5780865,POWERGRID
2024-04-10,260.8173073288202,265.8007865649334,260.8173073288202,263.1925964355469,8809693,POWERGRID
2024-04-12,262.21448324898176,264.96239062534016,255.8337698895298,256.3926696777344,17731780,POWERGRID
2024-04-15,251.7352355688764,257.27761382817226,250.01197295177238,255.27488708496094,13378690,POWERGRID
2024-04-16,254.2968492951302,256.6721381650679,252.66674128682806,255.46121215820312,9662195,POWERGRID
2024-04-18,268.17601229265887,270.03899261900847,258.67482968437025,260.910400390625,51039603,POWERGRID
2024-04-19,259.04746871727133,262.9131479351144,255.8804072530202,262.354248046875,18755469,POWERGRID
2024-04-22,264.543220863889,265.1952753846358,262.40080474170736,264.2171936035156,14965203,POWERGRID
2024-04-23,264.217236259293,267.4774525357122,261.4693567395519,265.80078125,11464036,POWERGRID
2024-04-24,265.4747191179495,271.85543296457075,264.9158192870728,270.5047607421875,19324163,POWERGRID
2024-04-25,271.99518960541906,274.3239155438216,269.4335910731762,273.20611572265625,22022414,POWERGRID
2024-04-26,274.0909771295161,275.8608027323284,271.4828160755636,272.2279968261719,15581578,POWERGRID
2024-04-29,272.2745653368675,274.41700978409256,269.75955893380865,273.57867431640625,9804396,POWERGRID
2024-04-30,273.57870895918023,283.499074841118,272.9732175305118,281.17034912109375,33288857,POWERGRID
2024-05-02,281.26352979148635,295.51532114252126,281.17037506872316,292.1153869628906,44059506,POWERGRID
2024-05-03,290.62494952597865,294.4440651249864,287.13186119032986,289.5537414550781,27074447,POWERGRID
2024-05-06,288.9482564832178,289.50712783288566,282.33467071952083,285.8277587890625,16855909,POWERGRID
2024-05-07,285.9675334313479,287.1784594985991,274.32390421997377,275.02252197265625,13857464,POWERGRID
2024-05-08,271.99518549837023,282.1018616037955,271.99518549837023,281.3100891113281,18754452,POWERGRID
2024-05-09,282.00868135721663,283.4990714857581,275.0225042798289,275.86083984375,11196567,POWERGRID
2024-05-10,275.9539783619068,283.5922095556502,275.9539783619068,282.9401550292969,11786977,POWERGRID
2024-05-13,283.35933009849884,286.572954231131,277.2114890955688,285.5483093261719,11710605,POWERGRID
2024-05-14,286.8989917011924,291.5564428651728,286.6661191429934,288.0633544921875,9957875,POWERGRID
2024-05-15,288.7619604720556,294.6303373302739,287.69075243308873,293.2796936035156,11397656,POWERGRID
2024-05-16,292.9537094238281,293.9783544744283,284.383986998409,291.0907287597656,19843532,POWERGRID
2024-05-17,293.3263056227833,294.3509506934746,289.4606263544216,291.6961975097656,9069551,POWERGRID
2024-05-21,289.6934567556117,305.01648215730586,289.6934567556117,303.33978271484375,21976662,POWERGRID
2024-05-22,305.2959334050703,305.2959334050703,298.2631932969047,303.4329528808594,10287081,POWERGRID
2024-05-23,297.5645805620189,298.7289434090657,287.83049578997645,297.9837341308594,35705284,POWERGRID
2024-05-24,296.2138951095101,300.82478314939794,295.6549952824288,296.9590759277344,15058182,POWERGRID
2024-05-27,299.47416851960526,299.47416851960526,292.953735612491,296.1673889160156,12857918,POWERGRID
2024-05-28,297.14539880173623,297.6111439409239,290.6249668531088,291.3701477050781,10935739,POWERGRID
2024-05-29,287.92365651933017,296.8659690568668,287.92365651933017,295.9344787597656,16812268,POWERGRID
2024-05-30,293.04687865363877,295.8879129362862,282.98676551344215,285.6881103515625,22768893,POWERGRID
2024-05-31,287.41132110056253,290.1592288601783,284.7565964832722,288.7619934082031,36929443,POWERGRID
2024-06-03,312.0492565379156,324.8106852655707,303.2932532338592,314.5177001953125,55218939,POWERGRID
2024-06-04,312.00264703448056,312.00264703448056,260.5843777487216,275.6745300292969,73262478,POWERGRID
2024-06-05,276.0005589648337,280.42513780079025,260.072097896852,278.32928466796875,45312613,POWERGRID
2024-06-06,282.6141513012347,290.11266527144534,277.67726408254936,279.86627197265625,36508044,POWERGRID
2024-06-07,277.63066740688095,289.36745065506443,276.46630455342677,288.1565246582031,38016104,POWERGRID
2024-06-10,291.5564202203025,301.19734906630663,290.2523396810397,294.1645812988281,25478964,POWERGRID
2024-06-11,294.5372213766015,297.79743717363044,293.55913958139735,294.86322021484375,12238518,POWERGRID
2024-06-12,297.9837461973663,304.69048783866873,295.1892752512951,302.4083251953125,20346144,POWERGRID
2024-06-13,304.59731076966193,305.4822378750444,298.6823420158338,299.42755126953125,11756503,POWERGRID
2024-06-14,303.66579635406544,303.66579635406544,297.4713923898765,299.4740905761719,14159988,POWERGRID
2024-06-18,299.9398875429964,309.72053604983324,299.9398875429964,309.0684814453125,21653702,POWERGRID
2024-06-19,311.11776652718527,311.9095389836531,303.10694409890397,304.87677001953125,14235150,POWERGRID
2024-06-20,305.06306268990625,305.80824353337977,300.21930192684715,302.3151550292969,11749507,POWERGRID
2024-06-21,304.31791098059006,307.0192273303284,300.87138528920775,303.6192932128906,17209541,POWERGRID
2024-06-24,300.964524251913,311.1177629254931,300.452187526328,310.13970947265625,18044357,POWERGRID
2024-06-25,312.04924142751054,312.04924142751054,303.47951954593464,304.96990966796875,13979671,POWERGRID
2024-06-26,303.3863504347411,307.5780560711797,302.687732828668,304.3178405761719,12946277,POWERGRID
2024-06-27,306.04110062708276,309.72049836941966,302.1288587564065,308.8355712890625,27061015,POWERGRID
2024-06-28,310.1862464809578,314.2382346653985,307.0191853854363,308.2767028808594,21676594,POWERGRID
2024-07-01,308.3232455888166,309.0218632147731,302.9671771231498,307.0191650390625,11959181,POWERGRID
2024-07-02,307.43837565250726,311.4903643209093,305.57539497065153,308.1369934082031,12684459,POWERGRID
2024-07-03,308.41641039316704,313.8190421734647,306.55342999626095,312.1889343261719,9369793,POWERGRID
2024-07-04,313.91220530040226,315.4957500509862,311.0245799223628,312.0492248535156,12878827,POWERGRID
2024-07-05,312.049214945629,316.613511210215,310.04651671417867,316.14776611328125,10894118,POWERGRID
2024-07-08,317.63815610883427,317.63815610883427,313.7724774896489,316.14776611328125,7828162,POWERGRID
2024-07-09,316.70668496439197,318.89569273701113,314.9368591749563,317.77789306640625,9214579,POWERGRID
2024-07-10,319.50112942822375,323.97227088914275,312.5149531287728,322.3421630859375,10662609,POWERGRID
2024-07-11,324.62432468282816,324.8571972256422,318.56963856966206,319.3148193359375,12642065,POWERGRID
2024-07-12,319.31486568594755,322.202491321359,316.79985891458523,319.5943298339844,11380570,POWERGRID
2024-07-15,321.73670613950634,321.73670613950634,316.8929742046071,320.29290771484375,5277531,POWERGRID
2024-07-16,319.2682968001681,323.2271305314612,318.1039339380231,318.9888610839844,11363095,POWERGRID
2024-07-18,318.5696809538118,321.0847161215467,313.8656663338507,317.8710632324219,13908161,POWERGRID
2024-07-19,316.28750111143614,318.42994572962584,308.32327089264373,309.4410705566406,12937990,POWERGRID
2024-07-22,307.39176647293505,316.1477686810415,306.92602137221843,315.402587890625,10678640,POWERGRID
2024-07-23,315.86831889824805,317.1723994367053,299.1014960205368,311.3505859375,15954324,POWERGRID
2024-07-24,308.2301266920431,315.58889418824765,307.67122684098877,314.05194091796875,12573882,POWERGRID
2024-07-25,307.8109841860387,319.12858576260675,307.8109841860387,316.19439697265625,16271884,POWERGRID
2024-07-26,317.0327445244177,321.87647726107184,315.3094817012459,320.6189880371094,11468068,POWERGRID
2024-07-29,316.520404028455,322.2025007495331,314.6108602150538,318.8957214355469,31849674,POWERGRID
2024-07-30,321.36409434939713,332.4954127562865,319.78054976013476,325.8352355957031,25813219,POWERGRID
2024-07-31,324.39147280876875,326.62704367685956,319.1285586912063,324.34490966796875,17976593,POWERGRID
2024-08-01,327.0928053841231,337.6652257231656,326.1613151062661,336.36114501953125,26792459,POWERGRID
2024-08-02,333.4735178125545,336.3145517751429,329.7475567196768,333.7063903808594,13771470,POWERGRID
2024-08-05,328.5831579106675,330.4927013910134,318.1038934840339,319.3148193359375,13566586,POWERGRID
2024-08-06,319.3148783056485,326.7668010518884,316.00809895773625,317.40533447265625,12273667,POWERGRID
2024-08-07,322.15592947645604,328.3968974988622,319.87376684567505,327.93115234375,12441847,POWERGRID
2024-08-08,330.6790510827662,330.6790510827662,317.8710596675886,319.1751403808594,15489731,POWERGRID
2024-08-09,324.06544955399136,325.04353136433065,320.712078996934,322.2956237792969,8720610,POWERGRID
2024-08-12,319.5011557140778,320.2463365432634,316.24093983944437,317.77789306640625,12521136,POWERGRID
2024-08-13,313.9122247644228,318.9888581676941,312.18896205883715,313.86566162109375,10435954,POWERGRID
2024-08-14,313.9121931953945,315.16971063391605,309.7204873515391,310.6519775390625,12385993,POWERGRID
2024-08-16,312.7653018928379,318.9172805999318,310.5111432875079,318.0250244140625,13013828,POWERGRID
2024-08-19,321.8289431237386,322.43944028547395,318.6824993970295,319.6217346191406,5891370,POWERGRID
2024-08-20,319.7626200200177,321.82892016333454,318.21285908355236,319.8095703125,6393840,POWERGRID
2024-08-21,319.3398938497719,320.2321785478582,315.7238334367788,316.1934509277344,10118601,POWERGRID
2024-08-22,315.58299904098055,317.1797102037817,310.4172059019169,313.70452880859375,18370039,POWERGRID
2024-08-23,314.31499775703236,316.4752555287516,313.09400368058385,315.8177795410156,7494822,POWERGRID
2024-08-26,316.00564690485476,320.748772485117,315.44210013710597,317.6962585449219,7993675,POWERGRID
2024-08-27,318.4007061222347,320.7018436347032,314.64376563701654,314.9725036621094,9589690,POWERGRID
2024-08-28,314.9724725410637,318.3067454269775,313.4696907628235,314.1271667480469,8790600,POWERGRID
2024-08-29,312.2956510206313,315.4890444262516,308.82046990490466,313.0470275878906,17653536,POWERGRID
2024-08-30,314.6437298812591,320.1382604491346,313.75144515214555,316.89788818359375,22713812,POWERGRID
2024-09-02,317.83716523365456,319.24601794183843,313.8923948486486,315.16033935546875,9789776,POWERGRID
2024-09-03,315.5830061269522,317.41452610992593,313.70453585238704,314.3150329589844,8434423,POWERGRID
2024-09-04,311.0746737436656,314.3619965636365,310.8868152601094,312.6713562011719,9025610,POWERGRID
2024-09-05,312.1548380817304,313.98632960378563,309.5719411689577,311.1216735839844,13912371,POWERGRID
2024-09-06,312.81228010511944,312.85925906426263,305.25144801194347,309.759765625,23755639,POWERGRID
2024-09-09,307.78736642201306,309.1962191300848,303.8895176658025,308.585693359375,18597200,POWERGRID
2024-09-10,307.129872823482,314.9255125644329,307.129872823482,313.84539794921875,15472387,POWERGRID
2024-09-11,316.4282774301796,316.7570154249316,311.8260314931869,312.953125,10134008,POWERGRID
2024-09-12,314.50287918990585,318.40069912502446,313.0000972962076,317.6493225097656,18410837,POWERGRID
2024-09-13,319.1520876916549,320.51399010388917,315.6769348869723,316.7570495605469,10417461,POWERGRID
2024-09-16,316.75702348640027,320.748772485117,316.5691650094243,317.6962585449219,7748570,POWERGRID
2024-09-17,316.2404843781362,319.33994888735845,314.1741555965335,316.4283142089844,11451846,POWERGRID
2024-09-18,317.9310966829409,318.3067850084232,312.859232630975,313.9862976074219,6583254,POWERGRID
2024-09-19,315.77082742003273,317.79017699466283,312.8591931048279,314.5498046875,10589610,POWERGRID
2024-09-20,317.6023593012839,322.1107052058701,314.40896553335745,320.1383056640625,31236123,POWERGRID
2024-09-23,321.2183995012704,321.6880170444009,319.5747381003136,320.4200439453125,6542941,POWERGRID
2024-09-24,323.6134427812003,329.67152065160894,321.5471427556513,328.77923583984375,26145769,POWERGRID
2024-09-25,332.34833750967766,343.994846724153,330.9394848951078,341.6467590332031,40770462,POWERGRID
2024-09-26,341.92851720421515,343.85396630370917,335.4947798782393,343.24346923828125,18733959,POWERGRID
2024-09-27,340.1909599472928,341.22409561235946,331.87872369542464,332.7240295410156,33148043,POWERGRID
2024-09-30,332.7240420909916,335.72960594777055,328.45053374959076,331.40911865234375,16356171,POWERGRID
2024-10-01,329.76543028975243,334.367676281212,328.68531571979446,329.483642578125,9856291,POWERGRID
2024-10-03,322.15764779034197,328.6383644185027,321.78195947307694,323.2377624511719,19350466,POWERGRID
2024-10-04,322.157615790498,326.3372231457627,317.2266318753373,318.2597961425781,20121706,POWERGRID
2024-10-07,319.3399631172886,319.3399631172886,305.25143533270233,308.96142578125,13851446,POWERGRID
2024-10-08,307.4116314830684,310.8868127586333,302.76243501585486,307.270751953125,21148292,POWERGRID
2024-10-09,307.1299023400481,311.6382197164637,305.7210495770203,309.7127990722656,9228363,POWERGRID
2024-10-10,310.1353839161716,317.55533409620193,310.04145469097114,314.033203125,20773976,POWERGRID
2024-10-11,314.12716385381617,314.9724696390448,309.47793904029174,309.9945068359375,6098468,POWERGRID
2024-10-14,309.9945462504142,311.35644866762675,307.8812671870593,310.6050720214844,5944216,POWERGRID
2024-10-15,313.1879537330654,313.1879537330654,307.59949345539746,309.80670166015625,12415489,POWERGRID
2024-10-16,311.54427621271344,312.4365323084753,305.20443965243237,307.3177185058594,22085298,POWERGRID
2024-10-17,308.53874257991544,311.73213631385966,304.87573127735646,311.0277099609375,17039729,POWERGRID
2024-10-18,311.3564484963808,313.563656805085,308.3039342954359,311.8730163574219,10569021,POWERGRID
2024-10-21,312.76530069744854,313.4697270503707,309.43102742555624,311.0277099609375,8745904,POWERGRID
2024-10-22,312.67138438063256,315.2542811148215,301.54144181158193,303.1381530761719,11219831,POWERGRID
2024-10-23,299.803843044061,302.3397605117634,294.77892973327187,297.6435852050781,12541589,POWERGRID
2024-10-24,296.09382527498093,301.3065679105069,296.09382527498093,299.7568359375,8327779,POWERGRID
2024-10-25,301.9640637626069,301.9640637626069,294.2153747235975,296.61041259765625,12979410,POWERGRID
2024-10-28,295.3894144747477,300.9778743219737,291.86728314158296,298.95849609375,9610615,POWERGRID
2024-10-29,296.89219865895495,301.68230304367614,295.06067888553326,301.07177734375,15856332,POWERGRID
2024-10-30,299.1933573752696,305.62712413932275,297.50274550382034,299.0994567871094,14498110,POWERGRID
2024-10-31,300.9308913186699,303.0911490384805,298.5358535096563,301.30657958984375,9900390,POWERGRID
2024-11-01,302.8563382697408,303.0911470205583,300.5552010464578,302.4806213378906,847672,POWERGRID
2024-11-04,304.8287551796009,304.96966338205135,292.66567723638815,296.28173828125,9249409,POWERGRID
2024-11-05,293.37009763430643,298.3950112961053,293.041359607239,297.3618469238281,7518195,POWERGRID
2024-11-06,298.11322843310023,300.8839835681553,294.82590543505336,299.1463928222656,11019250,POWERGRID
2024-11-07,299.6159538227471,299.6159538227471,292.759550043798,293.93359375,14504208,POWERGRID
2024-11-08,292.90051280210025,298.254136426046,289.9419275542375,297.03314208984375,15740539,POWERGRID
2024-11-11,294.49719322440285,312.2017829417324,293.79276680591374,309.759765625,22838987,POWERGRID
2024-11-12,311.35641281439393,312.29564784550826,302.24582154731377,303.0911560058594,12069181,POWERGRID
2024-11-13,303.04419523655616,304.8757151223766,297.87840225552236,298.6767578125,12918639,POWERGRID
2024-11-14,300.2010764920084,303.7261112894043,295.91385079208175,297.3429260253906,12500377,POWERGRID
2024-11-18,299.15309761498344,300.629797135786,295.4375076315031,297.2952880859375,9408101,POWERGRID
2024-11-19,298.2480086166633,303.20214803849603,297.4858467400484,300.1534423828125,13157158,POWERGRID
2024-11-21,301.05855601380307,311.3002632199688,298.2004051655707,310.4904479980469,25406386,POWERGRID
2024-11-22,310.3951580341165,321.6372350308631,308.6802792238292,321.0179748535156,31523269,POWERGRID
2024-11-25,325.6862618196063,329.06839501590383,320.25576413088606,326.543701171875,29419152,POWERGRID
2024-11-26,325.82919289289896,328.30626274735835,321.92304763101464,322.7804870605469,13997179,POWERGRID
2024-11-27,321.30379459659406,325.162286652786,320.58925687695745,323.209228515625,12177260,POWERGRID
2024-11-28,323.20921345960136,325.5910057474392,316.49257083774364,317.8739929199219,16920231,POWERGRID
2024-11-29,315.6827608166695,316.77837947210145,311.0620778876425,313.824951171875,13890537,POWERGRID
2024-12-02,312.634039519202,316.25438112142666,310.7762590410634,312.3482360839844,16003524,POWERGRID
2024-12-03,308.91847508663005,315.6827713352154,308.91847508663005,314.0631408691406,23174488,POWERGRID
2024-12-04,313.4915322451469,315.5875213754495,305.91744917690625,309.6806640625,17880011,POWERGRID
2024-12-05,309.63300788995787,314.8253268828812,304.4406888970346,312.8246154785156,19785053,POWERGRID
2024-12-06,311.6337233969545,317.0165684054449,311.2526424279189,313.3486022949219,8802058,POWERGRID
2024-12-09,312.2529803553411,315.01585369535496,311.2526391877096,313.5391540527344,9376929,POWERGRID
2024-12-10,316.15911750860914,316.15911750860914,309.9664574935151,312.3958740234375,14994365,POWERGRID
2024-12-11,311.7766354972134,313.4438902324926,311.3955545155012,312.06243896484375,5013051,POWERGRID
2024-12-12,312.4911579677667,314.3013143483889,310.44282235088855,313.6344299316406,10414162,POWERGRID
2024-12-13,315.01583895065704,318.4932498403901,309.68061846557805,318.0645446777344,14973536,POWERGRID
2024-12-16,318.0645376479448,320.35105235541045,315.920924658206,319.16015625,12695136,POWERGRID
2024-12-17,316.77840221503214,319.68417743257197,312.4911757188888,314.2060546875,17360248,POWERGRID
2024-12-18,312.4911353336718,313.5391297122132,305.4886604800224,306.3460998535156,15037099,POWERGRID
2024-12-19,302.96396496830545,308.5373644783994,301.8683463816128,306.4413757324219,10234715,POWERGRID
2024-12-20,306.1079238298236,310.20462388422845,298.77202125268155,300.86798095703125,13973399,POWERGRID
2024-12-23,302.9639793839379,303.2497828289832,296.8189436439468,300.3916320800781,5984169,POWERGRID
2024-12-24,299.24836738710195,301.6777837165351,294.15132644193096,295.4375,4833589,POWERGRID
2024-12-26,295.4375258165749,298.2956766066586,294.15135214611456,295.6280517578125,3775101,POWERGRID
2024-12-27,296.0567729791006,297.53347252582086,294.19896341744806,294.7705993652344,3981693,POWERGRID
2024-12-30,294.38956903085375,297.2477201864931,291.8172213609315,293.00811767578125,12489142,POWERGRID
2024-12-31,292.8175251877014,295.1040397778376,290.7215365198871,294.10369873046875,8402716,POWERGRID
2025-01-01,294.10372630936104,296.6284203451048,291.4361014752098,295.72332763671875,4239498,POWERGRID
2025-01-02,295.19933043858487,302.2018053062228,294.15133605795,300.24871826171875,10766571,POWERGRID
2025-01-03,301.39200317479714,302.96398027640305,298.81965586335986,301.1061706542969,7636948,POWERGRID
2025-01-06,300.86798608193504,301.53489954331343,290.38810015783884,291.5313720703125,6722495,POWERGRID
2025-01-07,291.5313744325411,296.0091555389644,288.67322370281033,290.62628173828125,10137739,POWERGRID
2025-01-08,291.6742763104146,293.2939066879751,288.6732238575115,292.150634765625,6907996,POWERGRID
2025-01-09,292.1506619976649,292.38884124747136,289.29251099998754,290.8168640136719,8244909,POWERGRID
2025-01-10,289.67356160979386,290.81683351882833,284.3859944483874,285.5292663574219,6540783,POWERGRID
2025-01-13,281.05147220252974,284.4336054076649,273.19155814940814,274.0013732910156,19474228,POWERGRID
2025-01-14,274.1443001733167,279.1936883381492,273.2392074481988,276.5260925292969,15954608,POWERGRID
2025-01-15,281.05148923025297,288.19686607508993,277.3358990858603,284.5289001464844,12198882,POWERGRID
2025-01-16,284.8623454704746,287.33941515905326,282.5758307866373,283.576171875,11694289,POWERGRID
2025-01-17,283.5761543900561,290.57862880066625,281.71837404412923,288.2921142578125,7593230,POWERGRID
2025-01-20,288.2921507646995,294.19897832551175,287.67289057097264,291.7695617675781,9435937,POWERGRID
2025-01-21,292.48411375127995,295.29464048069036,287.2441703453124,288.0539855957031,13911546,POWERGRID
2025-01-22,287.72049774166834,288.00630117580545,281.8136414562,283.48089599609375,9723333,POWERGRID
2025-01-23,283.4332728269354,285.43398409710676,279.7176827963955,280.4322204589844,12228286,POWERGRID
2025-01-24,281.3372858733665,288.19685910843697,280.43222227299987,281.8612976074219,11142914,POWERGRID
2025-01-27,281.05151505420434,281.05151505420434,270.33344880213724,273.4297790527344,13477947,POWERGRID
2025-01-28,273.5726944419638,275.1446717558019,266.14151309948346,270.5240173339844,11298068,POWERGRID
2025-01-29,271.8578010124519,275.4781139725851,269.90471372308855,274.2395935058594,4800024,POWERGRID
2025-01-30,274.23957181539646,283.0522033439856,274.23957181539646,281.38494873046875,10969499,POWERGRID
2025-01-31,282.9568965124776,289.1019316524411,281.9089021919538,287.38702392578125,14141459,POWERGRID
2025-02-01,287.38703638588095,290.9121004146745,275.00171714633035,276.1449890136719,6945157,POWERGRID
2025-02-03,276.2878988442246,278.19333262935726,264.85529613342914,270.38104248046875,14978897,POWERGRID
2025-02-04,267.7134572960624,272.85812290248754,259.23428243506,272.1435852050781,19836427,POWERGRID
2025-02-05,272.09595521652335,277.0024414863986,271.0955850166028,271.7148742675781,15337191,POWERGRID
2025-02-06,273.9061119606006,277.1929969339729,266.52255589905394,267.8563537597656,21418561,POWERGRID
2025-02-07,263.22981539684076,271.71176014406865,260.2418475604424,268.0972900390625,17193482,POWERGRID
2025-02-10,265.06119075109586,266.0250496265544,258.4105703933597,258.9888916015625,16709670,POWERGRID
2025-02-11,258.98884535010507,259.08520768873126,250.60326286529755,252.00086975097656,22083955,POWERGRID
2025-02-12,250.12136887698395,252.62740774287929,244.82014525916733,247.75990295410156,17861265,POWERGRID
2025-02-13,247.95267078568605,251.90449766072712,246.84423907326413,249.78399658203125,12257226,POWERGRID
2025-02-14,250.98881444994998,252.04906496561955,245.54301835560833,248.04905700683594,11339563,POWERGRID
2025-02-17,247.61532438751726,254.45872787620624,243.0851908857303,253.68765258789062,8332653,POWERGRID
2025-02-18,254.3141557955073,258.2177722545756,250.7960769818991,257.3021240234375,10483635,POWERGRID
2025-02-19,253.01293447090836,258.79608725881485,252.820150945457,253.5430450439453,14602009,POWERGRID
2025-02-20,253.25390088143263,256.82019022392393,251.8562938490583,256.1454772949219,15312926,POWERGRID
2025-02-21,255.71174561205194,256.14549386799416,250.02498418050672,252.43463134765625,10757038,POWERGRID
2025-02-24,248.67556486960933,252.33821646229975,247.95267078568605,249.78399658203125,14599185,POWERGRID
2025-02-25,249.44663921185384,250.55510033484646,245.68759587216476,246.5068817138672,21287363,POWERGRID
2025-02-27,244.82014815167682,248.1454729534504,244.29002284216807,246.98883056640625,13614799,POWERGRID
2025-02-28,246.651456405997,247.7117069490172,238.3622797060237,241.7839813232422,38512868,POWERGRID
2025-03-03,243.8562732658764,244.6273632374297,239.5189087216217,243.3743438720703,9873539,POWERGRID
2025-03-04,240.96469428595597,247.8562786596072,240.4345690170633,244.82012939453125,11947033,POWERGRID
2025-03-05,247.66352333442885,257.54307575154456,246.50688104169285,254.84425354003906,14536637,POWERGRID
2025-03-06,255.56715127384848,257.6394417812176,251.2779973241097,257.012939453125,11926868,POWERGRID
2025-03-07,256.3864423827403,258.9406623355809,252.1454695194869,253.7840118408203,10043068,POWERGRID
2025-03-10,251.61534999963314,264.33829903920804,251.61534999963314,261.4949035644531,30233763,POWERGRID
2025-03-11,260.2418652326335,262.02500982178407,256.2418572610589,257.6394348144531,9255499,POWERGRID
2025-03-12,260.916583278844,262.55512555459933,254.07318006402832,257.4466857910156,11875548,POWERGRID
2025-03-13,260.0490664527593,260.86835223370605,255.9044857933345,257.9767761230469,9270442,POWERGRID
2025-03-17,260.24190331058924,260.8684057134091,255.3744276256358,257.68768310546875,11987667,POWERGRID
2025-03-18,257.68768310546875,257.68768310546875,257.68768310546875,257.68768310546875,0,POWERGRID
2025-03-19,262.1695636713129,268.2418616522586,260.04906278753003,267.181640625,13089950,POWERGRID
2025-03-20,273.2539222461982,273.30210341195885,267.03702230225764,270.2177734375,13710249,POWERGRID
2025-03-21,270.844329309131,274.8443375423349,269.9286516612703,272.8684387207031,26003527,POWERGRID
2025-03-24,274.6997764693322,283.32632507518935,274.1696658595449,281.3022155761719,19966817,POWERGRID
2025-03-25,280.48291015625,284.57931004684815,277.25397730073365,280.48291015625,16983852,POWERGRID
2025-03-26,281.15760367559506,286.0250785026252,279.0852838716699,280.33831787109375,20367015,POWERGRID
2025-03-27,278.5551697913362,286.5070042230958,278.5551697913362,284.82025146484375,37203166,POWERGRID
2025-03-28,283.27810184648604,283.61545831704626,277.88048656143303,279.8564147949219,10834900,POWERGRID
2025-04-01,279.13353566240994,286.21790426591497,276.62749670825764,278.8443603515625,11603556,POWERGRID
2025-04-02,276.482896887867,279.2780814665551,274.21782287225165,276.3865051269531,11679536,POWERGRID
2025-04-03,278.8925382184481,289.10944696212,274.7961384865457,288.2901611328125,23478876,POWERGRID
2025-04-04,289.15762033494576,290.02508731302373,281.543142215719,283.278076171875,21020875,POWERGRID
2025-04-07,273.3503655084448,283.27809952588643,272.09733140157687,278.94073486328125,22847548,POWERGRID
2025-04-08,281.39856468139897,283.3744632888178,274.3623783863317,278.5069885253906,20831596,POWERGRID
2025-04-09,279.470877801485,288.6757178053846,278.84434603413774,282.7961730957031,21342531,POWERGRID
2025-04-11,282.65156327570315,293.9769029806973,282.65156327570315,293.10943603515625,19831004,POWERGRID
2025-04-15,296.0974316951614,299.2299727588666,292.72392593424803,293.5431823730469,16563441,POWERGRID
2025-04-16,293.44682442315855,295.9046526056572,291.8564338660445,294.6998291015625,7032401,POWERGRID
2025-04-17,294.4106799951396,298.6034422116625,291.0853553944807,297.8323669433594,8528993,POWERGRID
2025-04-21,298.79619693756104,310.36250133514403,297.3022277187265,308.4347839355469,13369014,POWERGRID
2025-04-22,308.19382280451623,308.19382280451623,300.8203095491957,301.2540283203125,10027268,POWERGRID
2025-04-23,302.796217136948,304.6757534448637,298.2660987099896,303.56732177734375,8225575,POWERGRID
2025-04-24,303.5190997617674,304.43477729568184,301.54320118601504,303.03717041015625,8021180,POWERGRID
2025-04-25,301.6877806820644,304.00103573727483,292.43473104658864,295.4226989746094,11475773,POWERGRID
2025-04-28,293.2058884497129,299.71193600926597,292.57935663448905,297.3986511230469,7314824,POWERGRID
2025-04-29,297.3986233897896,299.5673057074049,290.31428468395546,292.00103759765625,14678005,POWERGRID
2025-04-30,293.44680271037686,298.7962069068885,290.98894529510426,296.33837890625,17619987,POWERGRID
2025-05-02,294.45884728844186,297.8323529038577,291.3744875313506,292.0973815917969,5688285,POWERGRID
2025-05-05,293.78413600655114,299.47092617821033,293.63956307659794,297.061279296875,4342960,POWERGRID
2025-05-06,296.48297119140625,299.2299746397729,294.50704301309804,296.48297119140625,9124804,POWERGRID
2025-05-07,296.868477480902,301.8323438675424,295.90461878778217,299.8564453125,14679327,POWERGRID
2025-05-08,302.0733023195649,305.92873701264074,293.01303667376317,297.10943603515625,19253478,POWERGRID
2025-05-09,289.1576230425364,292.09738044428167,285.687725683099,288.48291015625,11981497,POWERGRID
2025-05-12,293.0612601373344,299.8564824133733,293.0612601373344,297.88055419921875,7145884,POWERGRID
2025-05-13,293.97692903909257,297.5913994780978,287.2299175529494,287.6636657714844,17988336,POWERGRID
2025-05-14,288.3865386191556,289.6877243496545,283.42264271681205,285.2539978027344,10359258,POWERGRID
2025-05-15,285.2058416375406,289.5432066724919,280.5311201058318,288.8203125,22640626,POWERGRID
2025-05-16,289.1576193199643,291.27812029416435,284.82025503016484,289.35040283203125,16763668,POWERGRID
2025-05-19,291.0853500563579,293.49499699391055,288.19377373129475,293.0612487792969,12575289,POWERGRID
2025-05-20,293.3985962501074,294.2660632381389,286.36243917374327,287.1335144042969,21339095,POWERGRID
2025-05-21,286.98895730455223,291.3263218985757,284.9648479444141,285.44677734375,11997632,POWERGRID
2025-05-22,285.20582992998084,285.63957818152653,276.19374373326247,280.38653564453125,26158839,POWERGRID
2025-05-23,281.4467796891957,287.95282682242197,281.2058149805577,287.3263244628906,9872024,POWERGRID
2025-05-26,289.2058322832587,292.8203029220995,285.0612510499096,285.9769287109375,16469130,POWERGRID
2025-05-27,286.266067912208,286.84438908384686,281.6395573683704,283.90460205078125,17074710,POWERGRID
2025-05-28,283.9046166969046,284.9648673304995,280.00100006257594,280.62750244140625,10099453,POWERGRID
2025-05-29,280.82026614965565,283.27809431405745,280.82026614965565,282.50701904296875,9773818,POWERGRID
2025-05-30,281.44675838546164,284.00097822075884,277.83228802948395,279.278076171875,21788566,POWERGRID
2025-06-02,279.8081896474623,283.0371224154552,277.97686386423266,282.45880126953125,7255782,POWERGRID
2025-06-03,281.9287059085843,284.72389061415225,277.35037649639355,277.8323059082031,10989055,POWERGRID
2025-06-04,277.83231407121116,279.32628352586033,276.6756716830301,278.1214599609375,8580196,POWERGRID
2025-06-05,280.48290694114405,284.5793067847862,279.6154399160058,283.6154479980469,13110486,POWERGRID
2025-06-06,282.94075362287674,286.26607842089373,282.36246184464574,285.10943603515625,7935393,POWERGRID
2025-06-09,287.22994025257384,290.26608977835633,285.4467954788165,289.63958740234375,8666186,POWERGRID
2025-06-10,289.68774833809493,290.8925718287951,287.470884881061,290.169677734375,7273892,POWERGRID
2025-06-11,290.21785997203403,290.50700581570163,283.37445733044694,284.7720642089844,10941604,POWERGRID
2025-06-12,284.4829011476473,285.1094034455433,278.07324641138626,278.55517578125,14071159,POWERGRID
2025-06-13,272.3383062869545,276.09737933346196,271.6154121494935,275.18170166015625,16028417,POWERGRID
2025-06-16,277.54315096692926,280.0009791210705,275.9527604281644,278.21783447265625,11067299,POWERGRID
2025-06-17,278.2178517290589,279.9528153113305,276.8202740425311,278.1214599609375,7286868,POWERGRID
2025-06-18,277.10940950555147,277.880484792234,275.1816918742085,276.9166259765625,11904855,POWERGRID
2025-06-19,276.4346781054641,277.2539639269915,274.988889978522,276.09735107421875,13573824,POWERGRID
2025-06-20,275.22986748303623,283.856415474692,274.7479380849468,282.50701904296875,33014151,POWERGRID
2025-06-23,280.86844147522316,282.84436961502786,277.6877192799178,279.760009765625,6833477,POWERGRID
2025-06-24,282.8443893225492,284.0492128766329,275.0371268091592,275.6154479980469,15007849,POWERGRID
2025-06-25,276.14553542928337,280.5792916192774,276.14553542928337,279.9527893066406,10838516,POWERGRID
2025-06-26,280.2901474121685,283.6154722769378,279.2781073653109,282.892578125,10232220,POWERGRID
2025-06-27,284.338323327035,289.8323298148008,283.5190375294371,288.4347229003906,15523628,POWERGRID
2025-06-30,289.54317818020087,290.12149934421296,285.5431700356249,289.0612487792969,8415241,POWERGRID
2025-07-01,290.12149770905336,290.60342710724115,286.266062523551,286.7961730957031,12349270,POWERGRID
2025-07-02,286.796187856466,287.95283023750096,282.79617952856296,284.19378662109375,10826029,POWERGRID
2025-07-03,287.61544563277937,288.14558559501074,282.5070060144736,283.0853271484375,10373094,POWERGRID
2025-07-04,283.08536581958634,284.4829435517289,281.109437459839,283.37451171875,14193884,POWERGRID
2025-07-07,284.0492280395737,285.92873523549247,282.8925856000551,285.2058410644531,6220756,POWERGRID
2025-07-08,283.51905513501015,287.6154549627383,282.45880459078865,286.98895263671875,6254288,POWERGRID
2025-07-09,287.47091592760967,289.1576689967574,285.68777108586846,288.8203125,5650646,POWERGRID
2025-07-10,289.1576169427475,291.7600472610858,287.2298994964625,288.4347229003906,9307817,POWERGRID
2025-07-11,288.4347226370623,290.02508364586873,286.217859341712,287.760009765625,7073217,POWERGRID
2025-07-14,288.6757036184513,289.59138122216035,286.6998048920924,287.4226989746094,5484223,POWERGRID
2025-07-15,287.3263478014572,289.15767385293117,286.12152416040334,287.27813720703125,6173407,POWERGRID
2025-07-16,288.1455947199395,288.1455947199395,285.01305367762217,286.3142395019531,8144630,POWERGRID
2025-07-17,286.79620250087515,287.4227343144664,285.10944943427535,285.88055419921875,8318287,POWERGRID
2025-07-18,285.78411689451707,290.6034106026877,282.89254066961473,283.51904296875,8702106,POWERGRID
2025-07-21,283.37447596077965,286.5070169365366,281.6877231276798,286.26605224609375,5298012,POWERGRID
2025-07-22,286.362456378966,288.04920928495073,283.90459878146356,287.0371398925781,7775653,POWERGRID
2025-07-23,288.0491852940604,288.82026050672084,286.36243252856104,288.4347229003906,5310964,POWERGRID
2025-07-24,289.0130573134302,290.45884546465834,285.78412455942697,288.5311279296875,6294709,POWERGRID
2025-07-25,286.410626865244,286.9889480086419,280.38650956867303,281.54315185546875,8202572,POWERGRID
2025-07-28,281.4467640754883,284.57930511399974,280.24194059913776,281.3503723144531,7037396,POWERGRID
2025-07-29,280.0009802899763,283.27809431405745,279.3262673667966,282.50701904296875,6586034,POWERGRID
2025-07-30,282.4106045701484,285.7841100854914,276.24191465359064,278.5069885253906,10515572,POWERGRID
2025-07-31,274.6515761954883,283.6636324230953,274.6515761954883,280.48291015625,14283621,POWERGRID
2025-08-01,281.10941459219345,282.2178463350038,275.95276410257355,280.723876953125,6697683,POWERGRID
2025-08-04,280.6756929400016,281.01301998662706,275.37446956617674,277.54315185546875,10397121,POWERGRID
2025-08-05,276.7238246179023,278.2177937612771,274.7961073156733,275.66357421875,15561914,POWERGRID
2025-08-06,277.20581095231756,277.97688626593225,273.7840943883877,274.5069885253906,12985269,POWERGRID
2025-08-07,274.2178184617088,275.95275247171094,273.1575679379808,275.2298583984375,8893659,POWERGRID
2025-08-08,274.50699570631747,275.90460284027205,273.35038270563916,274.5552062988281,6172968,POWERGRID
2025-08-11,274.5552062988281,276.04917578852707,273.06120739449074,274.5552062988281,8755499,POWERGRID
2025-08-12,274.12143154488643,277.1575808233433,273.73589391525684,274.3623962402344,13184438,POWERGRID
2025-08-13,276.6274763234643,278.9407315665869,275.711798695215,277.78411865234375,9928283,POWERGRID
2025-08-14,278.60340985492223,279.66366055287483,276.772083784626,278.2660827636719,8464495,POWERGRID
2025-08-18,279.0371289134576,280.7720630268575,278.0732700916494,279.8564147949219,9836105,POWERGRID
2025-08-19,280.7275867462158,280.824395270698,277.38788467337145,278.7915344238281,7196772,POWERGRID
2025-08-20,278.9851844426281,279.75959364637555,277.7751515981369,279.17877197265625,3106073,POWERGRID
2025-08-21,279.178773844126,280.29199816015694,274.5322595068588,274.9194641113281,7389271,POWERGRID
2025-08-22,274.9194638599614,275.45186649789275,272.7897942246008,274.2902526855469,6824793,POWERGRID
2025-08-25,274.2902270944899,275.50025983309115,273.17700288333975,275.06463623046875,7426789,POWERGRID
2025-08-26,273.95141817336537,274.7258273267405,269.98250479323264,270.9505310058594,22905910,POWERGRID
2025-08-28,272.98342210061895,272.98342210061895,264.8520069251345,265.6748352050781,12455072,POWERGRID
2025-08-29,264.8519813852024,267.27204695059754,263.5451400715259,266.44921875,12841075,POWERGRID
2025-09-01,267.1752836520767,271.6282109546422,267.1752836520767,270.9021911621094,10820878,POWERGRID
2025-09-02,271.24097136513063,278.69475588316203,270.902156263898,277.53314208984375,16983677,POWERGRID
2025-09-03,279.7595894332041,279.95320650213387,276.46830605411805,276.9039001464844,30178885,POWERGRID
2025-09-04,277.67831431503555,278.74314901631226,271.91854675482114,272.7897644042969,5946090,POWERGRID
2025-09-05,273.32223937793805,277.4847407679367,273.32223937793805,276.226318359375,9695914,POWERGRID
2025-09-08,277.24271291876016,278.5011647726046,273.0802118480685,273.7578125,5186605,POWERGRID
2025-09-09,273.99982273682576,275.2582746075427,272.6930109113595,274.7742614746094,7093190,POWERGRID
2025-09-10,275.5970916313803,277.29113760846366,273.4674220148913,273.9030456542969,7767863,POWERGRID
2025-09-11,273.5158318826157,279.46921753607126,273.5158318826157,277.62994384765625,7406625,POWERGRID
2025-09-12,278.0655541781181,279.3723955891465,275.98430354520076,278.4527587890625,7618852,POWERGRID
2025-09-15,279.08197631953067,279.56598947966984,276.61352101954833,277.0975341796875,5420800,POWERGRID
2025-09-16,277.38793647071594,280.43724308133244,277.19434892741646,279.1304016113281,8626429,POWERGRID
2025-09-17,279.7595738740618,279.9531909322233,276.8071057588991,277.9687194824219,19010126,POWERGRID
2025-09-18,277.8235536161957,280.58243453433704,276.9523358372613,279.8564147949219,16842964,POWERGRID
2025-09-19,280.72759042724823,280.9212074787514,275.7906510320613,277.0491027832031,14993879,POWERGRID
2025-09-22,277.8235257795024,279.7595782239589,276.7586910266882,277.4847106933594,9456933,POWERGRID
2025-09-23,279.42079550584987,279.7596106312412,276.27470991916636,279.3724060058594,13619147,POWERGRID
2025-09-24,278.69475275720373,285.1321214411502,277.7751455405353,283.9220886230469,14032389,POWERGRID
2025-09-25,284.59972944084694,285.42255769623335,274.5322619268132,275.3066711425781,16242837,POWERGRID
2025-09-26,274.4354356169384,275.06464675672686,271.1441523503542,273.22540283203125,8959035,POWERGRID
2025-09-29,274.8226795383949,276.9523493614029,270.9989931158481,271.6282043457031,14600560,POWERGRID
2025-09-30,272.9834136826773,276.8555188412968,270.07933481371265,271.28936767578125,18772881,POWERGRID
2025-10-01,272.0153898197968,273.80624437999893,270.95055498331294,271.67657470703125,11812449,POWERGRID
2025-10-03,274.2902525508507,280.7276214092863,272.06377438010026,280.4372253417969,19597461,POWERGRID
2025-10-06,279.130395587742,279.42079166733424,275.4518778425999,277.72674560546875,11702722,POWERGRID
2025-10-07,279.7111930244032,283.00247632215206,277.9203385774201,279.75958251953125,11371062,POWERGRID
2025-10-08,281.0664374213744,281.0664374213744,275.54867578675805,276.1778869628906,9989251,POWERGRID
2025-10-09,275.8874776397279,277.77514061925257,273.2254054870639,277.0007019042969,10714949,POWERGRID
2025-10-10,276.12948867778306,281.9376461959836,276.12948867778306,279.90478515625,10773268,POWERGRID
2025-10-13,278.54954979239193,278.98517341591804,275.7906691076314,277.0007019042969,8950161,POWERGRID
2025-10-14,277.3394994586447,278.6947301968511,276.2746647565488,278.3075256347656,7667654,POWERGRID
2025-10-15,277.968729864698,283.87369585739236,277.87192133200136,281.6472473144531,8125514,POWERGRID
2025-10-16,283.0508657483099,283.8736939580007,281.3084303386957,282.5184631347656,7824732,POWERGRID
2025-10-17,281.6956591207061,282.17967228070734,278.79158016069886,280.4856262207031,14275188,POWERGRID
2025-10-20,280.8728018611874,282.7604648071594,277.9203337065295,278.98516845703125,13536721,POWERGRID
2025-10-21,279.08198038045856,280.3404323402235,278.9852013804776,279.3724060058594,398291,POWERGRID
2025-10-23,279.7112237475892,281.84086397801883,278.79158690461355,280.3888244628906,21031287,POWERGRID
2025-10-24,280.38879801201887,281.4536327976908,277.3879107221496,279.27557373046875,16350189,POWERGRID
2025-10-27,279.7595766271726,283.4380644339178,278.98516747053645,281.7440185546875,13396182,POWERGRID
2025-10-28,281.2600179163405,283.24448947365505,277.62991944275933,279.0335693359375,13543174,POWERGRID
2025-10-29,279.75961252027656,287.16500811980234,279.51760593505145,285.9065856933594,14608714,POWERGRID
2025-10-30,286.82617124979663,286.9713988233786,281.6472543520121,282.1796569824219,10329750,POWERGRID
2025-10-31,282.6636746765735,282.6636746765735,277.82354326087875,278.936767578125,10088802,POWERGRID
2025-11-03,279.759560585022,280.8727847620321,277.96870627845055,278.7915344238281,8578207,POWERGRID
2025-11-04,275.4034709987303,275.83909463250257,269.2081088424474,270.1277160644531,26098629,POWERGRID
2025-11-06,269.11129224882916,269.5953053643846,261.2218843736386,261.5606994628906,21919591,POWERGRID
2025-11-07,261.5606957291157,264.0775402606232,260.1570458973155,263.3031311035156,11379131,POWERGRID
2025-11-10,264.3859058404677,266.30529401479146,262.3680505325471,263.9921875,10717941,POWERGRID
2025-11-11,264.0413982102207,264.9272720100656,260.4978729720563,263.4508056640625,11154806,POWERGRID
2025-11-12,264.7796083627074,266.00999687740403,262.3188313333142,262.909423828125,16444701,POWERGRID
2025-11-13,262.909417307459,266.2068644528192,261.482154650297,265.61627197265625,12573141,POWERGRID
2025-11-14,266.1084407945126,268.02782890342036,265.27177057529406,267.04351806640625,10308317,POWERGRID
2025-11-17,267.83097658169214,269.65195758232534,265.76391787931885,269.2582092285156,9884392,POWERGRID
2025-11-18,269.7011665905768,272.4572248905879,268.0278261692098,269.8980407714844,16434280,POWERGRID
2025-11-19,271.62056599580194,271.66976951824597,268.22468186131164,270.8330993652344,15765235,POWERGRID
2025-11-20,270.9315644716837,274.67193372771396,270.19333132598433,272.8509826660156,15337345,POWERGRID
2025-11-21,272.85097162072805,274.62271908317103,271.0791941195027,273.24468994140625,12941485,POWERGRID
2025-11-24,273.6384268774231,274.67194129436007,268.22471699315753,271.4729309082031,49791096,POWERGRID
2025-11-25,270.6854903960868,272.5556750492484,268.3723538340362,269.1598205566406,12114606,POWERGRID
2025-11-26,269.701165825903,272.60489477275325,269.20901041381194,270.73468017578125,8352869,POWERGRID
2025-11-27,272.6540974836435,272.6540974836435,269.01213542954036,269.4058837890625,9865039,POWERGRID
2025-11-28,269.5042943599303,270.04568334195267,265.2225662626396,265.7147216796875,12580231,POWERGRID
2025-12-01,268.1754913587958,268.1754913587958,264.5335293577071,265.4194030761719,10428760,POWERGRID
2025-12-02,264.7796064995535,266.40371331976837,262.7125478016519,263.2539367675781,11029817,POWERGRID
2025-12-03,263.2539399158195,264.7796096660403,260.35021099132956,264.2382507324219,9063557,POWERGRID
2025-12-04,262.36804110480426,265.96079968427983,261.43296383464195,264.8780517578125,5103204,POWERGRID
2025-12-05,263.99217383876754,267.240387528015,263.5984254798919,265.5670471191406,5535798,POWERGRID
2025-12-08,264.5827405824509,265.17333309154225,260.59629371395454,261.03924560546875,10203843,POWERGRID
2025-12-09,259.95649221907075,261.5805990558757,258.77530722569503,260.3994140625,10686557,POWERGRID
2025-12-10,260.7439107182216,263.05704698005866,260.1533182626152,261.3345031738281,7157092,POWERGRID
2025-12-11,260.1041488464977,262.17120769276977,258.3816048144017,260.6455078125,8336183,POWERGRID
2025-12-12,260.8423540212639,262.5648978685741,259.1690136969359,259.4643249511719,5522827,POWERGRID
2025-12-15,259.46433282283635,259.7104105227748,256.4129633358435,258.0863037109375,6400400,POWERGRID
2025-12-16,258.037067228217,259.2182521900701,255.6255238193739,256.26531982421875,9241981,POWERGRID
2025-12-17,256.2653069845873,258.62764675115204,255.23176268505404,257.0035400390625,10944698,POWERGRID
2025-12-18,256.6590428625546,257.594150144489,251.786707372973,253.90298461914062,10930748,POWERGRID
2025-12-19,254.00137879017734,259.8088362866292,253.90297174551645,259.3166809082031,16657897,POWERGRID
2025-12-22,255.03491883112716,261.4329386433692,254.98568527084197,260.84234619140625,10054250,POWERGRID
2025-12-23,260.8423525920968,265.07487686392795,260.25176012564157,262.81097412109375,10526826,POWERGRID
2025-12-24,263.59843522544924,265.81313465148423,262.12196894142596,263.8445129394531,6131188,POWERGRID
2025-12-26,263.7952893139851,265.07488131380165,260.694716361521,261.2853088378906,6029003,POWERGRID
2025-12-29,261.77745148654367,262.26960685309945,255.92079060901773,256.5113830566406,7270521,POWERGRID
2025-12-30,255.92080504044648,257.34806769945385,254.88729072791108,256.26531982421875,10929200,POWERGRID
2025-12-31,257.2988323982113,261.0392313929516,256.46216222578374,260.4486389160156,5145868,POWERGRID
2026-01-01,259.95648413038066,263.3523383128031,259.95648413038066,262.6141052246094,4298196,POWERGRID
2026-01-02,263.3031512115236,267.83098710927277,262.0727626544604,266.69903564453125,13348375,POWERGRID
2026-01-05,266.99428220890877,268.5199518060194,264.48430189397726,267.38800048828125,11526602,POWERGRID
2026-01-06,261.826689239789,269.0121465154427,261.826689239789,264.336669921875,11777253,POWERGRID
2026-01-07,264.2874433399749,264.7303952046605,259.31668593698873,259.95648193359375,14877056,POWERGRID
2026-01-08,259.8580538281614,261.13764586559034,253.90298544344554,255.23178100585938,11762204,POWERGRID
2026-01-09,256.21608171319633,259.66116941219934,252.22963510557662,253.95217895507812,14100782,POWERGRID
2026-01-12,253.95218660729736,255.42865280850256,250.31023964820267,254.49354553222656,9698555,POWERGRID
2026-01-13,254.9857017244025,255.87160547890193,252.0820028762848,254.7396240234375,9734559,POWERGRID
2026-01-14,253.06630343949556,255.62551743372592,252.72178866432944,254.29669189453125,15435341,POWERGRID
2026-01-15,254.29669189453125,254.29669189453125,254.29669189453125,254.29669189453125,0,POWERGRID
2026-01-16,254.24747917969654,257.4464894250873,252.18045043677824,253.26316833496094,9648251,POWERGRID
2026-01-19,252.8694481462882,254.7396327297838,252.62337043691292,253.60768127441406,10588722,POWERGRID
2026-01-20,253.6076730971206,253.80454727378597,249.42435217262718,250.0641632080078,12452441,POWERGRID
2026-01-21,248.09554704382694,254.78886367385735,248.09554704382694,251.78671264648438,14263346,POWERGRID
2026-01-22,252.57413873173434,255.77314859671068,251.4421723832627,255.18255615234375,15520530,POWERGRID
2026-01-23,255.18257345682696,255.87160302844288,248.63691268160198,250.16258239746094,18022018,POWERGRID
2026-01-27,252.4757288373769,254.29670988743032,248.09554863140593,250.35946655273438,17375059,POWERGRID
2026-01-28,250.014947270838,256.6590452790197,250.014947270838,255.72393798828125,16046343,POWERGRID
2026-01-29,258.48002255871006,258.922944396248,254.690419964049,256.4129638671875,26914029,POWERGRID
2026-01-30,257.2004031484754,258.283151049383,250.06416478118865,252.47572326660156,23292764,POWERGRID
2026-02-02,247.30810661559937,266.9451205295456,246.07771802547202,266.15765380859375,37109237,POWERGRID
2026-02-03,271.7189895510991,280.0364279866007,268.96293127359803,278.7568359375,52651170,POWERGRID
2026-02-04,284.26893512485674,287.4187415685171,278.46150765571474,284.8595275878906,27775044,POWERGRID
2026-02-05,286.43444004859606,286.43444004859606,281.66052670669654,284.8103332519531,9870342,POWERGRID
2026-02-06,287.615623505425,288.89521551091485,284.85953528307425,288.156982421875,19951107,POWERGRID
2026-02-09,291.14306524768796,291.19282114262774,286.66394116695426,288.40582275390625,13114576,POWERGRID
2026-02-10,288.6546709311443,293.93007173224254,285.1709076612857,292.9844970703125,21823214,POWERGRID
2026-02-11,296.26918224120493,296.26918224120493,290.84448326094775,293.08404541015625,10508852,POWERGRID
2026-02-12,293.08402677474925,294.62682400681587,290.3965402161774,292.53656005859375,10482579,POWERGRID
2026-02-13,290.6453961706392,292.9347141955537,285.51929337502247,285.86767578125,10914157,POWERGRID
2026-02-16,286.66394550748754,299.5538815965073,285.9174248160618,299.10595703125,22196951,POWERGRID
2026-02-17,297.91151187563327,300.2008602223851,295.6221939048862,299.35479736328125,11190989,POWERGRID
2026-02-18,298.06082801511553,300.84782633197483,297.065467133951,299.15570068359375,9147320,POWERGRID
2026-02-19,298.7078100720766,300.2008514116145,291.7402838208999,293.2830810546875,7552362,POWERGRID
2026-02-20,294.1789198191354,300.6487660644475,292.8849627204753,297.56317138671875,11762183,POWERGRID
2026-02-23,300.59900567122924,302.8883236964689,297.61292283343556,301.9427490234375,11774742,POWERGRID
2026-02-24,302.58970976860905,304.77951587128337,299.40454277853803,303.385986328125,15863867,POWERGRID
2026-02-25,305.5758057633874,310.2540142886686,303.7343819661595,305.82464599609375,14240500,POWERGRID
2026-02-26,305.6753463222962,306.2725689528481,300.0017768960609,301.84320068359375,14249515,POWERGRID
2026-02-27,304.3813507187842,304.3813507187842,296.5180056930479,297.2645263671875,21400679,POWERGRID
2026-03-02,288.65465390000884,297.21476350465804,288.1569734622502,295.423095703125,15690227,POWERGRID
2026-03-04,294.6268417950837,294.6268417950837,287.5597729606086,290.59564208984375,28191826,POWERGRID
2026-03-05,290.6454007377213,298.7078306005099,290.54585856637704,298.06085205078125,19467441,POWERGRID
2026-03-06,298.55851397650866,301.34551234490385,295.6221871723747,297.76220703125,15887540,POWERGRID
2026-03-09,284.17555298118066,294.8756832598065,284.17555298118066,293.83056640625,21591866,POWERGRID
2026-03-10,296.7668459177611,298.6580255503806,292.38726403800956,297.2645263671875,14627316,POWERGRID
2026-03-11,297.26452030279364,301.49480403661744,296.6672977004649,297.413818359375,12618289,POWERGRID
2026-03-12,294.42775574914714,303.48554643518634,293.7310213123783,302.19158935546875,15284297,POWERGRID
2026-03-13,307.2181239360654,308.064186743842,297.3143015862189,299.5538635253906,23615092,POWERGRID
2026-03-16,299.55388046738534,301.59435819918923,290.0481654734583,296.36871337890625,25911819,POWERGRID
2026-03-17,300.5989975921273,300.5989975921273,290.794686463011,297.115234375,12300000,POWERGRID
2026-03-18,298.16034542306966,302.7887979085387,296.1696236232134,298.01104736328125,8691698,POWERGRID
2026-03-19,296.2691830829642,299.105967888556,294.57708767991363,295.3236083984375,8594078,POWERGRID
2026-03-20,298.70782373308566,303.5850862567638,295.224060448172,296.21942138671875,28392470,POWERGRID
2026-03-23,296.6175614162459,302.93810948806833,291.74029886413285,300.69854736328125,23771660,POWERGRID
2026-03-24,307.56652423769333,307.56652423769333,291.0435268927652,297.6129150390625,24123621,POWERGRID
2026-03-25,298.5087321315655,300.8478363554357,292.83519314550244,293.6314697265625,16423641,POWERGRID
2026-03-27,293.08403358024793,295.9207878872727,288.9532614820802,294.129150390625,27444747,POWERGRID
2026-03-30,290.69514937580664,296.518016929961,290.64539347938,294.72637939453125,23105779,POWERGRID
2026-04-01,303.5850651469023,304.4808838541024,288.8537364311588,291.441650390625,18635698,POWERGRID
2026-04-02,288.85375967094774,290.6453972294945,282.1848291594578,288.60491943359375,17222200,POWERGRID
2026-04-06,293.5319214953094,294.2286862713446,285.96717262751497,293.78076171875,9291741,POWERGRID
2026-04-07,291.1430615330052,294.8756648859925,289.6500201918103,294.02960205078125,9318575,POWERGRID
2026-04-08,299.6036414088905,300.3501621100755,292.23797656573345,293.482177734375,10887876,POWERGRID
2026-04-09,294.07940163710174,299.3050465679028,292.4868180591804,296.71710205078125,17644642,POWERGRID
2026-04-10,299.7031805686142,302.09204071322125,298.35943724477124,301.34552001953125,13245074,POWERGRID
2026-04-13,298.55852673741805,300.94738692328997,296.2691783449533,298.9566650390625,15681799,POWERGRID
2026-04-15,301.9924846181349,311.94609340829095,299.852464803452,311.0005187988281,21897202,POWERGRID
2026-04-16,313.5386952139837,315.5294170883582,309.05957099664107,310.80145263671875,21510277,POWERGRID
2026-04-17,311.84654770506387,317.47036090846245,309.95536813160385,316.6242980957031,13609827,POWERGRID
2026-04-20,317.5201236548927,321.5513231057524,314.0861164367502,318.2168884277344,10955277,POWERGRID
2026-04-21,317.4703614832527,320.5061999848822,316.5247565068091,317.8684997558594,8342335,POWERGRID
2026-04-22,318.26666259765625,320.50622472695954,314.5340590488174,318.26666259765625,7112538,POWERGRID
2026-04-23,318.5154964564133,320.3569202455029,316.5745304994801,317.66943359375,7294961,POWERGRID
2026-04-24,314.5340516474332,316.4252313258086,313.04101026303084,314.93218994140625,9980241,POWERGRID
2026-04-27,316.52477530018064,323.4425459044702,315.47965847553485,319.41131591796875,9334181,POWERGRID
2026-04-28,321.3025010439062,321.3025010439062,316.17639824999117,317.5201416015625,9083528,POWERGRID
2026-04-29,318.61502086624694,322.2978378631595,316.7735971797891,318.8638610839844,10372929,POWERGRID
2026-04-30,318.1173395128315,319.7596788699591,314.4842784195485,316.8731384277344,9521058,POWERGRID
2026-05-01,316.8731384277344,316.8731384277344,316.8731384277344,316.8731384277344,0,POWERGRID
2026-05-04,312.5433248235471,322.3973917284517,312.5433248235471,317.56988525390625,7370269,POWERGRID
2026-05-05,317.4205813812297,319.80944143928525,313.5386799898889,317.9680480957031,8569582,POWERGRID
2026-05-06,318.5652387708247,320.00852420301266,313.1405401786775,314.4842834472656,4884118,POWERGRID
2026-05-07,314.285204186724,315.28056508676116,311.05028126160335,312.34423828125,9126203,POWERGRID
2026-05-08,313.73776189246735,313.73776189246735,309.1590957639243,312.4935607910156,7929393,POWERGRID
2026-05-11,312.4935716554104,312.59308344618347,308.5121279923429,309.45770263671875,8204425,POWERGRID
2026-05-12,308.0144394232139,309.308396429234,304.08275175906994,304.8790283203125,7952584,POWERGRID
2026-05-13,302.83856089830795,303.9832198848426,294.2784508831712,300.101318359375,23775882,POWERGRID
2026-05-14,304.58044261663736,306.1232398977903,299.2054997044859,300.35015869140625,14012601,POWERGRID
2026-05-15,306.3720879688044,306.72047037617483,301.49482539363476,304.43115234375,10092811,POWERGRID
2026-05-18,294.9254151523098,297.0654653346542,288.8537381147846,295.17425537109375,16036198,POWERGRID
2026-05-19,295.22406083514085,298.60828195543473,293.1835526828422,297.21478271484375,12580156,POWERGRID
2026-05-20,296.1198679410037,299.40454676272077,293.1835411337081,298.50872802734375,5672695,POWERGRID
2026-05-21,300.9971239377358,303.0873878602485,297.3143069085499,298.16033935546875,10353164,POWERGRID
2026-05-22,297.314304518974,299.1556978307656,292.1881717290581,292.9346923828125,15105294,POWERGRID
2026-05-25,297.1152392703101,297.1152392703101,292.78541312534077,293.9798583984375,5896815,POWERGRID
2026-05-26,293.631456337903,294.57706131379916,290.6951296241227,291.19281005859375,5625947,POWERGRID
2026-05-27,290.64538309144143,299.85247142567374,290.64538309144143,298.757568359375,9883025,POWERGRID
2026-05-28,298.757568359375,298.757568359375,298.757568359375,298.757568359375,0,POWERGRID
2026-05-29,301.59434233172163,301.59434233172163,284.12577128766173,289.20208740234375,77407363,POWERGRID
2026-06-01,289.65001610931427,290.99375937265097,283.379254715081,284.822509765625,17628347,POWERGRID
2026-06-02,280.442926178826,283.92668923694805,277.10846117656564,280.841064453125,15198142,POWERGRID
2026-06-03,280.6917918256782,284.6732356813616,279.04945231041,283.7276306152344,13002063,POWERGRID
2026-06-04,278.70105781043566,284.7229792305807,278.70105781043566,283.27972412109375,16292818,POWERGRID
2026-06-05,282.68248972589095,285.2206478177467,281.6871288465744,284.3248291015625,6955072,POWERGRID
2026-06-08,281.6871249034171,290.74491485360386,281.28898663246446,288.9532470703125,8748933,POWERGRID
2026-06-09,291.5412143586933,291.6905124250596,283.429028742067,284.3746337890625,7973130,POWERGRID
2026-06-10,283.67786955011013,288.1569938061645,282.7322645012076,285.86767578125,8330040,POWERGRID
2026-06-11,287.908134795182,289.102580002642,284.67321193231476,285.3201904296875,12064071,POWERGRID
2026-06-12,287.55977630916897,287.55977630916897,281.38855656044547,283.4787902832031,5478294,POWERGRID
2026-06-15,288.6546736969251,288.6546736969251,282.7322639310171,284.3746337890625,9319070,POWERGRID
2026-06-16,284.7727534225044,285.07134953566197,281.5378305672834,283.8271484375,8146761,POWERGRID
2026-06-17,284.8723083820273,285.320202571883,281.9359815080639,285.0216064453125,6008101,POWERGRID
2026-06-18,285.02161347096194,288.10723848426977,281.98574435464076,287.3607177734375,8381654,POWERGRID
2026-06-19,287.6095472201896,291.54120459079974,286.3155598110233,290.89422607421875,10295261,POWERGRID
2026-06-22,287.659302073784,291.4914476402792,287.46021774201637,288.40582275390625,11678414,POWERGRID
2026-06-23,289.1026006618281,291.6905148362507,288.25653777741815,290.59564208984375,12328516,POWERGRID
2026-06-24,291.64074001299383,293.88030200968063,287.4104562414743,289.55047607421875,10221176,POWERGRID
2026-06-25,289.35141896348574,290.1476955143244,281.7368839570756,282.58294677734375,16305770,POWERGRID
2026-06-26,282.58294677734375,282.58294677734375,282.58294677734375,282.58294677734375,0,POWERGRID
2026-06-29,285.6685787817276,286.3155572926178,282.1848156258529,284.92205810546875,16957025,POWERGRID
2026-06-30,285.8676508316409,287.55974606619975,283.1304084696165,284.9718017578125,11985195,POWERGRID
2026-07-01,286.46484363320815,287.01231033233654,284.3248238573498,286.21600341796875,8147424,POWERGRID
2026-07-02,286.2160281929449,288.05745202031153,282.881593320909,286.863037109375,6456861,POWERGRID
2026-07-03,287.1616269637772,290.6453902025059,285.76812774348673,286.5146484375,10260404,POWERGRID
2026-07-06,285.86765657719536,286.6141772363879,283.3792543798869,284.07598876953125,7799856,POWERGRID
2026-07-07,284.0262447094559,286.01696655024267,282.0355228686691,283.0308837890625,7251465,POWERGRID
2026-07-08,281.5876025884303,284.07600492727465,277.9047853525436,278.4024658203125,7306244,POWERGRID
2026-07-09,278.70105649282476,282.63274426160746,278.70105649282476,280.0447998046875,6800579,POWERGRID
2026-07-10,281.78668212890625,282.48341654631867,280.04480052136836,281.78668212890625,6812700,POWERGRID
2026-07-13,281.48805073885757,285.1211423294267,280.3433917775568,284.6732177734375,8083023,POWERGRID
2026-07-14,281.0401505716436,285.61881669530766,280.9903643020365,284.822509765625,7596298,POWERGRID
2026-07-15,284.57368579490344,285.46950456294513,277.60615923634896,279.3978271484375,9907688,POWERGRID
2026-07-16,279.099188412917,283.080631986214,278.7010501307881,279.44757080078125,7143529,POWERGRID
2026-07-17,279.44759007986556,283.0308956182458,278.3526869464708,282.2345886230469,10985155,POWERGRID
2026-07-20,283.37927398233205,288.206750278243,282.0355306276329,287.3607177734375,11380170,POWERGRID
2026-07-21,287.6593131405684,289.0528123885396,283.13043299066055,285.3699951171875,7517060,POWERGRID
2026-07-22,284.32482466457805,288.4058102812913,283.0806235848486,287.9578857421875,4595987,POWERGRID
2026-07-23,285.9671642447882,289.6002557013248,285.668568135814,288.45556640625,7407258,POWERGRID
2026-07-24,285.17091134887477,288.7044305607361,285.071369178962,286.863037109375,8474555,POWERGRID
2026-07-27,286.9625430303121,289.20210511548936,285.22066140850757,287.510009765625,12143388,POWERGRID
2026-07-28,285.96719287574564,286.663957701116,281.78669505154124,283.9764709472656,7118852,POWERGRID
2026-07-29,282.6825007776399,283.42902146631326,279.74617391845624,281.537841796875,12375693,POWERGRID
2026-07-30,282.08528539275954,285.76813303515695,281.68714709044764,284.3746337890625,7903593,POWERGRID
2026-07-31,284.9718131411071,286.06671620485366,281.6871343258713,282.93133544921875,7804310,POWERGRID
2026-08-03,283.6778572959767,285.6685791015625,282.5829542277037,285.6685791015625,8749092,POWERGRID
2026-08-04,292.7356396342428,292.7356396342428,280.39317085010265,282.08526611328125,7656558,POWERGRID
2026-08-05,282.682494142358,283.87693936660054,279.94525168147254,280.44293212890625,7544704,POWERGRID
2026-08-06,278.45220541491733,279.6964065114987,268.39905447933893,269.49395751953125,18258733,POWERGRID
2026-08-07,267.4037000463713,271.5842279820348,267.1051039263971,270.34002685546875,7795199,POWERGRID
2026-08-10,270.2404840465155,270.34002621160454,267.55299746913204,268.84698486328125,8329347,POWERGRID
2026-08-11,268.74744794700246,269.5437245312584,265.41298279542207,266.70697021484375,7553241,POWERGRID
2026-08-12,266.7069708261259,268.7474485629613,265.0646010063263,268.20001220703125,6699919,POWERGRID
2026-08-13,269.0,269.0,266.04998779296875,266.6000061035156,9715149,POWERGRID
2026-08-14,267.0,268.20001220703125,265.75,266.04998779296875,6758273,POWERGRID
2026-08-17,266.04998779296875,268.0,265.25,266.1499938964844,6631423,POWERGRID
2026-08-18,266.20001220703125,268.95001220703125,266.04998779296875,268.0,6792173,POWERGRID
2026-08-19,267.04998779296875,267.5,262.04998779296875,263.5,9674185,POWERGRID
2026-08-20,264.0,267.1000061035156,262.79998779296875,264.79998779296875,7029993,POWERGRID
2026-08-21,264.6000061035156,275.95001220703125,264.20001220703125,272.3999938964844,18031357,POWERGRID
2026-08-24,274.0,274.3500061035156,268.29998779296875,271.3999938964844,7643689,POWERGRID
2026-08-25,271.3999938964844,271.70001220703125,268.3500061035156,271.0,5435918,POWERGRID
2026-08-26,270.1000061035156,271.1499938964844,265.20001220703125,265.20001220703125,5303523,POWERGRID
2026-08-27,264.79998779296875,266.29998779296875,262.29998779296875,264.8999938964844,7118715,POWERGRID
2026-08-28,266.04998779296875,267.3500061035156,265.04998779296875,266.04998779296875,5112511,POWERGRID
2026-08-31,266.04998779296875,266.04998779296875,263.1499938964844,263.54998779296875,11553385,POWERGRID
2026-09-01,263.29998779296875,264.54998779296875,261.70001220703125,264.54998779296875,8499123,POWERGRID
2026-09-02,264.0,268.3500061035156,262.3999938964844,266.79998779296875,9068868,POWERGRID
2026-09-03,269.8999938964844,270.75,265.6000061035156,265.6000061035156,9826724,POWERGRID
2026-09-04,266.8999938964844,267.5,265.04998779296875,266.0,7967122,POWERGRID
2026-09-07,266.0,268.79998779296875,264.25,266.45001220703125,7015606,POWERGRID
2026-09-08,265.6499938964844,267.25,263.0,265.75,7385483,POWERGRID
2026-09-09,265.0,269.25,264.5,265.8500061035156,11738891,POWERGRID
2026-09-10,265.8500061035156,271.75,265.29998779296875,271.75,12187656,POWERGRID
2026-09-11,269.95001220703125,274.04998779296875,268.3500061035156,269.1000061035156,11423068,POWERGRID
2026-09-14,269.1000061035156,269.1000061035156,269.1000061035156,269.1000061035156,0,POWERGRID
2026-09-15,267.1499938964844,268.5,262.79998779296875,262.79998779296875,10519594,POWERGRID
2026-09-16,264.1000061035156,266.3500061035156,262.79998779296875,262.79998779296875,7132902,POWERGRID
2026-09-17,263.5,265.70001220703125,263.25,263.75,6533662,POWERGRID
2026-09-18,264.6000061035156,270.29998779296875,263.3999938964844,270.29998779296875,17896733,POWERGRID
2026-09-21,267.75,269.04998779296875,266.1000061035156,266.1000061035156,6934502,POWERGRID
2026-09-22,267.0,268.29998779296875,265.95001220703125,265.95001220703125,7314792,POWERGRID
2026-09-23,265.95001220703125,270.8500061035156,265.95001220703125,270.20001220703125,6114433,POWERGRID
2026-09-24,270.3999938964844,270.8999938964844,265.75,266.3999938964844,8968993,POWERGRID
2026-09-25,268.70001220703125,269.75,266.8999938964844,269.5,6241140,POWERGRID
2026-09-28,269.8999938964844,269.8999938964844,261.8500061035156,261.8500061035156,10278456,POWERGRID
2026-09-29,262.29998779296875,269.20001220703125,259.54998779296875,261.5,25174350,POWERGRID
2026-09-30,261.5,262.0,258.1000061035156,260.5,9769840,POWERGRID
2026-10-01,258.20001220703125,259.0,252.35000610351562,254.5500030517578,10976701,POWERGRID
