Date,Open,High,Low,Close,Volume,Symbol
2021-10-04,1156.2993722307872,1166.1955973057436,1149.075293250508,1157.72607421875,10918552,RELIANCE
2021-10-05,1157.25041807704,1183.0215020120208,1153.7402689056823,1181.7532958984375,13533634,RELIANCE
2021-10-06,1186.6222902143543,1186.6222902143543,1155.4389825506435,1159.4019775390625,10258881,RELIANCE
2021-10-07,1175.3220421537414,1177.020571318369,1162.9574494692135,1165.086181640625,6336665,RELIANCE
2021-10-08,1170.9061333611987,1215.8130517029124,1169.2077239223584,1209.857177734375,15772493,RELIANCE
2021-10-11,1223.5124154081877,1231.9366542030143,1198.1263679197398,1201.4326171875,14768666,RELIANCE
2021-10-12,1197.9678831315707,1215.1787568517786,1196.269354160262,1208.2943115234375,6682011,RELIANCE
2021-10-13,1213.3671067441883,1231.7103344750674,1208.9737889938256,1220.5911865234375,9959762,RELIANCE
2021-10-14,1223.0369280495506,1230.7818997818822,1217.0810544912147,1223.0595703125,8623469,RELIANCE
2021-10-18,1208.6567177514992,1243.2596035729455,1205.8033136478314,1226.320556640625,13594479,RELIANCE
2021-10-19,1233.6578296621897,1246.1357531841286,1226.501796349313,1237.3038330078125,8833409,RELIANCE
2021-10-20,1242.2406818392346,1242.2406818392346,1219.0286485058555,1223.0595703125,12710570,RELIANCE
2021-10-21,1235.2883536749923,1235.5600608138357,1179.0358711096487,1187.7772216796875,20831669,RELIANCE
2021-10-22,1186.6448064236538,1206.9809106504802,1182.7950231580921,1189.9964599609375,11027475,RELIANCE
2021-10-25,1213.8201056097269,1213.8201056097269,1163.9990998346134,1178.40185546875,17198417,RELIANCE
2021-10-26,1185.3313994732075,1208.7924943194173,1179.0131308175069,1205.237060546875,9750178,RELIANCE
2021-10-27,1201.1382490708493,1212.3706072222662,1186.6221641632774,1189.9964599609375,9896298,RELIANCE
2021-10-28,1186.6447146030193,1194.774603252533,1173.283745409445,1176.9522705078125,9886181,RELIANCE
2021-10-29,1175.8428779756357,1175.8428779756357,1133.0648156155328,1148.713134765625,14233025,RELIANCE
2021-11-01,1148.7131311991511,1157.6582624374937,1129.6225892164332,1149.4151611328125,15481114,RELIANCE
2021-11-02,1152.6762227813829,1154.034998237925,1130.143575828135,1132.6572265625,10569130,RELIANCE
2021-11-03,1135.034999269857,1141.353269066621,1114.6310849978502,1124.8670654296875,11989430,RELIANCE
2021-11-04,1129.101781492045,1134.5142410032367,1127.7657681126252,1131.7740478515625,1705656,RELIANCE
2021-11-08,1141.081448693073,1141.3532756603024,1112.5476437566415,1133.1781005859375,20337183,RELIANCE
2021-11-09,1134.5594552172417,1145.38413396809,1126.4295651226153,1142.1231689453125,15682497,RELIANCE
2021-11-10,1139.8585280650227,1158.56403111527,1133.9479393972968,1154.8953857421875,10253470,RELIANCE
2021-11-11,1150.4342522284085,1164.2255472479787,1148.3960890914113,1157.0015869140625,10722478,RELIANCE
2021-11-12,1160.783343266853,1177.0204805624614,1158.1110771767962,1174.46142578125,8712341,RELIANCE
2021-11-15,1177.586582367733,1178.583081524526,1163.9990683781703,1167.5318603515625,4803269,RELIANCE
2021-11-16,1164.9275032865714,1166.2636363626991,1130.0302662731583,1140.402099609375,11337581,RELIANCE
2021-11-17,1131.819202659116,1131.819202659116,1114.6309708056715,1115.98974609375,10202029,RELIANCE
2021-11-18,1114.177982402732,1127.3126501781812,1109.6714536653499,1120.2017822265625,8505625,RELIANCE
2021-11-22,1103.353466536403,1109.1961291306902,1064.8101030658254,1070.5848388671875,24124307,RELIANCE
2021-11-23,1056.6800550508478,1087.5691305828452,1045.7874503355001,1080.5941162109375,25326999,RELIANCE
2021-11-24,1077.944744457766,1091.4869745646124,1061.4358986030797,1064.9913330078125,16820296,RELIANCE
2021-11-25,1074.7742721480843,1133.2006528139436,1067.5954770563671,1129.1016845703125,42401936,RELIANCE
2021-11-26,1117.7108501017365,1122.149452357917,1087.6824179851199,1092.7098388671875,15763138,RELIANCE
2021-11-29,1104.7121238946838,1132.2948314861248,1086.5953193762673,1105.799072265625,24325354,RELIANCE
2021-11-30,1117.8012696969345,1121.3793456985663,1081.9528225027632,1089.4486083984375,32172299,RELIANCE
2021-12-01,1101.9493776790864,1120.519028933976,1098.3713010103995,1117.3486328125,10104610,RELIANCE
2021-12-02,1118.571348380323,1130.5736640269113,1114.9027029403865,1124.5272216796875,12720411,RELIANCE
2021-12-03,1131.5702131686844,1131.6154976946157,1087.0030516324528,1090.7396240234375,19222481,RELIANCE
2021-12-06,1094.2498569399281,1098.326063585159,1067.5955985919252,1070.06396484375,10332254,RELIANCE
2021-12-07,1076.2008936152106,1088.814549469748,1068.8862454989733,1078.782470703125,11235122,RELIANCE
2021-12-08,1097.9182338918165,1101.4056210006474,1089.8562718344901,1095.20068359375,8744178,RELIANCE
2021-12-09,1102.8551026436394,1120.9265028973477,1098.3259314492311,1112.5701904296875,13213547,RELIANCE
2021-12-10,1105.2328712872275,1116.8955527047663,1100.7489847314073,1113.7025146484375,8364414,RELIANCE
2021-12-13,1120.2924973928066,1120.5642045309762,1088.8146024741634,1091.3736572265625,12901733,RELIANCE
2021-12-14,1077.944646457222,1089.7205393231307,1074.9553887174345,1078.0125732421875,12991523,RELIANCE
2021-12-15,1079.7564383300423,1089.267747138745,1069.3846036415657,1074.864990234375,9366969,RELIANCE
2021-12-16,1089.5845283011158,1094.0231302341062,1072.8039773873268,1088.769287109375,9761279,RELIANCE
2021-12-17,1086.1199416955528,1090.6264710688479,1050.7696168986836,1060.0318603515625,21049821,RELIANCE
2021-12-20,1049.7958677716224,1049.7958677716224,1017.7519129116022,1031.4527587890625,14325846,RELIANCE
2021-12-21,1046.8518030785813,1062.5454064146618,1038.1784989493156,1046.8065185546875,12836561,RELIANCE
2021-12-22,1052.988828746117,1074.276029474332,1051.6754577350616,1071.6490478515625,17658543,RELIANCE
2021-12-23,1075.2270326442374,1077.944583084397,1068.0030733980013,1071.2640380859375,9072401,RELIANCE
2021-12-24,1073.4155095265614,1083.3796623765666,1058.718285237532,1074.6837158203125,7886494,RELIANCE
2021-12-27,1069.588333994207,1077.0388360812635,1063.4966072069749,1073.5286865234375,4017223,RELIANCE
2021-12-28,1075.9517717574063,1089.1996512774408,1074.7968966086662,1086.2783203125,6374613,RELIANCE
2021-12-29,1082.926817028114,1095.6085205634522,1078.8957755234705,1088.1353759765625,15425312,RELIANCE
2021-12-30,1087.0030029803643,1089.2449463146104,1062.3642685656102,1068.4786376953125,29333171,RELIANCE
2021-12-31,1074.7741732718725,1079.710904759357,1068.8862272626782,1072.5775146484375,9477290,RELIANCE
2022-01-03,1071.150790940942,1090.6036067166367,1070.4940456132024,1088.74658203125,5421611,RELIANCE
2022-01-04,1094.2044407783767,1114.6309956772857,1088.81462402871,1113.3175048828125,10847728,RELIANCE
2022-01-05,1115.0838981501056,1121.8776545605729,1101.9265882823174,1118.5260009765625,11643813,RELIANCE
2022-01-06,1110.1924425923644,1111.4606489189575,1091.0792578429503,1094.4761962890625,14447422,RELIANCE
2022-01-07,1101.0207557139988,1113.294777565113,1092.2341211399646,1103.3079833984375,13112115,RELIANCE
2022-01-10,1110.5547786779957,1112.8193642531028,1094.2723568788356,1104.2138671875,9246731,RELIANCE
2022-01-11,1103.3080358803265,1120.9491128479206,1102.8550708538112,1112.16259765625,16205164,RELIANCE
2022-01-12,1119.2960312179016,1143.595131948247,1116.4426269818646,1141.851318359375,14800442,RELIANCE
2022-01-13,1141.9194026287705,1150.8645340891296,1136.0993826537385,1148.2828369140625,11856712,RELIANCE
2022-01-14,1148.1471193848429,1162.7762991758036,1144.0028659760437,1149.958740234375,19930176,RELIANCE
2022-01-17,1149.5057137125311,1161.7344520199854,1149.0527486713804,1155.959716796875,8036453,RELIANCE
2022-01-18,1157.0919805047831,1160.5340832716051,1139.4281422634044,1142.1683349609375,6215029,RELIANCE
2022-01-19,1145.882257497244,1151.3172385374578,1136.370950826631,1142.0777587890625,9755485,RELIANCE
2022-01-20,1132.3176461756468,1136.8015335141931,1111.9136106984854,1122.0816650390625,16494486,RELIANCE
2022-01-21,1110.5548482538704,1133.3139167394952,1110.5548482538704,1122.2626953125,13338594,RELIANCE
2022-01-24,1120.9718770080574,1134.4463001586594,1066.6671028591084,1076.99365234375,21868937,RELIANCE
2022-01-25,1064.1532222498897,1081.8623458947789,1043.9757327083191,1074.887451171875,24510205,RELIANCE
2022-01-27,1058.0161903944513,1067.1198169153088,1046.7159051568356,1058.96728515625,20020431,RELIANCE
2022-01-28,1071.1508364816766,1076.087568078922,1054.5740661673967,1057.9482421875,14667727,RELIANCE
2022-01-31,1068.9769283849403,1089.9017336429354,1067.1651879580827,1080.9339599609375,12143683,RELIANCE
2022-02-01,1090.6263567842825,1096.333045361315,1063.0436492942567,1077.3558349609375,13200509,RELIANCE
2022-02-02,1090.1733881906252,1090.1733881906252,1075.725349000261,1079.552490234375,10017691,RELIANCE
2022-02-03,1083.3795890325775,1087.6596951339798,1063.0888887078768,1065.6025390625,9572839,RELIANCE
2022-02-04,1060.280768575064,1063.655064440526,1051.2677111603737,1055.887451171875,11061241,RELIANCE
2022-02-07,1060.7338205814565,1067.4370085401163,1043.9757907846413,1049.4561767578125,10714467,RELIANCE
2022-02-08,1055.5931024543218,1068.8862659765236,1046.240291320876,1067.09716796875,12060849,RELIANCE
2022-02-09,1073.9363098694528,1081.2056742872649,1067.9805561051007,1079.5299072265625,11486225,RELIANCE
2022-02-10,1085.0554293647551,1085.0554293647551,1071.1962083846827,1078.4202880859375,12464491,RELIANCE
2022-02-11,1074.887506839841,1079.982854527415,1061.6849113374171,1076.314208984375,15943370,RELIANCE
2022-02-14,1059.9412213800138,1066.599124811997,1047.5991516117767,1059.1712646484375,10719633,RELIANCE
2022-02-15,1064.9004831978962,1097.8277206759533,1057.8803043046898,1095.1328125,11212671,RELIANCE
2022-02-16,1100.5904953127101,1101.9492706042658,1085.16871921443,1092.8682861328125,10392840,RELIANCE
2022-02-17,1096.1065786813085,1111.8681080705421,1091.5321231787168,1106.704833984375,12853252,RELIANCE
2022-02-18,1107.112541400613,1112.5475227496659,1096.1292475949579,1098.05419921875,6775458,RELIANCE
2022-02-21,1092.4380298945582,1103.9875007758346,1080.0281530233087,1086.957763671875,11107193,RELIANCE
2022-02-22,1065.6705251768456,1085.146105195485,1063.066305633856,1082.0208740234375,13494914,RELIANCE
2022-02-23,1087.5012562225045,1089.9696221846223,1072.5096827529123,1075.249755859375,7310110,RELIANCE
2022-02-24,1043.975653416375,1059.7825863000533,1016.0759568434702,1021.66943359375,24846650,RELIANCE
2022-02-25,1032.698081014629,1045.3118571320392,1030.9543872983322,1034.44189453125,14570089,RELIANCE
2022-02-28,1015.894992677199,1072.2152872381166,1015.894992677199,1068.6824951171875,21297446,RELIANCE
2022-03-02,1057.3143787554548,1087.4561461649769,1054.936581459969,1086.346435546875,21471786,RELIANCE
2022-03-03,1087.0031046986949,1093.728935330815,1073.4382321141,1077.1748046875,10186748,RELIANCE
2022-03-04,1065.7158442994964,1070.833834303542,1050.928170459011,1053.2833251953125,10805667,RELIANCE
2022-03-07,1032.0641066685334,1047.1916548725635,1006.3837060047663,1014.3324584960938,17983310,RELIANCE
2022-03-08,1001.6279025675499,1017.2536381523959,987.361002125067,1012.4979248046875,21289374,RELIANCE
2022-03-09,1012.724579802494,1072.0567736389658,1011.8865764630572,1066.214111328125,20414228,RELIANCE
2022-03-10,1087.0029472759036,1089.267532756051,1068.8862634347242,1083.4927978515625,17980493,RELIANCE
2022-03-11,1076.1556390217638,1091.9852168591085,1076.1556390217638,1086.6180419921875,12257423,RELIANCE
2022-03-14,1081.0697243173254,1098.0541754406872,1075.2270625884603,1095.5404052734375,8340678,RELIANCE
2022-03-15,1099.6620420875429,1099.6620420875429,1060.2128731362302,1070.4488525390625,15925769,RELIANCE
2022-03-16,1078.8504605069668,1090.5810688907009,1076.6311594559988,1088.520263671875,11149828,RELIANCE
2022-03-17,1101.8361008572806,1131.1172183134404,1093.8420644373464,1124.0064697265625,21422098,RELIANCE
2022-03-21,1106.9314074851866,1125.0480919172617,1104.6668219311773,1117.5296630859375,11999466,RELIANCE
2022-03-22,1114.2233926126817,1148.1243719419283,1111.2795389519592,1146.4033203125,22557065,RELIANCE
2022-03-23,1142.7120228084564,1161.666592238369,1142.7120228084564,1150.0491943359375,15462187,RELIANCE
2022-03-24,1136.8241292691566,1170.407998403581,1136.8241292691566,1167.9168701171875,13168266,RELIANCE
2022-03-25,1169.660588741769,1184.833300668766,1167.169460657995,1175.70703125,14222488,RELIANCE
2022-03-28,1182.1157391354113,1191.0608703717303,1171.472198621402,1187.5281982421875,9891424,RELIANCE
2022-03-29,1194.7974641560254,1194.7974641560254,1180.9382429362058,1187.7999267578125,8684065,RELIANCE
2022-03-30,1195.6580225208536,1217.4433519238278,1185.3314742474283,1210.626953125,15811550,RELIANCE
2022-03-31,1207.0036419353132,1209.1550162306944,1190.5400818204482,1193.325439453125,13223718,RELIANCE
2022-04-01,1193.8916640782966,1207.094259791017,1187.55087204633,1202.882080078125,7922880,RELIANCE
2022-04-04,1202.7009276541294,1211.555489970758,1196.45070474843,1206.4375,7929162,RELIANCE
2022-04-05,1200.7307025551163,1209.2456310104756,1186.9620503043643,1189.3851318359375,13149870,RELIANCE
2022-04-06,1171.744039651222,1193.2122590361132,1171.744039651222,1186.2147216796875,12257215,RELIANCE
2022-04-07,1175.3671581453982,1180.3040094861121,1162.6401712692125,1165.289794921875,15496499,RELIANCE
2022-04-08,1159.470012714583,1188.9097490958125,1159.470012714583,1184.6749267578125,15152495,RELIANCE
2022-04-11,1177.5865608022991,1195.0466201854251,1169.8869936426172,1182.2064208984375,9254209,RELIANCE
2022-04-12,1171.6986884850992,1178.7642727503164,1157.3865016457235,1159.945556640625,13217742,RELIANCE
2022-04-13,1166.0371790472568,1174.2349955581562,1152.9025109003892,1155.68798828125,10354235,RELIANCE
2022-04-18,1147.2411835351893,1159.3793533809223,1142.1684779905993,1152.1552734375,9974224,RELIANCE
2022-04-19,1158.564096562945,1208.385101413979,1155.4163428280708,1196.065673828125,26141820,RELIANCE
2022-04-20,1203.4480134153682,1238.2774374324342,1199.824653071556,1231.2344970703125,25072240,RELIANCE
2022-04-21,1245.9318196263494,1263.1879773228495,1237.3716076586059,1260.0628662109375,21708633,RELIANCE
2022-04-22,1249.5551722154648,1269.075915209395,1242.8972695502077,1249.5098876953125,15054154,RELIANCE
2022-04-25,1242.0821076628993,1249.3287095526507,1206.414795351199,1220.61376953125,17063215,RELIANCE
2022-04-26,1227.4075203143414,1265.9055943331985,1226.3658564890222,1257.1416015625,12227666,RELIANCE
2022-04-27,1248.1738072854712,1280.8518611647926,1247.8114113086813,1258.364501953125,19338945,RELIANCE
2022-04-28,1272.6767577965609,1291.269050141953,1261.874601680994,1277.16064453125,25614076,RELIANCE
2022-04-29,1293.6014412995023,1293.6014412995023,1257.888846605604,1263.754150390625,18214862,RELIANCE
2022-05-02,1250.9593611931234,1270.6612443033114,1249.1702630612974,1259.315673828125,9467006,RELIANCE
2022-05-04,1261.3764403153348,1263.6410258882418,1212.1442565160846,1220.0023193359375,19247660,RELIANCE
2022-05-05,1233.5218443509423,1236.4658174286478,1192.079918457506,1196.11083984375,17210669,RELIANCE
2022-05-06,1183.112189870724,1204.3087009820067,1174.6651887519583,1186.9393310546875,19649948,RELIANCE
2022-05-09,1166.2410086662385,1176.2732081933118,1135.4652620079833,1140.583251953125,18083752,RELIANCE
2022-05-10,1130.0303130323607,1144.3424996019623,1113.2722828322585,1120.8133544921875,19511677,RELIANCE
2022-05-11,1119.9075231154202,1125.478478168712,1096.9445548183617,1109.3319091796875,16643899,RELIANCE
2022-05-12,1099.4581878859078,1102.7870793042052,1073.4153958980505,1086.731201171875,20490321,RELIANCE
2022-05-13,1098.7788299822744,1122.3304948076038,1093.9551898739935,1099.050537109375,19308778,RELIANCE
2022-05-16,1102.6058723181322,1123.6891694506164,1094.5439104656627,1099.322265625,13437911,RELIANCE
2022-05-17,1102.9003909379085,1150.366239393939,1101.496331090796,1145.497314453125,16551828,RELIANCE
2022-05-18,1150.252881038085,1163.998888744779,1136.0312660890313,1149.6640625,17276788,RELIANCE
2022-05-19,1125.0481241931686,1137.956250241304,1116.918234266966,1123.16845703125,14699118,RELIANCE
2022-05-20,1137.95611299257,1197.6959774442455,1133.2005197063886,1188.6602783203125,21793091,RELIANCE
2022-05-23,1191.8534622113486,1201.8403770570499,1174.4161648907582,1180.7117919921875,15252755,RELIANCE
2022-05-24,1180.7569797022973,1194.7973375363194,1176.5448004718992,1184.7652587890625,13527818,RELIANCE
2022-05-25,1193.4388469280666,1203.2671466893,1178.2660145793059,1183.021728515625,12714544,RELIANCE
2022-05-26,1188.637781781663,1193.3934954511844,1154.0348942869591,1171.7440185546875,17882023,RELIANCE
2022-05-27,1174.4388502012214,1179.9191164627784,1150.4568600156867,1166.3089599609375,16521973,RELIANCE
2022-05-30,1184.3802630005096,1211.1024440039564,1174.959644745959,1206.9356689453125,13853398,RELIANCE
2022-05-31,1196.337262181718,1213.2764285050255,1184.6973432373502,1192.374267578125,70620653,RELIANCE
2022-06-01,1193.121675611818,1202.587698682473,1184.9238588339676,1192.7593994140625,9776989,RELIANCE
2022-06-02,1192.9858825014019,1237.575687367432,1192.9858825014019,1233.8843994140625,22126569,RELIANCE
2022-06-03,1242.806733024834,1276.0282006397301,1241.9008029974498,1258.88525390625,23939791,RELIANCE
2022-06-06,1259.1119042533815,1274.5110388345443,1246.3395117355965,1253.4730224609375,11093152,RELIANCE
2022-06-07,1254.5373984290559,1264.1392757142605,1246.452912224144,1255.8282470703125,12358255,RELIANCE
2022-06-08,1255.8280315270272,1259.564603425916,1230.2608467946977,1233.77099609375,12479250,RELIANCE
2022-06-09,1227.4075206691546,1269.5288357275542,1227.4075206691546,1267.60400390625,17278305,RELIANCE
2022-06-10,1255.443365625697,1263.5958986630922,1223.5579057416696,1229.3326416015625,18093057,RELIANCE
2022-06-13,1200.232652493234,1210.5590824670344,1184.9692504760867,1206.0751953125,17620803,RELIANCE
2022-06-14,1200.2551062805883,1210.1286894158018,1183.6782159302647,1190.3134765625,14714312,RELIANCE
2022-06-15,1185.5352852287417,1194.4804162045639,1170.5210697144335,1175.9107666015625,11195535,RELIANCE
2022-06-16,1188.0035257051024,1204.3312302745605,1156.7521762440374,1159.4697265625,17111475,RELIANCE
2022-06-17,1159.469980153735,1188.8416691150956,1157.7036439406018,1173.0574951171875,24457187,RELIANCE
2022-06-20,1179.851164692969,1185.331550638825,1141.8513382748356,1151.79296875,12066797,RELIANCE
2022-06-21,1159.4697654774316,1174.597191210546,1145.1122963870148,1170.3851318359375,11720049,RELIANCE
2022-06-22,1158.6092618232658,1158.6998308652678,1132.747607320494,1134.8310546875,10617206,RELIANCE
2022-06-23,1139.111305663959,1143.6178348788872,1107.3843432520748,1116.4200439453125,19446323,RELIANCE
2022-06-24,1123.2365200121847,1137.2768791745684,1117.8014186070498,1132.3175048828125,14240234,RELIANCE
2022-06-27,1152.6533352328772,1152.6533352328772,1123.9382780429507,1128.9656982421875,15474529,RELIANCE
2022-06-28,1124.187598454475,1147.67133814574,1124.187598454475,1144.840576171875,13572847,RELIANCE
2022-06-29,1135.5557396776305,1176.2278290145132,1132.7476201425022,1168.5960693359375,19205146,RELIANCE
2022-06-30,1168.5282289340553,1184.7880089664673,1162.1874370508547,1175.616455078125,23112959,RELIANCE
2022-07-01,1166.2183382001654,1173.9631898181497,1071.150907551117,1090.943359375,81997149,RELIANCE
2022-07-04,1077.4688783635102,1106.0253184613896,1071.6488595840858,1093.207763671875,41857728,RELIANCE
2022-07-05,1097.42011751126,1116.3973279805082,1094.7478514073186,1102.0625,17647327,RELIANCE
2022-07-06,1096.1066896148457,1106.0029160314311,1081.568080443144,1092.3701171875,23943726,RELIANCE
2022-07-07,1098.7337103035795,1102.0626023112773,1075.6801717525568,1081.6134033203125,23301033,RELIANCE
2022-07-08,1095.155510044553,1095.155510044553,1079.0995110804106,1083.10791015625,19010108,RELIANCE
2022-07-11,1076.359301395055,1100.046817658232,1073.4153285810387,1097.82763671875,13847467,RELIANCE
2022-07-12,1088.8143919771016,1104.9835991794125,1088.8143919771016,1096.264892578125,10778989,RELIANCE
2022-07-13,1099.3677256155834,1102.4022679488555,1074.7742754785731,1076.8349609375,14224132,RELIANCE
2022-07-14,1081.5680252499114,1102.3796184650857,1076.5632467388843,1085.712158203125,16970315,RELIANCE
2022-07-15,1093.796752824721,1093.796752824721,1079.3487135847495,1087.8182373046875,9603210,RELIANCE
2022-07-18,1096.5143900160117,1098.3260107043704,1083.5155743058108,1097.08056640625,15160908,RELIANCE
2022-07-19,1087.1389350761635,1108.2902834767385,1087.1389350761635,1103.806396484375,16439888,RELIANCE
2022-07-20,1150.4115948025603,1151.5438277746334,1126.0672081991272,1133.653564453125,23924246,RELIANCE
2022-07-21,1129.577351299841,1132.2949020971544,1117.484465892399,1126.08984375,16523230,RELIANCE
2022-07-22,1132.2947927493988,1139.6773678755283,1130.030207237111,1133.6988525390625,10969995,RELIANCE
2022-07-25,1117.5522733397709,1117.5522733397709,1088.361726850526,1096.242431640625,23110452,RELIANCE
2022-07-26,1096.5595845623452,1106.886133119494,1092.143624721455,1096.74072265625,11303288,RELIANCE
2022-07-27,1096.0387306174957,1099.2317688342157,1087.908840568981,1095.6990966796875,8655086,RELIANCE
2022-07-28,1103.3079113548908,1117.7785909046106,1096.5141555258897,1112.864501953125,12496073,RELIANCE
2022-07-29,1120.8359411287292,1140.0396942059215,1115.989778235377,1136.5748291015625,15130683,RELIANCE
2022-08-01,1140.9681259695833,1172.038340631328,1135.7369249153332,1166.1956787109375,15700044,RELIANCE
2022-08-02,1165.1313691654111,1181.1193216829413,1160.1718752661886,1170.63427734375,13917913,RELIANCE
2022-08-03,1177.5865998850716,1182.1157712823,1162.8442104812696,1180.462646484375,14250977,RELIANCE
2022-08-04,1182.1157790494954,1185.6259288355277,1148.1469933470867,1164.859619140625,14467127,RELIANCE
2022-08-05,1166.7164604960217,1167.9845468317753,1144.5008098568317,1147.69384765625,13942438,RELIANCE
2022-08-08,1146.3351396535795,1170.1359894573532,1146.3351396535795,1162.7081298828125,10165178,RELIANCE
2022-08-10,1167.1241099957583,1173.0120563323646,1158.1336946618562,1169.6605224609375,10724688,RELIANCE
2022-08-11,1178.990645714219,1182.0704726435374,1168.618812190309,1173.5556640625,8198226,RELIANCE
2022-08-12,1173.1933504665235,1196.3148161235515,1169.5248244491684,1192.532958984375,12650587,RELIANCE
2022-08-16,1198.511296976361,1203.5387175050762,1189.9512045412775,1200.8211669921875,6607378,RELIANCE
2022-08-17,1207.0261894301318,1212.4158859762824,1202.7460834374597,1207.0941162109375,6595965,RELIANCE
2022-08-18,1208.6925853891362,1212.7820913718717,1199.6955520359063,1209.2833251953125,7410035,RELIANCE
2022-08-19,1204.148579928399,1209.464997552082,1183.6779742626552,1187.72216796875,9460724,RELIANCE
2022-08-22,1189.1535324408326,1195.651309470641,1175.0672431781986,1184.427734375,9471680,RELIANCE
2022-08-23,1178.7023711633794,1205.6026043151621,1177.498175517267,1202.6944580078125,9678484,RELIANCE
2022-08-24,1199.6500999587201,1213.2365143204822,1197.4917062121833,1199.490966796875,10369622,RELIANCE
2022-08-25,1203.6713213411974,1210.010084840808,1191.6979945608696,1195.9920654296875,7871946,RELIANCE
2022-08-26,1196.4237108559755,1204.1485194816453,1184.6095168359632,1189.6077880859375,10742038,RELIANCE
2022-08-29,1174.6128173581192,1206.4205794013706,1171.4547933496005,1180.3609619140625,19838975,RELIANCE
2022-08-30,1187.790382333822,1201.9902529871206,1170.795945790086,1198.673095703125,23139054,RELIANCE
2022-09-01,1173.5450568236956,1183.6780172121637,1159.0270403092493,1163.4346923828125,19909939,RELIANCE
2022-09-02,1163.4346809089884,1170.2278880627014,1147.6671567250864,1149.8482666015625,12999345,RELIANCE
2022-09-05,1150.0754462865928,1173.0224725362493,1150.0754462865928,1167.7060546875,11327815,RELIANCE
2022-09-06,1169.1601553219334,1184.1552111927028,1168.7057123414318,1179.9974365234375,10899618,RELIANCE
2022-09-07,1170.0688269822717,1179.1112920563703,1167.7968526449285,1173.135986328125,7488501,RELIANCE
2022-09-08,1176.0894937430355,1180.5198614611618,1168.2512248209334,1174.79443359375,7057077,RELIANCE
2022-09-09,1185.972579330713,1185.972579330713,1165.0703685493695,1167.478759765625,8314850,RELIANCE
2022-09-12,1168.046804859231,1186.8816091364133,1168.046804859231,1180.542724609375,7435419,RELIANCE
2022-09-13,1189.607891122723,1194.9243089400052,1181.8832020191865,1190.403076171875,8888657,RELIANCE
2022-09-14,1170.0688394223355,1185.9726599528265,1169.046493026583,1176.135009765625,8678219,RELIANCE
2022-09-15,1173.7039298739198,1183.0417041001508,1161.7760353689525,1164.479736328125,10365600,RELIANCE
2022-09-16,1155.8690579820689,1160.0722649582217,1131.899684568862,1135.625732421875,20217708,RELIANCE
2022-09-19,1135.6257495827476,1146.3040180403946,1127.5147655140897,1137.1025390625,7580254,RELIANCE
2022-09-20,1146.1903481529216,1153.119972213298,1133.5808482063046,1137.2841796875,8411448,RELIANCE
2022-09-21,1134.512398474311,1150.9842421176709,1133.7172134827065,1140.4195556640625,9207309,RELIANCE
2022-09-22,1129.6276634257686,1137.3523524884633,1123.3116153435435,1129.673095703125,10308170,RELIANCE
2022-09-23,1129.1733426023927,1134.1488981287762,1106.9533532004177,1108.498291015625,9528051,RELIANCE
2022-09-26,1087.845960638479,1098.6379294477279,1079.257938059937,1080.257568359375,12479523,RELIANCE
2022-09-27,1087.8232365030442,1102.3639690673094,1072.4192906698377,1088.845703125,16154822,RELIANCE
2022-09-28,1072.5328732525227,1080.5529923156532,1057.4242371952328,1059.855224609375,16997059,RELIANCE
2022-09-29,1072.3738473223364,1075.7817488504493,1051.0171916607421,1056.6063232421875,14671827,RELIANCE
2022-09-30,1050.108360317172,1091.458340177691,1050.108360317172,1080.4393310546875,18613024,RELIANCE
2022-10-03,1086.687337582096,1098.2516553264609,1073.7370949613044,1076.690673828125,11852723,RELIANCE
2022-10-04,1089.5500767240444,1098.7288394831442,1086.0739063841288,1096.5477294921875,8948850,RELIANCE
2022-10-06,1103.7271026820092,1113.269322563035,1098.7968595905177,1100.5916748046875,13352162,RELIANCE
2022-10-07,1097.2065545320427,1110.4976589700225,1097.2065545320427,1105.2493896484375,7714340,RELIANCE
2022-10-10,1092.8216022630288,1098.547030597458,1085.0969133921378,1093.1851806640625,6329527,RELIANCE
2022-10-11,1096.911150105876,1096.911150105876,1068.329679997323,1071.4195556640625,9215177,RELIANCE
2022-10-12,1068.7386577474495,1082.2342073300697,1064.6944639855953,1079.3033447265625,7417103,RELIANCE
2022-10-13,1077.5538882747444,1087.8231445652352,1072.419200033899,1082.7340087890625,7328492,RELIANCE
2022-10-14,1097.3654596284905,1097.9789154976827,1076.508681223135,1077.2357177734375,9106089,RELIANCE
2022-10-17,1070.1019383497958,1096.9111900194368,1064.9218171343564,1094.525634765625,16729355,RELIANCE
2022-10-18,1100.5461774083603,1119.1764135169963,1099.7055601937943,1113.8372802734375,12415820,RELIANCE
2022-10-19,1115.314085328947,1148.6440655761994,1109.4977929604431,1133.21728515625,19247142,RELIANCE
2022-10-20,1129.1734452455337,1144.6228248019718,1129.1734452455337,1136.261962890625,8717053,RELIANCE
2022-10-21,1139.4880471639096,1143.6231056125362,1120.9942254138175,1123.0843505859375,8243452,RELIANCE
2022-10-24,1117.8133802746593,1137.1252236758137,1115.6778227953112,1126.8331298828125,3370033,RELIANCE
2022-10-25,1135.5348605120162,1135.5348605120162,1107.8167232856267,1109.4298095703125,12233241,RELIANCE
2022-10-27,1116.904583955269,1121.6530982836084,1105.453847178534,1113.7919921875,12513059,RELIANCE
2022-10-28,1120.0854189154575,1151.8931840194223,1117.5635667319068,1147.871826171875,17609592,RELIANCE
2022-10-31,1154.6194450652783,1163.6846262416873,1150.62068370947,1158.5272216796875,12419943,RELIANCE
2022-11-01,1181.428644108962,1181.428644108962,1139.6243422706675,1149.5528564453125,13963166,RELIANCE
2022-11-02,1150.666129478395,1158.7998289194838,1142.8051438822936,1156.7322998046875,8981896,RELIANCE
2022-11-03,1149.5530246719463,1163.0485752218901,1147.3719146666933,1161.0491943359375,6693449,RELIANCE
2022-11-04,1160.4810755593053,1181.428720196316,1159.2088516372303,1178.1343994140625,12575815,RELIANCE
2022-11-07,1177.3392175630618,1186.1090891689403,1169.6145286927685,1184.427734375,11789748,RELIANCE
2022-11-09,1186.1090519678319,1191.4027533204435,1176.9074538352093,1183.246337890625,11254205,RELIANCE
2022-11-10,1176.8848340514855,1179.8611290593667,1164.616195791804,1168.9329833984375,5966242,RELIANCE
2022-11-11,1181.4286729917058,1197.7869359415272,1175.9759587388326,1195.8785400390625,12310132,RELIANCE
2022-11-14,1195.4015009715274,1200.5134736804264,1183.7689145270133,1190.0850830078125,9043112,RELIANCE
2022-11-15,1191.5617725862496,1193.4247362453084,1176.8847439241665,1184.745849609375,7086433,RELIANCE
2022-11-16,1185.9727580356148,1188.6764594316192,1172.954366703904,1177.9527587890625,9716161,RELIANCE
2022-11-17,1174.5900378958909,1187.3358341262497,1172.3407797375921,1180.9970703125,6661451,RELIANCE
2022-11-18,1184.495900066872,1185.518366679259,1168.2967693410817,1180.3609619140625,5303197,RELIANCE
2022-11-21,1175.9759375856167,1175.9759375856167,1155.5736016352212,1159.117919921875,6390268,RELIANCE
2022-11-22,1156.4371149495696,1167.1153835532073,1152.5747701476932,1165.5477294921875,6611488,RELIANCE
2022-11-23,1170.0687686238546,1171.3865449235016,1159.7312438376161,1161.912353515625,6413408,RELIANCE
2022-11-24,1165.9794167577484,1178.7024981272687,1157.8911489931052,1171.9320068359375,9389439,RELIANCE
2022-11-25,1176.430472976704,1192.7431844497548,1173.295044904841,1189.4261474609375,7349922,RELIANCE
2022-11-28,1185.4730378039467,1236.4335137804842,1136.8981171457083,1230.2991943359375,31527484,RELIANCE
2022-11-29,1228.6632233258865,1241.2500078770877,1224.1419904117938,1232.4119873046875,11058913,RELIANCE
2022-11-30,1232.54834119291,1247.5206802015884,1226.0504438987869,1241.1136474609375,26164986,RELIANCE
2022-12-01,1245.8619813701127,1251.8600031393141,1234.1386516701657,1237.4556884765625,9485801,RELIANCE
2022-12-02,1240.5001400003844,1248.6792715763747,1227.1408877532265,1236.93310546875,11589592,RELIANCE
2022-12-05,1232.3210781772725,1234.4794719283639,1216.871700030192,1218.8936767578125,14828536,RELIANCE
2022-12-06,1211.0098577338963,1225.5050364637573,1209.146773966004,1222.4151611328125,8594245,RELIANCE
2022-12-07,1220.0523915216042,1224.5963402295367,1200.5815364526634,1204.375732421875,8462111,RELIANCE
2022-12-08,1208.6925503476532,1210.9645247591304,1199.6500849785011,1203.8077392578125,7757008,RELIANCE
2022-12-09,1202.3309977712286,1208.6925984914808,1182.2694016212881,1185.5638427734375,12655763,RELIANCE
2022-12-12,1174.8401159938364,1191.8798642806923,1174.6128344148897,1187.38134765625,9479842,RELIANCE
2022-12-13,1187.381293975718,1196.4237590933476,1184.473147579326,1192.7886962890625,8333348,RELIANCE
2022-12-14,1198.5367354613884,1199.127475241392,1186.4271108317469,1188.471923828125,7268947,RELIANCE
2022-12-15,1182.564761948623,1188.244637773301,1168.2513114103942,1171.591064453125,8688551,RELIANCE
2022-12-16,1168.2513090093973,1189.9714223850988,1162.412300039899,1165.7974853515625,15837349,RELIANCE
2022-12-19,1172.7951677670053,1183.246273075343,1166.2972711057284,1181.110595703125,7729933,RELIANCE
2022-12-20,1174.1131186326063,1193.2431129001116,1165.9794185762812,1191.334716796875,7467588,RELIANCE
2022-12-21,1190.9710448813423,1196.4237592798247,1170.5687080191292,1174.3856201171875,8527550,RELIANCE
2022-12-22,1180.5199485444361,1183.541675654874,1166.3200787009303,1171.3411865234375,7451122,RELIANCE
2022-12-23,1164.7524600759673,1177.112082738486,1132.4676588679463,1136.9888916015625,10257115,RELIANCE
2022-12-26,1142.6914342154514,1155.073650986399,1132.5356390815007,1146.917236328125,5990242,RELIANCE
2022-12-27,1149.6210331376262,1158.1636228081527,1142.9186909584178,1156.3006591796875,5763271,RELIANCE
2022-12-28,1153.2562711921107,1158.6181211536698,1145.7587436629801,1156.1871337890625,7459393,RELIANCE
2022-12-29,1148.2578877514563,1158.209118855438,1147.5762834083114,1155.66455078125,6930648,RELIANCE
2022-12-30,1156.4823255378853,1170.9775038842033,1154.6647942823151,1157.4365234375,7289476,RELIANCE
2023-01-02,1158.708901395193,1171.88642405352,1157.8910002870925,1170.477783203125,5316175,RELIANCE
2023-01-03,1165.5475363123066,1169.1600029724839,1157.7092673063357,1161.912353515625,7658932,RELIANCE
2023-01-04,1161.8896870062515,1163.7300547153022,1142.3506838068283,1144.418212890625,9264891,RELIANCE
2023-01-05,1146.6676067944138,1152.5293324862785,1137.806869836127,1142.37353515625,13637099,RELIANCE
2023-01-06,1148.0988183662998,1157.7774553339088,1144.3046224842542,1152.75634765625,6349597,RELIANCE
2023-01-09,1156.5732620005954,1182.3375684218504,1155.687212453628,1179.974609375,10722753,RELIANCE
2023-01-10,1184.155127696438,1184.155127696438,1156.891435377878,1162.52587890625,8047142,RELIANCE
2023-01-11,1159.8451553432185,1162.3442913861395,1145.5770152034006,1147.871826171875,11509553,RELIANCE
2023-01-12,1147.2810049505638,1150.7570549852321,1120.0853394706564,1123.0843505859375,17688773,RELIANCE
2023-01-13,1117.0863548772086,1123.675117069892,1106.2717897707075,1121.266845703125,20618583,RELIANCE
2023-01-16,1123.584175159578,1126.7421991055548,1102.8182596793808,1110.5885009765625,13623855,RELIANCE
2023-01-17,1116.9046027544262,1128.2644751675343,1113.5421334042796,1126.3560791015625,10751000,RELIANCE
2023-01-18,1123.947732620178,1131.9450149571076,1117.9724269094495,1124.492919921875,13448286,RELIANCE
2023-01-19,1123.6751148013898,1127.4238787769261,1116.2911675478767,1123.2889404296875,11940054,RELIANCE
2023-01-20,1124.6293134044963,1124.6293134044963,1107.475983857866,1109.9296875,14930286,RELIANCE
2023-01-23,1112.8150268033937,1120.6305800710875,1101.9094778576764,1104.3177490234375,10954118,RELIANCE
2023-01-24,1108.7253859560433,1110.3839043654414,1084.8014472016187,1097.7972412109375,16488755,RELIANCE
2023-01-25,1096.2068953996695,1097.2292417944516,1081.4617181061994,1082.620361328125,12385018,RELIANCE
2023-01-27,1083.4610350495245,1084.8014072954272,1050.403647808396,1062.0816650390625,25830975,RELIANCE
2023-01-30,1059.5144571522903,1077.781116815708,1045.564464693845,1072.26025390625,21772103,RELIANCE
2023-01-31,1082.3703285922786,1084.9377325667872,1063.740093440895,1069.5791015625,22691594,RELIANCE
2023-02-01,1081.438989315294,1081.438989315294,1047.3819702702858,1063.240478515625,19347800,RELIANCE
2023-02-02,1053.2890475640809,1066.920892525141,1050.1083077780725,1057.35595703125,13662663,RELIANCE
2023-02-03,1067.3754956611733,1067.3754956611733,1041.9293331709027,1058.28759765625,24699575,RELIANCE
2023-02-06,1051.9259524136774,1054.6523697762398,1047.7455820077842,1050.3128662109375,14837879,RELIANCE
2023-02-07,1050.5628652677376,1057.560517598404,1041.9292904027159,1047.791015625,15135435,RELIANCE
2023-02-08,1051.017186057536,1072.3284093286718,1048.290888887822,1068.7159423828125,21160332,RELIANCE
2023-02-09,1069.3974980927496,1077.3039157739506,1060.559478401166,1070.578857421875,13172763,RELIANCE
2023-02-10,1070.0563840638993,1070.0563840638993,1054.7886158361225,1061.763671875,10790445,RELIANCE
2023-02-13,1063.3767549774948,1067.8298390073717,1051.267130813873,1055.72021484375,10352493,RELIANCE
2023-02-14,1058.7192622894795,1082.3250555378218,1055.8565481440585,1080.598388671875,14321920,RELIANCE
2023-02-15,1079.6440602664363,1107.4531801088635,1078.2809718116707,1105.0675048828125,33503591,RELIANCE
2023-02-16,1113.019527781497,1119.5401413378127,1101.9322491792432,1104.2042236328125,17264487,RELIANCE
2023-02-17,1099.6375221146495,1112.1334412904273,1095.3661670147737,1108.8162841796875,11809520,RELIANCE
2023-02-20,1110.9974583087273,1113.1558521216361,1095.1390690194628,1097.093017578125,8836937,RELIANCE
2023-02-21,1101.4551746278107,1111.8152960708703,1096.161352929149,1106.0445556640625,13311592,RELIANCE
2023-02-22,1102.34116225432,1104.181409716533,1079.2124090771258,1080.9617919921875,11024335,RELIANCE
2023-02-23,1080.5529686414243,1088.1640768500556,1072.9872927091903,1075.78173828125,9851910,RELIANCE
2023-02-24,1077.8266482510571,1088.8003468562933,1076.009116649248,1083.14306640625,9434053,RELIANCE
2023-02-27,1082.370422196558,1085.846592046861,1068.6022799971277,1075.940673828125,11199715,RELIANCE
2023-02-28,1070.6016220746747,1075.55458156191,1051.3126158801917,1055.356689453125,21994038,RELIANCE
2023-03-01,1065.1034156724897,1065.7850199744744,1055.6746563210354,1065.0579833984375,11551145,RELIANCE
2023-03-02,1061.9226969308686,1068.5796069332716,1054.9249246750653,1056.947021484375,9333535,RELIANCE
2023-03-03,1067.443561368033,1087.5733043694927,1063.9902277008234,1083.9154052734375,14643807,RELIANCE
2023-03-06,1090.5497203643376,1101.7278641326047,1090.5497203643376,1094.5029296875,10171916,RELIANCE
2023-03-08,1094.5027369272827,1099.1831022898903,1083.7336057675889,1098.433349609375,15782657,RELIANCE
2023-03-09,1097.8199821583767,1098.2288726400263,1070.147279158801,1072.032958984375,16235128,RELIANCE
2023-03-10,1063.9676377715205,1065.103564973256,1051.9487563495386,1055.4249267578125,13334091,RELIANCE
2023-03-13,1058.287501818403,1065.1034247048499,1033.750107312473,1038.06689453125,12771592,RELIANCE
2023-03-14,1036.0221323528851,1047.3592882483779,1031.0465769110588,1034.181884765625,16027522,RELIANCE
2023-03-15,1037.8851690827282,1044.3375136051593,1012.120862693993,1016.5057983398438,21728555,RELIANCE
2023-03-16,1019.20944966423,1024.2077207730244,1000.6700777539616,1011.439208984375,18363159,RELIANCE
2023-03-17,1020.0047649704466,1023.2763697645565,1005.4413760837782,1010.1671142578125,34014213,RELIANCE
2023-03-20,1006.4863623490892,1008.7583365239902,990.5824830291841,1000.2384033203125,19524589,RELIANCE
2023-03-21,1008.2811925498517,1033.2957451749278,1007.3951430408976,1031.341796875,21400360,RELIANCE
2023-03-22,1038.2942074878824,1041.2250703817986,1031.4782836063534,1034.477294921875,10920094,RELIANCE
2023-03-23,1030.569386905087,1031.4327203269945,1019.2322313496287,1021.390625,16249370,RELIANCE
2023-03-24,1020.231887763167,1022.3902814688943,998.7617116838695,1001.1699829101562,12375945,RELIANCE
2023-03-27,1007.6224178329715,1024.207782359069,999.7613722312702,1016.7329711914062,14054323,RELIANCE
2023-03-28,1020.1182367301237,1025.3437895017669,1016.4830539075199,1021.4814453125,12576424,RELIANCE
2023-03-29,1017.391816410892,1020.0273690208079,1004.7142290356181,1015.43798828125,18804065,RELIANCE
2023-03-31,1024.6622202928697,1064.8535577563764,1024.5259234682055,1059.218994140625,28171201,RELIANCE
2023-04-03,1065.5579119993613,1067.3754434349298,1051.9259454677697,1059.4007568359375,10293043,RELIANCE
2023-04-05,1066.9210129823457,1066.9210129823457,1048.995215362799,1056.856201171875,16262928,RELIANCE
2023-04-06,1053.3572991214214,1069.6474143387793,1053.3572991214214,1063.9447021484375,18435046,RELIANCE
2023-04-10,1067.829873819937,1068.0116029231133,1054.9022279148219,1056.4017333984375,12961408,RELIANCE
2023-04-11,1060.559540630498,1063.7402807994256,1056.0383079017138,1061.6273193359375,10542367,RELIANCE
2023-04-12,1061.6272515959452,1075.9179854968688,1058.7646577412916,1066.3076171875,18179087,RELIANCE
2023-04-13,1069.1930541875877,1075.0093475188144,1064.1947822733791,1070.3291015625,12378208,RELIANCE
2023-04-17,1101.8866740573628,1101.8866740573628,1067.3980510351955,1075.7589111328125,17929479,RELIANCE
2023-04-18,1080.0985197030036,1080.0985197030036,1056.9243329412964,1063.4449462890625,10405576,RELIANCE
2023-04-19,1062.8542061722762,1071.4195123263064,1059.741614492453,1068.7386474609375,12273475,RELIANCE
2023-04-20,1069.692811176778,1071.9193532094926,1059.6961482625013,1066.034912109375,7007330,RELIANCE
2023-04-21,1068.1252410633845,1072.8282030082607,1061.6500596936005,1067.37548828125,7647317,RELIANCE
2023-04-24,1079.1897769115358,1081.8706418346944,1066.9210188410907,1071.465087890625,12936186,RELIANCE
2023-04-25,1075.1000833366595,1081.7342770992536,1068.0569991057368,1079.666748046875,9236126,RELIANCE
2023-04-26,1081.0073822687018,1084.2336751201349,1069.6702254865136,1073.328125,8617834,RELIANCE
2023-04-27,1079.189733985385,1083.2792397187284,1074.191342363561,1080.1212158203125,9167125,RELIANCE
2023-04-28,1082.3706745336378,1101.4099263842236,1082.2570938243377,1099.8648681640625,15565210,RELIANCE
2023-05-02,1106.9988106394346,1111.361030519598,1103.3181951274973,1109.20263671875,12981805,RELIANCE
2023-05-03,1110.9975466381402,1110.9975466381402,1096.4796487993453,1099.68310546875,7061872,RELIANCE
2023-05-04,1100.1601065895743,1114.564421653396,1097.1838117593734,1112.360595703125,8635233,RELIANCE
2023-05-05,1109.1798878043744,1118.4267984938415,1106.9079133744922,1109.5206298828125,8746585,RELIANCE
2023-05-08,1113.2692311404737,1128.5597141757223,1110.6110827431748,1123.2205810546875,9153782,RELIANCE
2023-05-09,1124.6292481933926,1129.9912183396398,1119.290114376559,1126.69677734375,6464721,RELIANCE
2023-05-10,1131.4453248412979,1135.9211253467272,1127.446563252221,1134.4443359375,10872255,RELIANCE
2023-05-11,1135.5121619830659,1140.3059886325332,1125.3336486663607,1127.0377197265625,10557860,RELIANCE
2023-05-12,1122.2663301444138,1130.2637323324755,1116.2228762779578,1128.8778076171875,6955341,RELIANCE
2023-05-15,1131.3999221918086,1138.0567125858797,1123.7886933664054,1131.1044921875,6833343,RELIANCE
2023-05-16,1133.2627523170945,1135.8073202110538,1113.3374551908087,1114.99609375,8717229,RELIANCE
2023-05-17,1119.1764803056624,1120.0852459817609,1103.7271032383842,1108.4073486328125,8798967,RELIANCE
2023-05-18,1113.0648123295457,1116.4501175173966,1102.8863008214023,1106.021728515625,10525531,RELIANCE
2023-05-19,1106.0218196807168,1111.4291017814717,1099.1149119209986,1109.6114501953125,8050447,RELIANCE
2023-05-22,1106.4533629289124,1120.539651102296,1105.2492875108546,1115.541259765625,7434906,RELIANCE
2023-05-23,1118.1086413363598,1121.4483940779485,1113.9281511842048,1115.3367919921875,6092034,RELIANCE
2023-05-24,1111.4063935962217,1119.630957590089,1105.749113749558,1108.8389892578125,8112254,RELIANCE
2023-05-25,1105.9537453747698,1112.8151011277312,1097.8427615845399,1108.7027587890625,11487863,RELIANCE
2023-05-26,1116.904610291511,1140.0787982471202,1113.6102893364032,1138.94287109375,12626260,RELIANCE
2023-05-29,1145.5313384612555,1149.6209640491697,1139.260723455887,1145.349609375,10010304,RELIANCE
2023-05-30,1145.349753161613,1153.1199946776444,1142.509755067562,1145.054443359375,11342504,RELIANCE
2023-05-31,1135.9891655098565,1140.4649655887667,1118.267694287889,1122.311767578125,27107927,RELIANCE
2023-06-01,1126.969538270473,1129.1279320638168,1116.9046059479208,1119.2901611328125,14592692,RELIANCE
2023-06-02,1122.811826505655,1128.196393125224,1113.723928040502,1115.63232421875,15800644,RELIANCE
2023-06-05,1121.085068396339,1128.6053121788445,1117.1090229973545,1125.6517333984375,10908682,RELIANCE
2023-06-06,1128.4690410109154,1130.4001532166621,1118.722254852153,1126.60595703125,7493309,RELIANCE
2023-06-07,1130.0820196952836,1135.989176828128,1123.5386905370437,1135.1485595703125,10312545,RELIANCE
2023-06-08,1138.7155083681228,1143.6457515710592,1131.899585359948,1135.830078125,12071109,RELIANCE
2023-06-09,1139.170064535181,1139.8743850627466,1125.9925399615922,1127.7874755859375,5877018,RELIANCE
2023-06-12,1124.8564945620458,1131.0816777652867,1120.0852643496842,1128.7869873046875,6391969,RELIANCE
2023-06-13,1133.7173319025067,1146.6448585440896,1129.741286337972,1145.46337890625,11248016,RELIANCE
2023-06-14,1145.5315407318087,1160.9810398065779,1143.7140091659376,1159.5496826171875,13277380,RELIANCE
2023-06-15,1159.5268135380984,1164.4116242878063,1152.1201510303479,1159.86767578125,11813494,RELIANCE
2023-06-16,1163.3437504987226,1173.4313981302719,1163.3437504987226,1171.159423828125,24171579,RELIANCE
2023-06-19,1174.1585755296505,1174.1585755296505,1155.369322961202,1159.5269775390625,6798554,RELIANCE
2023-06-20,1157.5957972211602,1165.070488566,1151.893084884151,1161.9351806640625,6921096,RELIANCE
2023-06-21,1161.889751966922,1167.728761153971,1157.800246036839,1165.2069091796875,6961603,RELIANCE
2023-06-22,1161.4352954861522,1169.2962804989265,1150.5297472760415,1152.1201171875,7619166,RELIANCE
2023-06-23,1149.1211566554268,1151.1659695700039,1141.441900396204,1142.6915283203125,6628570,RELIANCE
2023-06-26,1139.1700001634836,1142.9869124040958,1130.8545713330911,1133.9671630859375,12641159,RELIANCE
2023-06-27,1134.4215309070003,1140.3058517527372,1129.9230146151945,1134.3760986328125,9689466,RELIANCE
2023-06-28,1141.896393407388,1153.1881169201986,1135.0122016455275,1149.3939208984375,11354006,RELIANCE
2023-06-30,1157.0732487107562,1161.7307784588775,1151.1888070463274,1158.8226318359375,11151555,RELIANCE
2023-07-03,1162.3669506539804,1191.425580555085,1161.1400387375704,1188.5628662109375,12154387,RELIANCE
2023-07-04,1192.788615416969,1192.788615416969,1169.2735683249591,1176.3167724609375,8061643,RELIANCE
2023-07-05,1185.5183304828597,1185.5183304828597,1170.432411192628,1174.3856201171875,10248062,RELIANCE
2023-07-06,1170.546016490242,1201.6266214253383,1170.546016490242,1199.03662109375,19117987,RELIANCE
2023-07-07,1197.3325831480681,1210.9417123971473,1194.15172307179,1196.6964111328125,13375267,RELIANCE
2023-07-10,1221.8245601360636,1252.3145466417043,1215.5085119378625,1242.794921875,33240016,RELIANCE
2023-07-11,1250.9058502676546,1258.6759714064597,1243.9536302912918,1256.2677001953125,20069348,RELIANCE
2023-07-12,1256.9946762890331,1273.2166423107678,1254.8817149747802,1257.653564453125,18733835,RELIANCE
2023-07-13,1264.992154591986,1271.8535100977601,1243.794632147719,1246.4073486328125,14682934,RELIANCE
2023-07-14,1249.5881074417618,1254.5410670168455,1238.2736675009803,1245.3623046875,15124144,RELIANCE
2023-07-17,1248.225023984058,1279.1466167196916,1239.5914489485467,1270.8084716796875,22220040,RELIANCE
2023-07-18,1280.0326878114854,1289.3250310279557,1269.127138140066,1281.600341796875,25867313,RELIANCE
2023-07-19,1285.9397747939042,1297.7540895736324,1270.944719940005,1291.3243408203125,39122156,RELIANCE
2023-07-20,1270.1421687973038,1295.224991076979,1270.1421687973038,1289.760498046875,38717624,RELIANCE
2023-07-21,1284.4190157057792,1287.3235564344566,1242.3763715855305,1249.834716796875,30249238,RELIANCE
2023-07-24,1221.4042392370138,1238.1179088392782,1215.6443158350814,1224.554931640625,23727866,RELIANCE
2023-07-25,1227.8041962368873,1233.3179681079685,1220.9119513502328,1223.767333984375,12026020,RELIANCE
2023-07-26,1223.3733833366434,1253.8961800235134,1223.3733833366434,1243.65625,12911012,RELIANCE
2023-07-27,1247.521034743089,1249.2932542715916,1226.0074074454076,1232.0872802734375,17226898,RELIANCE
2023-07-28,1236.6903350404634,1251.853298343,1231.0288479774965,1244.46875,20827852,RELIANCE
2023-07-31,1244.4686660676819,1257.2930680054526,1239.594792375287,1255.00390625,8551174,RELIANCE
2023-08-01,1257.8346449464532,1259.803857697837,1233.3672005487501,1237.25634765625,9536632,RELIANCE
2023-08-02,1235.2872649193357,1236.665738028631,1212.838309305523,1224.0382080078125,12748214,RELIANCE
2023-08-03,1218.5981228148664,1231.201012494138,1210.1058926997707,1218.8934326171875,10168350,RELIANCE
2023-08-04,1230.1670919099247,1238.6346817533063,1216.77647074002,1235.4593505859375,22885610,RELIANCE
2023-08-07,1241.0963994857652,1244.7393951840495,1233.2195480808575,1242.49951171875,5982870,RELIANCE
2023-08-08,1244.5424722858313,1247.7178038434138,1230.536470478926,1235.016357421875,9844072,RELIANCE
2023-08-09,1233.1456430382627,1245.034716513302,1221.453442754676,1243.1639404296875,11486586,RELIANCE
2023-08-10,1243.041027453777,1255.3732475116944,1234.9180240875248,1248.7025146484375,15470598,RELIANCE
2023-08-11,1246.733138146324,1259.7300139419374,1236.837916549459,1253.969970703125,22179330,RELIANCE
2023-08-14,1249.9578543039606,1271.2746074053628,1243.0656093412765,1268.7884521484375,9575812,RELIANCE
2023-08-16,1255.865563518659,1271.5208305674453,1255.865563518659,1267.754638671875,10203112,RELIANCE
2023-08-17,1263.791524524126,1269.2068594315797,1246.930140835009,1249.4654541015625,13673744,RELIANCE
2023-08-18,1246.142454602955,1268.960755625946,1234.9671961841154,1258.7208251953125,18639978,RELIANCE
2023-08-21,1254.8424457661688,1262.5000997685252,1242.8371963360953,1244.986328125,9221746,RELIANCE
2023-08-22,1243.4547138866417,1253.8543258928648,1234.6114071159911,1244.6898193359375,7713044,RELIANCE
2023-08-23,1247.0614487779783,1256.275409297995,1243.4796423923776,1246.0733642578125,9517952,RELIANCE
2023-08-24,1254.8177179260883,1254.8177179260883,1220.7782590700385,1225.1258544921875,14140020,RELIANCE
2023-08-25,1213.3676467766436,1237.5757146480018,1206.747529523438,1219.4691162109375,22222400,RELIANCE
2023-08-28,1221.272366528133,1227.2008731617648,1201.0660879981488,1207.315673828125,12580826,RELIANCE
2023-08-29,1211.4162410930335,1212.107851949824,1189.7277154191993,1195.755126953125,16876644,RELIANCE
2023-08-30,1201.5106390304122,1206.9451032694478,1193.1119215700844,1194.6187744140625,12168946,RELIANCE
2023-08-31,1197.0643437840804,1198.0524282609965,1185.651919829385,1189.15966796875,21638600,RELIANCE
2023-09-01,1188.9373425267036,1198.3734766692594,1186.5164632510111,1191.950927734375,18112842,RELIANCE
2023-09-04,1191.9507848594153,1197.3852486913688,1188.3196473047951,1190.9874267578125,9347626,RELIANCE
2023-09-05,1195.5822395056102,1202.4741047382813,1191.852196412095,1197.36083984375,8675876,RELIANCE
2023-09-06,1196.1256007292052,1203.5608392350891,1194.2234900414205,1199.8802490234375,8200370,RELIANCE
2023-09-07,1196.421961377583,1204.5983838407617,1191.1357340059783,1201.5106201171875,13652572,RELIANCE
2023-09-08,1205.463038004146,1213.3677136631895,1197.039593881822,1209.51416015625,23109288,RELIANCE
2023-09-11,1211.391482722607,1223.668479723262,1211.391482722607,1222.556884765625,13271074,RELIANCE
2023-09-12,1226.7068128830886,1226.7068128830886,1203.462102676104,1204.8948974609375,16255666,RELIANCE
2023-09-13,1205.462928884613,1216.652936105206,1198.6698488550378,1210.922119140625,12803338,RELIANCE
2023-09-14,1215.3438722575231,1218.2093412827492,1207.9332388900991,1212.0338134765625,9209636,RELIANCE
2023-09-15,1219.2962186489121,1219.2962186489121,1210.156437431325,1214.28173828125,25468592,RELIANCE
2023-09-18,1205.487828880595,1210.8975674516837,1201.535490839137,1203.709228515625,7516300,RELIANCE
2023-09-20,1197.089090701199,1199.3370070481767,1163.4694916701224,1176.8826904296875,57081884,RELIANCE
2023-09-21,1173.3255153106452,1180.8103271156433,1165.9396084396587,1168.31103515625,12226182,RELIANCE
2023-09-22,1173.8443150051187,1177.0308632017375,1160.9992172819989,1163.4447021484375,19176786,RELIANCE
2023-09-25,1161.1968240581607,1166.2854832156668,1153.638074334712,1156.2811279296875,14254884,RELIANCE
2023-09-26,1155.342502590839,1161.0980464311394,1153.8851021083722,1157.2939453125,10087782,RELIANCE
2023-09-27,1157.7880446735417,1171.769464855697,1155.3178333556975,1170.336669921875,11722778,RELIANCE
2023-09-28,1177.3026603074284,1177.3026603074284,1148.6482103293206,1153.14404296875,14518346,RELIANCE
2023-09-29,1156.9481416896208,1170.435518964013,1153.1440405649926,1158.529052734375,12342014,RELIANCE
2023-10-03,1151.0936382938999,1153.885049186791,1144.2017734963838,1145.263916015625,8859056,RELIANCE
2023-10-04,1140.7434506187415,1145.683872665596,1133.8763122199225,1143.2877197265625,10286386,RELIANCE
2023-10-05,1145.8074528562056,1150.8219332922222,1140.743519950406,1143.26318359375,10953682,RELIANCE
2023-10-06,1144.7206253894863,1148.5494528467332,1142.2504141267464,1145.18994140625,5431026,RELIANCE
2023-10-09,1140.2988590719287,1142.200849187487,1133.826857954507,1135.4324951171875,7576878,RELIANCE
2023-10-10,1139.5331157395624,1145.1404226117538,1138.1497733893898,1140.447021484375,10236032,RELIANCE
2023-10-11,1143.4359710357805,1160.8509589721596,1142.7196339530417,1158.5537109375,9814118,RELIANCE
2023-10-12,1157.9609209243824,1165.6185754357678,1155.1447837404767,1160.7027587890625,12554450,RELIANCE
2023-10-13,1156.058825491677,1164.7045645712087,1150.6984190160554,1160.6534423828125,10150316,RELIANCE
2023-10-16,1158.5291304894404,1163.247258320988,1154.082750031272,1158.059814453125,5929036,RELIANCE
2023-10-17,1163.963549268257,1165.7914814830851,1156.7011522648252,1163.593017578125,7928180,RELIANCE
2023-10-18,1163.5929949263082,1169.3979912920374,1146.6720480730119,1148.1541748046875,8918320,RELIANCE
2023-10-19,1142.2256445327594,1147.0672825471008,1136.7911799610206,1139.33544921875,12032556,RELIANCE
2023-10-20,1136.2971288231192,1143.559525479833,1134.4691966955595,1135.8525390625,8913312,RELIANCE
2023-10-23,1131.356688684127,1139.3848747937852,1114.1887214650121,1118.1163330078125,7853962,RELIANCE
2023-10-25,1111.6196977984057,1127.0090643806484,1108.1366760976812,1115.5225830078125,11620688,RELIANCE
2023-10-26,1112.089019549233,1115.5473150342816,1096.9219477593886,1099.9849853515625,15222534,RELIANCE
2023-10-27,1106.654565590137,1123.204979852311,1104.6536704890175,1119.40087890625,11771084,RELIANCE
2023-10-30,1123.4520304054054,1148.6481841216216,1121.4511352518443,1142.47265625,16813304,RELIANCE
2023-10-31,1150.1303563093797,1150.1303563093797,1127.8490026208185,1130.3192138671875,12808438,RELIANCE
2023-11-01,1130.9367248364767,1144.9428703315039,1124.0448598372486,1135.0125732421875,10309190,RELIANCE
2023-11-02,1143.1889695269997,1148.302354744411,1140.2247162104195,1146.2767333984375,10562104,RELIANCE
2023-11-03,1149.7349795725816,1153.5638066087804,1144.078220526126,1146.0296630859375,8850156,RELIANCE
2023-11-06,1152.2546386732256,1156.0587394619763,1148.9445800808262,1155.564697265625,10647304,RELIANCE
2023-11-07,1153.1192304428853,1155.614167696399,1145.9556184844287,1148.0552978515625,6960204,RELIANCE
2023-11-08,1152.1064866637696,1156.552866758098,1147.042553778562,1154.033203125,7884494,RELIANCE
2023-11-09,1154.0085696526105,1154.0331752710283,1138.3720609954937,1141.50927734375,14513610,RELIANCE
2023-11-10,1139.039102652828,1144.3747829309668,1135.3337858785344,1143.6583251953125,7734954,RELIANCE
2023-11-13,1147.6107081381433,1148.4506764659145,1142.0774589944763,1143.51025390625,3854810,RELIANCE
2023-11-15,1156.0588204395372,1166.9030232858888,1149.6362714370953,1164.185791015625,12220648,RELIANCE
2023-11-16,1161.542667627995,1172.9302438744137,1159.4923201233041,1166.285400390625,13134910,RELIANCE
2023-11-17,1162.4319266451018,1172.4857343750468,1162.012063114762,1163.7412109375,7758634,RELIANCE
2023-11-20,1160.2828426994563,1165.1490860409533,1154.2801575494677,1160.6781005859375,4490186,RELIANCE
2023-11-21,1168.9038812090425,1179.7728099438689,1166.0384122376151,1175.2769775390625,8214450,RELIANCE
2023-11-22,1173.3502489811203,1182.9593458443583,1171.9669066696931,1179.87158203125,8534814,RELIANCE
2023-11-23,1179.8716170501546,1185.7013394254852,1179.8716170501546,1183.4781494140625,8531542,RELIANCE
2023-11-24,1181.5514214570694,1186.9858858764198,1181.2796741129466,1182.6876220703125,6749486,RELIANCE
2023-11-28,1182.6876712625676,1185.5531403805655,1173.4738317237427,1182.9346923828125,13792174,RELIANCE
2023-11-29,1189.6536514263266,1191.605094048659,1184.7379555197092,1186.047119140625,12531306,RELIANCE
2023-11-30,1183.0828973645985,1186.0471507278282,1170.8306260067593,1174.5606689453125,28439984,RELIANCE
2023-12-01,1174.8324632282502,1183.922792325671,1174.6348945757863,1182.8853759765625,14342842,RELIANCE
2023-12-04,1210.4035134582498,1210.4035134582498,1185.0097900344595,1195.6810302734375,15590990,RELIANCE
2023-12-05,1204.9689932142376,1205.8830195816831,1196.3973123183705,1204.3514404296875,12693624,RELIANCE
2023-12-06,1208.9708595498532,1221.7417795681863,1202.992899973077,1215.887451171875,16422442,RELIANCE
2023-12-07,1215.3438750518303,1215.813191043024,1206.4511149904754,1213.886474609375,8142096,RELIANCE
2023-12-08,1217.2459307176134,1223.5943006598802,1207.9331869400896,1213.244140625,10204894,RELIANCE
2023-12-11,1213.367615499601,1219.098553135076,1211.5890153738967,1215.022705078125,7066138,RELIANCE
2023-12-12,1215.3438006129375,1217.7892853568703,1195.6561708810905,1197.5830078125,9197124,RELIANCE
2023-12-13,1196.570218805253,1204.6478570918039,1188.8137803209581,1202.4739990234375,10031182,RELIANCE
2023-12-14,1212.3795628682321,1222.7297228698085,1206.7721356331074,1217.39404296875,16972354,RELIANCE
2023-12-15,1224.236571728094,1235.1055001292314,1220.3089603608373,1232.9317626953125,15932152,RELIANCE
2023-12-18,1232.9317234441762,1252.3474847954778,1230.634354917611,1245.4803466796875,14165188,RELIANCE
2023-12-19,1262.2778691174958,1271.615218807123,1247.5553868731267,1263.8094482421875,16820604,RELIANCE
2023-12-20,1270.207325538083,1283.9417239360823,1244.9864450577063,1248.518798828125,17736722,RELIANCE
2023-12-21,1248.444829631281,1271.4177954317774,1244.1219597225854,1266.008056640625,13765454,RELIANCE
2023-12-22,1264.550535970751,1275.0735389423144,1258.6466348491601,1267.2430419921875,16541784,RELIANCE
2023-12-26,1268.7003790735205,1280.5326657287192,1266.0819312708138,1273.66552734375,7465664,RELIANCE
2023-12-27,1275.6170305456778,1284.4603381656593,1271.2201029702012,1278.01318359375,9204156,RELIANCE
2023-12-28,1279.470665481518,1290.4383794995902,1278.0132649417642,1287.2518310546875,12302636,RELIANCE
2023-12-29,1289.9937398232034,1291.4264140714613,1274.2831724837226,1277.074462890625,10864584,RELIANCE
2024-01-01,1274.9006856426909,1287.8940202608817,1271.2447008145452,1279.69287109375,4030540,RELIANCE
2024-01-02,1277.099135940161,1291.920402508132,1271.1706293129728,1290.2900390625,7448800,RELIANCE
2024-01-03,1289.450180352941,1301.3071935056118,1273.2455715878027,1276.25927734375,9037536,RELIANCE
2024-01-04,1278.581319191514,1289.3761903993159,1274.1843914947026,1282.854736328125,9612778,RELIANCE
2024-01-05,1285.9424160498672,1294.3165279752034,1283.521657474919,1288.3138427734375,8086406,RELIANCE
2024-01-08,1289.4502625359673,1300.2944657165137,1269.1698042070248,1278.26025390625,7734652,RELIANCE
2024-01-09,1284.5098000629723,1287.8693113555237,1273.245613077726,1274.8759765625,5403074,RELIANCE
2024-01-10,1273.1469362430112,1313.6584025883456,1272.183577934786,1309.261474609375,11102740,RELIANCE
2024-01-11,1313.6582540274271,1346.265040325212,1312.6701695941608,1343.696044921875,23725852,RELIANCE
2024-01-12,1343.6961234746648,1356.961085397271,1329.7147038034357,1354.39208984375,15012164,RELIANCE
2024-01-15,1358.616069177015,1379.8104316098675,1349.723309451493,1377.51318359375,8610594,RELIANCE
2024-01-16,1373.4126778584214,1379.6623844587446,1354.1697570573224,1358.24560546875,9069024,RELIANCE
2024-01-17,1343.3007252899447,1369.7567088979374,1338.879071777444,1345.3509521484375,12197382,RELIANCE
2024-01-18,1335.2974203430863,1354.6638524622786,1335.1491835446054,1351.650146484375,10279438,RELIANCE
2024-01-19,1359.6042988176375,1359.6042988176375,1342.806861986315,1351.1561279296875,10422704,RELIANCE
2024-01-23,1355.4048574857818,1355.4048574857818,1306.791150318716,1312.7442626953125,20055420,RELIANCE
2024-01-24,1319.314984194113,1333.4199132911328,1308.1497027138623,1327.8619384765625,21919128,RELIANCE
2024-01-25,1326.9480369708251,1347.895500834099,1319.2903820615336,1336.952392578125,11808872,RELIANCE
2024-01-29,1348.241154971167,1435.1925816017736,1343.9677382154596,1430.795654296875,23893438,RELIANCE
2024-01-30,1442.5537625848374,1442.5784888178382,1387.690473107798,1390.852294921875,14093978,RELIANCE
2024-01-31,1387.2705659116798,1417.1601204834947,1385.788439238697,1409.6259765625,15130226,RELIANCE
2024-02-01,1417.9011153905622,1426.1515960154993,1401.1531330404457,1409.650634765625,13349362,RELIANCE
2024-02-02,1416.0978932450594,1457.3256902760372,1416.0978932450594,1440.33056640625,19652588,RELIANCE
2024-02-05,1443.3442832345067,1452.9781061073709,1414.4675408489986,1421.878173828125,8814432,RELIANCE
2024-02-06,1424.6695010773788,1424.6695010773788,1402.9069175392074,1410.7869873046875,9047984,RELIANCE
2024-02-07,1418.8152626559165,1432.2284612961826,1412.2197504708995,1424.966064453125,9296568,RELIANCE
2024-02-08,1432.7224367107362,1442.0845126481563,1410.515263064875,1432.845947265625,14694634,RELIANCE
2024-02-09,1436.6747903139974,1454.4355841797649,1433.661084495157,1443.3443603515625,12556798,RELIANCE
2024-02-12,1443.3443671360003,1443.5913882496639,1425.163589047209,1435.04443359375,6674430,RELIANCE
2024-02-13,1438.1568697691962,1461.3768535820275,1436.6747431428453,1447.6424560546875,7715594,RELIANCE
2024-02-14,1440.1331160740654,1465.9715491065435,1440.1331160740654,1463.7236328125,7117888,RELIANCE
2024-02-15,1465.674980481667,1467.0335965408115,1449.0505085860837,1453.076904296875,10006782,RELIANCE
2024-02-16,1458.881830082394,1459.4005984941116,1441.1704903137313,1443.1712646484375,9767498,RELIANCE
2024-02-19,1444.6288410678121,1461.8708655513933,1436.2053974591388,1456.4364013671875,6729828,RELIANCE
2024-02-20,1457.4492860314679,1457.9186020207894,1444.3818933388152,1453.4969482421875,7117496,RELIANCE
2024-02-21,1456.4365283424868,1470.7884795851646,1440.1825868389801,1450.2115478515625,12720292,RELIANCE
2024-02-22,1450.6561919754163,1467.2559381666686,1440.6271108051608,1464.0941162109375,18493728,RELIANCE
2024-02-23,1471.7517883622584,1479.7059164315408,1465.6750448712426,1475.82763671875,14438584,RELIANCE
2024-02-26,1475.7534607654734,1476.7168189041834,1464.8350802180469,1469.6025390625,7513106,RELIANCE
2024-02-27,1465.3539102526265,1482.0771665679397,1460.4382144226488,1467.9476318359375,10826044,RELIANCE
2024-02-28,1465.3290823583084,1473.5055044292124,1432.8952620082478,1438.2802734375,8647950,RELIANCE
2024-02-29,1447.5437052316252,1461.352161163495,1437.1935448412644,1443.393798828125,23628976,RELIANCE
2024-03-01,1446.061542580972,1482.1266237591103,1445.0734581651325,1474.345458984375,12132926,RELIANCE
2024-03-04,1472.7150995331629,1494.4282305064353,1469.503825173054,1489.4384765625,10024420,RELIANCE
2024-03-05,1487.8328618357061,1489.4384990399915,1468.3429205099196,1482.32421875,7107668,RELIANCE
2024-03-06,1475.654687549837,1491.0194491388315,1460.8828731290673,1485.0909423828125,7805676,RELIANCE
2024-03-07,1485.0662153094684,1485.1897258668157,1457.968071396935,1461.3028564453125,8315726,RELIANCE
2024-03-11,1471.257625711574,1471.257625711574,1446.0614742974403,1449.12451171875,11277130,RELIANCE
2024-03-12,1449.1245651727334,1470.269595576354,1447.568380480176,1457.844482421875,9432678,RELIANCE
2024-03-13,1462.142657909758,1465.4279903850718,1410.7622676768488,1415.10986328125,13522134,RELIANCE
2024-03-14,1422.5451836499767,1431.2651015924712,1408.5144322207132,1414.418212890625,18571102,RELIANCE
2024-03-15,1408.9589780840722,1416.1473166057365,1396.0645483366263,1401.3260498046875,19223818,RELIANCE
2024-03-18,1403.0798345242215,1424.5459437848976,1399.6462653903534,1422.32275390625,9169392,RELIANCE
2024-03-19,1411.7256294896865,1420.4701525728194,1400.3626585436627,1408.267333984375,8275764,RELIANCE
2024-03-20,1410.935092987457,1427.7819805194806,1407.056934025752,1426.546875,8488806,RELIANCE
2024-03-21,1435.2173701383908,1440.5283239841642,1427.460931435626,1433.685791015625,13006936,RELIANCE
2024-03-22,1432.6977472783171,1442.6033181580033,1430.1040255590262,1437.6876220703125,19527608,RELIANCE
2024-03-26,1427.7819423573562,1435.0937909604027,1421.8534360223084,1424.397705078125,11415906,RELIANCE
2024-03-27,1430.7463249095808,1482.126717793074,1429.7582404310522,1475.0618896484375,16326644,RELIANCE
2024-03-28,1475.0865810929813,1488.0057370987279,1461.0311038405712,1468.145263671875,21854364,RELIANCE
2024-04-01,1474.691331987126,1476.1734586788064,1464.8352136106084,1467.0831298828125,5013880,RELIANCE
2024-04-02,1466.3172549197961,1476.198098955644,1457.4244952875333,1469.2320556640625,8910166,RELIANCE
2024-04-03,1464.4152240453116,1466.7619246317818,1451.397283687729,1454.0650634765625,7008292,RELIANCE
2024-04-04,1462.117879861305,1462.117879861305,1432.7223691832353,1445.493408203125,14490272,RELIANCE
2024-04-05,1443.467815909923,1453.274601948929,1438.6509043996564,1442.7020263671875,7442298,RELIANCE
2024-04-08,1445.5427357963142,1473.2090987059642,1443.5912932499484,1468.2686767578125,8357118,RELIANCE
2024-04-09,1471.2577557160955,1472.0482715276003,1445.0735176190665,1446.2098388671875,7071414,RELIANCE
2024-04-10,1448.8776750369068,1469.281643980642,1448.8776750369068,1461.945068359375,9138330,RELIANCE
2024-04-12,1458.2891033204971,1468.7627741208264,1445.6415744118667,1449.6680908203125,15551012,RELIANCE
2024-04-15,1443.591352839028,1464.4646364315843,1429.0911655763507,1447.3707275390625,12902062,RELIANCE
2024-04-16,1436.0325186728678,1453.6451964542034,1433.6364862387566,1448.2847900390625,9366184,RELIANCE
2024-04-18,1446.0615875622616,1468.2934876101954,1441.9610129858208,1446.876708984375,19005692,RELIANCE
2024-04-19,1439.4168835663286,1456.4366156882386,1425.8307211065503,1452.6077880859375,15741778,RELIANCE
2024-04-22,1454.9048261235944,1465.1562017707047,1450.3103301575065,1462.2166748046875,10350362,RELIANCE
2024-04-23,1461.3768889290402,1475.7041133303053,1438.20635702296,1441.936279296875,14605554,RELIANCE
2024-04-24,1446.0614393265091,1451.0513135165108,1432.2282584925008,1432.895263671875,10462776,RELIANCE
2024-04-25,1425.31186113177,1450.4832891142164,1424.3237766526493,1442.57861328125,15943926,RELIANCE
2024-04-26,1446.5062542977878,1447.5437912682185,1432.7225237808307,1435.2421875,9413848,RELIANCE
2024-04-29,1432.7223672737166,1450.4091019997668,1432.7223672737166,1447.568359375,7247974,RELIANCE
2024-04-30,1450.5079819172845,1465.403306850403,1445.4440490785064,1449.5198974609375,11474262,RELIANCE
2024-05-02,1454.460329459568,1459.7218309784546,1446.6791643138517,1449.0753173828125,14512646,RELIANCE
2024-05-03,1453.4722101911175,1457.3750954799905,1399.275802819383,1416.9130859375,17226958,RELIANCE
2024-05-06,1418.3952205864964,1422.841600588335,1401.1037428015688,1402.610595703125,7394208,RELIANCE
2024-05-07,1399.1028593353728,1403.8209867220144,1375.4135586957902,1384.775634765625,14517472,RELIANCE
2024-05-08,1380.8481115524094,1415.8756594095175,1380.8481115524094,1401.6473388671875,9439002,RELIANCE
2024-05-09,1396.1632769069981,1406.7851843569276,1373.437335386219,1377.51318359375,11009612,RELIANCE
2024-05-10,1380.106935558881,1393.1990543318577,1371.535254832905,1390.65478515625,10505096,RELIANCE
2024-05-13,1383.2193979190515,1390.210046915121,1367.5088315833425,1385.9859619140625,8456620,RELIANCE
2024-05-14,1384.2815424166113,1410.070521585227,1383.342910466477,1403.1539306640625,7188300,RELIANCE
2024-05-15,1403.5739245612333,1412.9360003572742,1396.1880176135714,1399.3992919921875,5046534,RELIANCE
2024-05-16,1401.6471872524828,1410.4904944706304,1381.3667306256436,1408.3660888671875,14711774,RELIANCE
2024-05-17,1406.0936018418706,1420.0749000882806,1396.4103261437938,1418.5927734375,10916476,RELIANCE
2024-05-21,1408.6132041549795,1424.6448506468714,1408.6132041549795,1419.0128173828125,11176128,RELIANCE
2024-05-22,1419.1610465084934,1451.2737917888355,1419.1610465084934,1443.24560546875,10281604,RELIANCE
2024-05-23,1441.1705740518107,1474.4442444107415,1437.6628261266358,1468.3428955078125,14608260,RELIANCE
2024-05-24,1465.9467233388211,1470.7636348065282,1458.5113640783345,1462.6119384765625,7094776,RELIANCE
2024-05-27,1462.587264504762,1467.2066075031105,1444.134859977049,1448.77880859375,6629010,RELIANCE
2024-05-28,1450.5079553599196,1460.8828419616084,1435.4396676765145,1438.8485107421875,7820162,RELIANCE
2024-05-29,1429.2640587693002,1440.6270291639403,1421.3099312467443,1423.6072998046875,7383556,RELIANCE
2024-05-30,1418.3951935729253,1423.2368313836507,1403.178669288835,1407.8720703125,13206858,RELIANCE
2024-05-31,1414.245257118902,1425.0647331073133,1405.3030450073677,1413.35595703125,31069832,RELIANCE
2024-06-03,1465.3292536675044,1496.4539141466187,1441.6152266357983,1492.32861328125,21527942,RELIANCE
2024-06-04,1480.1999676014107,1480.1999676014107,1343.1032493273078,1380.625732421875,36709098,RELIANCE
2024-06-05,1405.0561505394378,1414.097147783154,1367.6077240917773,1403.821044921875,17464890,RELIANCE
2024-06-06,1417.9011371144834,1426.4974232883105,1404.4137607114592,1414.5416259765625,17855722,RELIANCE
2024-06-07,1411.478521453965,1454.4601915157414,1409.5023527154926,1452.4345703125,18558696,RELIANCE
2024-06-10,1452.4346368701142,1475.5558362929214,1450.5819785928986,1453.867431640625,9251760,RELIANCE
2024-06-11,1451.4959629037996,1456.1153056542432,1437.3417023219272,1439.31787109375,11774902,RELIANCE
2024-06-12,1440.1330064471847,1458.41256776401,1437.835758473946,1445.8885498046875,10081742,RELIANCE
2024-06-13,1454.4603416652449,1454.7073627830548,1442.7021123343332,1447.790771484375,9181160,RELIANCE
2024-06-14,1452.4841280922399,1462.0438933040555,1439.8613252368543,1459.9442138671875,8157998,RELIANCE
2024-06-18,1469.6273935638167,1469.6768460329972,1453.8180422457062,1463.3778076171875,7196766,RELIANCE
2024-06-19,1469.7756214798555,1469.7756214798555,1438.650961260282,1441.2694091796875,8725874,RELIANCE
2024-06-20,1441.6152213906755,1465.181011544537,1432.8212456085912,1456.1400146484375,16113776,RELIANCE
2024-06-21,1456.0659025463858,1457.1280450509373,1423.4096642387256,1436.872314453125,31170360,RELIANCE
2024-06-24,1428.3007403004744,1432.2283517054532,1420.3713387903338,1424.2989501953125,8878386,RELIANCE
2024-06-25,1425.8058325289194,1438.576872033328,1423.8296636688654,1436.822998046875,7045386,RELIANCE
2024-06-26,1428.8194845866847,1500.875466568816,1427.905458276952,1495.9844970703125,22014882,RELIANCE
2024-06-27,1495.7127559544517,1519.1797603831344,1488.0551018777237,1512.3126220703125,28383030,RELIANCE
2024-06-28,1512.782033239127,1562.1615299634889,1512.782033239127,1546.7474365234375,28957336,RELIANCE
2024-07-01,1543.9066370278445,1560.5805616644209,1537.138282854078,1541.5599365234375,7724306,RELIANCE
2024-07-02,1550.7985635373939,1554.7509013864856,1538.4475077589818,1546.525146484375,7749246,RELIANCE
2024-07-03,1547.661278880494,1556.2329594590622,1524.391963189475,1533.927001953125,9049620,RELIANCE
2024-07-04,1538.447461634288,1548.822348177101,1532.321386398175,1535.5079345703125,6837176,RELIANCE
2024-07-05,1535.3102911811948,1579.4530127748421,1529.5547474353805,1569.6956787109375,12269710,RELIANCE
2024-07-08,1570.0662334946016,1589.6303543798022,1563.6684106310508,1581.824462890625,9500806,RELIANCE
2024-07-09,1578.563597646217,1581.4290665009253,1561.6673786971023,1571.325927734375,6960002,RELIANCE
2024-07-10,1575.9946562525065,1578.4648673124634,1544.5241914718106,1565.3480224609375,7134578,RELIANCE
2024-07-11,1568.5840280306456,1585.1344421846698,1551.786592769845,1561.815673828125,11940946,RELIANCE
2024-07-12,1565.619909710512,1586.0238790122883,1555.739064587694,1577.69921875,12924784,RELIANCE
2024-07-15,1585.332123675554,1586.7154660951303,1566.607970695329,1578.1932373046875,5329688,RELIANCE
2024-07-16,1574.5125966882063,1580.9351457176842,1550.4280378276635,1557.4681396484375,9386838,RELIANCE
2024-07-18,1557.2210712967385,1574.9078068261192,1539.2625884242743,1567.7689208984375,12298374,RELIANCE
2024-07-19,1567.1020115011324,1571.029623251694,1534.2976544625544,1536.61962890625,13140390,RELIANCE
2024-07-22,1518.9328421942273,1519.1798633102128,1481.4103587992008,1482.793701171875,19674376,RELIANCE
2024-07-23,1483.1147807956386,1487.808182000688,1445.5675711552426,1470.1708984375,18052044,RELIANCE
2024-07-24,1467.3054738461674,1491.5135439533938,1458.8079713194404,1477.8779296875,11913362,RELIANCE
2024-07-25,1463.3530011800513,1482.595920809754,1459.474721651074,1474.6171875,12519876,RELIANCE
2024-07-26,1474.6172851615388,1494.4037007697482,1472.59166375446,1491.044189453125,9859940,RELIANCE
2024-07-29,1493.9342700426573,1509.2990318372968,1493.7614276294273,1501.9871826171875,7538550,RELIANCE
2024-07-30,1498.9488223237445,1506.8287716127938,1492.0075050067665,1495.1199951171875,8228208,RELIANCE
2024-07-31,1486.0788700242824,1492.4519658681731,1483.2628537354879,1487.4869384765625,10057346,RELIANCE
2024-08-01,1493.9836579008804,1499.9121644798522,1486.37545603751,1497.244384765625,10764222,RELIANCE
2024-08-02,1487.0670219426547,1491.3404387261814,1475.481756476256,1481.4595947265625,10268248,RELIANCE
2024-08-05,1462.3649300475706,1466.2184833782828,1416.1719837774867,1430.0792236328125,17046704,RELIANCE
2024-08-06,1437.8111393077952,1459.8948030686215,1434.0316438440889,1438.700439453125,10236186,RELIANCE
2024-08-07,1451.4960282823629,1454.954323788822,1444.0853950542364,1447.3707275390625,8174568,RELIANCE
2024-08-08,1440.157843842289,1447.5437511456266,1428.6960880928925,1431.85791015625,12387192,RELIANCE
2024-08-09,1442.6033755756382,1458.9067698886504,1438.6510375603623,1456.7330322265625,6249776,RELIANCE
2024-08-12,1452.4842396100769,1455.4484931603017,1440.380204279993,1443.220947265625,8184584,RELIANCE
2024-08-13,1443.3444377180147,1452.5582774619256,1440.6272053348387,1446.1851806640625,6265064,RELIANCE
2024-08-14,1446.1110904012166,1454.4603560192809,1436.3783617708266,1444.4312744140625,6267466,RELIANCE
2024-08-16,1451.1501701128775,1462.760161748311,1440.676499654279,1460.5863037109375,9416902,RELIANCE
2024-08-19,1469.8067419652286,1485.47150978375,1467.8238660907393,1475.65625,13797742,RELIANCE
2024-08-20,1484.4057091952604,1491.0484162933285,1477.2674041310693,1483.1416015625,8411808,RELIANCE
2024-08-21,1480.464784262564,1494.964564922092,1477.2426107826689,1485.8433837890625,7769996,RELIANCE
2024-08-22,1490.1312336221058,1493.6012664349316,1477.8869991875908,1485.2979736328125,10445782,RELIANCE
2024-08-23,1490.8749048344312,1498.3849993365056,1485.5955458508122,1487.1322021484375,9249654,RELIANCE
2024-08-26,1494.0722092753902,1509.9600269352031,1490.131267553257,1499.6490478515625,8816114,RELIANCE
2024-08-27,1497.5671500638725,1500.516654009415,1486.6117113802566,1487.6031494140625,6251156,RELIANCE
2024-08-28,1492.1141436005682,1494.567928369235,1480.2168879705305,1485.4715576171875,9610286,RELIANCE
2024-08-29,1490.2303777286736,1523.8401488737275,1481.2083164719252,1507.90283203125,38335358,RELIANCE
2024-08-30,1520.865886117465,1526.5418444404818,1490.4534771750382,1496.6995849609375,41620730,RELIANCE
2024-09-02,1497.9388431759776,1513.7275412609433,1493.7252318027681,1503.267822265625,11240852,RELIANCE
2024-09-03,1508.2250430567562,1509.9600595401412,1494.5927706873033,1496.203857421875,10923800,RELIANCE
2024-09-04,1487.850885016148,1504.50709100704,1486.6612078847159,1501.5823974609375,11983304,RELIANCE
2024-09-05,1506.0439573959175,1512.7113538076746,1474.3179410781217,1480.192138671875,16264168,RELIANCE
2024-09-06,1479.721175380084,1484.182646260627,1449.110527949692,1452.2830810546875,19394228,RELIANCE
2024-09-09,1453.943716732093,1457.339440034618,1443.1370191466497,1449.9283447265625,9010298,RELIANCE
2024-09-10,1447.9951044503912,1459.4462610127246,1445.0951000796938,1449.0113525390625,10768260,RELIANCE
2024-09-11,1450.5232999620255,1456.1744477064742,1435.1560121734635,1439.0721435546875,9760202,RELIANCE
2024-09-12,1444.5250498204912,1473.2767495080643,1433.4953029575859,1467.1298828125,22349376,RELIANCE
2024-09-13,1463.7590600068495,1470.451266381587,1456.918113729867,1460.016357421875,8711328,RELIANCE
2024-09-16,1464.8991851443227,1468.2204780575375,1452.2087310287416,1458.752197265625,5481774,RELIANCE
2024-09-17,1461.3796100548857,1464.8248328952707,1454.0677548146177,1459.6942138671875,5935328,RELIANCE
2024-09-18,1457.413889315684,1469.3111455549956,1448.0448484372855,1450.919921875,8574714,RELIANCE
2024-09-19,1453.6959512825117,1463.8581906691413,1443.0876132109174,1457.0916748046875,16955902,RELIANCE
2024-09-20,1461.3795684407844,1482.1997658201985,1458.7770437683578,1473.2025146484375,30897320,RELIANCE
2024-09-23,1478.2340798324108,1488.6441789861601,1476.2015834923338,1480.5887451171875,8832314,RELIANCE
2024-09-24,1475.7554165819738,1487.6526722077606,1475.1357678514642,1476.6229248046875,17137444,RELIANCE
2024-09-25,1471.1948125268714,1483.6869066134093,1467.5264194610884,1481.15869140625,7069002,RELIANCE
2024-09-26,1477.8870868947113,1491.122760061236,1475.309372285805,1485.12451171875,18818998,RELIANCE
2024-09-27,1486.1655345930462,1520.345334807694,1479.2254687210307,1513.10791015625,20597478,RELIANCE
2024-09-30,1506.3908994638518,1511.9181178232873,1461.7761901136828,1463.9324951171875,27008814,RELIANCE
2024-10-01,1467.9726595996829,1475.2100841908111,1450.3002051077794,1452.2830810546875,16431642,RELIANCE
2024-10-03,1424.2750076222521,1436.9902726871705,1390.070396353704,1394.928466796875,37757294,RELIANCE
2024-10-04,1391.9046094477658,1405.2145916660443,1369.9442340651563,1374.653564453125,37072876,RELIANCE
2024-10-07,1381.5689173076198,1384.5432314460647,1349.7189700751067,1358.9888916015625,22181340,RELIANCE
2024-10-08,1361.2195630224157,1389.004637160655,1353.4119887771337,1385.3858642578125,17020808,RELIANCE
2024-10-09,1385.5594536683957,1388.979866453412,1360.7486928237201,1362.8306884765625,14310610,RELIANCE
2024-10-10,1368.209166456891,1374.132983939481,1357.699948504806,1359.31103515625,22358646,RELIANCE
2024-10-11,1358.2700551936466,1371.4314188021033,1357.1050671377104,1360.35205078125,7980122,RELIANCE
2024-10-14,1367.6390728953818,1368.2587216327886,1356.5350159311083,1360.7734375,12221432,RELIANCE
2024-10-15,1346.8933067731043,1359.9554295521655,1329.2208521541709,1332.5174560546875,33762794,RELIANCE
2024-10-16,1328.5268821992931,1352.3213935222657,1326.1722170162907,1342.4813232421875,20034438,RELIANCE
2024-10-17,1354.0067695283685,1356.7332239102464,1340.4737382347967,1344.811279296875,15543660,RELIANCE
2024-10-18,1340.5976258716714,1356.70849216764,1329.840427555484,1347.66162109375,12082452,RELIANCE
2024-10-21,1355.4196212833501,1362.2357572594483,1346.1000802528206,1357.476806640625,14067408,RELIANCE
2024-10-22,1357.4769157261562,1364.2187428070656,1328.7500227270916,1331.8482666015625,15831960,RELIANCE
2024-10-23,1326.0483270387208,1345.8522769141389,1323.56973203491,1327.0645751953125,17214742,RELIANCE
2024-10-24,1323.8424540123256,1332.1952468902052,1311.7964576126847,1328.3287353515625,22155934,RELIANCE
2024-10-25,1331.996862815434,1332.8395608533488,1310.6809472586556,1316.4808349609375,18597496,RELIANCE
2024-10-28,1325.552505604476,1341.4155124030337,1310.7800563182918,1322.9251708984375,10824350,RELIANCE
2024-10-29,1316.728719636798,1331.6994085045892,1308.995576227512,1328.52685546875,12008361,RELIANCE
2024-10-30,1323.569732267355,1338.4413022928309,1314.0023313459362,1332.3935546875,11984423,RELIANCE
2024-10-31,1328.5269031210519,1331.5012170832633,1314.7955112005386,1320.64501953125,9331650,RELIANCE
2024-11-01,1321.6364480777281,1330.4601492824747,1321.5868277686543,1327.1884765625,2127335,RELIANCE
2024-11-04,1326.3952636738204,1328.52687951389,1274.0969107675833,1291.0009765625,19796890,RELIANCE
2024-11-05,1281.9292880644173,1298.337634786513,1275.1379622128013,1294.1240234375,16267479,RELIANCE
2024-11-06,1298.783649697479,1316.9270116872763,1289.0675098622075,1314.002197265625,21625209,RELIANCE
2024-11-07,1312.6638089321268,1312.6638089321268,1291.447013193,1294.470947265625,9611974,RELIANCE
2024-11-08,1286.5395574614042,1290.5053095001092,1264.083462337208,1272.758544921875,19814406,RELIANCE
2024-11-11,1267.9994654475693,1274.9891511168566,1256.151830843746,1261.802978515625,9056552,RELIANCE
2024-11-12,1264.6287615317467,1278.2610337323058,1256.6476373969983,1263.33984375,10671091,RELIANCE
2024-11-13,1259.374078659472,1264.5295076822267,1238.8017408266169,1241.3299560546875,14633633,RELIANCE
2024-11-14,1242.866693712679,1261.7040163358736,1240.38809863068,1256.746826171875,12612633,RELIANCE
2024-11-18,1256.7467703539512,1262.0014401044657,1233.24973843027,1249.9554443359375,13620611,RELIANCE
2024-11-19,1249.9553610165642,1270.5276979121372,1224.5745744010292,1231.0189208984375,14183746,RELIANCE
2024-11-21,1231.0189056876295,1233.299140266532,1206.8277964681656,1212.528564453125,19433843,RELIANCE
2024-11-22,1218.8739057022901,1257.9860865301255,1211.9833389629089,1254.565673828125,20471957,RELIANCE
2024-11-25,1278.9549045518283,1293.2811339485756,1271.4694999174592,1275.9805908203125,28923341,RELIANCE
2024-11-26,1283.8625006531302,1286.7376948587628,1273.2045428922675,1284.6060791015625,9247557,RELIANCE
2024-11-27,1282.4250432843673,1292.6864023015983,1274.9892583407009,1282.1275634765625,9572746,RELIANCE
2024-11-28,1278.905374093644,1285.4984608667178,1258.184417128475,1259.91943359375,15027412,RELIANCE
2024-11-29,1269.0406134614407,1288.3736540571424,1264.3312830599236,1281.1361083984375,13202307,RELIANCE
2024-12-02,1276.9721028104004,1300.1221551586505,1266.115905470633,1297.9410400390625,11024152,RELIANCE
2024-12-03,1305.7238628126408,1315.4400037478053,1295.8094826849822,1311.969970703125,16869482,RELIANCE
2024-12-04,1314.6467414933138,1317.0262168141671,1292.884726573221,1297.74267578125,19608540,RELIANCE
2024-12-05,1303.0964459866593,1318.5628538088617,1294.966703202915,1310.7305908203125,16858723,RELIANCE
2024-12-06,1312.564791729292,1312.564791729292,1298.7837793313574,1300.320556640625,9037514,RELIANCE
2024-12-09,1291.8436769577456,1303.7409326166044,1282.0284168341586,1284.0609130859375,14650002,RELIANCE
2024-12-10,1278.2113501165884,1283.812998621138,1269.238788448007,1273.8489990234375,16043729,RELIANCE
2024-12-11,1273.9978081396894,1278.9549980546296,1265.1244866020038,1267.2559814453125,11724373,RELIANCE
2024-12-12,1259.1262215126183,1267.25596445406,1249.8066803924569,1252.0870361328125,20906813,RELIANCE
2024-12-13,1249.211828655226,1264.281637225772,1228.9864700814942,1261.9517822265625,28630222,RELIANCE
2024-12-16,1264.0833817296273,1270.032009408355,1255.7057794921418,1257.4407958984375,9486781,RELIANCE
2024-12-17,1250.2529662315405,1253.0785403896136,1232.1592223274588,1234.6378173828125,17462791,RELIANCE
2024-12-18,1230.027558928225,1249.162239402372,1230.027558928225,1242.5196533203125,12670179,RELIANCE
2024-12-19,1228.3916379278016,1234.2411461229626,1218.4772582835096,1219.914794921875,14244653,RELIANCE
2024-12-20,1213.5201900622435,1228.8874800507767,1191.2128336272758,1194.9803466796875,20312896,RELIANCE
2024-12-23,1204.5971709809228,1216.6926661807136,1202.8125341694108,1211.834716796875,10052824,RELIANCE
2024-12-24,1211.8347850736238,1222.988463211123,1210.545867189896,1212.2808837890625,6734917,RELIANCE
2024-12-26,1213.767935093776,1217.1883476811242,1203.8535553911518,1206.1339111328125,10016178,RELIANCE
2024-12-27,1207.86900439277,1217.3867853075249,1206.5800865394056,1210.595458984375,7000397,RELIANCE
2024-12-30,1205.9851311625014,1212.7268365212021,1197.7561478726802,1200.3338623046875,8818766,RELIANCE
2024-12-31,1197.6570485426987,1208.6619856280877,1195.8229125326573,1205.043212890625,6405475,RELIANCE
2025-01-01,1204.4483521073844,1215.800389087432,1201.2261788160188,1210.7935791015625,5892590,RELIANCE
2025-01-02,1210.7936258321927,1233.7949384205442,1209.554328364606,1231.167724609375,15486276,RELIANCE
2025-01-03,1233.2496968938563,1251.2443199889096,1224.9215938636924,1240.4376220703125,15521102,RELIANCE
2025-01-06,1243.2136823453243,1251.1948069805778,1204.597219081935,1207.571533203125,14816766,RELIANCE
2025-01-07,1211.5371275851955,1233.8444805890147,1210.7935491517349,1230.2257080078125,10070505,RELIANCE
2025-01-08,1238.3060678446636,1260.167324257905,1234.6872949225542,1254.664794921875,19346579,RELIANCE
2025-01-09,1256.1519514905858,1258.878406002503,1237.3642497185242,1244.0068359375,12794704,RELIANCE
2025-01-10,1243.114481097643,1245.9896754309787,1225.4173374439545,1231.266845703125,8120332,RELIANCE
2025-01-13,1219.4687349455062,1234.5881643828388,1215.899582365329,1229.234375,13764861,RELIANCE
2025-01-14,1233.4479678208604,1242.6187691440975,1216.742262047884,1228.143798828125,13095266,RELIANCE
2025-01-15,1234.2905907014622,1246.2374660533972,1231.2171573529768,1241.478515625,9578856,RELIANCE
2025-01-16,1248.1212833322295,1264.0834104275011,1240.586378973141,1255.6065673828125,14117603,RELIANCE
2025-01-17,1310.9288585996749,1314.6467509950228,1273.997794139219,1291.19921875,29366277,RELIANCE
2025-01-20,1304.7324245206253,1304.7324245206253,1289.1172758229052,1294.272705078125,14040244,RELIANCE
2025-01-21,1299.2795231523412,1301.7581181984158,1259.324522599558,1262.7945556640625,14562976,RELIANCE
2025-01-22,1267.355325635656,1271.9159165250771,1257.8374234010246,1266.16552734375,10273590,RELIANCE
2025-01-23,1259.1262957502838,1266.4133410521551,1250.7981921087953,1252.8306884765625,8720682,RELIANCE
2025-01-24,1255.1605533566642,1262.1006196074513,1232.8531975505623,1235.6292724609375,14235970,RELIANCE
2025-01-27,1228.4907387555406,1229.8291557820492,1209.5542981292017,1218.82421875,9536019,RELIANCE
2025-01-28,1227.4002071753887,1234.0924134746083,1208.0671667554209,1223.8310546875,10568025,RELIANCE
2025-01-29,1225.4173498520336,1232.1095562529247,1217.53546627882,1224.921630859375,5928156,RELIANCE
2025-01-30,1224.971246456504,1246.237542749693,1221.8481926097397,1242.3214111328125,9269259,RELIANCE
2025-01-31,1245.09738698474,1256.1519448799122,1238.306060895825,1254.2681884765625,6584612,RELIANCE
2025-02-01,1254.2681799336815,1259.6715896071485,1230.374548522757,1253.7724609375,7118453,RELIANCE
2025-02-03,1240.2889757645512,1245.2461659154887,1226.9541826685895,1235.232666015625,9252345,RELIANCE
2025-02-04,1237.3642207434832,1277.7653184740125,1235.9265630557768,1274.196044921875,16691069,RELIANCE
2025-02-05,1271.6679530846961,1279.4507170461238,1265.7688244708304,1267.2559814453125,10112028,RELIANCE
2025-02-06,1262.7945076095025,1276.9721191435924,1259.4732145791813,1270.577392578125,9956001,RELIANCE
2025-02-07,1265.2236540965398,1272.7089385364054,1251.1947819010975,1255.8544921875,8764283,RELIANCE
2025-02-10,1253.673337746878,1255.6562137259161,1234.8856362555493,1242.916259765625,6970972,RELIANCE
2025-02-11,1253.7230036544372,1253.7230036544372,1219.567891058193,1224.2772216796875,8859714,RELIANCE
2025-02-12,1209.0089844264594,1216.3952699200001,1183.1324776076385,1206.1339111328125,21131654,RELIANCE
2025-02-13,1206.6295607029597,1217.4857574427408,1201.622750831109,1205.6876220703125,8511216,RELIANCE
2025-02-14,1208.56289732395,1213.5200872227356,1195.1288642881832,1206.827880859375,10298145,RELIANCE
2025-02-17,1200.7305822668588,1216.9901902768092,1194.1871154284454,1214.4124755859375,8166683,RELIANCE
2025-02-18,1214.362863790828,1219.3696743222742,1205.6877809072391,1214.908203125,6673250,RELIANCE
2025-02-19,1209.0585466128707,1222.1950990873443,1207.125291073852,1216.9404296875,6217338,RELIANCE
2025-02-20,1213.4704313005311,1228.738599945727,1211.5371757067999,1222.4429931640625,7795582,RELIANCE
2025-02-21,1218.1797397323817,1229.3830367840985,1211.6858938870325,1217.634521484375,6904025,RELIANCE
2025-02-24,1206.13399913207,1212.7765856074127,1200.1357505642943,1204.151123046875,7172498,RELIANCE
2025-02-25,1200.631472565407,1210.5458530159883,1191.2128111373545,1193.69140625,11552182,RELIANCE
2025-02-27,1202.416039651657,1204.597154814102,1190.370043898487,1196.7647705078125,11509215,RELIANCE
2025-02-28,1191.7084634163882,1206.9270123506615,1183.0830013175257,1189.82470703125,23007298,RELIANCE
2025-03-03,1193.6912720117396,1196.1202465389174,1146.1022512006402,1161.2216796875,17944938,RELIANCE
2025-03-04,1152.2491409974891,1163.948157257321,1149.6219272411693,1151.9517822265625,11377373,RELIANCE
2025-03-05,1151.0594540375048,1172.8710888254677,1147.093702257875,1165.534423828125,8664095,RELIANCE
2025-03-06,1186.7511925218207,1203.5560168880775,1175.0026773522586,1199.2432861328125,14468014,RELIANCE
2025-03-07,1205.5885908312287,1244.0564330934674,1201.622838887705,1239.0992431640625,16474965,RELIANCE
2025-03-10,1234.340341763354,1247.2290360950196,1224.8225609234617,1227.796875,11931051,RELIANCE
2025-03-11,1229.3830600118497,1238.801720552263,1219.2208210077197,1236.62060546875,10089838,RELIANCE
2025-03-12,1247.2290491693625,1252.186239348891,1233.3489166666827,1246.2872314453125,11977555,RELIANCE
2025-03-13,1249.2614495168184,1253.326320946517,1233.2000819547634,1237.2154541015625,9505270,RELIANCE
2025-03-17,1231.514713672869,1246.6341428999226,1222.5421515247892,1228.242919921875,16640917,RELIANCE
2025-03-18,1228.242919921875,1228.242919921875,1228.242919921875,1228.242919921875,0,RELIANCE
2025-03-19,1230.4241762433128,1242.5196714129374,1228.1934407470596,1236.471923828125,16162399,RELIANCE
2025-03-20,1241.1315230182402,1262.1004590128364,1239.3470073959113,1258.283447265625,15971477,RELIANCE
2025-03-21,1264.0834578966683,1270.0320859338292,1259.225387461291,1265.421875,21780769,RELIANCE
2025-03-24,1279.946478246575,1294.8180484818179,1273.2542716407156,1290.951416015625,20299319,RELIANCE
2025-03-25,1296.50346593687,1296.50346593687,1271.6183955406093,1274.4439697265625,13713899,RELIANCE
2025-03-26,1279.9464094999762,1282.7224842048433,1257.8869148358597,1262.150146484375,12074747,RELIANCE
2025-03-27,1267.2064821612498,1273.9978081396894,1260.4151561828103,1267.2559814453125,15028056,RELIANCE
2025-03-28,1269.0405652360093,1284.6557128160619,1258.1347478785124,1264.1824951171875,18147129,RELIANCE
2025-04-01,1253.7723771839194,1266.9585500115554,1238.603449529153,1241.8751220703125,12099648,RELIANCE
2025-04-02,1236.868469635997,1244.7999732789833,1233.2496968938563,1240.4376220703125,10142590,RELIANCE
2025-04-03,1222.4926375090713,1241.0820994494682,1222.4926375090713,1238.008544921875,7434366,RELIANCE
2025-04-04,1230.473619610667,1234.7863505024063,1182.9342181609516,1194.38525390625,17908652,RELIANCE
2025-04-07,1122.506064991245,1161.2217676393545,1105.3046397460778,1155.71923828125,22156106,RELIANCE
2025-04-08,1161.9653833278503,1186.3547349162204,1153.3399207865864,1172.0780029296875,19555040,RELIANCE
2025-04-09,1159.4867811653644,1179.613021672609,1157.9996241138485,1175.2010498046875,10223104,RELIANCE
2025-04-11,1184.917153801556,1212.1816988912137,1184.917153801556,1208.5133056640625,11224242,RELIANCE
2025-04-15,1240.288998738938,1240.288998738938,1226.5079856590305,1229.4822998046875,13378535,RELIANCE
2025-04-16,1223.5336585713449,1230.2754856402491,1218.477348782242,1228.689208984375,8248464,RELIANCE
2025-04-17,1229.5813957339365,1269.238916912585,1217.0893007676923,1263.5877685546875,15398401,RELIANCE
2025-04-21,1259.126289394177,1289.761748514388,1256.151975324742,1284.407958984375,10429964,RELIANCE
2025-04-22,1288.8693558313819,1292.7359881039044,1275.286704106908,1280.1446533203125,13051707,RELIANCE
2025-04-23,1285.8950708007812,1294.8180126953125,1274.3944143417477,1288.869384765625,10480888,RELIANCE
2025-04-24,1281.3345072026398,1293.3308829080645,1279.2525115884996,1290.4556884765625,10468940,RELIANCE
2025-04-25,1292.3394247863746,1313.85358083958,1277.071255478384,1289.2659912109375,14431012,RELIANCE
2025-04-28,1328.5268607294433,1362.830589793996,1308.8963407951755,1357.080322265625,31104496,RELIANCE
2025-04-29,1359.2614765022709,1398.8198762816546,1358.2700385179512,1387.7156982421875,32538970,RELIANCE
2025-04-30,1389.9960230274132,1400.3070020394923,1357.2785702742715,1392.9703369140625,25480745,RELIANCE
2025-05-02,1401.8932881277126,1414.4845019236116,1397.0352178747166,1407.6436767578125,13007841,RELIANCE
2025-05-05,1418.747808269532,1427.1750314493302,1414.6829365878357,1419.0452880859375,12685649,RELIANCE
2025-05-06,1418.7477523435755,1419.7391903256466,1398.5223933042987,1408.7342529296875,14084117,RELIANCE
2025-05-07,1408.7342420156256,1412.2042749259901,1390.6899982666434,1393.9617919921875,13440169,RELIANCE
2025-05-08,1392.0780527042998,1408.6351396947061,1386.030305191398,1394.9532470703125,16106175,RELIANCE
2025-05-09,1373.6374315703338,1382.8578539346386,1362.731612914777,1365.408447265625,13668904,RELIANCE
2025-05-12,1388.0131966802994,1426.679278587822,1388.0131966802994,1424.20068359375,10674081,RELIANCE
2025-05-13,1421.2263802516663,1435.3047515134413,1400.307062549957,1403.5787353515625,11407896,RELIANCE
2025-05-14,1407.8418724989147,1417.6571322938998,1403.380401776207,1412.2042236328125,5570160,RELIANCE
2025-05-15,1412.7992032271827,1448.8875719918406,1400.6044669576877,1441.7491455078125,20177211,RELIANCE
2025-05-16,1440.757623701411,1448.4908883531898,1434.9082364412498,1443.9302978515625,9036695,RELIANCE
2025-05-19,1439.667043567546,1442.1456384779733,1425.886031660542,1428.4638671875,6195791,RELIANCE
2025-05-20,1425.8861208416395,1432.6279478297215,1409.6266340324114,1412.402587890625,11270560,RELIANCE
2025-05-21,1411.7085860045363,1423.9032007341596,1405.9581972205492,1416.963134765625,6136364,RELIANCE
2025-05-22,1409.031659643212,1411.6094953044076,1384.9397884743898,1397.332763671875,12134466,RELIANCE
2025-05-23,1394.5567410207764,1421.5239286750705,1394.5567410207764,1414.5838623046875,6474883,RELIANCE
2025-05-26,1419.7391840414937,1428.6621258406371,1412.898237790455,1422.5152587890625,4842944,RELIANCE
2025-05-27,1413.8897021801247,1424.696400543767,1401.794207036506,1409.9239501953125,12640414,RELIANCE
2025-05-28,1407.9410393609537,1410.4196342901241,1398.6214982222443,1400.802734375,5944611,RELIANCE
2025-05-29,1400.0096192804465,1407.842003929875,1396.5395861721686,1405.660888671875,13771917,RELIANCE
2025-05-30,1405.8590585766528,1418.3511529457182,1397.6300749154059,1408.7342529296875,13788484,RELIANCE
2025-06-02,1400.0095486308933,1405.3633379328091,1383.650821945961,1401.5958251953125,8098668,RELIANCE
2025-06-03,1410.1223942601396,1414.2863856817387,1391.384190812638,1393.4661865234375,11252626,RELIANCE
2025-06-04,1402.5873087929724,1413.4931269376204,1394.0609660849138,1411.31201171875,8126827,RELIANCE
2025-06-05,1415.7734397380668,1442.244785474372,1411.4110884077945,1430.0501708984375,13716817,RELIANCE
2025-06-06,1428.6621520805822,1439.0722510374496,1424.6964000970136,1431.1407470703125,8182161,RELIANCE
2025-06-09,1444.5251287223314,1445.0208477095387,1432.9253528317358,1436.3953857421875,7885125,RELIANCE
2025-06-10,1437.5850079496329,1441.4516401070769,1423.704876838395,1426.1834716796875,7913181,RELIANCE
2025-06-11,1433.4210733170682,1456.0257865422643,1430.7441181682645,1436.4945068359375,8195700,RELIANCE
2025-06-12,1441.0552171722854,1444.5252503749707,1422.1187744712338,1429.257080078125,8828114,RELIANCE
2025-06-13,1411.8076840776937,1423.2092208521976,1402.1907840779525,1415.67431640625,9757276,RELIANCE
2025-06-16,1414.6829254727506,1430.0502146798779,1412.204330439343,1425.4896240234375,8458093,RELIANCE
2025-06-17,1435.6022520574631,1435.6022520574631,1413.59237643736,1418.946044921875,10366599,RELIANCE
2025-06-18,1417.7563491543892,1430.4468040463896,1413.4931173168031,1417.85546875,6681735,RELIANCE
2025-06-19,1417.8555238832446,1427.5716651338516,1413.4931722804179,1421.0281982421875,10007230,RELIANCE
2025-06-20,1418.7477927518771,1458.4053131642288,1415.8725983169522,1453.6463623046875,29010635,RELIANCE
2025-06-23,1440.5593915455418,1451.266970188698,1429.6535737155343,1444.326904296875,5989078,RELIANCE
2025-06-24,1452.4566670598808,1462.3710470398119,1430.744150698803,1438.3782958984375,16402744,RELIANCE
2025-06-25,1451.4652666586912,1459.7933702625824,1447.9952335758323,1454.737060546875,7525851,RELIANCE
2025-06-26,1456.5215658062507,1485.9673475108061,1452.5558137403293,1482.497314453125,14657893,RELIANCE
2025-06-27,1486.5621628826696,1508.9686374999123,1484.083567880206,1502.4251708984375,11117052,RELIANCE
2025-06-30,1500.838885203447,1511.7447031481738,1483.191240482831,1487.7518310546875,8409527,RELIANCE
2025-07-01,1487.7518183386467,1518.2881567329412,1487.256099345396,1515.3138427734375,10368523,RELIANCE
2025-07-02,1515.3138007089854,1516.900077238324,1495.7824003020085,1505.7960205078125,6361002,RELIANCE
2025-07-03,1507.7790015843786,1518.7839394915495,1500.0457365549344,1504.8046875,11283291,RELIANCE
2025-07-04,1510.9515946827762,1516.900223008299,1504.2097675037892,1514.223388671875,6603501,RELIANCE
2025-07-07,1513.5291857359532,1531.5734294639212,1511.9429091838053,1528.3016357421875,7251074,RELIANCE
2025-07-08,1522.8486600409224,1531.672481820406,1517.0982716385254,1524.4349365234375,7171261,RELIANCE
2025-07-09,1523.5426661942138,1537.7202774459709,1497.1704406377573,1505.9942626953125,8870660,RELIANCE
2025-07-10,1506.6881895774993,1511.6453792793734,1494.5926951149827,1504.2095947265625,10047129,RELIANCE
2025-07-11,1499.0542783474266,1502.0285923917668,1477.540121836759,1482.3980712890625,7234991,RELIANCE
2025-07-14,1479.4236826617216,1487.1569471972039,1466.4358695278945,1470.9964599609375,10311846,RELIANCE
2025-07-15,1473.4750846086956,1483.6869442622558,1469.7076928815193,1472.6820068359375,8132454,RELIANCE
2025-07-16,1460.388154594461,1478.234038357326,1458.9009976142222,1472.8802490234375,10409983,RELIANCE
2025-07-17,1474.6649737790947,1476.8460890701654,1461.2805601585153,1463.7591552734375,11854613,RELIANCE
2025-07-18,1472.0872520008465,1472.0872520008465,1456.5216021387357,1463.362548828125,10296318,RELIANCE
2025-07-21,1452.4566531183941,1463.362470991638,1410.9153771961905,1416.3682861328125,22442744,RELIANCE
2025-07-22,1415.178583447059,1419.640054314783,1398.6214967228645,1400.70361328125,20396320,RELIANCE
2025-07-23,1413.7906253323065,1413.7906253323065,1402.2899684336514,1412.402587890625,8354596,RELIANCE
2025-07-24,1407.0487949065318,1410.81630780687,1384.0474811654185,1390.888427734375,14740507,RELIANCE
2025-07-25,1386.9226057137396,1389.0046012536307,1372.2492752918665,1379.7841796875,11854722,RELIANCE
2025-07-28,1380.3790691362324,1395.7463569486692,1373.1415238854815,1375.71923828125,7748361,RELIANCE
2025-07-29,1371.1586653944225,1408.04010820105,1371.1586653944225,1404.9666748046875,10750072,RELIANCE
2025-07-30,1405.9581148273558,1411.113664716939,1389.3020300940545,1398.026611328125,7209849,RELIANCE
2025-07-31,1376.215001569177,1390.5908519212596,1370.365493427784,1378.2969970703125,17065827,RELIANCE
2025-08-01,1375.025384070285,1393.8627060383,1372.4476694796913,1381.76708984375,10321171,RELIANCE
2025-08-04,1383.155066191865,1403.975263237478,1379.7841529413568,1399.4146728515625,6312820,RELIANCE
2025-08-05,1398.918980991344,1398.918980991344,1376.2150271869518,1379.7841796875,9315972,RELIANCE
2025-08-06,1379.9824375441353,1383.9481891450812,1371.4560958071288,1380.874755859375,5834312,RELIANCE
2025-08-07,1375.818511047819,1381.7671392504185,1354.3043541251445,1377.5040283203125,9976705,RELIANCE
2025-08-08,1373.1415514013454,1385.2370458989403,1353.312792536344,1356.0888671875,8793606,RELIANCE
2025-08-11,1358.2700517359046,1376.1159356273254,1349.5453489789295,1374.331298828125,9997486,RELIANCE
2025-08-12,1370.0682117041065,1389.8969719255274,1363.4255044148417,1368.5810546875,12244664,RELIANCE
2025-08-13,1376.115874093997,1379.8833867126677,1365.7057756228248,1370.7620849609375,7457021,RELIANCE
2025-08-14,1370.961308962897,1374.3455639562076,1363.794372575189,1367.4774169921875,7126128,RELIANCE
2025-08-18,1383.602791829514,1388.4802648218374,1370.6626218339861,1375.3409423828125,11785109,RELIANCE
2025-08-19,1383.6027633741608,1414.460091190419,1382.7068811681168,1413.564208984375,14384719,RELIANCE
2025-08-20,1406.4969482421875,1418.342205158243,1403.510755146132,1406.4969482421875,8725641,RELIANCE
2025-08-21,1418.4417067156319,1425.3099750709036,1413.7633861810953,1418.24267578125,11021323,RELIANCE
2025-08-22,1413.464698965694,1416.84907536351,1401.4204113959267,1402.71435546875,5818868,RELIANCE
2025-08-25,1408.1890657335161,1412.9670232567023,1399.230486508923,1406.0987548828125,5979407,RELIANCE
2025-08-26,1401.519906786198,1403.5107021083375,1375.241384232256,1378.5262451171875,12145259,RELIANCE
2025-08-28,1383.50331940736,1385.7926612650012,1360.2109883890075,1379.521728515625,13161813,RELIANCE
2025-08-29,1374.7437651325777,1397.0406983353935,1343.7869203796088,1350.9537353515625,18758842,RELIANCE
2025-09-01,1349.759256141992,1356.9260708455383,1334.430107544873,1347.6689453125,11232238,RELIANCE
2025-09-02,1348.5648331807902,1378.128095842481,1348.2661652716795,1360.2109375,11517006,RELIANCE
2025-09-03,1363.3961593284287,1370.1649121838109,1354.2385492379765,1366.2828369140625,7847563,RELIANCE
2025-09-04,1365.4865379446771,1367.6763641601647,1350.8541196588233,1353.0440673828125,13223177,RELIANCE
2025-09-05,1356.7271022727273,1374.6442613636364,1353.0441792852228,1368.671875,5777575,RELIANCE
2025-09-08,1373.6488583038629,1379.6212446443146,1366.0838599076599,1372.15576171875,6986720,RELIANCE
2025-09-09,1370.2643943031567,1374.843199236951,1362.4007284883235,1369.8662109375,9754452,RELIANCE
2025-09-10,1377.5308659113482,1382.1096709119122,1367.7759200987732,1370.66259765625,7790815,RELIANCE
2025-09-11,1369.6672638548873,1379.1235422027225,1368.6718661340626,1376.9337158203125,9766072,RELIANCE
2025-09-12,1376.9337291414593,1389.873899637371,1374.146566892781,1388.579833984375,7403368,RELIANCE
2025-09-15,1386.5889315301856,1394.3530818320328,1382.2091575524387,1392.8599853515625,5396697,RELIANCE
2025-09-16,1398.2350616507645,1401.5199225726963,1391.7649767809332,1398.8323974609375,8686961,RELIANCE
2025-09-17,1400.5245819104894,1409.6821922648512,1400.4250664409112,1407.2933349609375,7519417,RELIANCE
2025-09-18,1413.8628424954393,1415.4554544293837,1404.2074124117412,1408.4876708984375,9332642,RELIANCE
2025-09-19,1408.3882121473878,1410.4785229891424,1397.1401696768169,1400.9227294921875,13461373,RELIANCE
2025-09-22,1397.4387885526373,1404.2074196840813,1381.6119415772491,1384.199951171875,7757970,RELIANCE
2025-09-23,1384.5982372618869,1388.5798281670254,1370.4636381520502,1383.40380859375,14014702,RELIANCE
2025-09-24,1378.9244730635044,1389.5751797778832,1374.0470000648747,1376.635009765625,5922759,RELIANCE
2025-09-25,1374.942926360271,1378.128150477363,1362.6994857374575,1366.0838623046875,11411143,RELIANCE
2025-09-26,1365.685684712474,1376.3363918134596,1359.7132983361805,1371.2598876953125,9879109,RELIANCE
2025-09-29,1375.2413599514077,1382.6073268149732,1361.7039763015719,1366.48193359375,14231999,RELIANCE
2025-09-30,1370.7620971908361,1370.7620971908361,1356.5279835173724,1357.722412109375,14604684,RELIANCE
2025-10-01,1360.7086293823172,1372.255218175594,1356.4283707523282,1362.4007568359375,12045916,RELIANCE
2025-10-03,1356.926091696157,1365.287456651113,1350.6551591113212,1357.125244140625,12842347,RELIANCE
2025-10-06,1353.740909090909,1371.0608538471567,1352.7455113636363,1368.671875,12396580,RELIANCE
2025-10-07,1369.667209612737,1389.47564777439,1369.5676941462978,1378.4267578125,11244040,RELIANCE
2025-10-08,1378.426755451918,1382.6073771032557,1358.2201339506064,1361.1068115234375,8525081,RELIANCE
2025-10-09,1367.676424553763,1373.6488106871855,1362.7989515764332,1371.458984375,8826633,RELIANCE
2025-10-10,1371.45898859096,1381.6119964455866,1368.7713419175536,1375.3409423828125,6373084,RELIANCE
2025-10-13,1370.5631549835205,1371.3594002602317,1361.505059967041,1368.671875,7600682,RELIANCE
2025-10-14,1373.6488553790207,1381.612037149334,1363.7943936365562,1369.5677490234375,9768174,RELIANCE
2025-10-15,1376.6350089791804,1377.6304066718624,1366.382364141153,1367.97509765625,10882743,RELIANCE
2025-10-16,1368.7713249510273,1394.0544503152107,1368.671809484766,1391.8646240234375,12315932,RELIANCE
2025-10-17,1394.5522084059296,1416.7496262080865,1392.6609284325848,1410.279541015625,19335561,RELIANCE
2025-10-20,1433.3726108781723,1467.0170999313523,1426.7034952504036,1460.04931640625,24721978,RELIANCE
2025-10-21,1461.2438272093502,1467.2162134241023,1453.2806455896807,1458.4566650390625,2066169,RELIANCE
2025-10-23,1468.2115624957596,1476.0752283864208,1437.9514490416038,1441.7340087890625,18707090,RELIANCE
2025-10-24,1443.3266994671071,1453.0816457634617,1434.3681199531734,1444.9193115234375,9700837,RELIANCE
2025-10-27,1456.266786847925,1478.16553552233,1451.289798512833,1477.2696533203125,14113867,RELIANCE
2025-10-28,1477.26972256393,1485.1333888036675,1470.79963742504,1480.056884765625,17631577,RELIANCE
2025-10-29,1483.1425015536738,1501.3583271895798,1481.2512217130793,1497.277099609375,11884745,RELIANCE
2025-10-30,1493.0964871305005,1496.1821955688695,1477.1701246011085,1481.6494140625,9318663,RELIANCE
2025-10-31,1483.540795005222,1490.6080945575152,1475.4780977270138,1479.5592041015625,8758053,RELIANCE
2025-11-03,1479.1610089962214,1488.1195884585134,1472.4918928888083,1477.866943359375,8452085,RELIANCE
2025-11-04,1477.07065615293,1485.9297198935935,1463.334119430687,1466.3203125,10007806,RELIANCE
2025-11-06,1477.1701896475465,1494.6891648996161,1469.406038969176,1489.2144775390625,16772678,RELIANCE
2025-11-07,1487.7213309001133,1491.5038906434634,1469.1074431042953,1471.19775390625,7821765,RELIANCE
2025-11-10,1471.0982430243503,1494.0919049344996,1468.7092643110286,1482.44580078125,7068438,RELIANCE
2025-11-11,1490.1103850249956,1491.9021495222175,1473.3876547459602,1486.5269775390625,7127506,RELIANCE
2025-11-12,1498.0734942427068,1517.6827797499902,1493.0965058897411,1504.5435791015625,12384459,RELIANCE
2025-11-13,1508.0275174062697,1515.0948167835015,1499.8653048593553,1503.9464111328125,7196443,RELIANCE
2025-11-14,1498.5711928131457,1513.900341239272,1498.5711928131457,1511.9095458984375,7682823,RELIANCE
2025-11-17,1513.900387650411,1516.6874283079178,1504.5436249599409,1511.3123779296875,5871416,RELIANCE
2025-11-18,1514.696568271851,1520.7685911952462,1503.5481631005248,1512.4072265625,11045042,RELIANCE
2025-11-19,1510.4164493928117,1515.2939222795571,1505.0412776708577,1511.9095458984375,5692366,RELIANCE
2025-11-20,1522.9585089376258,1543.7623455509595,1519.6736478639639,1541.9705810546875,18171724,RELIANCE
2025-11-21,1533.9078528560988,1550.6305827884978,1533.0119706260582,1539.4820556640625,9615271,RELIANCE
2025-11-24,1542.8663816107544,1542.8663816107544,1524.7501927010492,1528.831298828125,18433951,RELIANCE
2025-11-25,1528.8313312270848,1552.4222077972818,1518.0809876078647,1532.61376953125,15033482,RELIANCE
2025-11-26,1535.2018536795324,1564.3669320995493,1533.4100892950657,1562.6748046875,14054299,RELIANCE
2025-11-27,1567.7513003642512,1568.2489991897637,1548.8387449947777,1556.2047119140625,9794643,RELIANCE
2025-11-28,1560.7835875199362,1574.0224254817672,1555.806599039324,1560.285888671875,8959508,RELIANCE
2025-12-01,1567.7513979315313,1570.2398922139623,1556.403839701944,1558.892333984375,8920233,RELIANCE
2025-12-02,1553.9152843475838,1560.2858537619331,1534.9032130787248,1539.1834716796875,11389150,RELIANCE
2025-12-03,1538.0884656023031,1545.2554018922647,1525.9446623591427,1531.718017578125,6090883,RELIANCE
2025-12-04,1528.9308982335338,1553.3181423785347,1510.6155558800758,1528.53271484375,11867930,RELIANCE
2025-12-05,1523.356635808528,1538.685784402705,1513.6016899280953,1533.5096435546875,10183266,RELIANCE
2025-12-08,1532.1161217020071,1543.861863398969,1527.9354998822807,1535.898681640625,11301491,RELIANCE
2025-12-09,1533.211064854301,1535.4008911036892,1513.1039592099478,1522.3612060546875,11503971,RELIANCE
2025-12-10,1526.9401045329791,1540.3779737710465,1524.3520947592017,1529.8267822265625,7991629,RELIANCE
2025-12-11,1529.826707449835,1542.8663926602953,1516.9860531705099,1537.889404296875,4706197,RELIANCE
2025-12-12,1543.6628294631555,1552.62140892391,1538.9843872841,1549.3365478515625,5106655,RELIANCE
2025-12-15,1544.060853330096,1551.4268205626304,1539.3825327747268,1549.037841796875,5774543,RELIANCE
2025-12-16,1537.8894294536826,1544.5585453663573,1531.7180123854912,1535.201904296875,11731856,RELIANCE
2025-12-17,1542.8664391614582,1542.8664391614582,1532.2157323461342,1537.292236328125,7116649,RELIANCE
2025-12-18,1528.1345045583196,1544.3595357154854,1528.1345045583196,1537.292236328125,6580829,RELIANCE
2025-12-19,1547.2461442463334,1566.9549449740825,1543.8617679066683,1557.8968505859375,13937275,RELIANCE
2025-12-22,1566.2582562309594,1570.2398469681211,1558.0960438231807,1568.1495361328125,10184852,RELIANCE
2025-12-23,1573.6241984599117,1573.6241984599117,1560.8830596994947,1563.4710693359375,7506564,RELIANCE
2025-12-24,1565.4619535362338,1568.448146711295,1546.4498812900458,1551.0286865234375,8815745,RELIANCE
2025-12-26,1547.5447581940155,1553.8158123179846,1547.1466963201515,1552.0240478515625,2311495,RELIANCE
2025-12-29,1547.7439417510202,1550.9291658570105,1536.495898892566,1538.4866943359375,5972105,RELIANCE
2025-12-30,1539.8801935176687,1546.449793829553,1530.7225835687998,1532.71337890625,8815884,RELIANCE
2025-12-31,1533.9078900841737,1569.7422080874378,1533.9078900841737,1563.172607421875,5771830,RELIANCE
2026-01-01,1566.457230908256,1585.1707553042595,1563.8692213237453,1568.3485107421875,6408128,RELIANCE
2026-01-02,1572.7283614795997,1587.2611435561273,1570.9365970213464,1584.9718017578125,6602230,RELIANCE
2026-01-05,1585.6684856930358,1604.3820104615531,1568.049995566515,1570.8370361328125,8704973,RELIANCE
2026-01-06,1561.77894010158,1561.77894010158,1489.4135782872731,1500.6614990234375,27417125,RELIANCE
2026-01-07,1503.0504545946628,1513.004431115157,1491.1056827700695,1497.277099609375,11199340,RELIANCE
2026-01-08,1493.0965028672745,1496.9785780764303,1462.040144211037,1463.831787109375,16518684,RELIANCE
2026-01-09,1458.2576091430024,1473.0890589574892,1458.2576091430024,1468.51025390625,8335311,RELIANCE
2026-01-12,1468.5102348906719,1478.4642116159973,1444.322022844729,1476.373779296875,8883745,RELIANCE
2026-01-13,1478.165525590484,1478.9618923221497,1438.050951275772,1446.11376953125,13499760,RELIANCE
2026-01-14,1437.3542473990606,1460.2483939989072,1433.5716876182923,1452.086181640625,8321764,RELIANCE
2026-01-15,1452.086181640625,1452.086181640625,1452.086181640625,1452.086181640625,0,RELIANCE
2026-01-16,1452.0861898343726,1473.1885721290346,1448.4031454989463,1451.1903076171875,17167161,RELIANCE
2026-01-19,1443.9238298491432,1443.9238298491432,1396.8415931572963,1407.0941162109375,20392765,RELIANCE
2026-01-20,1404.207443054835,1409.4830993039366,1383.6027599099377,1387.5843505859375,13189498,RELIANCE
2026-01-21,1383.105138772638,1406.3974698374059,1366.681076311502,1398.1356201171875,17352720,RELIANCE
2026-01-22,1403.610286379211,1412.9670491536458,1388.5798052619484,1396.0452880859375,15721693,RELIANCE
2026-01-23,1395.348519642108,1400.5245389866304,1374.6441992470054,1379.720703125,9837802,RELIANCE
2026-01-27,1373.6487855396595,1385.195374217857,1361.7040134914885,1374.146484375,26302396,RELIANCE
2026-01-28,1378.6257466723232,1403.4111724845945,1378.526231208921,1390.2718505859375,11121657,RELIANCE
2026-01-29,1396.4434009824272,1396.4434009824272,1377.6303609139109,1384.59814453125,20846683,RELIANCE
2026-01-30,1376.236766748553,1391.5659148620384,1372.1556606847782,1388.9779052734375,11239835,RELIANCE
2026-02-02,1333.8329085367304,1386.4894707948447,1329.35361891851,1384.0009765625,15711165,RELIANCE
2026-02-03,1467.1166446366906,1482.6448239290096,1423.6176937150067,1430.4859619140625,25456171,RELIANCE
2026-02-04,1437.3543194605445,1457.2622740237098,1433.6713964697635,1450.095458984375,8333387,RELIANCE
2026-02-05,1450.2944646433757,1454.7737543419996,1432.8750047042822,1436.757080078125,11763658,RELIANCE
2026-02-06,1434.865799564727,1446.113842295832,1426.9026178813986,1444.123046875,8277304,RELIANCE
2026-02-09,1451.2898835062008,1459.153549837875,1446.3128948796364,1454.873291015625,5775864,RELIANCE
2026-02-10,1464.2299462371711,1464.2299462371711,1445.5164217743147,1451.7874755859375,10259630,RELIANCE
2026-02-11,1452.882456999606,1463.234617369774,1446.91007080626,1461.9405517578125,7106877,RELIANCE
2026-02-12,1463.2345557130195,1466.2207486838624,1438.8473131178025,1442.231689453125,11135399,RELIANCE
2026-02-13,1438.8473526451965,1444.0233720001163,1409.7817888672503,1413.0665283203125,10755693,RELIANCE
2026-02-16,1413.564201587246,1432.9744560797708,1402.8139796964888,1430.4859619140625,5896514,RELIANCE
2026-02-17,1424.5136248062843,1425.2104761017015,1412.0711535507119,1416.450927734375,10731630,RELIANCE
2026-02-18,1420.4325123887006,1435.4629932986807,1412.6683617554224,1434.666748046875,5521096,RELIANCE
2026-02-19,1436.3588845536149,1436.3588845536149,1393.5567833507007,1403.0130615234375,11884664,RELIANCE
2026-02-20,1403.013091941889,1420.8307355027325,1399.6287153786739,1412.8675537109375,8177670,RELIANCE
2026-02-23,1418.4416634695872,1428.2961245911818,1411.772547760535,1421.4278564453125,7758856,RELIANCE
2026-02-24,1418.7403513100855,1426.7035326906043,1408.4877066792656,1422.2242431640625,12529409,RELIANCE
2026-02-25,1428.395737725409,1433.8704252219175,1387.0867320699354,1392.063720703125,10728792,RELIANCE
2026-02-26,1392.0637118415314,1406.397463315574,1385.4941111892442,1400.3255615234375,16683858,RELIANCE
2026-02-27,1391.5659695052796,1403.9089251530934,1381.711508080472,1387.48486328125,12031440,RELIANCE
2026-03-02,1369.1694587628867,1372.2551671563263,1335.3259388807069,1351.75,23728722,RELIANCE
2026-03-04,1323.8789706886037,1346.5740873609554,1300.9848230751916,1338.8099365234375,32495007,RELIANCE
2026-03-05,1346.8726294272453,1392.5614090361375,1346.8726294272453,1383.005615234375,25957532,RELIANCE
2026-03-06,1390.0728674061675,1417.7449716586152,1383.9014503612218,1398.334716796875,19311971,RELIANCE
2026-03-09,1368.6718029922313,1422.8214608086796,1363.6948146177142,1417.4462890625,24870822,RELIANCE
2026-03-10,1424.015880450879,1424.9117626543534,1394.1539503917586,1402.3162841796875,18071259,RELIANCE
2026-03-11,1418.34212900751,1427.4002232775151,1377.2321576556008,1383.8017578125,21848087,RELIANCE
2026-03-12,1383.6027762448114,1404.4066120742223,1374.7437125844203,1385.7926025390625,20939959,RELIANCE
2026-03-13,1378.8248707870416,1394.3531723993444,1372.0562392077015,1374.3455810546875,17265090,RELIANCE
2026-03-16,1373.6488401657623,1390.8692691567512,1357.224777946389,1388.6793212890625,22837802,RELIANCE
2026-03-17,1392.5613056143347,1399.429573667814,1381.8109624429321,1391.167724609375,19007744,RELIANCE
2026-03-18,1390.7696473738063,1406.3974645008152,1390.7696473738063,1401.6195068359375,9559327,RELIANCE
2026-03-19,1381.6119817895922,1409.1844489610974,1369.7667250791762,1378.4267578125,16498373,RELIANCE
2026-03-20,1391.5659566755692,1423.4186824363833,1389.6746767818195,1407.8905029296875,22994918,RELIANCE
2026-03-23,1393.5567722314413,1409.0849519631759,1384.598192981382,1401.3209228515625,18979554,RELIANCE
2026-03-24,1413.4647025895886,1415.8536813182018,1400.1263494042955,1405.302490234375,18620893,RELIANCE
2026-03-25,1413.464703831985,1423.9163794589117,1401.9181150601291,1406.596435546875,19041331,RELIANCE
2026-03-27,1394.552193095842,1398.235116023098,1338.809921280448,1341.8956298828125,23266517,RELIANCE
2026-03-30,1328.855902170806,1358.7178325566667,1327.960019957529,1337.7149658203125,24393861,RELIANCE
2026-04-01,1377.8294025098971,1378.028554948465,1356.6275051009459,1362.8984375,14404619,RELIANCE
2026-04-02,1350.7546307176451,1351.9490593116357,1321.8880984473344,1344.2845458984375,21280051,RELIANCE
2026-04-06,1352.7454554606609,1352.7454554606609,1284.0630151171836,1298.6953125,29274881,RELIANCE
2026-04-07,1289.040031502862,1302.2788696189978,1285.058440671965,1298.5958251953125,28388922,RELIANCE
2026-04-08,1342.7914745147666,1344.3840865060406,1320.0963587364665,1341.5970458984375,21817543,RELIANCE
2026-04-09,1339.8052690319548,1343.7868597274437,1320.195983460075,1323.87890625,20725390,RELIANCE
2026-04-10,1330.8467605257397,1346.0763943468285,1325.3720730291864,1343.9859619140625,19364461,RELIANCE
2026-04-13,1315.1193869938081,1321.4899565481755,1303.970981405046,1309.0474853515625,28753269,RELIANCE
2026-04-15,1330.8467629297493,1340.8007402141902,1328.059600686701,1337.9140625,15313779,RELIANCE
2026-04-16,1345.7777093601655,1347.5694738488123,1323.8789596516422,1337.1177978515625,30211012,RELIANCE
2026-04-17,1333.832952366644,1362.1022720767137,1333.832952366644,1358.7178955078125,13869105,RELIANCE
2026-04-20,1356.9261198573818,1366.6810660920328,1346.5740808024586,1357.0257568359375,13614733,RELIANCE
2026-04-21,1352.7454957201878,1363.4958396538184,1343.8864317482064,1347.07177734375,27293629,RELIANCE
2026-04-22,1344.085556855853,1359.7132520720183,1342.8910067161314,1355.8311767578125,9525953,RELIANCE
2026-04-23,1339.8052948565,1349.261572940554,1334.529638479888,1337.21728515625,16385079,RELIANCE
2026-04-24,1333.8328899956957,1339.7057606040942,1318.9019248091768,1321.6890869140625,11744802,RELIANCE
2026-04-27,1306.9571155871217,1365.2873936261717,1304.9663202853897,1359.51416015625,24673098,RELIANCE
2026-04-28,1351.7500009887617,1388.7787447541255,1350.75460334444,1382.5078125,41027699,RELIANCE
2026-04-29,1385.5935377241706,1427.2012083655534,1384.896807968084,1418.83984375,30542143,RELIANCE
2026-04-30,1402.5153692729207,1430.386505071105,1386.6885214286783,1424.215087890625,30957881,RELIANCE
2026-05-01,1424.215087890625,1424.215087890625,1424.215087890625,1424.215087890625,0,RELIANCE
2026-05-04,1426.8030702776819,1460.6465916696056,1426.8030702776819,1456.3663330078125,24035700,RELIANCE
2026-05-05,1453.280606341501,1466.6189594959255,1443.3266295857375,1456.864013671875,23543341,RELIANCE
2026-05-06,1456.2668061036345,1466.519450812893,1420.9301884572374,1431.2823486328125,14221786,RELIANCE
2026-05-07,1432.1782190445704,1442.828925531327,1423.717338832762,1429.590087890625,19816903,RELIANCE
2026-05-08,1419.4371163507371,1436.1598462687914,1410.9762359236815,1428.5947265625,8663105,RELIANCE
2026-05-11,1413.4647305422184,1421.427912122738,1375.6396180347506,1381.81103515625,15261787,RELIANCE
2026-05-12,1385.593546668805,1387.0866431630602,1354.0394893602804,1357.722412109375,24357500,RELIANCE
2026-05-13,1355.1343963286624,1366.0837705701026,1346.1758174038478,1352.54638671875,13797989,RELIANCE
2026-05-14,1358.9168476375535,1371.6579863902991,1352.148216400817,1355.5325927734375,17303059,RELIANCE
2026-05-15,1350.5556491178086,1358.5188307246153,1323.082575367519,1330.24951171875,19976192,RELIANCE
2026-05-18,1327.860551095503,1335.8237328112184,1312.6309174607939,1329.7518310546875,13022473,RELIANCE
2026-05-19,1332.5387892026445,1337.8144453658963,1312.3322897558653,1316.6124267578125,21665501,RELIANCE
2026-05-20,1312.6308349443716,1356.6274840630256,1306.558933569541,1353.442138671875,13248515,RELIANCE
2026-05-21,1360.9076465750106,1364.590690861155,1339.0088978228712,1343.388671875,17150630,RELIANCE
2026-05-22,1343.7868238683554,1361.106767233248,1342.8909416840763,1348.26611328125,7105813,RELIANCE
2026-05-25,1360.5095872329855,1364.7897243191815,1350.7546414401118,1360.7086181640625,6750071,RELIANCE
2026-05-26,1353.8404218493883,1362.2017870434288,1346.1759079681497,1350.0579833984375,13769747,RELIANCE
2026-05-27,1346.7730400596713,1354.736221375619,1342.393266034199,1344.2845458984375,13215138,RELIANCE
2026-05-28,1344.2845458984375,1344.2845458984375,1344.2845458984375,1344.2845458984375,0,RELIANCE
2026-05-29,1357.7224546740495,1362.6994431442622,1310.9387630540493,1315.119384765625,42634247,RELIANCE
2026-06-01,1326.3673976551404,1329.353590670499,1312.4318302501333,1313.9249267578125,10700603,RELIANCE
2026-06-02,1301.6815361898255,1321.689127358814,1294.3156903458798,1308.5498046875,23302785,RELIANCE
2026-06-03,1308.9480145168118,1317.906594083847,1295.0124463014238,1307.15625,20012293,RELIANCE
2026-06-04,1295.0124259474096,1305.1654340270677,1287.1487597049047,1297.699951171875,23474327,RELIANCE
2026-06-05,1304.5,1306.0,1288.0,1291.0,17785223,RELIANCE
2026-06-08,1277.0,1282.5999755859375,1259.199951171875,1263.300048828125,16494759,RELIANCE
2026-06-09,1269.0,1274.199951171875,1257.5,1269.199951171875,23620214,RELIANCE
2026-06-10,1275.0,1300.5,1254.4000244140625,1258.800048828125,21012796,RELIANCE
2026-06-11,1258.0,1276.0,1253.199951171875,1263.0,13117486,RELIANCE
2026-06-12,1277.0,1297.0,1262.5,1293.0,11988785,RELIANCE
2026-06-15,1315.300048828125,1325.0,1303.300048828125,1307.0,18633321,RELIANCE
2026-06-16,1313.4000244140625,1333.4000244140625,1306.4000244140625,1328.800048828125,18513223,RELIANCE
2026-06-17,1333.0,1334.0,1317.0,1332.699951171875,10029170,RELIANCE
2026-06-18,1330.0,1333.9000244140625,1322.0,1328.0999755859375,15494549,RELIANCE
2026-06-19,1328.0,1338.199951171875,1305.300048828125,1309.5,24887034,RELIANCE
2026-06-22,1316.699951171875,1344.9000244140625,1314.0999755859375,1326.5,12931213,RELIANCE
2026-06-23,1328.9000244140625,1333.0,1304.0,1309.5,15400184,RELIANCE
2026-06-24,1305.699951171875,1322.0,1297.5,1313.5999755859375,11030917,RELIANCE
2026-06-25,1318.0,1328.0,1314.5999755859375,1318.0999755859375,12694362,RELIANCE
2026-06-26,1318.0999755859375,1318.0999755859375,1318.0999755859375,1318.0999755859375,0,RELIANCE
2026-06-29,1308.0,1313.699951171875,1292.5999755859375,1301.0,13757656,RELIANCE
2026-06-30,1306.9000244140625,1306.9000244140625,1290.0,1293.9000244140625,15695263,RELIANCE
2026-07-01,1298.9000244140625,1312.199951171875,1296.5,1308.0,7001401,RELIANCE
2026-07-02,1310.0,1313.199951171875,1299.0,1303.5,17795024,RELIANCE
2026-07-03,1312.0,1312.0,1302.0,1304.0,7839550,RELIANCE
2026-07-06,1304.0,1325.5999755859375,1299.4000244140625,1321.300048828125,7610709,RELIANCE
2026-07-07,1323.5,1328.0,1304.0999755859375,1308.4000244140625,14335554,RELIANCE
2026-07-08,1297.0,1302.300048828125,1271.5999755859375,1275.9000244140625,19960868,RELIANCE
2026-07-09,1277.0999755859375,1296.5,1274.199951171875,1279.800048828125,14651963,RELIANCE
2026-07-10,1291.9000244140625,1311.0999755859375,1287.800048828125,1307.800048828125,8412537,RELIANCE
2026-07-13,1300.0,1306.4000244140625,1295.0,1296.9000244140625,9488352,RELIANCE
2026-07-14,1290.0,1308.0,1286.9000244140625,1293.0,13511284,RELIANCE
2026-07-15,1294.0999755859375,1310.9000244140625,1294.0999755859375,1295.5,9577965,RELIANCE
2026-07-16,1295.5,1309.4000244140625,1291.800048828125,1296.5999755859375,15631046,RELIANCE
2026-07-17,1300.0,1330.300048828125,1296.0999755859375,1327.199951171875,18302218,RELIANCE
2026-07-20,1317.199951171875,1345.9000244140625,1314.9000244140625,1323.0999755859375,14305844,RELIANCE
2026-07-21,1321.0,1326.9000244140625,1302.699951171875,1303.699951171875,12753410,RELIANCE
2026-07-22,1302.0,1304.5999755859375,1280.699951171875,1288.5999755859375,10840383,RELIANCE
2026-07-23,1283.0,1287.300048828125,1268.0,1272.199951171875,12580741,RELIANCE
2026-07-24,1265.0,1283.4000244140625,1249.800048828125,1278.0,9817000,RELIANCE
2026-07-27,1288.199951171875,1288.699951171875,1278.0,1280.0,7163132,RELIANCE
2026-07-28,1275.0,1279.199951171875,1265.9000244140625,1267.699951171875,9312184,RELIANCE
2026-07-29,1275.0,1282.4000244140625,1268.699951171875,1275.9000244140625,9448307,RELIANCE
2026-07-30,1279.800048828125,1297.0,1275.300048828125,1292.9000244140625,12158451,RELIANCE
2026-07-31,1295.0,1309.699951171875,1293.5999755859375,1307.800048828125,8624996,RELIANCE
2026-08-03,1315.199951171875,1319.0,1306.0,1319.0,7508023,RELIANCE
2026-08-04,1315.0,1315.0,1286.4000244140625,1290.9000244140625,10759546,RELIANCE
2026-08-05,1293.0,1299.0,1270.0999755859375,1280.0,24820782,RELIANCE
2026-08-06,1285.0,1325.199951171875,1281.199951171875,1325.0,20342297,RELIANCE
2026-08-07,1320.0,1337.0,1316.5999755859375,1334.800048828125,9885638,RELIANCE
2026-08-10,1330.0999755859375,1332.9000244140625,1321.300048828125,1327.300048828125,8207102,RELIANCE
2026-08-11,1326.5999755859375,1328.699951171875,1314.0999755859375,1323.9000244140625,9953124,RELIANCE
2026-08-12,1323.9000244140625,1329.0,1309.199951171875,1329.0,7901012,RELIANCE
2026-08-13,1327.800048828125,1327.800048828125,1307.199951171875,1317.0,9397301,RELIANCE
2026-08-14,1317.0,1317.5,1301.5,1310.0,10497358,RELIANCE
2026-08-17,1314.0,1320.800048828125,1298.0999755859375,1316.0,13383867,RELIANCE
2026-08-18,1314.0,1328.5999755859375,1311.199951171875,1322.0,10180567,RELIANCE
2026-08-19,1320.300048828125,1321.5999755859375,1303.5,1311.0,7489365,RELIANCE
2026-08-20,1315.5,1316.5,1307.0,1313.199951171875,5546227,RELIANCE
2026-08-21,1314.0,1316.0,1308.0,1316.0,5434871,RELIANCE
2026-08-24,1316.5999755859375,1320.0,1302.4000244140625,1309.800048828125,7277167,RELIANCE
2026-08-25,1304.300048828125,1317.0999755859375,1300.0,1317.0,7115355,RELIANCE
2026-08-26,1310.0,1315.5999755859375,1298.0,1298.0,5744474,RELIANCE
2026-08-27,1305.0,1308.4000244140625,1282.199951171875,1282.199951171875,11271497,RELIANCE
2026-08-28,1284.9000244140625,1291.800048828125,1280.0,1287.0,6830228,RELIANCE
2026-08-31,1278.699951171875,1297.5999755859375,1271.0,1277.0,34871137,RELIANCE
2026-09-01,1285.0,1311.800048828125,1280.0,1309.0,12617528,RELIANCE
2026-09-02,1298.0,1321.9000244140625,1293.0999755859375,1313.0999755859375,13497841,RELIANCE
2026-09-03,1313.0999755859375,1316.800048828125,1302.5,1302.5,9721454,RELIANCE
2026-09-04,1304.0999755859375,1333.0,1304.0999755859375,1322.0,13031534,RELIANCE
2026-09-07,1323.0999755859375,1324.199951171875,1301.9000244140625,1309.5,10210522,RELIANCE
2026-09-08,1304.0999755859375,1306.800048828125,1288.0,1294.9000244140625,9799528,RELIANCE
2026-09-09,1283.5,1294.699951171875,1277.199951171875,1279.0,12152819,RELIANCE
2026-09-10,1278.5,1285.300048828125,1266.300048828125,1274.0,9296079,RELIANCE
2026-09-11,1267.0,1267.4000244140625,1253.0,1257.5,8777736,RELIANCE
2026-09-14,1257.5,1257.5,1257.5,1257.5,0,RELIANCE
2026-09-15,1252.5,1259.4000244140625,1235.300048828125,1235.300048828125,13754376,RELIANCE
2026-09-16,1243.0,1255.0,1240.0,1240.0,10023997,RELIANCE
2026-09-17,1244.800048828125,1253.4000244140625,1238.5,1243.9000244140625,7752895,RELIANCE
2026-09-18,1245.0,1247.300048828125,1226.4000244140625,1226.4000244140625,15122715,RELIANCE
2026-09-21,1234.0999755859375,1249.0999755859375,1232.5,1247.4000244140625,10007218,RELIANCE
2026-09-22,1247.5999755859375,1251.9000244140625,1237.4000244140625,1240.4000244140625,10684376,RELIANCE
2026-09-23,1242.0,1252.800048828125,1238.9000244140625,1248.0,8352048,RELIANCE
2026-09-24,1236.5999755859375,1241.5999755859375,1219.199951171875,1219.199951171875,13923795,RELIANCE
2026-09-25,1210.5,1227.4000244140625,1210.5,1226.0,13138735,RELIANCE
2026-09-28,1218.0,1219.699951171875,1197.0,1197.5999755859375,13602349,RELIANCE
2026-09-29,1193.800048828125,1198.300048828125,1181.800048828125,1182.0,24191416,RELIANCE
2026-09-30,1182.0,1196.5,1181.699951171875,1187.0,16376789,RELIANCE
2026-10-01,1180.0999755859375,1183.9000244140625,1160.800048828125,1167.699951171875,16771221,RELIANCE
