Date,Open,High,Low,Close,Volume,Symbol
2021-10-04,415.11226920872434,424.8085951356085,413.0998421133248,423.6651611328125,16246765,SBIN
2021-10-05,422.61320970441886,429.0164401544858,419.5945550871636,425.0830383300781,16487568,SBIN
2021-10-06,425.35745981885697,430.84594317135833,414.9750732272012,418.2224426269531,19056690,SBIN
2021-10-07,422.70468129074806,424.4426953653202,418.1309453493114,418.86273193359375,9984651,SBIN
2021-10-08,422.5217629584533,424.4427378292167,415.5239518511243,418.9542541503906,16521128,SBIN
2021-10-11,420.78370571390514,434.4591873159546,419.54879142917974,429.2451171875,20686981,SBIN
2021-10-12,429.93122235094785,443.1035776227813,428.19320809908646,441.82293701171875,33763609,SBIN
2021-10-13,444.70436703068015,444.70436703068015,437.24918257620556,440.6337585449219,17638983,SBIN
2021-10-14,440.908162183073,451.7936485708089,440.908162183073,448.7749938964844,23431826,SBIN
2021-10-18,451.8851502124249,458.2883810858803,449.78124266320947,455.4984130859375,20084248,SBIN
2021-10-19,457.69376263200274,461.2155449007726,442.0515800816361,446.57958984375,20645100,SBIN
2021-10-20,447.12843516657637,464.2342195457429,441.91439270149596,457.2821350097656,34080545,SBIN
2021-10-21,461.8558839542996,463.31948514702015,449.8269631215146,460.0721435546875,20808243,SBIN
2021-10-22,461.581470943858,465.3319402764947,457.37362798323807,460.0721435546875,24080485,SBIN
2021-10-25,463.3194885253906,471.5064876923358,455.40693028675906,463.3194885253906,35619415,SBIN
2021-10-26,464.325716525764,474.0220431018292,464.325716525764,468.85369873046875,21107457,SBIN
2021-10-27,469.9056686189385,481.9345613326672,469.03664757410104,474.89105224609375,29463032,SBIN
2021-10-28,475.30262921780246,476.17165023590735,455.178218461403,458.6085205078125,28140401,SBIN
2021-10-29,458.7457214160472,468.94517504243936,446.7625274967812,459.3403015136719,31355893,SBIN
2021-11-01,465.14894699267825,472.87857192911065,458.28834305473316,471.7351379394531,20679604,SBIN
2021-11-02,470.91185470185064,480.2422874529996,468.39629986281113,477.2236328125,26797820,SBIN
2021-11-03,479.32756253370434,496.06742616576594,471.27779784070805,482.6664123535156,80775924,SBIN
2021-11-04,486.1881956779355,490.213106178052,483.0323062894061,485.22772216796875,9796046,SBIN
2021-11-08,488.8866906211392,488.8866906211392,472.4212397273489,478.6415100097656,36802110,SBIN
2021-11-09,481.3857239162526,486.64552042460116,477.68100884628535,484.03851318359375,25451967,SBIN
2021-11-10,480.7454072864268,483.4439228470967,477.04069208091,479.6934814453125,15805538,SBIN
2021-11-11,478.27555445162017,478.27555445162017,463.86831386915736,466.1551818847656,23086898,SBIN
2021-11-12,468.35056153596366,469.2653087264636,459.8434238306619,467.7559814453125,19836221,SBIN
2021-11-15,468.71647784739696,471.9180929806941,462.40469996620203,463.36517333984375,13328183,SBIN
2021-11-16,464.1427058657012,464.1427058657012,451.4277258573507,452.8913269042969,19553216,SBIN
2021-11-17,451.74790319983754,462.3132220273596,449.14086813765704,455.6813049316406,20488483,SBIN
2021-11-18,456.5503144600819,463.0450248980462,450.33001700456435,460.849609375,22471070,SBIN
2021-11-22,462.86209561777235,462.86209561777235,436.79179971835237,444.93304443359375,28800269,SBIN
2021-11-23,443.8810960109461,453.16577486777436,439.078673024738,451.01611328125,20000371,SBIN
2021-11-24,453.5316796325042,457.3736292848453,447.3571356371588,451.10760498046875,13963769,SBIN
2021-11-25,448.22614823051543,453.2115318618765,444.8415722714062,448.729248046875,12894211,SBIN
2021-11-26,444.7958494828941,446.3051768594048,427.27844526124056,430.3885803222656,26305817,SBIN
2021-11-29,429.93119995496176,437.0204910180489,415.56965721565007,425.4489440917969,22407465,SBIN
2021-11-30,428.1016818827163,436.56309333018453,418.9542100476155,421.28680419921875,23026652,SBIN
2021-12-01,424.85434273313274,436.56309557594625,424.44269533208814,434.7793273925781,17156956,SBIN
2021-12-02,434.047573993291,437.3863959023729,430.8002323931985,436.3344421386719,12962679,SBIN
2021-12-03,435.1910010036649,440.45079765268446,429.9769305504625,432.8126525878906,16653993,SBIN
2021-12-06,432.81263765039085,436.33441999875384,424.259745637472,425.6318664550781,14353300,SBIN
2021-12-07,429.19939361913106,438.8042391343788,429.19939361913106,436.05999755859375,13644942,SBIN
2021-12-08,439.9019595427856,450.4215532191186,439.3073793964281,449.6440124511719,20397660,SBIN
2021-12-09,450.33006335924586,451.4277712337614,444.65864711657116,446.9912414550781,12560970,SBIN
2021-12-10,446.8540078456145,453.66888566180825,443.10353873702195,452.52545166015625,13261408,SBIN
2021-12-13,455.31543011455665,457.78525878227936,444.8873173585926,446.21368408203125,14047645,SBIN
2021-12-14,444.567185835096,448.5463421556833,440.72523602572784,446.8997802734375,11642447,SBIN
2021-12-15,448.22614873064373,449.14089597295117,442.2802916556454,443.4694519042969,8639835,SBIN
2021-12-16,446.716837297836,448.7292645531708,437.47788423781503,440.1306457519531,11107781,SBIN
2021-12-17,439.12441627677026,440.3593306757933,426.7296019210809,427.91876220703125,12648603,SBIN
2021-12-20,419.86899195387633,424.4427282496702,405.23303580733597,410.90447998046875,22336114,SBIN
2021-12-21,418.08521012509567,419.18291796697093,406.60514355988784,407.9772644042969,16617447,SBIN
2021-12-22,411.6362717126858,418.31391562078755,410.7215244422132,416.987548828125,13102553,SBIN
2021-12-23,421.69845023830544,425.3574389605467,418.7255219014844,422.43023681640625,14471377,SBIN
2021-12-24,423.1620908843943,424.07683815050154,413.64872490005297,417.9937744140625,13221159,SBIN
2021-12-27,415.0208110233969,421.2410807453631,412.13933504390945,418.99993896484375,8856482,SBIN
2021-12-28,421.8814697265625,423.43652340104677,419.9147406811489,421.8814697265625,8832210,SBIN
2021-12-29,421.69847007131534,422.7504237952607,412.9168911417539,415.6611328125,11757303,SBIN
2021-12-30,414.15178807532254,416.11848894021495,410.26411253844765,413.1913146972656,28879190,SBIN
2021-12-31,415.523959645218,422.0643972353255,414.47200583688556,421.1954040527344,10005842,SBIN
2022-01-03,422.6132297464202,431.76070225175397,420.8752155535809,430.6629943847656,13124509,SBIN
2022-01-04,432.2180541865951,443.37798124940093,430.8916595735372,442.2802734375,23296671,SBIN
2022-01-05,440.81669320318196,452.7998877344807,438.30113827132374,450.4215393066406,24694169,SBIN
2022-01-06,446.12220033113624,452.2509895430756,444.0182651172337,449.78118896484375,18190843,SBIN
2022-01-07,451.38205355798243,459.1574053876083,447.7230644616879,449.3695983886719,22746330,SBIN
2022-01-10,451.2905775328268,461.90165159601725,450.51303675930643,460.71246337890625,15832274,SBIN
2022-01-11,460.11786021688926,464.50863578819735,456.6875580780953,462.8163757324219,16107950,SBIN
2022-01-12,466.42961925486287,469.72271495260253,465.14897868237273,466.7497863769531,14489616,SBIN
2022-01-13,466.5210671549638,469.12807431519354,463.776825583464,467.7559814453125,10450974,SBIN
2022-01-14,465.6062988136415,466.8412130478925,462.08451670702493,465.01171875,8724574,SBIN
2022-01-17,464.691600755031,474.6623680645578,464.2799533281715,470.1800842285156,17422211,SBIN
2022-01-18,470.1800631090042,473.3359521308501,461.9473382685742,463.5938720703125,12592506,SBIN
2022-01-19,461.94734043264435,473.51891495637545,457.6480173850423,471.82659912109375,16079457,SBIN
2022-01-20,472.0095701312035,474.8910462350493,464.691592299712,467.8017272949219,17724642,SBIN
2022-01-21,462.2217652954026,464.23422037272604,455.5441216662415,459.84344482421875,16947941,SBIN
2022-01-24,459.56900352713996,463.5938857626072,446.39664897657883,452.0223388671875,20233933,SBIN
2022-01-25,448.2261469544805,473.38169601825234,447.31139971579785,470.7746887207031,21791739,SBIN
2022-01-27,460.6209291881308,485.59351592006016,460.30079000930914,483.85552978515625,35409230,SBIN
2022-01-28,488.47500415393523,490.67041976372684,476.94921178187474,478.8244323730469,24715250,SBIN
2022-01-31,483.90121879828433,494.786731686175,482.11745077625415,492.4083557128906,28674232,SBIN
2022-02-01,497.57678023994976,497.57678023994976,475.6685723288404,486.9199523925781,32245356,SBIN
2022-02-02,490.8990974544457,497.8511537035552,486.05089272542926,493.780517578125,21661864,SBIN
2022-02-03,491.35647211378875,498.2628021851724,491.35647211378875,494.054931640625,22717677,SBIN
2022-02-04,495.9302112821434,499.81788683878847,482.3461820145878,485.0904235839844,25332894,SBIN
2022-02-07,486.5541149330737,502.19627155030327,480.47102300873735,487.78900146484375,52289545,SBIN
2022-02-08,489.8471265402949,491.8138553567655,474.75379771132225,486.0509033203125,26567546,SBIN
2022-02-09,489.3440867280435,490.76193389821304,482.7578949017371,489.6184997558594,14856155,SBIN
2022-02-10,491.3106942745925,497.5767460360815,488.8409215226681,494.4665832519531,18659370,SBIN
2022-02-11,490.53322598590336,491.8596207003723,482.1632660909293,484.45013427734375,14607095,SBIN
2022-02-14,471.0948032167013,471.6436291984334,457.0991823651546,458.65423583984375,26153332,SBIN
2022-02-15,459.20310088374214,481.93454679200465,454.7208451236285,480.059326171875,23842951,SBIN
2022-02-16,481.6144139827795,482.9865348203373,470.18007366979805,472.64990234375,19773807,SBIN
2022-02-17,475.6685613206677,475.6685613206677,467.5730427227092,469.2196044921875,16408356,SBIN
2022-02-18,466.6125331647754,476.49181926909193,466.6125331647754,471.36920166015625,15111223,SBIN
2022-02-21,467.9389379855899,473.3816952128393,461.6271876325928,468.21337890625,16866932,SBIN
2022-02-22,458.19690235666815,462.2217847649798,453.2572726775642,455.9100341796875,27108772,SBIN
2022-02-23,460.117850108577,462.2675116515027,454.8580536113119,456.1844482421875,13899433,SBIN
2022-02-24,439.07862158557754,446.35087242193543,428.1016560459381,432.355224609375,32356037,SBIN
2022-02-25,439.0786756350873,449.9641622186997,438.4383414001046,441.7771911621094,21792287,SBIN
2022-02-28,436.2429352502415,443.92680616738363,432.7669070473986,442.005859375,18069367,SBIN
2022-03-02,437.2491495618081,438.8956833101287,427.1869306388376,433.81884765625,22003848,SBIN
2022-03-03,439.0786773078168,442.1888123555731,424.99157532736507,427.5528564453125,20358590,SBIN
2022-03-04,421.05811917340276,430.7544449425451,418.6340447100843,422.5674743652344,20684268,SBIN
2022-03-07,409.34940565923307,415.2495367507259,396.49721760879453,402.7632141113281,33720472,SBIN
2022-03-08,400.6593065446795,404.4097759562401,388.7675919668694,402.7632141113281,42510207,SBIN
2022-03-09,404.3182558349919,415.569635045953,401.1623668798871,413.1913146972656,32331325,SBIN
2022-03-10,429.83971483102124,436.0142585909613,422.293050235539,428.7420349121094,34553299,SBIN
2022-03-11,426.6380802370432,434.3219509851084,422.6131982181394,430.2513427734375,22091309,SBIN
2022-03-14,430.8459441310982,444.56715254291663,430.4342967123957,443.78961181640625,27750689,SBIN
2022-03-15,447.3114104460001,448.68353133693876,439.67326523660074,444.4299621582031,27204899,SBIN
2022-03-16,450.97038602708017,452.15954626404897,447.6772904039518,450.74169921875,16211288,SBIN
2022-03-17,456.458871892994,460.5752344651753,455.8185376598621,459.11163330078125,22947673,SBIN
2022-03-21,459.20310667199715,459.20310667199715,447.31139275419645,448.7749938964844,19064060,SBIN
2022-03-22,448.77502610851684,453.5316952675379,436.56314420244536,451.6107482910156,26157969,SBIN
2022-03-23,456.0015113556305,459.5690201040249,447.4943729620845,448.82073974609375,15800195,SBIN
2022-03-24,443.65241995119067,452.6169319096292,442.28029906474364,445.5733947753906,18174877,SBIN
2022-03-25,449.82692845652457,451.2447754276608,445.1159860345105,448.866455078125,11541196,SBIN
2022-03-28,449.0951479771104,456.092958457899,440.8624231959782,455.08673095703125,16738684,SBIN
2022-03-29,457.3736017400568,458.6542422417551,449.78121111751955,452.79986572265625,14301429,SBIN
2022-03-30,456.7333128876155,457.73954049454187,450.3300818273757,452.1595764160156,16461225,SBIN
2022-03-31,452.15954064106813,455.1324691123894,450.2385938076794,451.4734802246094,10240982,SBIN
2022-04-01,449.1409085782977,466.29241985292714,449.1409085782977,464.87457275390625,18527226,SBIN
2022-04-04,465.880772188398,471.0033903856303,462.8621173718863,468.7165222167969,16257176,SBIN
2022-04-05,470.54596220970984,472.37545653271536,464.4171450612942,465.9721984863281,13602384,SBIN
2022-04-06,463.77683412154323,471.27777238808164,462.8620869142029,470.13433837890625,13738275,SBIN
2022-04-07,466.56678874371477,475.5770819802615,466.56678874371477,471.049072265625,19620958,SBIN
2022-04-08,475.21117603315696,475.21117603315696,468.6707111429309,472.10101318359375,13572638,SBIN
2022-04-11,469.7226885173069,477.49803973911236,469.44827552288496,471.00335693359375,12370288,SBIN
2022-04-12,469.03662988748397,472.6498925176163,461.3527589400779,469.1280822753906,14460680,SBIN
2022-04-13,470.45447342024204,476.491838434493,469.951373626989,473.56463623046875,15440525,SBIN
2022-04-18,468.35058881256134,471.09483054388494,461.03261086236506,466.063720703125,14492183,SBIN
2022-04-19,469.4939971361894,476.5375616935719,462.03881309118987,468.1676025390625,20362934,SBIN
2022-04-20,468.35062726717206,469.9057088756192,463.77689067276606,465.88079833984375,11881305,SBIN
2022-04-21,469.6312630416218,473.83907808185285,468.5335551692924,472.28399658203125,10035638,SBIN
2022-04-22,469.1738621663764,469.7226881547967,456.45885372783556,457.9224548339844,16760456,SBIN
2022-04-25,452.79991485302713,456.64186469085627,448.2719045381479,452.57122802734375,14057444,SBIN
2022-04-26,456.45886713437346,464.60011188686263,455.955767324922,462.40472412109375,12137213,SBIN
2022-04-27,457.373617641167,459.9348987336095,449.91843325679,454.8580627441406,12367342,SBIN
2022-04-28,456.5960774059972,466.52109050280944,454.1720028130292,464.2342224121094,12154792,SBIN
2022-04-29,464.78307837439434,468.80796064849517,451.88513670313483,453.9890441894531,12894773,SBIN
2022-05-02,450.65019641708875,452.7998578912614,440.26781025398407,449.140869140625,18590895,SBIN
2022-05-04,450.05564856423587,454.12628500723224,436.79181339313544,438.7585144042969,14645323,SBIN
2022-05-05,443.6523796717326,451.8851042429606,437.84372952997023,439.0786437988281,14130385,SBIN
2022-05-06,430.8459374700862,444.6586259742756,430.8459374700862,442.6919250488281,16710020,SBIN
2022-05-09,436.42589383933114,442.4632309305549,433.4072113357847,435.32818603515625,13544947,SBIN
2022-05-10,436.3344305832364,441.41126656518384,433.13281526449146,434.6878967285156,10884328,SBIN
2022-05-11,434.7336302694935,438.1639324546815,424.12255659347113,435.92279052734375,14771351,SBIN
2022-05-12,432.6754646650108,432.6754646650108,417.4449279930637,423.20782470703125,18947096,SBIN
2022-05-13,429.42811979506433,436.3344505610766,402.26011453717706,406.74237060546875,61403008,SBIN
2022-05-16,407.0625191154061,422.15584847586496,401.43682920968183,416.2099914550781,27940958,SBIN
2022-05-17,419.2286098361472,429.61099562525203,417.2619090366994,427.4613342285156,16880698,SBIN
2022-05-18,428.01024663727935,428.650580899491,418.13098718174103,418.9542541503906,15644497,SBIN
2022-05-19,410.76724282787416,411.6362638846456,406.5594277964166,409.3493957519531,14201420,SBIN
2022-05-20,416.0727653345268,424.44269654749434,415.43243113459465,422.9790954589844,13596860,SBIN
2022-05-23,423.61938838385265,431.2117781616773,420.3262932345329,421.60693359375,13499415,SBIN
2022-05-24,422.9791026522859,427.0039847772349,420.9666755477461,422.658935546875,17175179,SBIN
2022-05-25,428.27954538016223,431.48468563956214,419.9647793082008,421.8692932128906,12728644,SBIN
2022-05-26,424.4240910264561,436.7336436826211,420.3828359935606,435.6188049316406,17055257,SBIN
2022-05-27,437.9413722079097,441.28586018700094,434.3181887103641,435.665283203125,10977001,SBIN
2022-05-30,439.42783380561843,443.05101746267394,437.66269595746616,440.9142761230469,9365470,SBIN
2022-05-31,440.3568396046054,442.58648881837377,431.99563378932805,434.8756103515625,15441579,SBIN
2022-06-01,434.78267534704867,438.4987665893312,431.71691141277614,435.0613708496094,9424008,SBIN
2022-06-02,433.7607749847262,438.82396099779396,433.0640078279661,436.50140380859375,9370989,SBIN
2022-06-03,439.66007813288394,441.7503796137059,430.6021050493222,431.5311279296875,11306291,SBIN
2022-06-06,431.25241425266034,432.55304056011636,424.09892703436145,430.78790283203125,10661432,SBIN
2022-06-07,429.0692421203595,432.8782417701939,427.81505550557466,430.50921630859375,7672515,SBIN
2022-06-08,433.48208961754125,441.7968275387451,430.32341743653836,437.8484802246094,17168871,SBIN
2022-06-09,435.66526611320165,437.47684361514746,429.62661773699557,433.8072204589844,12635601,SBIN
2022-06-10,429.20859215347053,431.2059857756537,426.0499198728635,429.0692443847656,8621104,SBIN
2022-06-13,421.77639544593,421.82283525019136,410.72102863648564,414.2048645019531,13426836,SBIN
2022-06-14,413.41515905678415,417.36350608148376,411.88227705867666,416.2951354980469,11351101,SBIN
2022-06-15,417.0848343951183,423.1234831307332,416.7596707159718,419.3144836425781,9920926,SBIN
2022-06-16,422.84478009816445,425.26024538178035,408.9094361752225,410.25653076171875,10780703,SBIN
2022-06-17,408.77007378472223,415.78418530109855,406.2152608235677,409.6990966796875,14326050,SBIN
2022-06-20,410.16359660915805,411.97520254407925,400.1301609658986,403.84625244140625,12368534,SBIN
2022-06-21,408.30554249996754,422.6589568704408,406.54040475559736,418.7570495605469,13801891,SBIN
2022-06-22,416.8990060056877,419.1751233400902,413.0900066314862,415.8770751953125,11066447,SBIN
2022-06-23,417.13131246207695,424.0525449114699,414.3442435592123,419.3609619140625,12229833,SBIN
2022-06-24,423.44864119662316,427.67571254945517,421.0332042538962,422.0086669921875,10833364,SBIN
2022-06-27,427.3041143865337,431.8563211413282,425.5389481119031,428.46539306640625,9509175,SBIN
2022-06-28,426.32858071866406,432.69239291929085,425.49246582294194,431.2988586425781,13261290,SBIN
2022-06-29,427.3505192076278,429.85889229141424,425.4924734719425,426.514404296875,11800876,SBIN
2022-06-30,426.4215043535202,435.9904287315172,426.0499008697052,432.8317565917969,16926328,SBIN
2022-07-01,430.4627449629893,435.5259025050999,427.86146396152674,433.7143249511719,9405495,SBIN
2022-07-04,433.71432965875215,440.49618522424714,433.71432965875215,439.84588623046875,9186358,SBIN
2022-07-05,441.4252524654903,445.9310194784432,437.5698128632224,438.63818359375,12003244,SBIN
2022-07-06,441.4252250729725,446.8600147059179,440.26394644847693,445.8845520019531,12059857,SBIN
2022-07-07,449.6470912782486,453.59543867067123,447.4174419504805,452.201904296875,11497832,SBIN
2022-07-08,454.29218662528615,455.12830154386137,450.71544288032334,453.8741149902344,9057231,SBIN
2022-07-11,450.5760961604987,456.4289289555805,450.5760961604987,453.5489807128906,7704792,SBIN
2022-07-12,450.57610288995386,456.475403927994,448.810965064402,450.5296630859375,7364457,SBIN
2022-07-13,453.1309136197599,457.4973325339497,450.15802903756315,451.9696350097656,8208853,SBIN
2022-07-14,452.0625646992339,454.19930610372376,442.958122948317,445.3271484375,9385630,SBIN
2022-07-15,448.2999911595239,450.01868920290036,441.0071840415013,445.0948791503906,6945602,SBIN
2022-07-18,450.1580570267316,456.61477784036623,447.8819678205412,455.49993896484375,9934786,SBIN
2022-07-19,453.3631749213971,463.1643551697625,453.3631749213971,462.6069641113281,11724183,SBIN
2022-07-20,465.4404581116844,474.3590833386211,464.8830387190893,472.50103759765625,19280117,SBIN
2022-07-21,473.61584479592835,476.9603611286514,470.78233640092463,475.7061462402344,13814893,SBIN
2022-07-22,477.0067884794819,483.27769264870454,474.916487089741,477.2390441894531,14699129,SBIN
2022-07-25,476.96039828672804,482.16290404997386,473.01202245502,481.0480651855469,10229778,SBIN
2022-07-26,480.95516288809955,483.8351111742268,476.6816235598744,477.7035827636719,8862656,SBIN
2022-07-27,478.7254522151504,492.33565933474154,475.8919439286603,490.7098693847656,15101546,SBIN
2022-07-28,495.35503134884004,499.34981855668167,491.9640750160222,494.65826416015625,12160734,SBIN
2022-07-29,497.07367724099106,498.885283185348,489.3627987297617,490.8492126464844,11921058,SBIN
2022-08-01,491.499517630934,497.02721481859265,489.0376411494592,495.8659362792969,8295631,SBIN
2022-08-02,494.1473327488394,506.2246311712478,493.4040690219345,503.6233215332031,16845027,SBIN
2022-08-03,503.4375250087631,507.6181279991191,496.70210907985614,502.4620056152344,24262125,SBIN
2022-08-04,505.06338175462685,505.38851712669947,486.99387288071557,495.4015197753906,18072293,SBIN
2022-08-05,497.53817729899976,504.36652928647766,491.45308895594076,493.3575744628906,21110734,SBIN
2022-08-08,486.8080219238646,486.8080219238646,477.37841637522206,483.46356201171875,32566317,SBIN
2022-08-10,484.53187490892833,486.34348087745,476.9603724089837,478.1680908203125,16904151,SBIN
2022-08-11,483.0919020217961,488.6660393528168,480.49064927459784,487.5047607421875,13862195,SBIN
2022-08-12,488.3873259134069,494.05434264419563,487.8763746840825,493.0324401855469,12154012,SBIN
2022-08-16,495.4478629776831,495.95881419262287,487.7369848436232,488.61956787109375,10721167,SBIN
2022-08-17,491.31369223786675,492.89304236142607,487.1330895771201,490.6634216308594,12054183,SBIN
2022-08-18,489.4556515735559,496.8413943563711,488.85182076049057,494.5652770996094,9013662,SBIN
2022-08-19,494.24016170944896,495.7730721102587,481.6983530946415,483.4170227050781,11087222,SBIN
2022-08-22,482.1628561373997,482.9989993783973,473.8016505396413,475.0093688964844,9676954,SBIN
2022-08-23,472.1759006018143,486.80801163866346,472.1759006018143,484.8570861816406,8597965,SBIN
2022-08-24,482.1628328211419,485.87892401822194,475.9383687254224,482.4415283203125,11930650,SBIN
2022-08-25,484.903536232141,490.80280923644455,481.69839573954926,483.46356201171875,15473450,SBIN
2022-08-26,486.6221618652344,491.91760349846345,485.13574797309,486.6221618652344,12855886,SBIN
2022-08-29,475.0093837053515,480.3048254229665,472.64038671940847,478.3074035644531,9421339,SBIN
2022-08-30,481.41971850973016,494.70473575367646,481.1874627652449,493.54345703125,14835308,SBIN
2022-09-01,485.18221468066645,502.50851463100315,485.18221468066645,495.4479064941406,16670228,SBIN
2022-09-02,498.88526289297994,499.6749096222966,493.54338158639774,498.6065673828125,10017930,SBIN
2022-09-05,498.88531592062736,502.41559173178143,498.23498852574266,500.6504821777344,7819994,SBIN
2022-09-06,499.81432544404555,504.1807444604695,496.19111341480766,499.6285095214844,8657868,SBIN
2022-09-07,496.46984649081065,499.30335491557975,493.8220972783756,495.0298156738281,8445359,SBIN
2022-09-08,497.9562694023206,507.52519383567164,497.4917579569826,505.9923400878906,12240707,SBIN
2022-09-09,510.63742890591453,517.4657241283614,509.10451853203244,514.0747680664062,18587927,SBIN
2022-09-12,515.5148315429688,518.952170921536,512.1238752658808,515.5148315429688,9677415,SBIN
2022-09-13,520.2528211805555,520.2528211805555,514.4464280870226,518.394775390625,16707275,SBIN
2022-09-14,510.96257592164955,534.0487714434327,510.2658087726655,531.1688232421875,21632641,SBIN
2022-09-15,531.9120414407419,537.4397389468393,527.5921190475323,531.5404663085938,12749947,SBIN
2022-09-16,528.7069045918777,533.2591394390437,520.5315144916118,521.925048828125,14739280,SBIN
2022-09-19,520.903158514852,533.6307837600242,519.8347594839756,531.6333618164062,11194003,SBIN
2022-09-20,536.9287536952673,536.9287536952673,532.1907032602358,533.3055419921875,8484017,SBIN
2022-09-21,534.1881531589202,536.3248944309445,525.2695562395763,529.2643432617188,9392526,SBIN
2022-09-22,526.5236557498765,533.2590708432804,522.1107975852327,527.0346069335938,11869435,SBIN
2022-09-23,524.7120630012332,527.6849472842902,510.49802558577016,511.5199279785156,12563239,SBIN
2022-09-26,507.0606552468925,510.0335396785257,495.16917422341385,504.73809814453125,16158750,SBIN
2022-09-27,505.89943020477307,511.79875989057615,495.35504252599327,498.4208068847656,11066799,SBIN
2022-09-28,495.0763361087725,501.48656022664454,483.4170531154082,487.59765625,12233485,SBIN
2022-09-29,491.45312862643,497.67759358102506,482.6738506213195,484.71771240234375,17310168,SBIN
2022-09-30,486.8079858742602,498.7924036275781,479.5151789961069,492.93951416015625,17466950,SBIN
2022-10-03,490.1524567024575,493.91504478951293,481.6983710394965,482.8596496582031,9351162,SBIN
2022-10-04,495.16919845499825,497.7704511963268,490.3382681050698,494.8905029296875,8745887,SBIN
2022-10-06,496.6556586150605,503.3446353603367,496.6556586150605,499.1640319824219,9507322,SBIN
2022-10-07,497.4917419504565,497.5846215553129,489.17697600581823,492.56793212890625,11065307,SBIN
2022-10-10,488.38733378954294,496.0053326593176,485.1357537466073,493.0788879394531,9649292,SBIN
2022-10-11,493.0788479661083,495.81947654929985,488.20147829710766,489.9666442871094,10825440,SBIN
2022-10-12,492.3821085577397,497.0272227894165,488.66601717239826,495.9123840332031,8522604,SBIN
2022-10-13,495.16919835658643,495.912405324953,483.27771675355,484.4389953613281,12972765,SBIN
2022-10-14,492.5679524866068,496.8878749459658,488.66604496943324,489.7808837890625,8545479,SBIN
2022-10-17,489.03767889540234,506.0387866822973,486.99381716787735,505.0633239746094,13485349,SBIN
2022-10-18,508.26839542147115,523.5043933483238,507.94326009440294,522.5289306640625,20440781,SBIN
2022-10-19,523.039873690099,523.4579453205156,512.4025505311012,514.1212768554688,9540583,SBIN
2022-10-20,512.8206087382911,517.2799070388827,506.596144356835,515.9793090820312,11225588,SBIN
2022-10-21,517.6980206478074,525.6411552498403,517.6980206478074,521.04248046875,11767639,SBIN
2022-10-24,526.7559275246837,531.865552923953,525.7340251260505,530.0075073242188,3692065,SBIN
2022-10-25,531.8655682588908,544.5931923246487,527.6849655389519,537.4861450195312,19899324,SBIN
2022-10-27,542.5029045901114,543.478367241986,536.6035754708655,538.5081176757812,13613533,SBIN
2022-10-28,538.7868289392258,541.2952020481209,526.7559713396231,530.2398071289062,10043644,SBIN
2022-10-31,534.1417633453428,536.4643207503551,528.056674284823,533.0733642578125,9894639,SBIN
2022-11-01,535.4423001724173,544.1751376967455,533.8165101750305,535.9533081054688,12069579,SBIN
2022-11-02,535.0243544746663,537.8578632104039,529.4502166195515,533.1198120117188,10241440,SBIN
2022-11-03,528.6140117679199,546.2190064529988,527.684988900138,543.385498046875,17557998,SBIN
2022-11-04,544.4074086062908,554.5802205002109,539.2049031506616,551.7931518554688,25759031,SBIN
2022-11-07,569.4910492043815,578.5025828570365,564.5672390755263,570.5594482421875,44265903,SBIN
2022-11-09,576.9232326353217,576.9232326353217,567.2149317922315,571.8600463867188,18939854,SBIN
2022-11-10,569.5839725657406,571.4420185459949,559.4576559951925,562.7556762695312,11618405,SBIN
2022-11-11,573.4393239430073,575.5760650447928,556.0201464234748,558.6213989257812,15525267,SBIN
2022-11-14,561.0834383305436,561.0834383305436,549.6564670534292,550.4925537109375,12957268,SBIN
2022-11-15,552.1182203087685,559.3645865667875,550.5853667616577,558.2033081054688,10286417,SBIN
2022-11-16,557.36727343122,560.6652932272399,553.6976218118226,557.1814575195312,11555749,SBIN
2022-11-17,556.5776287719075,559.9685852334757,553.8370564214758,556.5311889648438,8167131,SBIN
2022-11-18,558.342768853174,562.7556276752249,554.7660533312614,559.922119140625,12933675,SBIN
2022-11-21,559.3646510750879,559.3646510750879,553.0937466607794,555.6485595703125,7412419,SBIN
2022-11-22,555.6951102627553,558.0641074874408,553.8370643291884,556.57763671875,8048595,SBIN
2022-11-23,558.8536786018122,566.3323011304334,558.342727379929,564.520751953125,12435924,SBIN
2022-11-24,566.4717295081228,567.911703703776,562.8020776073517,566.10009765625,8960032,SBIN
2022-11-25,567.2149011984452,570.1413459163525,563.2201142032641,564.2885131835938,9994513,SBIN
2022-11-28,562.6162515826591,567.5401183678248,559.5969271253315,565.4033203125,7934274,SBIN
2022-11-29,564.0097780174993,568.3761969734692,564.0097780174993,565.3568725585938,6942919,SBIN
2022-11-30,565.3103961576169,568.0045850653908,555.9272881877424,559.6898193359375,15606230,SBIN
2022-12-01,564.7065260219437,566.518131949988,558.8536933108481,564.9387817382812,14209313,SBIN
2022-12-02,564.3813556103872,566.3322808251035,561.3620314857226,564.4277954101562,7533838,SBIN
2022-12-05,565.3103892852598,574.1361061270183,564.4278062604734,573.4857788085938,11585602,SBIN
2022-12-06,571.1168371932469,575.8083915750034,564.6601165911579,565.728515625,12996244,SBIN
2022-12-07,567.4936548285287,569.3981972670116,561.5943816888696,563.96337890625,7613892,SBIN
2022-12-08,566.471711256473,570.2342426474543,564.0562744063031,568.2368774414062,10020015,SBIN
2022-12-09,570.7917501751427,574.1362102722019,565.8678829446616,572.74267578125,11202267,SBIN
2022-12-12,571.1632656554611,574.7864776344798,567.6329899879643,569.5374755859375,9285187,SBIN
2022-12-13,569.9555899098569,573.5788021601909,569.0265669434187,572.9749145507812,7455415,SBIN
2022-12-14,574.6006001839154,582.2650382623589,573.6715773865283,581.103759765625,14010673,SBIN
2022-12-15,581.1502249817225,584.8663163337957,570.6987180540169,572.2316284179688,10622271,SBIN
2022-12-16,568.5620106489584,571.9064703833176,559.3646613248847,560.5259399414062,9435071,SBIN
2022-12-19,561.1297799553664,566.2394054350925,560.2007571408708,561.5478515625,8322012,SBIN
2022-12-20,560.2007571408708,563.4523369916055,556.9956170902503,561.5478515625,6753785,SBIN
2022-12-21,562.8950131289239,565.9143376361941,547.7518940838596,551.2822265625,9217253,SBIN
2022-12-22,554.6266864124063,556.4847322630342,545.847408427578,551.2822265625,8740149,SBIN
2022-12-23,548.1235219709549,548.7738493545831,530.9365979769505,533.2591552734375,13047046,SBIN
2022-12-26,533.2591374365397,558.993082761458,530.1933732483348,554.7195434570312,13201587,SBIN
2022-12-27,557.7854206062935,560.2937372931399,551.189323417787,559.178955078125,9638618,SBIN
2022-12-28,558.2498407537006,563.9168573306621,556.0666030832242,558.38916015625,7988631,SBIN
2022-12-29,557.4137015448639,574.1361125912098,554.7660091437474,568.3761596679688,20130392,SBIN
2022-12-30,571.5813315569454,576.5051415202785,567.9581196143295,570.141357421875,13052895,SBIN
2023-01-02,571.3026155836609,575.2509627143755,567.8187798800892,568.747802734375,6726084,SBIN
2023-01-03,570.8845802218594,572.8355056585625,566.7039771120167,568.9336547851562,6818062,SBIN
2023-01-04,568.4225967132537,571.302601512438,561.1297901679545,562.24462890625,7011191,SBIN
2023-01-05,563.9168995874302,568.190382240807,559.2253452889701,562.1517333984375,8241475,SBIN
2023-01-06,564.2885438654469,564.3349836708002,554.6266828234792,558.0176391601562,7972036,SBIN
2023-01-09,562.0588266606619,565.7749180766002,557.5065919949155,564.5671997070312,8878905,SBIN
2023-01-10,565.2639512610573,565.774902476049,548.6808597528583,552.907958984375,10622660,SBIN
2023-01-11,554.1157667163757,556.9492754594182,550.2138588671233,554.3480224609375,7419630,SBIN
2023-01-12,555.4627887853612,555.4627887853612,548.2163651395716,552.6757202148438,8183715,SBIN
2023-01-13,555.462786881279,560.1079011495518,551.5144397532472,557.506591796875,7877610,SBIN
2023-01-16,560.2008056640625,563.0807539572319,557.9711280349228,560.2008056640625,5483191,SBIN
2023-01-17,560.200804476179,562.987873155165,544.4538550992968,550.8641357421875,13461999,SBIN
2023-01-18,553.6047441160317,554.7660226892714,545.8938090272761,549.4705810546875,11538075,SBIN
2023-01-19,549.0525298677518,549.7492970376347,545.8473895456789,547.984130859375,7475688,SBIN
2023-01-20,551.6537723185195,554.2550250301911,548.8667036910736,550.1673583984375,6750607,SBIN
2023-01-23,556.0201811934469,559.0395054856419,550.8641156658481,557.831787109375,6604469,SBIN
2023-01-24,560.6652540658442,561.687156454172,550.9569545645247,552.1646728515625,7609623,SBIN
2023-01-25,553.5582645072653,553.5582645072653,527.1276087360154,528.3353271484375,25686294,SBIN
2023-01-27,527.684995977524,528.1959472210457,494.4724280088681,501.62591552734375,40163464,SBIN
2023-01-30,497.95626040713466,515.0038074618653,487.92282470969167,500.0001220703125,40797825,SBIN
2023-01-31,506.3174777560764,517.4657524956598,499.67494137585163,514.2141723632812,21911943,SBIN
2023-02-01,521.5535036702219,524.8979635888558,463.90761295897005,489.92022705078125,38218810,SBIN
2023-02-02,483.2777269428903,494.84407346083447,466.8340101694445,490.6169738769531,39287056,SBIN
2023-02-03,497.9563106278893,507.2001004960157,482.30229630523365,505.5743103027344,32317232,SBIN
2023-02-06,519.1379591275065,519.1379591275065,498.46720063982644,506.6890869140625,25338586,SBIN
2023-02-07,509.1045148167841,512.2632151446792,502.64779475723776,508.26837158203125,16195947,SBIN
2023-02-08,510.9625718765987,515.1431747374072,506.7819690157902,510.7303161621094,15502847,SBIN
2023-02-09,512.8206799702182,512.8206799702182,504.27365729676876,511.7058410644531,15061047,SBIN
2023-02-10,507.710993148678,517.6979888967993,507.710993148678,513.7960815429688,13824475,SBIN
2023-02-13,514.678669831032,517.3728588344746,495.44788508698696,499.34979248046875,18488732,SBIN
2023-02-14,501.6259190389974,505.94584144053107,493.0788971403248,502.4620056152344,18559909,SBIN
2023-02-15,501.6723328903008,505.9923117714112,498.69944846589567,503.76263427734375,12796579,SBIN
2023-02-16,508.0361326298083,508.0361326298083,500.27881436406693,501.7652282714844,12767016,SBIN
2023-02-17,500.2787979901847,501.3471969345237,490.2918024871309,493.3111267089844,14192008,SBIN
2023-02-20,494.2401880600991,496.0517940749912,485.0893350789315,487.87640380859375,12570032,SBIN
2023-02-21,489.68792700631445,491.4066533197849,485.3215649251401,486.2970275878906,10223218,SBIN
2023-02-22,483.7886509710897,484.8570499338609,476.12421242954093,479.700927734375,14763050,SBIN
2023-02-23,480.2583733415285,486.80797308923644,475.05583971454416,484.0209045410156,15535085,SBIN
2023-02-24,486.9938277019231,490.05959200799634,480.86224238671736,484.0673828125,12253035,SBIN
2023-02-27,484.11383686759666,492.19634787828124,482.16291135259667,490.24542236328125,11048799,SBIN
2023-02-28,489.8273396469931,490.94217850316005,484.06738614268016,485.69317626953125,15768010,SBIN
2023-03-01,486.11119889897907,499.2568947085724,485.97182279236836,498.6065673828125,13510198,SBIN
2023-03-02,497.9097978490682,501.57944937385355,494.7046577400011,495.8659362792969,10376913,SBIN
2023-03-03,503.53042431722355,524.2476241616192,503.29816858644995,521.36767578125,27656538,SBIN
2023-03-06,524.80503782157,527.5921064096759,519.3237802504061,521.8321533203125,16162268,SBIN
2023-03-08,520.2527988045408,525.3624245070854,516.954779009873,524.7120971679688,12637578,SBIN
2023-03-09,524.6656570130145,525.5946798673979,518.3947527459267,519.2308959960938,8993423,SBIN
2023-03-10,513.8425223260048,515.5612486426553,506.31745982451406,508.5006408691406,11522371,SBIN
2023-03-13,508.1755305452167,513.8890441091696,490.9421669468635,492.38214111328125,14373729,SBIN
2023-03-14,490.19891340448197,494.9833469032127,483.09186615388154,488.1086120605469,14750800,SBIN
2023-03-15,492.1963265499269,494.2401882932551,478.95775007778616,480.8157958984375,11282329,SBIN
2023-03-16,481.60553499950436,491.7782912572031,477.7965067637297,487.2725524902344,20040008,SBIN
2023-03-17,491.12794681882934,493.8685188331115,483.18475617807985,492.1962890625,18787379,SBIN
2023-03-20,489.2234291835881,489.2234291835881,478.4467863850695,482.34869384765625,14275315,SBIN
2023-03-21,484.949984035069,486.2970786646676,479.7939179592165,484.81060791015625,29485180,SBIN
2023-03-22,485.13577844622523,489.5950771058183,483.18479629930033,484.5318908691406,11619538,SBIN
2023-03-23,482.53450058691243,484.020914495311,475.19519724443677,476.3564758300781,22097792,SBIN
2023-03-24,477.9822736866617,478.4003453249582,467.7165821618938,469.4817199707031,14416984,SBIN
2023-03-27,471.0145931632608,477.65712933781117,465.9514072018612,473.9410095214844,15674218,SBIN
2023-03-28,475.1487925684998,475.42748810904595,468.08821257551915,472.03656005859375,15833599,SBIN
2023-03-29,472.87266022053484,481.23386639339304,470.36428702806575,479.84033203125,24203789,SBIN
2023-03-31,483.6958266526176,487.6441742313719,482.4880514425495,486.5757751464844,17356345,SBIN
2023-04-03,487.50474724319236,490.98858297861295,485.04281397560624,489.36279296875,14210949,SBIN
2023-04-05,489.5950280621676,490.15241907513473,482.20928527356034,485.8789367675781,13574801,SBIN
2023-04-06,486.80801821349587,495.81955202867067,484.62483699624335,490.198974609375,25125879,SBIN
2023-04-10,491.6853615153094,492.75376051347615,487.17962320768146,488.9447326660156,17335453,SBIN
2023-04-11,493.1718206534169,497.67761607710594,489.7344810288869,494.3330993652344,26414406,SBIN
2023-04-12,495.35498352755394,496.09819044978934,488.6660078213281,490.7098693847656,21292441,SBIN
2023-04-13,491.73178559870985,496.3304600695866,489.7344204831548,495.12274169921875,28597560,SBIN
2023-04-17,490.524091832778,506.31748115315156,490.524091832778,505.3884582519531,32476990,SBIN
2023-04-18,506.64254427966637,509.5689886825821,502.13680653224355,507.1070556640625,22283456,SBIN
2023-04-19,505.3884765215721,508.6400567933102,500.0465946465739,501.9510803222656,21156372,SBIN
2023-04-20,502.7871931508796,506.7355403842381,498.5601503946012,506.13165283203125,25588577,SBIN
2023-04-21,506.31745499760086,507.6181096733121,501.39364521621684,504.5987854003906,22599418,SBIN
2023-04-24,505.2026478818052,516.1186670908221,504.9239523489952,515.236083984375,23335611,SBIN
2023-04-25,515.6077045098767,527.592122485113,515.6077045098767,521.925048828125,38142390,SBIN
2023-04-26,522.1108726535115,526.7559871788986,516.9548068709435,526.152099609375,23143882,SBIN
2023-04-27,524.8979051242945,527.1275826237433,521.2746933634537,524.6656494140625,17845169,SBIN
2023-04-28,527.4991662626207,539.251328071495,525.3624250345678,537.25390625,16183423,SBIN
2023-05-02,538.833215305152,539.6228619911891,532.4694319090614,534.466796875,13667511,SBIN
2023-05-03,530.1468834254196,534.188109923621,528.613973124418,530.0075073242188,9699527,SBIN
2023-05-04,529.7288393814246,539.57645889107,528.149489198882,538.833251953125,12533761,SBIN
2023-05-05,539.0191223003028,546.4977456429474,534.2346314676785,535.5817260742188,18163461,SBIN
2023-05-08,536.6500331448386,545.8937644708997,536.3712809475688,542.1776733398438,12990869,SBIN
2023-05-09,543.4783797193426,544.8254742233607,531.4939619981551,532.7946166992188,18959065,SBIN
2023-05-10,534.188166838668,534.188166838668,523.2721477771822,531.5869140625,18561315,SBIN
2023-05-11,531.5868903735,538.8332573209989,531.4010744613989,532.7481689453125,16016715,SBIN
2023-05-12,533.9094836079651,539.5300609348624,530.9830387279558,537.1146240234375,11319335,SBIN
2023-05-15,537.6720048826024,542.5493751212783,533.8630336631455,540.5984497070312,11410243,SBIN
2023-05-16,542.5493549355248,548.495123972205,540.6913091994442,544.6860961914062,22178229,SBIN
2023-05-17,544.4074006716053,548.5880035777866,538.3687520293435,544.6860961914062,23739774,SBIN
2023-05-18,548.4021918988014,551.7467082714093,530.8436935790718,533.4449462890625,45656620,SBIN
2023-05-19,537.9042913820252,544.6397078112475,529.4502051658811,534.3275756835938,42293962,SBIN
2023-05-22,536.5107432551475,539.1119961242575,532.7482117209831,536.1856079101562,21484049,SBIN
2023-05-23,537.8113856521496,542.2706842826218,535.8604035179653,540.3197021484375,16120548,SBIN
2023-05-24,538.647485615748,543.7106719449978,537.2075114091327,541.3416748046875,17616658,SBIN
2023-05-25,540.6912739415322,541.5274171494668,536.046159904234,539.9945068359375,16479436,SBIN
2023-05-26,539.9945509718547,546.0331997139054,539.3442236128685,544.4074096679688,9788076,SBIN
2023-05-29,548.1235013048188,554.0692704408735,546.3118953412509,552.7686157226562,18432231,SBIN
2023-05-30,552.7685317842539,553.2330431555012,549.516952185523,550.7246704101562,15031640,SBIN
2023-05-31,552.9030104609316,553.8500865520962,546.9364426475817,549.1620483398438,28797643,SBIN
2023-06-01,551.0089573968075,555.3655428828113,550.2513079485735,551.90869140625,17820226,SBIN
2023-06-02,553.7554176157541,557.7331488713374,552.1453766545729,556.1231079101562,11323908,SBIN
2023-06-05,557.3542953022576,558.5854826943589,554.9866050078555,556.1231079101562,12920507,SBIN
2023-06-06,556.8807464651535,557.7331380766161,552.1453659680009,554.3709716796875,11199940,SBIN
2023-06-07,556.8807091099941,559.3430836813641,554.9865570381913,558.0172119140625,11113781,SBIN
2023-06-08,558.7275810477244,562.5158856124281,555.3180722565269,557.3543090820312,15971917,SBIN
2023-06-09,556.8807949778836,557.9225556560352,546.2261879311128,548.072998046875,18870272,SBIN
2023-06-12,549.3042256177404,550.7248399943379,547.12596180128,548.0256958007812,8786066,SBIN
2023-06-13,548.7832236852537,550.630033526752,543.8584167095698,545.8946533203125,12612098,SBIN
2023-06-14,546.462938992896,547.9308954655977,544.8055557290528,546.0367431640625,8948696,SBIN
2023-06-15,545.5158387577229,546.1788035949786,535.3347705864633,536.5186157226562,17934877,SBIN
2023-06-16,538.6495217087493,544.284635958382,537.039480808149,541.0172119140625,12660226,SBIN
2023-06-19,541.0172073600987,542.4378214713288,535.9503734853528,538.7442016601562,17903691,SBIN
2023-06-20,538.7442468937137,539.3125272688809,532.7776786865753,537.3710327148438,14549152,SBIN
2023-06-21,537.3710020274224,539.3598387145792,535.7136188531458,536.3765258789062,14946871,SBIN
2023-06-22,536.3765181498571,538.8862928995716,531.3570264553653,533.156494140625,14979063,SBIN
2023-06-23,532.256799763519,532.3514842571589,524.4907637219954,525.2484130859375,12215712,SBIN
2023-06-26,526.5743072501397,528.9419974805809,525.1536931118749,527.5687255859375,8360264,SBIN
2023-06-27,528.7052460586985,537.8918960196315,526.2428712590395,536.1397705078125,10694768,SBIN
2023-06-28,541.9643300759469,543.6217133483505,538.4601367390198,539.6439819335938,18028934,SBIN
2023-06-30,543.6216923972897,543.6216923972897,540.0228147054731,542.5325317382812,8718232,SBIN
2023-07-03,544.0952635802307,555.3180931535118,543.5270409961187,554.4657592773438,15421985,SBIN
2023-07-04,557.0701568811107,564.4099964360767,551.435042694053,558.0645751953125,24799250,SBIN
2023-07-05,558.5854903048938,562.279110336461,557.0701916178066,559.3431396484375,13598114,SBIN
2023-07-06,559.1538022952366,562.0897153443927,557.9225570117748,561.1426391601562,11323509,SBIN
2023-07-07,558.774875477377,563.9837938080983,554.5130332067869,562.184326171875,11707209,SBIN
2023-07-10,563.1788570435173,568.0562645445196,559.0116988517439,561.2373046875,11417363,SBIN
2023-07-11,563.5103252653819,564.4100591944411,556.2651693899928,557.4016723632812,13221177,SBIN
2023-07-12,557.8278061774104,563.0367245712572,557.0701568811107,558.0645751953125,16029716,SBIN
2023-07-13,563.4156054545575,566.3515182969978,552.4768300528634,554.6551513671875,20024503,SBIN
2023-07-14,555.6968579794273,560.0060423345998,549.9670595859606,553.4712524414062,12190152,SBIN
2023-07-17,555.933724407829,570.9448589210546,553.2819226326304,569.2874755859375,19378986,SBIN
2023-07-18,571.1342759530944,572.0813521283934,557.5910982073067,561.0005493164062,25757209,SBIN
2023-07-19,563.1789116560258,570.5187525475399,560.6691364872713,569.6190185546875,17556585,SBIN
2023-07-20,569.5716199279582,578.4741010580569,567.0618450076182,577.7637939453125,34038351,SBIN
2023-07-21,577.7164436119874,586.7136669141413,576.7693674749186,582.5465087890625,21040281,SBIN
2023-07-24,582.4991762065254,588.9866825360349,581.7888690919402,584.9616088867188,11756364,SBIN
2023-07-25,588.8919257906668,588.8919257906668,572.2234090326344,577.3375854492188,18503305,SBIN
2023-07-26,579.610620027468,583.7303782733334,576.9114760463759,582.5939331054688,9999125,SBIN
2023-07-27,583.7777730624562,588.3710693551636,580.6523754641814,583.9197998046875,17444742,SBIN
2023-07-28,583.7778004197922,587.0925671630472,581.1259407812325,583.4462890625,11930586,SBIN
2023-07-31,584.0145391310097,588.1342973187537,581.9783022582515,587.3766479492188,8605483,SBIN
2023-08-01,587.3766880801346,587.9922529452766,578.2847216097055,579.4685668945312,13493453,SBIN
2023-08-02,577.5743429390312,578.189965532909,562.6578941967817,566.7777099609375,14977497,SBIN
2023-08-03,567.0145102168711,569.0506892838814,554.0395552258084,559.2484741210938,27774877,SBIN
2023-08-04,563.3208772718776,567.0144973448427,541.1593302489086,542.958740234375,52725616,SBIN
2023-08-07,546.46297490863,546.46297490863,536.660759225921,537.8446044921875,32736325,SBIN
2023-08-08,540.7805112426742,543.8585088986088,538.3654784890065,542.7693481445312,25038671,SBIN
2023-08-09,544.5687939346745,544.5687939346745,538.270714326323,543.3849487304688,15769111,SBIN
2023-08-10,543.3849066549969,547.0311264796395,539.9280558044107,543.2902221679688,27325801,SBIN
2023-08-11,544.9949813777413,548.3570901449302,541.7275571034544,543.7637939453125,18221179,SBIN
2023-08-14,542.6272987876729,542.6746410348028,529.0367211747788,531.1203002929688,28084093,SBIN
2023-08-16,529.2261668704698,536.4239806444865,524.6802126897423,535.4295043945312,15725767,SBIN
2023-08-17,535.8083185745926,542.8167050327628,534.1509353531953,541.86962890625,27910162,SBIN
2023-08-18,539.8333722692773,544.8055217507049,537.370997552831,542.6272583007812,18253227,SBIN
2023-08-21,542.6272655405768,545.0896402898765,540.543686550049,541.4434204101562,9380810,SBIN
2023-08-22,542.2010852877467,544.0478953051733,537.4657046302118,538.4127807617188,14073413,SBIN
2023-08-23,540.7804529868503,547.3626434414606,536.0450724878411,546.3682250976562,18579297,SBIN
2023-08-24,547.5520913034119,551.198311306055,545.0896586661597,546.4155883789062,24131644,SBIN
2023-08-25,543.4323533378903,544.8529677459564,537.1816730643789,539.7861328125,12271885,SBIN
2023-08-28,542.485189493311,544.3793417316292,539.0757385863141,542.5325317382812,9711932,SBIN
2023-08-29,543.290190743833,545.7999075542886,541.5854076364338,544.4266357421875,13144855,SBIN
2023-08-30,546.1788293829949,547.1259055366658,536.1397874711188,537.3710327148438,15281416,SBIN
2023-08-31,539.1703793793449,540.1174554217484,529.7943612425105,531.64111328125,27898476,SBIN
2023-09-01,532.9197778538285,540.9699253809107,532.3514974630689,539.4072265625,18121168,SBIN
2023-09-04,541.727551909577,545.8473099953048,538.3654431746227,545.0896606445312,12108655,SBIN
2023-09-05,545.1369963939355,547.6467712562122,541.11192284817,542.6746215820312,14444729,SBIN
2023-09-06,543.8584199415603,543.8584199415603,537.9391946483348,540.306884765625,20609936,SBIN
2023-09-07,537.9392991892722,550.2512901918436,537.9392991892722,548.4044799804688,12390597,SBIN
2023-09-08,550.2512460973644,557.3543172604112,549.0200586567578,552.5715942382812,14032068,SBIN
2023-09-11,555.9336794295848,560.9531712774162,554.3709807180713,560.3849487304688,10946134,SBIN
2023-09-12,562.2318305676972,562.8000531872625,553.7081444445414,557.2122802734375,16093060,SBIN
2023-09-13,557.2595939653754,566.3515012990373,552.5715557632003,564.883544921875,19377172,SBIN
2023-09-14,566.7777593769611,571.749909391221,563.6997617490858,565.6885986328125,13178911,SBIN
2023-09-15,567.6300111292684,568.9085984880269,563.6996801792226,567.109130859375,11756389,SBIN
2023-09-18,567.1091681687718,576.2011335888857,565.4517849614788,571.9866333007812,19305055,SBIN
2023-09-20,569.0507065380637,574.6858214384503,567.6774923043499,569.2874755859375,21314600,SBIN
2023-09-21,568.2457179919575,574.4963977678915,553.7081214953073,557.0228881835938,23453425,SBIN
2023-09-22,562.0896643296132,570.1398111649995,560.1008276451988,566.4935913085938,18784139,SBIN
2023-09-25,569.6662630363052,569.6662630363052,559.2010838964593,562.6105346679688,9712784,SBIN
2023-09-26,562.5631630667496,563.5102390988484,559.9587039784775,562.9420166015625,8327427,SBIN
2023-09-27,562.0423402102848,562.8473317978076,557.0701905339704,558.5381469726562,9865347,SBIN
2023-09-28,559.9587875621745,563.6997500083563,557.6857816238776,558.7276000976562,21960816,SBIN
2023-09-29,561.4740302773386,568.2456473637309,560.0060739159695,566.8723754882812,12189735,SBIN
2023-10-03,565.0255828135226,572.8863607525196,558.3960500586644,571.03955078125,15322196,SBIN
2023-10-04,568.2456856343284,568.6718814595422,553.5186631759601,555.223388671875,24914612,SBIN
2023-10-05,558.7749204115613,562.8946784824502,556.0283764943421,560.8111572265625,13248028,SBIN
2023-10-06,561.9949962079626,567.2512571455039,560.8584932959413,562.7999877929688,8216780,SBIN
2023-10-09,556.8807601865917,557.8278363093581,550.7721076337612,554.1342163085938,9189597,SBIN
2023-10-10,555.9337191138808,563.5103285736951,554.7498738857847,560.337646484375,10373508,SBIN
2023-10-11,565.3098283343924,565.4045128360046,556.5019730965079,557.2122802734375,14220119,SBIN
2023-10-12,559.5325470113615,561.6161259874797,554.0395172051866,555.033935546875,11983797,SBIN
2023-10-13,547.173196531182,550.5353050008061,544.3793105785601,545.6578979492188,19064577,SBIN
2023-10-16,545.5158407243849,548.1203000333988,541.2539982187257,545.1843872070312,11290293,SBIN
2023-10-17,547.1258616987968,549.2567828738186,544.8528559901324,545.9420166015625,10765224,SBIN
2023-10-18,547.173266107088,548.593880385168,539.2178030278637,542.3432006835938,11777454,SBIN
2023-10-19,539.6439799329851,543.6217113329951,536.9921782679586,540.9699096679688,11441499,SBIN
2023-10-20,539.7387483748817,539.8334328727063,532.3515077863527,533.298583984375,11110988,SBIN
2023-10-23,533.2985175092036,536.0450612630916,521.8389200635397,523.6857299804688,11875035,SBIN
2023-10-25,529.0366808435873,531.1202598029354,524.3013003927678,526.7637329101562,12134624,SBIN
2023-10-26,522.2650981182113,523.6383699485027,514.4517207238925,518.0505981445312,19424825,SBIN
2023-10-27,520.8918604785226,532.7303118530344,520.8918604785226,531.4517822265625,10415296,SBIN
2023-10-30,533.2038964013556,536.7080898747511,527.0479011498302,535.2874755859375,8593704,SBIN
2023-10-31,536.9921684408466,539.3598587778873,533.3459484437798,535.618896484375,13039696,SBIN
2023-11-01,536.2818656519717,539.5019476582157,534.0088597881594,536.4239501953125,13575575,SBIN
2023-11-02,540.8751285057469,544.9949441545303,537.5603622114079,541.8222045898438,11148516,SBIN
2023-11-03,545.5158870868132,548.8306537618198,543.1008543560113,547.5521240234375,11371371,SBIN
2023-11-06,551.1983420030499,551.6718800975543,542.911425349224,543.9531860351562,16499138,SBIN
2023-11-07,544.3793444383654,550.4406547530965,542.2957654048678,549.0673828125,17923281,SBIN
2023-11-08,551.1036132997641,551.766520334941,548.3570694499737,549.5882568359375,15434808,SBIN
2023-11-09,550.2512912521584,551.0562829280533,545.9894482045944,547.7415161132812,12434363,SBIN
2023-11-10,547.2205864297704,550.2512416625661,544.9476383588791,548.8306274414062,6773038,SBIN
2023-11-13,550.2512491026093,551.6718633429775,544.758218934174,550.5827026367188,11282362,SBIN
2023-11-15,556.1704647315032,556.8807718384401,551.7665375465191,553.7554321289062,11397676,SBIN
2023-11-16,553.7554110919988,556.8807506828024,552.0506856611003,553.7080688476562,8622660,SBIN
2023-11-17,544.0952543037619,544.0952543037619,532.3514867895021,533.251220703125,37173221,SBIN
2023-11-20,534.1509536100332,536.8027552939175,530.9308715478544,533.9141845703125,12714585,SBIN
2023-11-21,536.045106882722,536.6607295090693,531.3097260798711,531.7832641601562,14280013,SBIN
2023-11-22,533.1565296940364,534.6244861641455,525.7693472920832,529.3682250976562,14909071,SBIN
2023-11-23,532.0200331450485,533.6774164258742,528.7526088304325,530.3153076171875,6376210,SBIN
2023-11-24,532.2095095129049,532.6830476372504,529.6523920804499,530.6941528320312,6529851,SBIN
2023-11-28,533.7720990209981,535.2874555553268,531.4044086282419,534.5771484375,8153314,SBIN
2023-11-29,537.9392847228976,538.8863609283957,535.1927406049756,538.5075073242188,10299034,SBIN
2023-11-30,539.5966479405728,540.0228437781268,533.8195064246602,534.8612670898438,19758998,SBIN
2023-12-01,536.992172021036,543.8111317981642,536.5659761965393,541.4907836914062,10614230,SBIN
2023-12-04,556.880774541967,564.4573837194087,553.6133502732071,563.2261962890625,26077882,SBIN
2023-12-05,563.5576649909151,578.9476527969288,563.5576649909151,576.05908203125,36430152,SBIN
2023-12-06,581.5047350018984,581.5047350018984,572.554854148129,576.2484741210938,21439069,SBIN
2023-12-07,577.7164969433031,580.131529754782,572.9811158208171,579.3265380859375,10725706,SBIN
2023-12-08,577.7164613742833,584.1565677433689,573.3125340795355,581.6468505859375,17722136,SBIN
2023-12-11,582.4518232147626,587.0925193997506,580.6523554357004,581.7415161132812,11706255,SBIN
2023-12-12,584.3459679623248,585.2457018402724,578.4740844380203,579.9894409179688,14494836,SBIN
2023-12-13,581.9309891613761,587.6607886744899,579.2791873326978,587.045166015625,13977914,SBIN
2023-12-14,592.8696487197641,594.5270319230541,589.4601978235428,590.64404296875,15813797,SBIN
2023-12-15,594.763786742552,615.5994608004121,587.0450934582335,613.9420776367188,29813572,SBIN
2023-12-18,612.4268262567273,620.9505117561671,608.4017525486585,614.1788940429688,16221796,SBIN
2023-12-19,614.1788360277644,624.6913573620863,606.3654583913279,620.7136840820312,19964008,SBIN
2023-12-20,623.8390450027288,625.4490859501609,600.398911288317,602.7666015625,22542056,SBIN
2023-12-21,598.6942371598262,614.6051056049055,594.2903097504551,609.6802978515625,19915516,SBIN
2023-12-22,610.6273291849556,615.0312562708087,601.5354215427969,603.0507202148438,14998068,SBIN
2023-12-26,605.0395707400135,607.3599188509928,602.0089733268344,604.2819213867188,10153089,SBIN
2023-12-27,606.8390745327218,615.0786490253292,605.1816911844077,614.2262573242188,14417646,SBIN
2023-12-28,615.8362543661124,618.7248250055344,612.2847188738049,616.9254150390625,16982092,SBIN
2023-12-29,611.3376758557351,615.2206650823382,605.7025610083924,608.0702514648438,13221898,SBIN
2024-01-01,608.2123370371694,612.6636066637731,604.2346055026524,607.4072875976562,8295548,SBIN
2024-01-02,607.4072591036456,613.7053385549276,600.3041880555562,605.6078491210938,15164482,SBIN
2024-01-03,605.5130715344494,613.7053027877732,602.1509629952877,609.3961181640625,14571772,SBIN
2024-01-04,608.4964462867835,612.1900665146259,604.8502261119448,608.7332153320312,13883388,SBIN
2024-01-05,610.8640954983638,617.2568592884629,603.9977936497388,607.9755249023438,15984585,SBIN
2024-01-08,606.1287629585327,610.8641439191463,591.9699623253096,593.8167724609375,14739531,SBIN
2024-01-09,598.5521938399974,600.7777999197968,591.4491219194277,592.301513671875,13400235,SBIN
2024-01-10,591.73317522907,592.2067133106882,585.4824956736869,588.8446044921875,12742464,SBIN
2024-01-11,592.8696781345247,593.9588388441286,585.7666069108683,587.3766479492188,15533860,SBIN
2024-01-12,590.7861088551372,602.8139878885283,588.2289916110394,600.0674438476562,16620797,SBIN
2024-01-15,605.0870045162184,611.3376842854633,602.4351449244722,606.2234497070312,16844018,SBIN
2024-01-16,606.1287229383505,610.7694190953231,599.9253858505162,603.1928100585938,15025543,SBIN
2024-01-17,590.9755375773763,603.0981011461799,590.0284613953612,592.8696899414062,30016308,SBIN
2024-01-18,592.6802223057629,599.9253777209321,586.2874585176507,595.0479125976562,14695436,SBIN
2024-01-19,599.499188239714,601.8668785566165,591.6384679485856,594.5270385742188,11675202,SBIN
2024-01-23,593.8167982958976,601.2987236611575,568.8613626697149,573.0758056640625,30954343,SBIN
2024-01-24,577.6690860249656,589.4127951297775,571.1815799753688,585.5771484375,19221835,SBIN
2024-01-25,585.7665492181922,590.7860408275468,574.1648673622134,580.3208618164062,22684904,SBIN
2024-01-29,586.240116875537,596.1844161117133,583.0200349532757,589.9810791015625,19572140,SBIN
2024-01-30,592.3487686641458,599.9727198414752,591.1649235184444,593.5799560546875,16966577,SBIN
2024-01-31,593.2484841784004,609.1593508832941,589.0813262725044,606.6022338867188,23270745,SBIN
2024-02-01,608.7332050368398,618.3933934805597,599.7359814695897,613.3739013671875,26587707,SBIN
2024-02-02,617.493672317934,625.5911621347344,612.4741801008781,615.26806640625,27471811,SBIN
2024-02-05,612.8530000951133,620.145498565037,604.9449367638961,608.9226684570312,28339525,SBIN
2024-02-06,610.343212779607,620.3348542139742,603.9504490148065,615.8362426757812,14079390,SBIN
2024-02-07,620.3822334047071,642.0703008129436,620.3348911572103,639.51318359375,41696232,SBIN
2024-02-08,644.3906856459379,680.853120253775,642.5912176991574,662.5271606445312,74222434,SBIN
2024-02-09,666.4101226667173,689.8028561552406,657.4602419368277,686.866943359375,43235061,SBIN
2024-02-12,687.5772971988666,687.5772971988666,667.215159609644,670.4352416992188,22873137,SBIN
2024-02-13,671.0508318054963,680.0007134812453,664.9895787916939,675.6915283203125,23351472,SBIN
2024-02-14,668.2095893122887,708.8865229305478,668.2095893122887,704.0564575195312,36782182,SBIN
2024-02-15,708.1288729039719,723.5662031109259,702.3990735633622,721.387939453125,33941282,SBIN
2024-02-16,723.0452778952919,733.6051419871368,713.4797743669861,714.7583618164062,27365121,SBIN
2024-02-19,718.5466855971592,724.5132537731262,710.3071115422806,719.0675659179688,13979584,SBIN
2024-02-20,718.878140197099,723.092640626177,714.095417199918,719.87255859375,12528399,SBIN
2024-02-21,720.3934973720231,736.3517073942173,719.3990211695317,730.6692504882812,21465311,SBIN
2024-02-22,732.0898793051539,732.0898793051539,716.9366605873241,725.3656616210938,18799244,SBIN
2024-02-23,725.3656188570327,729.7221458595922,715.0424660921377,718.8781127929688,14143636,SBIN
2024-02-26,715.0424640283459,725.7917547695781,712.8642005333531,718.736083984375,11355186,SBIN
2024-02-27,718.7361245980043,722.0034911226533,702.9199410846512,710.1650390625,13969393,SBIN
2024-02-28,710.1650270994766,716.6998756485756,701.7834263040562,703.2040405273438,11263318,SBIN
2024-02-29,704.5300165868673,714.0007786982383,698.1372521616919,708.5076904296875,19217113,SBIN
2024-03-01,712.2012253214909,731.1427472715305,712.1538830776034,728.443603515625,17348526,SBIN
2024-03-04,733.415788130336,735.8781629797205,728.3015538370722,731.1901245117188,9789141,SBIN
2024-03-05,728.7751257237001,745.3016167439201,728.3962721270127,742.4603881835938,18088847,SBIN
2024-03-06,742.1762558623576,748.4742776430227,731.9951871429561,742.4130249023438,26710525,SBIN
2024-03-07,748.190193930005,751.410276114466,741.5606605660682,746.3433837890625,15497868,SBIN
2024-03-11,748.1901991756113,750.8420009787892,729.7695554956787,732.7528686523438,16778340,SBIN
2024-03-12,729.2486473566764,736.5884876385131,717.2681107424115,719.4937744140625,21529705,SBIN
2024-03-13,718.4993277010051,723.2820505868954,703.6775631743476,707.70263671875,27950252,SBIN
2024-03-14,710.2124696487804,711.0648035507907,695.2012771081664,701.830810546875,19730882,SBIN
2024-03-15,700.1260871078978,707.0397318687048,684.7360987203383,693.1651000976562,29792241,SBIN
2024-03-18,688.6190419826069,698.8475105936745,683.8836612570906,692.2653198242188,18145126,SBIN
2024-03-19,691.3655971347375,695.4853553107556,682.983996236656,685.4937133789062,15205043,SBIN
2024-03-20,686.7723283939229,699.8419683708956,681.7054360495005,697.2848510742188,25405455,SBIN
2024-03-21,702.7304280554747,710.8752589513945,701.3571562240289,704.90869140625,15161161,SBIN
2024-03-22,704.4825610232863,709.170599460014,702.1622707327812,707.1817626953125,15535921,SBIN
2024-03-26,703.7248953357582,708.2708491244837,699.4157105756636,700.8836669921875,14678342,SBIN
2024-03-27,703.6776175097407,706.3767615612527,691.5550536950569,694.490966796875,30088789,SBIN
2024-03-28,698.7054262433901,719.3516746513696,697.9004346418056,712.53271484375,21705116,SBIN
2024-04-01,718.87809271021,721.1984406857478,712.2959023406002,718.1677856445312,9949971,SBIN
2024-04-02,718.0731968840731,728.0648393789514,713.4798425640489,725.8392333984375,15713063,SBIN
2024-04-03,724.4185584476019,731.7109984397689,719.9199468084377,730.2430419921875,19136981,SBIN
2024-04-04,733.9840367300943,734.2681480220336,717.9784262265191,719.1149291992188,15889530,SBIN
2024-04-05,717.8363829672766,727.0703754749767,712.7694908570097,724.2764892578125,9939620,SBIN
2024-04-08,725.5076285980329,729.248590721814,721.4825552076852,727.6385498046875,9797174,SBIN
2024-04-09,727.7806889266177,731.5689935781403,720.8196444464801,723.755615234375,7465892,SBIN
2024-04-10,725.933847345905,739.3823398361972,723.2347035208019,737.8196411132812,14530669,SBIN
2024-04-12,736.1149412559511,738.2458626040706,724.3238315687016,725.7444458007812,14408722,SBIN
2024-04-15,719.58848097137,722.9032476518954,709.1233005838425,717.4102172851562,11356572,SBIN
2024-04-16,711.4909794514435,714.9478306266623,705.003530747474,711.9171752929688,13338991,SBIN
2024-04-18,712.2485648644453,719.7304891283136,702.7304616816317,705.3822631835938,14589648,SBIN
2024-04-19,695.6274008930026,712.2012327726861,693.3070528688593,710.7332763671875,10886554,SBIN
2024-04-22,714.2375393646912,728.301597812964,710.73334586364,725.5550537109375,17452186,SBIN
2024-04-23,729.580068899774,736.5411130931677,725.0341150661952,732.08984375,12292429,SBIN
2024-04-24,737.2987433357519,737.2987433357519,729.438023272222,732.1845092773438,7842615,SBIN
2024-04-25,729.8642999447579,771.2988838816899,728.9172237404853,769.6888427734375,36732974,SBIN
2024-04-26,772.7194359962122,773.6665121242601,756.6191418193988,758.89208984375,14964358,SBIN
2024-04-29,764.2904382833768,787.2570344771462,756.4297179512396,782.7584228515625,27302732,SBIN
2024-04-30,782.7584365175279,790.666499233327,776.5077570611428,782.5216674804688,27449073,SBIN
2024-05-02,783.1372892528356,789.7668222833302,781.3378214511536,786.1205444335938,19943724,SBIN
2024-05-03,790.619154131125,791.9450838558431,776.6024387488413,787.4464721679688,22667634,SBIN
2024-05-06,790.8085783183144,791.755654460013,760.5021417839598,765.048095703125,35283557,SBIN
2024-05-07,769.0258341813609,771.5356091020818,751.2208141135195,759.4603881835938,16725013,SBIN
2024-05-08,760.1233071452959,778.4966078740321,757.1873941548523,767.8893432617188,27908322,SBIN
2024-05-09,768.9310974695414,795.2124588602853,761.0229774672023,776.4129638671875,49290254,SBIN
2024-05-10,783.2319591393382,788.0146820325868,772.4352681404719,774.0926513671875,20543142,SBIN
2024-05-13,776.4604199836035,776.4604199836035,756.3350502013341,765.9952392578125,15398505,SBIN
2024-05-14,769.9728976160259,778.875436405395,765.1428324503737,774.897705078125,10912462,SBIN
2024-05-15,777.5495004946132,781.6219162809175,774.7556143581575,776.8865356445312,9755062,SBIN
2024-05-16,781.6219595013043,782.4270089369695,755.1511687191949,768.978515625,20536990,SBIN
2024-05-17,771.3935410944193,778.9228082130512,768.2682012918576,774.5662231445312,12492509,SBIN
2024-05-21,777.5495346221023,792.0397884444491,776.2236048637419,786.6888427734375,14037801,SBIN
2024-05-22,795.9331822307055,796.0295133266376,783.414724155801,788.422119140625,19239277,SBIN
2024-05-23,794.1517316465437,804.5516696610887,791.5517324493296,801.277587890625,17497488,SBIN
2024-05-24,799.2553916967729,810.0886726083256,796.3665167870256,797.9072265625,12252075,SBIN
2024-05-27,801.7590699633794,808.3072335281287,792.5146936444445,802.818359375,12295193,SBIN
2024-05-28,804.7443027300019,809.5590944673188,792.8035957117308,800.3628540039062,13818893,SBIN
2024-05-29,797.7146835951445,803.5405695871641,788.9517277526038,792.1776733398438,14518232,SBIN
2024-05-30,790.9739767920537,805.0331445629747,788.9517290829909,795.2590942382812,17818705,SBIN
2024-05-31,799.9294778988177,804.0701868667423,786.8332096505334,799.5924072265625,22267336,SBIN
2024-06-03,831.5626306363492,878.2179721623354,825.0145259321062,872.1032104492188,64269020,SBIN
2024-06-04,863.7736004371982,863.7736004371982,704.8373437950039,746.4852905273438,122381193,SBIN
2024-06-05,761.4592351040986,765.5518076607758,716.4890731382206,760.4962768554688,74256082,SBIN
2024-06-06,770.3666270723245,802.4812623286783,766.5147939369629,786.6887817382812,40555649,SBIN
2024-06-07,789.5295559574165,800.699849042878,780.4777241722821,799.207275390625,25061284,SBIN
2024-06-10,803.2516957835098,814.1331129043821,798.4850404060916,800.9887084960938,16725508,SBIN
2024-06-11,805.0331354685376,808.4997618244676,798.3405635563713,804.5997924804688,14754408,SBIN
2024-06-12,805.9961215652175,814.2294035252687,802.144288248299,808.018310546875,15071442,SBIN
2024-06-13,813.6997946256373,814.5664806385139,805.1294419180801,812.6405639648438,12523972,SBIN
2024-06-14,813.6997089993326,818.4182278630158,804.1663989581385,808.1145629882812,12903496,SBIN
2024-06-18,810.3775091653368,819.958955574296,809.1256751864971,813.6034545898438,14929083,SBIN
2024-06-19,815.4331029467074,828.7219161598205,809.8479563816961,821.0182495117188,32925140,SBIN
2024-06-20,821.4033966290509,821.4996689454273,811.1478676397271,812.4960327148438,13985352,SBIN
2024-06-21,813.6034982004232,816.6367816070117,797.9072307555297,805.322021484375,18990090,SBIN
2024-06-24,800.699845971808,805.0331584274583,790.6369197366024,801.8554077148438,12715254,SBIN
2024-06-25,805.996104620019,814.5182621448073,803.3961054308986,811.0516357421875,20917530,SBIN
2024-06-26,808.7404727237647,817.3589609223837,805.0331069252793,814.0367431640625,16281760,SBIN
2024-06-27,812.6404830567203,816.0108369000839,807.199745485568,812.7367553710938,20378887,SBIN
2024-06-28,815.5294261991826,831.9959899913704,812.736823556385,817.5034790039062,23636388,SBIN
2024-07-01,817.888612537416,818.9960380974777,808.8368397383734,810.7627563476562,10967797,SBIN
2024-07-02,812.7368170641629,814.9516094316318,792.6591597257975,795.5480346679688,21142840,SBIN
2024-07-03,798.292447663417,812.5923552125606,794.440614381567,808.8368530273438,23598009,SBIN
2024-07-04,811.7738338725269,813.6034781228886,803.3960850421123,808.2108764648438,13372587,SBIN
2024-07-05,806.9590387546798,829.3478187678616,805.996080474543,827.9033813476562,24873722,SBIN
2024-07-08,827.903435254619,832.9589665545163,821.8849456118841,824.5330810546875,10359800,SBIN
2024-07-09,828.0478896992312,837.7256091400944,824.2923287105681,829.39599609375,13585081,SBIN
2024-07-10,828.2403880397673,828.3848552906051,812.2553041995063,817.5515747070312,17343236,SBIN
2024-07-11,822.7516382126789,826.5071405152041,818.273858372934,824.9664306640625,8501366,SBIN
2024-07-12,824.9664106629458,831.0330363694129,823.6182454951478,827.8552856445312,11446064,SBIN
2024-07-15,827.8552953420664,854.4810581363205,827.8552953420664,848.7033081054688,25392820,SBIN
2024-07-16,849.6180412132858,855.2031872360685,841.9143753130872,848.0773315429688,11893692,SBIN
2024-07-18,848.0292284959793,861.7513839164689,844.9958864196212,860.4513549804688,19435183,SBIN
2024-07-19,861.8477205923227,865.6995539804449,850.5810961772029,856.406982421875,14562742,SBIN
2024-07-22,848.7996180509505,861.8476914572568,835.8478169663675,844.3218383789062,14614111,SBIN
2024-07-23,850.2921373240815,851.7365747034543,817.6478290405348,831.899658203125,18279212,SBIN
2024-07-24,832.188532102206,835.8477617004108,815.8182418384882,820.4404296875,19624845,SBIN
2024-07-25,816.1071710805719,819.2367856009398,810.04054545749,817.0701293945312,9522375,SBIN
2024-07-26,813.362711787555,832.2366700338795,812.7367654134732,830.5033569335938,12081506,SBIN
2024-07-29,833.9699855260068,856.1661615632173,831.2255780072089,839.3143920898438,26582781,SBIN
2024-07-30,842.2996149354311,847.9328973347123,836.8107410128214,840.469970703125,13528447,SBIN
2024-07-31,841.4810813734941,842.5403707610664,835.8477988655185,840.0848388671875,11636874,SBIN
2024-08-01,845.2848286735671,848.7515140014297,827.6145664441017,830.696044921875,11787203,SBIN
2024-08-02,824.9663688604599,826.5070785961769,814.8071707781978,816.4441528320312,12609331,SBIN
2024-08-05,799.2554057076235,800.555375930074,770.3666561037335,781.5851440429688,27676951,SBIN
2024-08-06,792.1776770526977,795.9331791962649,766.1778026885571,768.15185546875,17900930,SBIN
2024-08-07,779.0332399118962,780.6702807246692,770.8962307809461,778.6962280273438,17692355,SBIN
2024-08-08,781.9221664085547,787.507312985182,773.06293798995,778.1184692382812,14769069,SBIN
2024-08-09,785.7739981345145,799.2072786074854,779.5629051443975,793.7665405273438,15320885,SBIN
2024-08-12,790.2035442003192,792.5146675912324,781.1517715969126,782.4998779296875,16120449,SBIN
2024-08-13,783.3665819906377,789.6258109801142,765.5999894887229,768.0073852539062,17585172,SBIN
2024-08-14,771.2814404594144,779.1777100523152,770.7518251641638,773.2554931640625,11788665,SBIN
2024-08-16,773.255475013765,784.7147017023967,773.255475013765,782.0183715820312,11427335,SBIN
2024-08-19,784.8109770417955,794.8257663935242,782.4998537223788,783.5591430664062,10151482,SBIN
2024-08-20,787.6517443817361,792.5146719871843,783.2221009869668,789.9146728515625,10347493,SBIN
2024-08-21,789.9146891751129,790.588771746324,781.1517920723019,785.3406372070312,14607257,SBIN
2024-08-22,788.662838830503,793.3813579571615,786.8331945713555,789.9146728515625,7832917,SBIN
2024-08-23,791.0702271868793,791.5517063269808,784.3295192254573,785.1480102539062,5537747,SBIN
2024-08-26,787.6998695275697,792.9480038850295,783.6554330147424,784.859130859375,8523795,SBIN
2024-08-27,787.5073199593448,789.0962247326166,781.0073511539267,785.677734375,12833290,SBIN
2024-08-28,784.5702603306938,786.9295198766698,776.625854503473,779.41845703125,10371300,SBIN
2024-08-29,779.5628735084862,785.7739662465469,777.0592054590912,784.3295288085938,18247268,SBIN
2024-08-30,786.8814263829273,790.2999167148297,784.1850960274376,785.3887939453125,8911426,SBIN
2024-09-02,787.0257841074723,794.8257813768107,782.9332114506573,791.6961669921875,11813750,SBIN
2024-09-03,791.69624247498,795.3554725033293,786.1592318819613,794.248046875,10548350,SBIN
2024-09-04,785.2443376942574,788.325815931437,783.5110245528155,786.2554321289062,10789570,SBIN
2024-09-05,788.0369123055189,791.6962009160937,784.2332739868236,788.422119140625,8395074,SBIN
2024-09-06,781.4406841241514,782.7888492947188,748.2186217676717,753.514892578125,40220096,SBIN
2024-09-09,755.9222308989729,759.0037090727857,742.4408153160613,755.2000122070312,21322103,SBIN
2024-09-10,758.8111049121503,759.5814597612606,748.7000432350214,753.6593017578125,12824701,SBIN
2024-09-11,751.1556455515445,758.811176152104,737.0483410564517,740.1297607421875,20060665,SBIN
2024-09-12,746.2926556518515,760.6407573153975,744.1259995547978,758.5703735351562,17578964,SBIN
2024-09-13,761.7000092457633,765.5518424151477,756.0185318111974,761.5555419921875,12950936,SBIN
2024-09-16,761.5555716904744,765.5518722692779,755.344537482079,756.451904296875,9553736,SBIN
2024-09-17,756.5000258703583,758.3296701716079,751.637098153009,753.9000854492188,10665630,SBIN
2024-09-18,754.7667043250664,765.3111094724715,753.0333911386886,763.3851928710938,18324412,SBIN
2024-09-19,765.5999675189145,771.6665929182252,755.0074264560737,760.6889038085938,10645478,SBIN
2024-09-20,765.4073730812867,765.4073730812867,750.625986843672,752.7445068359375,21372244,SBIN
2024-09-23,756.8852061006995,775.1814133728537,755.4407686844768,772.1480712890625,17309545,SBIN
2024-09-24,769.6444158126969,774.4592072785255,766.9962805064912,768.6814575195312,15180653,SBIN
2024-09-25,768.3444146087945,768.4406869245006,759.4851869144526,763.72216796875,18465571,SBIN
2024-09-26,766.5147888755175,773.2554968178902,762.277748944874,772.1480712890625,23198842,SBIN
2024-09-27,772.1481043919451,778.0703215620741,768.8740813727312,772.9185180664062,15193681,SBIN
2024-09-30,772.1962595176911,772.8702832866289,757.3185425049131,758.71484375,15484573,SBIN
2024-10-01,758.811137952777,770.7036494096986,758.811137952777,767.4296264648438,13280535,SBIN
2024-10-03,760.6408027275493,774.2184915699847,755.2482008550121,764.6851806640625,15944135,SBIN
2024-10-04,762.6629675013947,779.8517495092212,756.1629990283715,767.1407470703125,20097454,SBIN
2024-10-07,770.3666227637009,774.2184558775194,737.0482898388944,742.1038208007812,24267990,SBIN
2024-10-08,743.6445559601656,755.3445229531092,743.6445559601656,752.5037841796875,8560960,SBIN
2024-10-09,757.5593104537433,774.5554892758929,753.0815308248506,767.8629760742188,18758697,SBIN
2024-10-10,769.4036799200226,774.6518143977434,765.5518467289336,767.5740356445312,10241015,SBIN
2024-10-11,767.6703227285054,772.9665930626187,763.6258863548668,770.1258544921875,14322720,SBIN
2024-10-14,772.2925854662725,779.2740334022208,771.1370237082186,775.325927734375,8967564,SBIN
2024-10-15,775.6629124338771,777.5888290383062,771.9073515455158,774.8444213867188,6252104,SBIN
2024-10-16,773.0628831824524,779.0332361787332,772.3406644838936,775.61474609375,6494240,SBIN
2024-10-17,779.5147505956958,789.1443336790275,776.1443965165297,781.00732421875,18580553,SBIN
2024-10-18,781.0554877623608,792.1295086964368,773.1592763766439,790.0110473632812,11704698,SBIN
2024-10-21,794.1517285715379,795.8369056109815,779.0332713770955,783.7999267578125,10359618,SBIN
2024-10-22,783.8480454773676,786.5924530851014,758.329650876446,761.1222534179688,16645356,SBIN
2024-10-23,760.7370872594624,763.2407554293255,750.9149004539081,756.88525390625,13866198,SBIN
2024-10-24,756.9333240763132,767.4777287162982,755.5852177848088,765.1184692382812,5607500,SBIN
2024-10-25,768.4407670601641,771.0889025356221,743.4038498376525,752.0223388671875,9717125,SBIN
2024-10-28,754.7667145175037,774.1703480481368,754.5259749390806,762.7111206054688,13757251,SBIN
2024-10-29,766.5148254883454,803.925732845734,761.2185547092174,801.8554077148438,28274791,SBIN
2024-10-30,797.3294530672716,802.1442444505282,790.6368812896834,791.9850463867188,15977682,SBIN
2024-10-31,789.625816992613,797.3294834998579,783.4147241162844,789.8184204101562,13402324,SBIN
2024-11-01,791.9369337915391,795.0183533490626,788.566579722976,790.7813720703125,1637141,SBIN
2024-11-04,792.2257844782764,806.4775551912725,777.2036001259493,799.1109008789062,14498161,SBIN
2024-11-05,799.1109232553587,819.8627216790217,795.6442968785319,817.7442016601562,26254561,SBIN
2024-11-06,817.7441759391488,829.492278606691,814.8553011245552,823.13671875,15002433,SBIN
2024-11-07,829.1070762299017,830.4552413269911,815.3367846280997,827.7589111328125,15283847,SBIN
2024-11-08,827.7589523824207,831.5145133583849,803.2998462002181,811.9183349609375,26139105,SBIN
2024-11-11,814.662682286405,822.366348312754,810.8108492732305,816.2515869140625,12621337,SBIN
2024-11-12,820.9219490525154,821.7886350304474,793.7665132938048,796.07763671875,11350729,SBIN
2024-11-13,792.8516675674828,800.9405405398265,774.8443949499054,778.6962280273438,13756706,SBIN
2024-11-14,778.6962686314655,787.6999054097373,771.3777501381329,774.459228515625,9461484,SBIN
2024-11-18,780.9592121300385,786.4480864115857,769.6444516583641,784.136962890625,9322451,SBIN
2024-11-19,788.6628255309678,789.9146595309171,770.4628906628374,773.2554931640625,13677029,SBIN
2024-11-21,768.9222221753172,768.9222221753172,733.3409003273077,751.8297119140625,29486577,SBIN
2024-11-22,756.88525712065,789.5777045997442,755.0074765981217,785.8221435546875,20665405,SBIN
2024-11-25,796.3664717835007,818.1293046973657,795.0665016573014,813.1701049804688,23434605,SBIN
2024-11-26,812.7368358136894,815.3368350764866,804.5998261173272,808.3072509765625,8893744,SBIN
2024-11-27,807.4405312232043,811.292364407334,801.2775746188726,803.2034912109375,8375108,SBIN
2024-11-28,803.2034750413964,814.4700986330259,799.7368487551913,807.7775268554688,13505677,SBIN
2024-11-29,809.9441653170932,812.7849039261208,800.7479257305017,807.8738403320312,10822949,SBIN
2024-12-02,807.8738668385488,810.8108778597823,801.8553775432713,805.4183349609375,6651119,SBIN
2024-12-03,806.9590409400479,824.8700414893754,805.8998103387524,822.3182373046875,12186182,SBIN
2024-12-04,822.3182752631592,831.995994696608,818.8034538591721,827.8552856445312,10749716,SBIN
2024-12-05,828.1441384564639,839.1700227524034,823.9070984244045,833.3922729492188,14716036,SBIN
2024-12-06,833.1996452731378,843.0218314074111,825.2552395250841,831.658935546875,14520568,SBIN
2024-12-09,827.1811795615839,834.7403787055949,825.2071268017763,826.266357421875,9630346,SBIN
2024-12-10,829.8773982578593,836.7625731734661,826.2663048631648,835.3662719726562,7379849,SBIN
2024-12-11,835.3662917047014,837.6292201091063,829.0589268478445,829.684814453125,7006973,SBIN
2024-12-12,829.588577653526,832.2848491458258,819.6219827317773,822.0775146484375,8845103,SBIN
2024-12-13,821.0181697348605,830.9366865999768,804.0701282655722,829.6366577148438,9379370,SBIN
2024-12-16,827.9515344064523,834.3070944496669,826.025617806868,829.0589599609375,6432713,SBIN
2024-12-17,826.7478560331779,830.6478254844673,815.6738353243519,819.044189453125,8791216,SBIN
2024-12-18,819.4775061625006,820.4404644541135,805.9960900799213,807.103515625,8295338,SBIN
2024-12-19,794.0553299104415,806.9589936527981,789.8183489792347,801.9515991210938,9453398,SBIN
2024-12-20,803.9739498998235,805.0331805750654,779.9962634758409,781.9221801757812,10244198,SBIN
2024-12-23,787.025851437494,793.4776841679945,782.114787338898,790.7332763671875,4933200,SBIN
2024-12-24,793.7183788955526,795.5961593356999,779.2258682332135,781.9702758789062,10602771,SBIN
2024-12-26,782.885145127243,792.3702614447049,778.0703533367926,782.3555297851562,8318714,SBIN
2024-12-27,786.0628842447148,787.9888009322062,767.6704033888981,770.0296630859375,10649800,SBIN
2024-12-30,772.292577441985,778.0221912364731,755.9222859001974,759.1000366210938,21515438,SBIN
2024-12-31,757.7999962148708,769.5962346158304,756.8851741350371,765.503662109375,9086044,SBIN
2025-01-01,766.0814709969738,769.0666770195652,760.2555849821816,763.8185424804688,7273098,SBIN
2025-01-02,765.5518634653022,772.6777785343264,757.848196914708,771.522216796875,11398319,SBIN
2025-01-03,771.5221710853858,779.5147129032193,762.8074105712243,764.0111083984375,13336514,SBIN
2025-01-06,767.8629940224499,768.0555386685415,744.5112545755807,747.640869140625,11419367,SBIN
2025-01-07,750.9629781385199,754.8148111917903,746.1481868219319,749.9037475585938,9669152,SBIN
2025-01-08,751.9741707073787,754.911181809416,731.9445907621887,742.5853271484375,15641490,SBIN
2025-01-09,742.5853431803976,742.7778878278531,699.3484904504,732.2816772460938,15351029,SBIN
2025-01-10,732.1853132713054,735.1223830791824,714.5631882955921,715.71875,11779296,SBIN
2025-01-13,714.0335881192036,716.3928477377098,695.7373801970662,702.4780883789062,10414733,SBIN
2025-01-14,705.8003381418084,728.9594748276388,705.8003381418084,720.4373168945312,11960975,SBIN
2025-01-15,725.252061939764,730.7890721249498,722.2187198068513,725.7816772460938,7792299,SBIN
2025-01-16,732.2334984141427,747.929706597395,732.2334984141427,737.9149169921875,11816079,SBIN
2025-01-17,737.9149678673344,739.5038726459838,731.2705905527847,735.7964477539062,5766573,SBIN
2025-01-20,740.5149313492541,755.9222641211501,739.4075057965499,750.38525390625,9198929,SBIN
2025-01-21,755.7296474236301,755.8259785163474,728.044596835733,730.9334716796875,13751780,SBIN
2025-01-22,733.7741747049805,734.7371329395015,710.6631770764773,725.5408935546875,9908339,SBIN
2025-01-23,722.2186740896237,727.6594116108213,715.5742387782767,718.2705688476562,10986405,SBIN
2025-01-24,722.1224594960153,725.7816893156935,711.6261904172143,716.58544921875,10579213,SBIN
2025-01-27,712.5891362148737,727.3705224901476,708.6410307266503,721.4483642578125,11433353,SBIN
2025-01-28,728.9594308479976,731.6075661648166,717.7891381122306,724.5298461914062,14140860,SBIN
2025-01-29,725.1075785552505,732.6186413192878,722.0261003310969,730.355712890625,9251973,SBIN
2025-01-30,730.4520203133268,736.6631132188579,726.7927904600431,734.3519897460938,11085824,SBIN
2025-01-31,736.5668412651819,748.7482287285419,731.3668428360176,744.2705078125,10083763,SBIN
2025-02-01,746.1000586507049,749.9037555863902,724.2890890176571,737.6260375976562,9363077,SBIN
2025-02-03,734.5445718854385,734.5445718854385,725.2520596511663,732.7631225585938,7862190,SBIN
2025-02-04,738.5889944967314,752.3111498703669,737.2890243394788,750.3370971679688,12020807,SBIN
2025-02-05,751.107474382643,753.0333909836241,736.6630998752845,737.6741943359375,13419162,SBIN
2025-02-06,740.5149273858113,742.2963767183029,722.2668559769037,724.3853759765625,32745391,SBIN
2025-02-07,731.6557177630287,731.75204885935,704.6447487163948,709.8928833007812,37240692,SBIN
2025-02-10,712.5891075604651,716.3446682586824,706.2336065973515,709.5076293945312,12667049,SBIN
2025-02-11,710.1336193776868,712.7336185765542,699.6373502606822,704.018798828125,13017060,SBIN
2025-02-12,705.9928588867188,711.3372653768854,690.5855270091603,705.9928588867188,12697743,SBIN
2025-02-13,707.1965624268578,710.1817094926294,699.2521568630419,700.6965942382812,12370571,SBIN
2025-02-14,703.8743505061794,705.7521308643177,689.6707161993432,695.4003295898438,10417539,SBIN
2025-02-17,692.4151383583221,701.7558454140641,685.1929512700127,700.7447509765625,9093600,SBIN
2025-02-18,700.7447443190354,701.2743596122846,690.7780909672726,698.9151000976562,8562003,SBIN
2025-02-19,695.3040270429543,707.6298814976512,695.3040270429543,700.3595581054688,6766606,SBIN
2025-02-20,698.0484664022894,704.4039674105562,696.5558340793757,702.670654296875,7423268,SBIN
2025-02-21,700.359526366243,704.5965661934869,693.3299428670359,695.255859375,6571602,SBIN
2025-02-24,684.1818648659195,693.089229046088,684.1818648659195,689.8633422851562,6912148,SBIN
2025-02-25,692.318880181649,692.318880181649,683.7003916586949,684.5670776367188,8599635,SBIN
2025-02-27,689.4781266274379,691.1151674539011,675.1300247842662,677.8263549804688,12033139,SBIN
2025-02-28,674.9375369686069,675.370821210472,657.3153519889653,663.2857055664062,15780609,SBIN
2025-03-03,664.5856611067829,671.5671084335651,654.811611339565,669.5448608398438,10598479,SBIN
2025-03-04,667.3300691464701,691.8373684334783,666.4633832092842,689.5262451171875,14386214,SBIN
2025-03-05,690.970715357852,704.2113919626877,690.4411000485206,703.2965698242188,10409805,SBIN
2025-03-06,708.7372906926826,709.4595093992308,700.0706662141035,704.93359375,10928847,SBIN
2025-03-07,704.9335834778076,707.6298548547695,701.0336142741386,705.607666015625,7246729,SBIN
2025-03-10,705.6076955415114,711.1447057760574,699.6854784765769,701.9003295898438,7400109,SBIN
2025-03-11,698.0485277239401,706.8595613151393,695.930007610309,702.8151245117188,5538789,SBIN
2025-03-12,703.5373526546633,709.7003096539208,692.4151953776362,696.2670288085938,5547762,SBIN
2025-03-13,699.0114994024942,704.3559065637423,697.6633341842002,700.8892211914062,5908337,SBIN
2025-03-17,701.9002911815586,704.1632195569075,695.5447314737941,696.36328125,5149563,SBIN
2025-03-18,696.36328125,696.36328125,696.36328125,696.36328125,0,SBIN
2025-03-19,712.2039126231394,721.5446195922909,711.7224334883822,717.5001831054688,7604850,SBIN
2025-03-20,720.292765833536,724.8186813309343,716.6335362646441,721.7853393554688,6963197,SBIN
2025-03-21,722.1705565633118,727.611235450561,719.3298179504133,725.3001708984375,9577327,SBIN
2025-03-24,729.9223707530908,753.9481914133478,727.1297682523594,751.8778076171875,12095064,SBIN
2025-03-25,754.8630261504609,756.8852150473521,740.7075275492936,744.2222900390625,15190143,SBIN
2025-03-26,743.4038006048552,747.3037699282959,733.2446023903115,735.7001342773438,7711852,SBIN
2025-03-27,735.5075423870684,747.063042059369,732.3297917320479,743.6926879882812,15648616,SBIN
2025-03-28,743.5000536959915,749.7592824252198,738.5889900489357,742.9223022460938,7628185,SBIN
2025-04-01,738.3964100364205,753.7556066211873,734.92978367858,743.1149291992188,7011125,SBIN
2025-04-02,743.6926981564776,748.2186140115384,735.9890316029483,747.20751953125,5458436,SBIN
2025-04-03,741.4778693122336,755.6333676630561,741.4297331535035,750.3370971679688,7956680,SBIN
2025-04-04,750.2407674906192,753.9000559499343,736.6630793418844,739.0223388671875,8231194,SBIN
2025-04-07,702.9595626780941,725.7816862623683,702.9595626780941,719.2335815429688,14923235,SBIN
2025-04-08,731.8483424817248,745.3297593169144,730.0668930525142,740.1297607421875,12911288,SBIN
2025-04-09,738.5890580792018,739.5038802710596,713.552140856178,714.7077026367188,11319387,SBIN
2025-04-11,730.8853451496299,731.5594277102952,718.3668873275676,725.9260864257812,9360327,SBIN
2025-04-15,741.4778565892068,742.1519391227857,729.0556715859763,735.2186279296875,7859090,SBIN
2025-04-16,735.2186797710156,746.0519609071307,732.3298048013849,743.1630859375,12536694,SBIN
2025-04-17,743.4037724463682,771.3295618258302,738.7334484219398,767.9110717773438,27034818,SBIN
2025-04-21,773.2555185548143,793.8146548472636,771.7148087772562,786.4480590820312,16398507,SBIN
2025-04-22,790.7332527762891,804.5516812424216,783.8480772367818,791.9369506835938,25117557,SBIN
2025-04-23,795.4035350043313,800.2183263784495,780.0924749249118,783.3184204101562,12104382,SBIN
2025-04-24,782.644317299962,788.6628063594819,781.1036076104479,783.270263671875,12713521,SBIN
2025-04-25,784.8109946884551,788.6628277912206,757.8481629690972,769.066650390625,13131038,SBIN
2025-04-28,769.0666410567842,792.322047867904,767.8629432267787,787.0739135742188,11317611,SBIN
2025-04-29,789.6257719721119,798.2923962986351,779.0332311285836,782.4517211914062,11283059,SBIN
2025-04-30,781.4406459920804,781.4406459920804,755.4407723731201,759.4370727539062,25635764,SBIN
2025-05-02,761.0740832238849,773.6407362949234,759.7741130041347,767.1889038085938,14720184,SBIN
2025-05-05,753.0333941109573,769.4036852872824,753.0333941109573,760.737060546875,23986447,SBIN
2025-05-06,764.5407836505257,769.5481787593242,742.5371503787388,745.426025390625,18869468,SBIN
2025-05-07,736.9519906088443,753.418613146944,736.229771868778,747.3519287109375,15586266,SBIN
2025-05-08,750.1444750563841,757.3666619150783,735.7001013389954,740.514892578125,14491673,SBIN
2025-05-09,728.4779526212103,752.7445134918086,727.5149943229668,750.38525390625,13578216,SBIN
2025-05-12,769.4037033297868,774.12222264216,763.6259533673605,771.95556640625,15096824,SBIN
2025-05-13,769.018476685771,777.7332963407931,767.6703703271746,772.0518188476562,13909596,SBIN
2025-05-14,775.9036380329437,777.5888150314639,766.8036704860727,771.0407104492188,9281719,SBIN
2025-05-15,774.6517783287684,779.4665695934455,765.0703319571993,777.8295288085938,17058854,SBIN
2025-05-16,789.7644580739088,789.7644580739088,776.9946347468432,778.0751342773438,14733924,SBIN
2025-05-19,778.0750903727592,787.2104729702169,778.0750903727592,780.9237670898438,10666184,SBIN
2025-05-20,784.0180560729261,785.2459236919375,769.9220998339915,771.7393798828125,11324667,SBIN
2025-05-21,773.0654298291093,776.9946060925355,765.3052827270537,773.1636352539062,8206040,SBIN
2025-05-22,774.0477442991881,774.2442151084329,766.4840678018166,771.346435546875,7355826,SBIN
2025-05-23,773.9495383488706,780.874699700136,772.2796264031289,776.5034790039062,5534158,SBIN
2025-05-26,777.9769427872259,783.4286631605596,775.2265312430146,780.33447265625,4965466,SBIN
2025-05-27,780.3344684569088,787.1613645883718,776.0614530866071,779.6468505859375,11995043,SBIN
2025-05-28,780.4326591919574,784.7547771957036,778.6154390963333,782.4463500976562,6873519,SBIN
2025-05-29,784.8529869834019,786.2282227070898,777.3384131262393,783.232177734375,14034127,SBIN
2025-05-30,783.8706869171444,800.0785394661832,778.5662748283969,797.91748046875,22037314,SBIN
2025-06-02,798.4577080916993,807.9859725290632,794.8723707211232,799.2435913085938,26891575,SBIN
2025-06-03,801.7484370268255,803.9094959854718,790.8940994751483,795.4617309570312,14247597,SBIN
2025-06-04,802.5342413659282,802.5342413659282,790.9922862422444,792.2201538085938,9607927,SBIN
2025-06-05,794.3812098308251,797.3280919793597,788.6347536685006,791.72900390625,13595507,SBIN
2025-06-06,792.3675287830383,801.9939985959651,788.88033690073,798.6541748046875,17163935,SBIN
2025-06-09,802.9272300169949,809.9014942207324,801.2573180380161,805.5302734375,12793040,SBIN
2025-06-10,806.4634476687678,807.4948444720902,800.1767415127031,802.5833740234375,6560513,SBIN
2025-06-11,802.5342598525855,806.0704945433416,798.6541862626485,800.6187744140625,7197825,SBIN
2025-06-12,801.5519752269744,802.0431222706184,787.0140347260071,791.679931640625,13448521,SBIN
2025-06-13,772.3287088939938,782.2007522600275,772.3287088939938,778.3206787109375,11377117,SBIN
2025-06-16,778.4680786132812,781.3167555010375,772.2305350251097,778.4680786132812,8085001,SBIN
2025-06-17,779.9415184126576,784.7056208342702,776.5525917636725,778.2716064453125,7753156,SBIN
2025-06-18,778.4680756237817,781.4149579289822,774.3915311197982,777.8787231445312,5710169,SBIN
2025-06-19,778.320667516001,779.2047561439027,767.8592718430074,771.1990356445312,11824333,SBIN
2025-06-20,773.5565989033221,785.2950253156704,772.181363190149,782.053466796875,11367669,SBIN
2025-06-23,776.0123304607985,780.874698193188,774.5388893270122,776.2088012695312,5549253,SBIN
2025-06-24,784.8529460243278,792.3675194893278,779.5976968381185,781.3167114257812,11402190,SBIN
2025-06-25,785.3440886452789,789.567941046098,782.0042649119035,785.8843383789062,6528324,SBIN
2025-06-26,787.7998677833231,789.1259408358321,777.3875743106198,782.9375,24704402,SBIN
2025-06-27,790.7467068374075,795.1179273319369,788.4383398116579,791.1396484375,19375990,SBIN
2025-06-30,794.6759369772839,806.4634663267615,792.7604514670988,805.824951171875,19652607,SBIN
2025-07-01,805.4811416394373,810.2944065895595,798.8506566320394,805.7758178710938,11456405,SBIN
2025-07-02,806.4634551919074,809.4594402026391,794.6759260051804,798.5068969726562,6661200,SBIN
2025-07-03,799.0962152227779,800.0785092795976,791.5325389943724,792.8095092773438,7020403,SBIN
2025-07-04,794.4303152499558,799.4399909377498,789.8626239223718,797.4754028320312,4319538,SBIN
2025-07-07,796.8369801203829,798.2613185459272,790.8941128494637,792.56396484375,4461783,SBIN
2025-07-08,793.5953947208753,799.1453201848503,791.0904969053553,798.2612915039062,5935770,SBIN
2025-07-09,795.6581782931005,798.0648106998194,794.675884245825,796.5913696289062,4099112,SBIN
2025-07-10,796.9351619351286,801.0608089938022,792.613104027281,793.693603515625,12178137,SBIN
2025-07-11,793.2515938303184,798.1630643635436,790.3047115103832,794.3321533203125,6202372,SBIN
2025-07-14,795.4617558456557,801.0608442463658,793.6936384439774,794.528564453125,6938635,SBIN
2025-07-15,796.6405037947652,806.4634446553665,796.1493567517351,801.9940185546875,9297645,SBIN
2025-07-16,801.5519699633943,819.4297342255312,800.8643521159136,816.9739990234375,16458920,SBIN
2025-07-17,823.5553655077234,827.5827471798666,811.7186740978348,814.32177734375,23073718,SBIN
2025-07-18,817.2686571434967,817.9071722636787,805.7267019494631,808.7717895507812,15387801,SBIN
2025-07-21,808.4280466091758,812.7010019745913,803.4674733809013,809.6068115234375,8852594,SBIN
2025-07-22,812.848378561757,813.3886283330482,799.5874080353719,800.5697021484375,7851163,SBIN
2025-07-23,798.113968917551,810.5891161764496,797.1316748019602,806.1196899414062,15470390,SBIN
2025-07-24,805.4811769361788,807.3966624575928,796.29675091266,801.25732421875,10118309,SBIN
2025-07-25,800.569684169264,804.6953313423805,791.2378903047143,792.269287109375,6734439,SBIN
2025-07-28,792.269295178368,794.6268250025805,781.906104403612,783.0357666015625,7734158,SBIN
2025-07-29,782.1025562450097,785.8352617474154,779.057408633055,785.0494384765625,7833759,SBIN
2025-07-30,784.8038487430033,789.1750692870572,782.1025400865564,787.4560546875,8743723,SBIN
2025-07-31,781.0220116677076,789.5679822929258,778.5171737140591,782.4463500976562,11359112,SBIN
2025-08-01,781.6114403088707,786.8175871342196,777.9769400877676,779.9415283203125,15468391,SBIN
2025-08-04,780.4326243068729,783.0848302381428,772.62337460265,781.6113891601562,8820724,SBIN
2025-08-05,783.8706809392065,789.8135481709712,782.2007690014489,786.4246215820312,7381537,SBIN
2025-08-06,786.7684568691343,795.8546771264834,784.8529714185823,790.8941040039062,7409396,SBIN
2025-08-07,786.915765008732,792.3675451267196,779.3521485418682,790.8941040039062,7091392,SBIN
2025-08-08,790.7467609363763,793.4971724617818,776.0123492419096,790.0591430664062,15708181,SBIN
2025-08-11,793.6936009259229,810.392599955305,793.6936009259229,808.8700561523438,15236297,SBIN
2025-08-12,810.3435108131079,810.8837605645641,805.481143141057,806.0704956054688,7986728,SBIN
2025-08-13,808.0842230461906,810.3434873670307,806.1196349490305,807.29833984375,4447508,SBIN
2025-08-14,807.4457350525524,813.3394995419872,804.5970582342032,811.9151611328125,7087573,SBIN
2025-08-18,821.1978592084581,823.1624473883827,810.5399923141568,812.9957275390625,6138124,SBIN
2025-08-19,812.8483446933888,816.2863739458684,811.1784327798614,815.697021484375,5076681,SBIN
2025-08-20,814.0271315534591,817.1704846600775,812.7501612160911,814.272705078125,4493888,SBIN
2025-08-21,814.272717098252,818.4965697939625,809.4594519619582,811.0802612304688,4402511,SBIN
2025-08-22,809.4103255407733,811.3749137095616,801.2572966311966,801.7975463867188,5097647,SBIN
2025-08-25,802.9763126407477,805.9722976123364,799.7838568610522,801.9940185546875,5672898,SBIN
2025-08-26,800.4223233479629,801.404617447895,792.4657651203016,793.5462646484375,6997817,SBIN
2025-08-28,792.9568789424643,796.6404816628535,786.4737621363677,787.750732421875,7898436,SBIN
2025-08-29,786.5228982350536,792.4166628378574,784.3618392231308,788.291015625,6861440,SBIN
2025-09-01,788.8803576581267,793.9882989038185,788.4383732823478,791.7781372070312,5619805,SBIN
2025-09-02,792.0237296591938,796.1493769160325,788.4383921269514,789.666259765625,5075460,SBIN
2025-09-03,790.0590972888992,798.8997437933355,788.7821270069304,797.7701416015625,4261589,SBIN
2025-09-04,800.2258915459101,802.2886851199853,793.6936119705517,795.06884765625,4471950,SBIN
2025-09-05,797.1316242177459,798.1139182710025,789.4206398814698,792.318359375,5194842,SBIN
2025-09-08,793.6936078879036,799.4400042107487,792.5148430140074,794.4794311523438,4614227,SBIN
2025-09-09,797.6228148719179,797.966593827573,791.3361086054234,794.528564453125,4567272,SBIN
2025-09-10,797.622777526262,809.9996587129843,796.0511310104619,803.7130126953125,7285853,SBIN
2025-09-11,804.5970423736838,811.0802191569468,804.4988369492515,809.0665283203125,7425055,SBIN
2025-09-12,809.5085114612542,811.1784233553801,805.2846589910332,808.96826171875,5078018,SBIN
2025-09-15,808.9682688172991,813.1430186120108,806.561636356512,810.1470336914062,3852494,SBIN
2025-09-16,810.4908511172532,818.2509986153229,807.1019843806856,816.82666015625,9467531,SBIN
2025-09-17,819.5279331306582,842.9556827448961,816.2863746805828,841.973388671875,17243938,SBIN
2025-09-18,843.4468127830675,845.5587090248177,836.0304447176452,839.222900390625,10400847,SBIN
2025-09-19,836.9145788068039,849.1441524246292,834.262372728141,847.081298828125,15206426,SBIN
2025-09-22,846.7374795324375,852.8277146939828,838.8791270541783,840.1069946289062,6594034,SBIN
2025-09-23,839.4684757773939,858.7705779481222,836.1287119616596,855.1851806640625,14357863,SBIN
2025-09-24,860.4896293435494,864.9099527819579,849.1441445091953,850.8631591796875,12840160,SBIN
2025-09-25,851.2069400560208,854.7432347874252,844.7238229801568,845.902587890625,8678821,SBIN
2025-09-26,846.7374895737396,849.0458566598143,837.8968429308584,841.7769165039062,6959545,SBIN
2025-09-29,842.8574336077328,858.0338893192718,840.8437427101278,855.3325805664062,22641712,SBIN
2025-09-30,854.5467671830805,862.0612811008727,852.2383400675699,857.0025024414062,12831593,SBIN
2025-10-01,856.8551164386336,860.9316608640574,847.5233226519999,848.80029296875,10832384,SBIN
2025-10-03,849.8317681995126,857.5427529354124,848.5056351862063,851.9436645507812,8019442,SBIN
2025-10-06,852.6312903204407,859.8020253564342,847.5233489405293,858.5741577148438,7820352,SBIN
2025-10-07,858.67240059065,861.4719147583033,847.7197975329713,849.3897094726562,9242580,SBIN
2025-10-08,851.4524964349083,852.434790514772,842.0715999631051,843.0538940429688,7156112,SBIN
2025-10-09,846.3445463246103,850.4701934075276,842.906517081258,846.835693359375,7020501,SBIN
2025-10-10,846.8357087276893,868.1023997007326,846.0498854486992,865.0573120117188,13713015,SBIN
2025-10-13,863.4365156616575,872.3753680081057,860.4896333556451,867.3165893554688,11923143,SBIN
2025-10-14,867.3656576175208,868.4953197717444,856.6586283491738,861.4227905273438,7681973,SBIN
2025-10-15,862.552413904726,871.7860023052981,861.5210171041608,870.4107666015625,8269225,SBIN
2025-10-16,872.5718005367993,876.0589324550273,866.8254042739779,871.2457275390625,8493686,SBIN
2025-10-17,871.7859901135612,878.9076221454748,867.3656667834078,873.4067993164062,8511854,SBIN
2025-10-20,878.7602670499772,897.4730173879747,875.273135028841,891.431884765625,13546463,SBIN
2025-10-21,891.9230028558147,893.8875909678319,890.3513563479894,891.775634765625,1783576,SBIN
2025-10-23,895.8522005767054,901.7459650541837,888.7796712128369,895.41015625,13382769,SBIN
2025-10-24,894.8207940870866,897.9149844315482,884.9978533977383,888.4849853515625,5313227,SBIN
2025-10-27,890.8916307113675,911.5689091709564,889.9584393414725,906.411865234375,9150761,SBIN
2025-10-28,910.6848024520077,919.2798755091706,901.4512742261386,913.779052734375,22066289,SBIN
2025-10-29,917.3644435934705,925.3701041834124,913.7790463044942,923.11083984375,12314222,SBIN
2025-10-30,922.8161933430813,928.1697081157838,916.5294871954993,917.8064575195312,13044473,SBIN
2025-10-31,918.3467523280527,929.9378103922294,913.7790609093079,920.4095458984375,12078252,SBIN
2025-11-03,922.1285723673408,936.5192046955284,920.9007047609928,932.8847045898438,11744735,SBIN
2025-11-04,934.1616585246089,942.314687296863,924.8298648800413,940.644775390625,19154518,SBIN
2025-11-06,952.4814547462262,954.2004693430785,938.3854990793552,943.739013671875,23088096,SBIN
2025-11-07,941.7744580906816,947.7664280534589,927.2856202739019,938.92578125,13371323,SBIN
2025-11-10,939.0731232147145,946.1456524515773,932.2952702055394,934.3090209960938,7343249,SBIN
2025-11-11,936.7156357136287,938.041768729716,928.3170330963064,936.4209594726562,8648917,SBIN
2025-11-12,940.7430695871906,944.5248778824666,934.5546287610688,940.2028198242188,7043323,SBIN
2025-11-13,937.3541550706268,946.8824199346525,935.586037662384,937.1085815429688,8894441,SBIN
2025-11-14,936.0771717973782,951.8920827784771,935.1439804142634,950.7133178710938,11032927,SBIN
2025-11-17,953.8075386869531,958.7190090200476,951.3518035204058,956.1159057617188,7415026,SBIN
2025-11-18,958.3260628811324,959.4066223219879,951.6955779628004,955.2318725585938,6594686,SBIN
2025-11-19,955.2318704792619,967.0193991973044,951.6464731790688,965.3494873046875,8291226,SBIN
2025-11-20,968.5419358569656,969.131288306733,962.0096564254319,964.1707153320312,6440857,SBIN
2025-11-21,962.3535354628224,963.2375641743527,953.8566675716402,955.3792114257812,5377241,SBIN
2025-11-24,958.2769795122267,960.3889357698928,950.9097738987026,953.4146118164062,9901946,SBIN
2025-11-25,958.276992765206,971.4397576251993,954.1513455736803,966.1844482421875,9140201,SBIN
2025-11-26,969.1313331127609,981.3118039098479,964.760172340205,966.4791870117188,13943490,SBIN
2025-11-27,969.2295646138847,971.0467846498851,951.7447422714566,955.624755859375,11909168,SBIN
2025-11-28,959.5048346119848,965.5950698307025,955.8212318532206,961.6658935546875,8117842,SBIN
2025-12-01,968.0017293926574,973.6499204475664,952.6779055144807,955.870361328125,8808306,SBIN
2025-12-02,958.7190050026365,963.0902255716678,947.8155648906452,950.1730346679688,13444314,SBIN
2025-12-03,953.2672831530164,955.3300766986022,930.7727251822406,934.2107543945312,14051968,SBIN
2025-12-04,934.2107677926339,935.6842089047472,927.7276508811245,931.31298828125,13622724,SBIN
2025-12-05,932.049720989894,956.0668234213827,929.9378246743456,954.2987060546875,17347847,SBIN
2025-12-08,953.6601656790195,955.2809748623741,934.8492703729215,939.466064453125,15386438,SBIN
2025-12-09,937.8944043562335,946.9315221602762,933.6214489589805,942.3638305664062,9580294,SBIN
2025-12-10,943.1005538600858,946.8824221676225,938.3364513940754,942.7567749023438,6989178,SBIN
2025-12-11,945.0651010209991,949.3872189119578,941.479763637212,946.1947631835938,5979035,SBIN
2025-12-12,948.8960717352387,949.8783658053579,941.0377191742843,946.0965576171875,5681930,SBIN
2025-12-15,940.3010214625418,951.6956089709226,940.3010214625418,950.1239624023438,4416952,SBIN
2025-12-16,948.9451629202439,951.8429423827886,941.0868104547513,944.1319580078125,4764786,SBIN
2025-12-17,948.4540382267455,961.1747585707222,947.2261706250966,958.5716552734375,8013382,SBIN
2025-12-18,960.5854160531443,964.072548087051,956.2632980687841,960.2415771484375,4926879,SBIN
2025-12-19,962.5990921488027,964.6127830145067,959.7504153454842,962.94287109375,5376584,SBIN
2025-12-22,963.7287212154426,965.595103994373,955.3301186192043,957.0491333007812,5959037,SBIN
2025-12-23,959.0137084154704,960.2415760284049,953.5128854913131,954.691650390625,5123287,SBIN
2025-12-24,955.9686342202896,959.9960160658125,950.3695458353262,951.7938842773438,4105643,SBIN
2025-12-26,951.7938380949545,953.8075289200087,947.6681910665071,949.1907348632812,3286321,SBIN
2025-12-29,949.7801706470483,951.7447588085237,944.4266559161334,947.962890625,5267233,SBIN
2025-12-30,945.9491873630989,958.915481049936,942.5111581255383,956.2141723632812,15030644,SBIN
2025-12-31,957.9823092348453,968.1981917309051,956.2632945810017,964.8092651367188,5807630,SBIN
2026-01-01,965.7915430941249,970.1627637032144,962.9919690176538,967.3140869140625,4328348,SBIN
2026-01-02,967.0685336904954,991.6258859934536,966.528283930725,981.2626953125,7357435,SBIN
2026-01-05,982.2940684850213,997.5196265465391,982.2940684850213,987.7457885742188,11259060,SBIN
2026-01-06,990.1033041483112,1005.869111730934,987.1564219850369,1000.8594360351562,9575742,SBIN
2026-01-07,1004.5921658085748,1004.5921658085748,986.2232545545625,989.3175048828125,7896720,SBIN
2026-01-08,988.7771726722618,993.6886429516878,978.2175115714958,980.3294677734375,6854268,SBIN
2026-01-09,978.3648939690311,990.1524228120314,976.400305828531,982.7852172851562,7809460,SBIN
2026-01-12,990.1524157511643,999.2386358361825,978.364886992222,997.1758422851562,7617922,SBIN
2026-01-13,1004.6903698484319,1011.2717521544648,998.0107821164995,1010.2402954101562,11016895,SBIN
2026-01-14,1011.762899052176,1012.1558406646648,1002.4311053230539,1010.14208984375,7370514,SBIN
2026-01-15,1010.14208984375,1010.14208984375,1010.14208984375,1010.14208984375,0,SBIN
2026-01-16,1013.7274769567848,1028.9038723255544,1010.1912422980266,1023.8451538085938,11051580,SBIN
2026-01-19,1016.6743972572739,1025.1221025667041,1015.6921031536436,1020.0142211914062,5460164,SBIN
2026-01-20,1021.3402828105476,1033.3733854452475,1014.758960353515,1018.0496215820312,8905718,SBIN
2026-01-21,1013.7274897970154,1022.1751948968682,1003.9045490044088,1010.4368286132812,7408949,SBIN
2026-01-22,1016.6743620200224,1036.8113904465058,1015.7412306174947,1029.7879638671875,12001641,SBIN
2026-01-23,1033.27513930533,1034.3556387828587,1007.4407577235297,1011.271728515625,10917698,SBIN
2026-01-27,1015.7903012550574,1036.3202718546306,1012.0084929651499,1034.5030517578125,14420630,SBIN
2026-01-28,1040.6424178822,1046.7325934811859,1025.6624325065334,1044.6697998046875,12171257,SBIN
2026-01-29,1044.1786063237967,1055.9661352757114,1041.5264602731938,1047.3218994140625,14800724,SBIN
2026-01-30,1045.1609334664397,1063.3333745088544,1041.6246986507867,1058.078125,9480769,SBIN
2026-02-02,1001.841784674364,1013.0399614867208,972.4711668650343,1010.4859008789062,14434549,SBIN
2026-02-03,1067.7536525315768,1070.5041238871402,1021.8805674931078,1045.3572998046875,16129381,SBIN
2026-02-04,1045.3573226632539,1054.8856472820669,1037.5972952790487,1049.2864990234375,7312276,SBIN
2026-02-05,1049.2864692879657,1061.8598812478167,1048.5989114079966,1054.49267578125,9551567,SBIN
2026-02-06,1051.0546673292163,1054.590902041245,1032.3910797785106,1047.5184326171875,7041557,SBIN
2026-02-09,1100.1693390052355,1129.638160585733,1081.0146049779123,1125.708984375,40852966,SBIN
2026-02-10,1130.6205046120729,1133.5673869003754,1117.9488867905825,1123.8426513671875,17280036,SBIN
2026-02-11,1124.43198276359,1166.474217252129,1122.5657199431428,1161.9556884765625,29491859,SBIN
2026-02-12,1162.0538873261555,1182.3873266556052,1153.9991238982925,1171.2874755859375,33214985,SBIN
2026-02-13,1167.9476861585035,1179.735215371205,1163.5273627037404,1177.377685546875,18141390,SBIN
2026-02-16,1172.859149893071,1190.8351798022472,1164.3132392267757,1186.70947265625,14972739,SBIN
2026-02-17,1184.7448547341048,1203.8013836881914,1182.7802665926308,1191.9156494140625,20107196,SBIN
2026-02-18,1197.220031881822,1202.4261183830988,1192.5049724948722,1197.3182373046875,10417264,SBIN
2026-02-19,1201.2474588953376,1203.212047062667,1177.9670171671169,1184.3519287109375,9630899,SBIN
2026-02-20,1184.8430141192323,1196.4341316671034,1180.5210163030872,1194.5677490234375,9958162,SBIN
2026-02-23,1200.3633155560203,1209.302167328373,1195.5500507835413,1206.0606689453125,9733835,SBIN
2026-02-24,1210.1862912839226,1212.8384373028666,1198.1040262888578,1201.640380859375,15788449,SBIN
2026-02-25,1206.3553078239622,1206.3553078239622,1176.2971336514831,1178.85107421875,19581100,SBIN
2026-02-26,1179.7352169268681,1193.880275982552,1167.849482270177,1188.084716796875,16196052,SBIN
2026-02-27,1185.6289359982593,1190.3439954720204,1177.3776418736493,1180.4227294921875,10700355,SBIN
2026-03-02,1164.0185219818375,1176.1007875153553,1158.5176989399156,1168.831787109375,16270835,SBIN
2026-03-04,1151.3468160340765,1161.7591088376892,1137.1035525068773,1153.704345703125,13855065,SBIN
2026-03-05,1160.0893510848653,1162.250350176651,1130.227585974388,1148.79296875,22100665,SBIN
2026-03-06,1147.8105829193835,1148.5964661130286,1117.8506147730068,1122.7620849609375,20333328,SBIN
2026-03-09,1095.2579011773867,1095.2579011773867,1045.4556391950514,1079.050048828125,24631198,SBIN
2026-03-10,1091.426946764578,1100.0711827783487,1084.9438297087236,1092.5074462890625,17491459,SBIN
2026-03-11,1093.68621097212,1096.1419460785291,1068.735918309216,1071.781005859375,8364878,SBIN
2026-03-12,1056.0643275370824,1078.5588856550278,1051.545798810298,1065.9854736328125,14614140,SBIN
2026-03-13,1058.4218838608822,1062.1546493731119,1023.8451797948526,1028.4619140625,15978675,SBIN
2026-03-16,1030.1318158454478,1054.0016113922836,1017.754933672958,1047.8131103515625,15322269,SBIN
2026-03-17,1054.8856886705516,1054.8856886705516,1028.4619526297915,1045.8485107421875,16427877,SBIN
2026-03-18,1048.5989519731277,1056.3590993465684,1042.5087765154108,1050.8582763671875,10749915,SBIN
2026-03-19,1030.917599515117,1040.936950803617,1022.5681001383867,1030.3282470703125,13431191,SBIN
2026-03-20,1039.6600314398456,1065.7890288095168,1035.3379137006734,1039.26708984375,17748625,SBIN
2026-03-23,1020.6035363599531,1027.086653225109,996.2426554714183,1013.6292724609375,16039603,SBIN
2026-03-24,1036.5166462758839,1040.2494116751225,1001.9399432564919,1012.5487670898438,30416734,SBIN
2026-03-25,1024.5326936323975,1046.6343097462316,1024.5326936323975,1041.821044921875,16205333,SBIN
2026-03-27,1032.6857904923231,1036.6149667218629,995.0638801309044,1001.4487915039062,20445349,SBIN
2026-03-30,987.2055421466002,991.5276600442548,958.522543259506,962.058837890625,21438137,SBIN
2026-04-01,990.1524604010582,1012.745224874495,980.7715636649391,999.7789306640625,17424479,SBIN
2026-04-02,982.2941115339542,1007.833758433837,960.5854356508436,1000.3683471679688,20777629,SBIN
2026-04-06,1001.939983603395,1017.3619530344956,987.2546747939996,1014.4642333984375,23576634,SBIN
2026-04-07,1006.8514108515341,1015.3973212044529,994.0815880797585,1012.1558227539062,15021291,SBIN
2026-04-08,1054.9838445577764,1058.7166100346876,1040.6914176944629,1042.656005859375,28533742,SBIN
2026-04-09,1041.329937682068,1045.504687551959,1019.9159985301128,1022.5189819335938,24772948,SBIN
2026-04-10,1030.4265520507975,1050.5144192344412,1027.6270377357864,1047.8131103515625,17861336,SBIN
2026-04-13,1023.5503875880017,1048.353312047308,1011.7628591320939,1044.7188720703125,17763348,SBIN
2026-04-15,1056.9483994035816,1068.7359280214653,1049.2864578383803,1052.528076171875,16195810,SBIN
2026-04-16,1058.9129934902317,1064.9541259228224,1043.1962885775752,1048.255126953125,20313165,SBIN
2026-04-17,1048.1077725199245,1062.9895516597985,1041.2317140310404,1061.1231689453125,16823879,SBIN
2026-04-20,1061.1723665018162,1101.102525826513,1056.8010858019393,1088.2344970703125,31179584,SBIN
2026-04-21,1093.6863001427537,1095.012373226544,1086.3681369836245,1092.1636962890625,16963734,SBIN
2026-04-22,1090.3464592751195,1098.057444036852,1080.6217236295247,1083.76513671875,12412659,SBIN
2026-04-23,1075.6119646643676,1082.3898174645885,1063.038553095583,1074.875244140625,13669001,SBIN
2026-04-24,1072.0266364810311,1086.4172689530212,1070.749726103037,1081.60400390625,13774745,SBIN
2026-04-27,1091.2796075968854,1095.0615358962568,1083.8633589162316,1092.1636962890625,11624385,SBIN
2026-04-28,1082.7827735553876,1090.8375367592364,1069.8655828843748,1071.9775390625,10727835,SBIN
2026-04-29,1074.6297819435,1085.4350174109393,1065.0524141428152,1067.655517578125,10611104,SBIN
2026-04-30,1055.9661789414106,1058.6183251016832,1044.1786495020647,1049.5321044921875,14269539,SBIN
2026-05-01,1049.5321044921875,1049.5321044921875,1049.5321044921875,1049.5321044921875,0,SBIN
2026-05-04,1044.7679726198023,1069.816471974203,1044.7679726198023,1049.4830322265625,11693211,SBIN
2026-05-05,1041.8211028311687,1049.581250235382,1030.8194568287804,1041.133544921875,12194631,SBIN
2026-05-06,1053.019301365762,1081.6040364042549,1042.4104768585712,1076.5943603515625,14384779,SBIN
2026-05-07,1086.4172785832332,1088.381866790436,1066.8696019397742,1072.6651611328125,16105163,SBIN
2026-05-08,1070.7005210892246,1075.6119913694504,993.0010852378409,1001.2523193359375,48065909,SBIN
2026-05-11,989.1701581334676,989.1701581334676,953.9057759818752,956.3615112304688,46927396,SBIN
2026-05-12,959.6031354409057,964.0234589147167,945.3598709141811,957.3438110351562,25787092,SBIN
2026-05-13,960.6836091187947,963.8269621620207,944.1810805849492,952.9234619140625,17584580,SBIN
2026-05-14,956.2632817330172,969.5242517416415,946.5385464115705,962.5499877929688,16487142,SBIN
2026-05-15,971.2000122070312,972.5,957.0,963.2000122070312,26972493,SBIN
2026-05-18,952.0,954.9000244140625,933.9000244140625,939.4000244140625,16554877,SBIN
2026-05-19,942.0,956.5999755859375,939.5,948.7999877929688,17280869,SBIN
2026-05-20,941.0999755859375,955.0,935.0,950.9000244140625,11928460,SBIN
2026-05-21,957.0,960.9000244140625,946.5,950.9000244140625,11756520,SBIN
2026-05-22,950.9000244140625,958.5999755859375,947.7000122070312,949.2000122070312,7807192,SBIN
2026-05-25,959.9000244140625,972.5,957.5,969.5999755859375,10934747,SBIN
2026-05-26,969.9000244140625,978.7999877929688,962.0999755859375,968.5,16269800,SBIN
2026-05-27,969.7999877929688,975.9000244140625,966.5999755859375,967.7999877929688,8111259,SBIN
2026-05-28,967.7999877929688,967.7999877929688,967.7999877929688,967.7999877929688,0,SBIN
2026-05-29,967.7999877929688,973.7000122070312,960.2999877929688,964.4000244140625,22292535,SBIN
2026-06-01,966.25,970.25,950.0999755859375,954.0999755859375,11118975,SBIN
2026-06-02,950.9500122070312,961.2999877929688,939.9000244140625,956.6500244140625,15911760,SBIN
2026-06-03,953.75,974.0,937.2000122070312,970.4500122070312,27947005,SBIN
2026-06-04,969.9000244140625,985.7999877929688,961.0999755859375,979.25,18875883,SBIN
2026-06-05,980.0,992.5999755859375,970.5999755859375,977.7000122070312,20955539,SBIN
2026-06-08,966.0,988.6500244140625,965.1500244140625,981.9500122070312,12895416,SBIN
2026-06-09,985.0,1009.0,983.0,1002.7000122070312,22142480,SBIN
2026-06-10,1002.7000122070312,1012.4000244140625,999.5,1003.25,19122317,SBIN
2026-06-11,998.0999755859375,1009.4000244140625,993.0,1000.7000122070312,13773978,SBIN
2026-06-12,1018.0,1018.7000122070312,1004.3499755859375,1017.1500244140625,11081119,SBIN
2026-06-15,1034.0,1034.0,1018.5,1020.8499755859375,12463437,SBIN
2026-06-16,1023.7999877929688,1026.550048828125,1007.4000244140625,1015.2999877929688,9693677,SBIN
2026-06-17,1017.0,1028.0999755859375,1013.4500122070312,1026.5,8190062,SBIN
2026-06-18,1027.9000244140625,1045.699951171875,1024.449951171875,1042.699951171875,11048009,SBIN
2026-06-19,1042.0,1042.0,1029.300048828125,1035.0999755859375,9099878,SBIN
2026-06-22,1038.0,1043.0,1033.5999755859375,1040.75,6209440,SBIN
2026-06-23,1041.0,1045.5,1022.3499755859375,1024.199951171875,10411004,SBIN
2026-06-24,1024.0,1044.5,1020.5,1034.5999755859375,11724076,SBIN
2026-06-25,1040.0,1055.4000244140625,1038.550048828125,1045.4000244140625,16002360,SBIN
2026-06-26,1045.4000244140625,1045.4000244140625,1045.4000244140625,1045.4000244140625,0,SBIN
2026-06-29,1044.449951171875,1046.4000244140625,1030.8499755859375,1036.0999755859375,16818246,SBIN
2026-06-30,1040.0,1044.0,1025.050048828125,1026.9000244140625,11161643,SBIN
2026-07-01,1031.0,1049.9000244140625,1025.5,1047.4000244140625,6295315,SBIN
2026-07-02,1050.9000244140625,1059.800048828125,1045.0,1051.5999755859375,14682790,SBIN
2026-07-03,1055.0,1057.0,1034.5,1040.0,10441493,SBIN
2026-07-06,1041.9000244140625,1048.4000244140625,1036.5,1037.699951171875,8761017,SBIN
2026-07-07,1039.300048828125,1049.5999755859375,1035.5,1038.0999755859375,11053574,SBIN
2026-07-08,1029.5999755859375,1038.300048828125,1011.7000122070312,1016.9000244140625,14141694,SBIN
2026-07-09,1019.7999877929688,1031.699951171875,1019.2999877929688,1022.0999755859375,7661699,SBIN
2026-07-10,1029.5,1047.800048828125,1023.5,1036.0,8792150,SBIN
2026-07-13,1023.5,1042.9000244140625,1022.0999755859375,1037.0,8381510,SBIN
2026-07-14,1033.300048828125,1033.699951171875,1011.4000244140625,1015.4000244140625,11562326,SBIN
2026-07-15,1015.5,1036.0,1013.7000122070312,1030.0999755859375,14275394,SBIN
2026-07-16,1030.0999755859375,1036.0,1027.300048828125,1031.199951171875,7708316,SBIN
2026-07-17,1030.5999755859375,1048.0,1028.300048828125,1044.300048828125,8452780,SBIN
2026-07-20,1041.5999755859375,1065.0,1038.300048828125,1060.0,16540411,SBIN
2026-07-21,1056.199951171875,1067.0,1042.800048828125,1044.4000244140625,10514887,SBIN
2026-07-22,1044.4000244140625,1044.4000244140625,1019.2000122070312,1025.0,11227214,SBIN
2026-07-23,1022.0,1023.0999755859375,1006.5,1012.5999755859375,8910230,SBIN
2026-07-24,1006.0,1017.7999877929688,1000.7999877929688,1015.0,13797053,SBIN
2026-07-27,1020.2999877929688,1023.7000122070312,1015.9000244140625,1020.5999755859375,6093002,SBIN
2026-07-28,1018.0,1022.0,1008.2999877929688,1013.2000122070312,9873370,SBIN
2026-07-29,1020.0,1020.2000122070312,1012.0,1013.7000122070312,4792964,SBIN
2026-07-30,1013.5,1028.300048828125,1007.5999755859375,1025.300048828125,6847458,SBIN
2026-07-31,1028.0999755859375,1034.300048828125,1023.5,1027.4000244140625,10921417,SBIN
2026-08-03,1035.0,1051.5,1031.5999755859375,1045.0,10507450,SBIN
2026-08-04,1047.5999755859375,1047.5999755859375,1030.9000244140625,1042.699951171875,8544184,SBIN
2026-08-05,1043.0,1055.0,1040.300048828125,1055.0,8707119,SBIN
2026-08-06,1052.5,1088.0999755859375,1052.5,1085.0,13822265,SBIN
2026-08-07,1080.0999755859375,1124.5,1075.699951171875,1097.199951171875,29410622,SBIN
2026-08-10,1108.0,1113.300048828125,1068.5999755859375,1071.0,16623448,SBIN
2026-08-11,1071.0,1071.0,1060.4000244140625,1066.0,9456913,SBIN
2026-08-12,1066.0,1085.5,1066.0,1082.0,17673922,SBIN
2026-08-13,1083.0,1086.800048828125,1073.0,1083.0,9502483,SBIN
2026-08-14,1082.0,1082.0,1065.0999755859375,1067.699951171875,6273501,SBIN
2026-08-17,1064.199951171875,1068.800048828125,1052.4000244140625,1061.199951171875,7039473,SBIN
2026-08-18,1059.5999755859375,1067.699951171875,1053.0,1053.0,5583771,SBIN
2026-08-19,1053.199951171875,1054.800048828125,1041.4000244140625,1048.5999755859375,7182636,SBIN
2026-08-20,1052.9000244140625,1052.9000244140625,1045.699951171875,1048.0,5879949,SBIN
2026-08-21,1052.699951171875,1054.699951171875,1040.0999755859375,1048.699951171875,6534213,SBIN
2026-08-24,1047.9000244140625,1047.9000244140625,1032.0999755859375,1039.5,8868193,SBIN
2026-08-25,1036.0,1048.0,1031.300048828125,1048.0,9982723,SBIN
2026-08-26,1051.4000244140625,1062.300048828125,1051.199951171875,1052.0,5858099,SBIN
2026-08-27,1052.0,1054.4000244140625,1042.9000244140625,1042.9000244140625,4788716,SBIN
2026-08-28,1046.0,1051.199951171875,1040.5,1047.5,4969272,SBIN
2026-08-31,1041.199951171875,1060.0,1034.5,1060.0,5138732,SBIN
2026-09-01,1051.300048828125,1051.300048828125,1027.0999755859375,1034.5,7605132,SBIN
2026-09-02,1026.0,1035.300048828125,1017.2999877929688,1020.9000244140625,13843678,SBIN
2026-09-03,1028.9000244140625,1036.0,1021.0999755859375,1023.4000244140625,7371804,SBIN
2026-09-04,1026.0,1029.199951171875,1016.0999755859375,1016.0999755859375,6724566,SBIN
2026-09-07,1020.7999877929688,1021.7000122070312,1000.5999755859375,1005.9000244140625,10220001,SBIN
2026-09-08,1004.9000244140625,1011.2000122070312,1002.0999755859375,1008.0,7084768,SBIN
2026-09-09,999.0,1012.2000122070312,992.4000244140625,1000.5,7091386,SBIN
2026-09-10,1002.0,1011.9000244140625,1001.0,1009.7000122070312,5504031,SBIN
2026-09-11,1000.0,1001.9000244140625,993.0,995.7000122070312,7771109,SBIN
2026-09-14,995.7000122070312,995.7000122070312,995.7000122070312,995.7000122070312,0,SBIN
2026-09-15,994.0,999.7999877929688,968.0,968.0,10004115,SBIN
2026-09-16,976.0,991.4000244140625,973.2000122070312,991.4000244140625,8609956,SBIN
2026-09-17,991.2000122070312,1000.9000244140625,985.2000122070312,988.7000122070312,8624398,SBIN
2026-09-18,992.0,996.2000122070312,985.0999755859375,996.2000122070312,5699456,SBIN
2026-09-21,993.5999755859375,997.5,989.0999755859375,996.0,3590054,SBIN
2026-09-22,999.0999755859375,1000.0999755859375,981.2999877929688,987.0,6126235,SBIN
2026-09-23,987.0,996.4000244140625,986.4000244140625,994.0999755859375,4522248,SBIN
2026-09-24,982.2999877929688,992.0,975.7999877929688,978.5,13724672,SBIN
2026-09-25,980.7999877929688,985.7000122070312,977.0,983.0,3759097,SBIN
2026-09-28,980.0999755859375,982.5,956.0999755859375,962.0,9846646,SBIN
2026-09-29,960.9000244140625,968.0999755859375,953.0,964.7000122070312,26781498,SBIN
2026-09-30,964.7000122070312,972.7999877929688,959.5,959.5,8010571,SBIN
2026-10-01,953.0999755859375,965.4000244140625,945.7999877929688,954.0999755859375,7390452,SBIN
