Date,Open,High,Low,Close,Volume,Symbol
2021-10-04,790.0052474095271,798.4764112519154,786.6263209219547,791.9088745117188,4007435,SUNPHARMA
2021-10-05,788.1015526808158,794.1931821227455,775.6803985236849,780.9629516601562,2987134,SUNPHARMA
2021-10-06,780.9155081603377,784.2944349444958,758.8809992807522,762.02197265625,2910453,SUNPHARMA
2021-10-07,769.1129876943551,786.5311654047006,765.3533122585857,783.58056640625,4089061,SUNPHARMA
2021-10-08,785.3413659385287,793.6221557488784,779.1545776345109,781.8197021484375,2753935,SUNPHARMA
2021-10-11,786.1979452511231,795.9064544989492,778.3930629893773,792.4323120117188,2988841,SUNPHARMA
2021-10-12,793.3365451762769,802.1408199727744,784.0087845782643,789.7196655273438,2407031,SUNPHARMA
2021-10-13,788.0540457996649,805.9957081037999,787.3877646912322,801.9505004882812,4113083,SUNPHARMA
2021-10-14,803.2354923178115,809.0415318380724,797.8577224273696,800.7607421875,2300231,SUNPHARMA
2021-10-18,809.0415815954366,809.993395220843,792.0517316195698,795.6210327148438,2632795,SUNPHARMA
2021-10-19,796.6679340674225,801.6173761009959,785.864873611312,787.48291015625,2029762,SUNPHARMA
2021-10-20,785.2937460667509,794.5739280404911,768.5894301328362,775.6328735351562,2089252,SUNPHARMA
2021-10-21,783.3900701723173,789.0533719760042,771.0164949784837,778.9641723632812,3155655,SUNPHARMA
2021-10-22,785.3413670569361,787.0070408334668,761.5936645468137,773.3961181640625,1709523,SUNPHARMA
2021-10-25,770.9689556075823,781.6768577687988,757.2152385461358,774.0147705078125,2129988,SUNPHARMA
2021-10-26,777.6316402648663,784.1991767434159,767.4472240550649,774.30029296875,1628608,SUNPHARMA
2021-10-27,776.4895148634573,798.048115907938,776.4895148634573,785.3413696289062,3569869,SUNPHARMA
2021-10-28,784.2467561156393,789.1961980049626,764.3538304446245,768.6845703125,1647229,SUNPHARMA
2021-10-29,761.4508402122642,777.2033428503377,741.7958671616495,756.6917724609375,4321416,SUNPHARMA
2021-11-01,760.4514096682635,774.6333960032968,749.0772266911749,772.6821899414062,1935341,SUNPHARMA
2021-11-02,775.3949654900268,795.7161624292621,745.0320886860106,776.1088256835938,17608860,SUNPHARMA
2021-11-03,780.487055814227,782.3906827796275,743.6994414702274,749.9814453125,9452138,SUNPHARMA
2021-11-04,758.595416604739,758.595416604739,750.5050012457173,757.1201171875,485870,SUNPHARMA
2021-11-08,759.547300415039,764.3063687133789,745.2700955200195,761.450927734375,4280584,SUNPHARMA
2021-11-09,761.4508537305594,772.8726165365177,758.5954130290697,762.7357788085938,3232291,SUNPHARMA
2021-11-10,761.2129300397576,775.7280875053484,758.5954426279296,772.0159912109375,2900645,SUNPHARMA
2021-11-11,769.9696798673755,771.3974003721939,753.931584673458,756.549072265625,2107377,SUNPHARMA
2021-11-12,765.2105821662266,769.5889016420888,757.7388102878198,767.6376953125,2076523,SUNPHARMA
2021-11-15,769.3508781566004,780.1539967677869,767.7804206610439,771.63525390625,2109222,SUNPHARMA
2021-11-16,773.158243247386,778.0601069535228,757.3105802785059,759.9756469726562,1512946,SUNPHARMA
2021-11-17,761.4509237530618,766.2099920265184,749.4580949415891,753.2177124023438,1662900,SUNPHARMA
2021-11-18,751.9326895687127,756.073055191361,742.5097123731912,752.5513916015625,3177648,SUNPHARMA
2021-11-22,753.6935958149292,755.740018346578,728.185002280488,733.6103515625,2894426,SUNPHARMA
2021-11-23,732.8964958964896,753.5984423714879,724.8536590954302,747.3640747070312,2739763,SUNPHARMA
2021-11-24,745.7459624690407,758.547867125777,738.1790326605236,741.4152221679688,2404041,SUNPHARMA
2021-11-25,738.2265802000722,749.3152315063638,737.0368132399161,745.1748657226562,1861259,SUNPHARMA
2021-11-26,737.6555141681031,760.4038816491167,725.2819378014124,730.3265380859375,5432649,SUNPHARMA
2021-11-29,735.7518772343699,737.6555043423501,712.9559309974885,714.8595581054688,4664270,SUNPHARMA
2021-11-30,714.8118684387812,724.9487044578686,710.1003804567536,717.2865600585938,5505266,SUNPHARMA
2021-12-01,720.2849017762635,726.4716898324851,704.6751363660073,709.4342041015625,3687799,SUNPHARMA
2021-12-02,716.7156786073868,733.6103708985969,710.1481411833067,729.3272094726562,4896650,SUNPHARMA
2021-12-03,734.7048501053782,734.7048501053782,712.8131400160427,715.5733642578125,3135454,SUNPHARMA
2021-12-06,715.0023635360164,716.2872886145257,698.3456261045056,701.62939453125,2577704,SUNPHARMA
2021-12-07,705.3890801939294,714.812058665642,699.5830401055218,707.8638305664062,2583462,SUNPHARMA
2021-12-08,714.0505799414954,726.7096893020046,711.3378763037555,721.04638671875,2530785,SUNPHARMA
2021-12-09,721.6650204911078,729.8505935028818,719.7138143993103,723.1403198242188,2604449,SUNPHARMA
2021-12-10,717.857897047005,737.6556101920497,717.857897047005,724.663330078125,2950388,SUNPHARMA
2021-12-13,727.0427943424738,736.0850235327744,722.4265216250624,725.85302734375,2491218,SUNPHARMA
2021-12-14,720.7608402693669,731.7066965428535,717.2866974318846,719.61865234375,3224172,SUNPHARMA
2021-12-15,716.2397080439,741.3199722573694,709.3866387534327,737.7506713867188,6231786,SUNPHARMA
2021-12-16,748.6014318929665,748.6014318929665,723.3783702970815,727.6139526367188,6186549,SUNPHARMA
2021-12-17,725.2819179651635,735.1331648731181,717.1915028697516,731.8970336914062,7171030,SUNPHARMA
2021-12-20,730.9928338919401,737.3699965355968,716.7632091654598,727.1380004882812,7474026,SUNPHARMA
2021-12-21,727.2332472226939,746.1743631256641,727.2332472226939,741.0345458984375,5599344,SUNPHARMA
2021-12-22,747.1736199549373,762.4026364126175,740.0350184903997,759.0712890625,5871235,SUNPHARMA
2021-12-23,763.2116608220033,765.210504104627,751.9326936548161,754.2646484375,4277384,SUNPHARMA
2021-12-24,755.1689523496651,756.50145656651,740.1302506185674,747.554443359375,3076272,SUNPHARMA
2021-12-27,746.2218500793281,758.2146780036809,743.5092046017526,755.8351440429688,3598487,SUNPHARMA
2021-12-28,757.6435660586714,780.3919325485704,755.9303133321299,775.8231811523438,5477769,SUNPHARMA
2021-12-29,782.8666158792261,802.9974949537551,777.1557347907454,798.3811645507812,8748856,SUNPHARMA
2021-12-30,796.3347850023075,801.3793849144207,787.4828730105013,794.2407836914062,5179861,SUNPHARMA
2021-12-31,794.2408280363724,809.9457516038595,793.8125003202595,804.94873046875,3346523,SUNPHARMA
2022-01-03,804.2823784148,818.6071594529568,800.3799664435568,808.0420532226562,3726756,SUNPHARMA
2022-01-04,811.4210575439037,812.848777879758,792.2896282810907,797.334228515625,3027262,SUNPHARMA
2022-01-05,799.5233454546093,803.8540852903378,790.6239124065287,794.8594360351562,2436343,SUNPHARMA
2022-01-06,797.4294562231719,804.187367925747,782.3908123252762,789.6245727539062,2423850,SUNPHARMA
2022-01-07,789.6246254963718,795.7162564388058,785.4366800557843,789.0059814453125,1475374,SUNPHARMA
2022-01-10,792.004016024205,794.764298502147,778.1551407649313,786.8642578125,4837873,SUNPHARMA
2022-01-11,790.8618915102215,800.951091769625,788.387141456382,792.2896118164062,4950526,SUNPHARMA
2022-01-12,804.2824416777412,804.2824416777412,787.6257047199182,795.906494140625,3953446,SUNPHARMA
2022-01-13,795.9064916695244,829.0295911554241,794.0504436525977,823.7946166992188,7395140,SUNPHARMA
2022-01-14,823.794644332757,827.03083370642,815.5138546599876,818.3217163085938,2351963,SUNPHARMA
2022-01-17,818.321770013783,821.7959130078035,809.5174939188397,812.08740234375,1750754,SUNPHARMA
2022-01-18,813.8006148641329,825.4127522155152,804.2824790177687,805.9005737304688,3354708,SUNPHARMA
2022-01-19,807.1379323196184,807.1379323196184,793.8125419275492,798.095703125,1677779,SUNPHARMA
2022-01-20,798.8571741989928,802.1409428666278,776.3468165324048,780.4871826171875,2886894,SUNPHARMA
2022-01-21,777.155791113734,780.2016062004811,762.4978386866899,769.7792358398438,3218477,SUNPHARMA
2022-01-24,765.2581237311492,785.2462090524853,753.4556120180573,762.2598876953125,5300160,SUNPHARMA
2022-01-25,752.8845058924362,772.5870576780976,746.9832503589118,769.1129150390625,3779497,SUNPHARMA
2022-01-27,763.3545399380074,778.0124932442801,753.1701223624096,772.9678344726562,3593525,SUNPHARMA
2022-01-28,776.6798497001395,802.283657198723,772.9677536514373,787.48291015625,5073701,SUNPHARMA
2022-01-31,790.100327628576,808.8034853012424,780.534614001994,794.288330078125,8041517,SUNPHARMA
2022-02-01,806.5668748680336,851.87317938306,799.3806356504781,848.77978515625,12337459,SUNPHARMA
2022-02-02,847.1140860214317,855.1569223895544,839.4995773830368,847.7327880859375,4404741,SUNPHARMA
2022-02-03,846.4953605067102,848.2562504370119,838.0242547376228,840.974853515625,2292825,SUNPHARMA
2022-02-04,840.3562506362118,859.3448854800024,838.8808930810111,850.873779296875,4222492,SUNPHARMA
2022-02-07,858.0122279357249,858.0122279357249,837.3102858370031,844.3060913085938,3494623,SUNPHARMA
2022-02-08,843.3067524230773,852.7773082705734,839.4994984617994,851.0164184570312,4766558,SUNPHARMA
2022-02-09,857.5399828470319,858.163508487009,849.3377135493913,850.3930053710938,2874380,SUNPHARMA
2022-02-10,855.1416398910347,859.7943389738246,844.2053202755544,857.9236450195312,3159839,SUNPHARMA
2022-02-11,858.2114714944447,859.3626723329346,839.072999083641,844.30126953125,2682532,SUNPHARMA
2022-02-14,834.6120518272014,850.5848231366195,827.1293347971822,829.6715087890625,5163415,SUNPHARMA
2022-02-15,827.4171728623825,844.2053473842279,824.1074924604318,841.135498046875,3219287,SUNPHARMA
2022-02-16,840.3679803597242,845.3085232999628,831.8299717501376,833.5087890625,2136415,SUNPHARMA
2022-02-17,836.8663300066333,836.8663300066333,826.2658107314323,827.4649658203125,2275289,SUNPHARMA
2022-02-18,827.4651657179639,832.597585869749,821.5653563869046,827.8009643554688,1797851,SUNPHARMA
2022-02-21,820.7019698114474,828.8562266710585,805.35278042865,809.5258178710938,2305713,SUNPHARMA
2022-02-22,801.9951782370192,814.46639512348,791.0588569309637,811.3965454101562,3171552,SUNPHARMA
2022-02-23,815.2817557416334,818.303650792175,803.961740395456,806.072265625,1979574,SUNPHARMA
2022-02-24,796.8146716814467,802.9064155944327,781.8492373085663,784.967041015625,3679222,SUNPHARMA
2022-02-25,787.1256131132187,801.0358159043725,783.8159324627525,797.7261352539062,2098988,SUNPHARMA
2022-02-28,787.6052418486354,812.5476733809917,787.6052418486354,809.5737915039062,4123139,SUNPHARMA
2022-03-02,810.0053835100165,810.5810131747794,782.5207796783237,787.50927734375,3807036,SUNPHARMA
2022-03-03,798.9252004552501,798.9252004552501,783.7678894565544,787.50927734375,2657776,SUNPHARMA
2022-03-04,783.0963675765813,805.4486107201645,776.4290523795615,795.9033813476562,4082674,SUNPHARMA
2022-03-07,784.7272898996595,795.2798573677477,776.1892800726569,789.1881713867188,3065234,SUNPHARMA
2022-03-08,792.5936434950397,826.6496516387714,792.5936434950397,820.22216796875,4864275,SUNPHARMA
2022-03-09,828.2805893351751,849.7694176232656,825.0188634308415,832.9332885742188,7276355,SUNPHARMA
2022-03-10,834.5162185529728,846.0281099675993,831.3504015719444,834.180419921875,2899758,SUNPHARMA
2022-03-11,836.5306989242655,870.1070457847578,833.7006808355236,865.3104248046875,7194497,SUNPHARMA
2022-03-14,865.2624878505259,874.7118079518698,853.7505972649277,855.95703125,3861194,SUNPHARMA
2022-03-15,857.3480726798045,871.0663974041936,845.5003833545337,855.3814697265625,4039746,SUNPHARMA
2022-03-16,863.3918180356138,863.3918180356138,844.6370408098968,853.0311279296875,3134307,SUNPHARMA
2022-03-17,855.909163007124,877.78174561355,855.909163007124,874.52001953125,5484100,SUNPHARMA
2022-03-21,875.3834442904576,893.1309442568943,874.2322433929436,876.6305541992188,3878744,SUNPHARMA
2022-03-22,876.6304883611439,884.4969589254287,865.790136041431,876.9182739257812,2174495,SUNPHARMA
2022-03-23,880.6596911233484,888.334285381504,859.3626803464653,864.1593017578125,2578669,SUNPHARMA
2022-03-24,849.9613593758961,877.4939794544437,849.4816972092054,871.8818969726562,3141478,SUNPHARMA
2022-03-25,874.7597592123977,877.7336994008317,859.8422794276422,865.6461791992188,1571676,SUNPHARMA
2022-03-28,871.9297914564211,873.8484398622642,862.7202439768723,869.0518188476562,1545077,SUNPHARMA
2022-03-29,871.1144200553985,884.497005768581,864.447104451088,881.9547729492188,3177777,SUNPHARMA
2022-03-30,884.4969469824194,884.4969469824194,871.4501607733118,883.1538696289062,2084073,SUNPHARMA
2022-03-31,883.1539550636612,889.2936541986583,873.7525883371117,877.5419311523438,1901705,SUNPHARMA
2022-04-01,876.8223829959697,881.6190043471512,867.3250492996277,871.7379760742188,1184766,SUNPHARMA
2022-04-04,871.0663514540181,891.0202825962091,865.885977484723,888.3821411132812,1876408,SUNPHARMA
2022-04-05,890.2528112894875,902.4362397062121,886.559436732616,891.3080444335938,2911697,SUNPHARMA
2022-04-06,890.0610303525281,900.6135971370649,887.374934154238,890.3488159179688,1881754,SUNPHARMA
2022-04-07,890.3487157616427,909.4392896726052,889.1495605801124,893.0828247070312,2728625,SUNPHARMA
2022-04-08,898.8867317910789,899.1745173266166,881.9066825643547,886.9910888671875,1453271,SUNPHARMA
2022-04-11,882.5783534015919,895.5771859178202,881.2352759645427,887.7587280273438,1102625,SUNPHARMA
2022-04-12,882.5782686618819,890.3967843541811,874.3281039193045,883.8253784179688,1420380,SUNPHARMA
2022-04-13,883.8254015888887,904.6427490951095,883.8254015888887,898.64697265625,1825531,SUNPHARMA
2022-04-18,889.8692244416138,902.7721483812579,881.8588897129275,889.7733154296875,1287320,SUNPHARMA
2022-04-19,893.0829118906142,899.6063050044592,877.8296330715095,884.4969482421875,2001066,SUNPHARMA
2022-04-20,880.6595692286055,893.1307831719299,878.788875426607,885.9358520507812,1455897,SUNPHARMA
2022-04-21,893.1309340221645,907.520798694917,883.1539377613859,905.6980590820312,2410164,SUNPHARMA
2022-04-22,902.7241709187673,903.9233262999027,880.9954519915893,887.18310546875,1745381,SUNPHARMA
2022-04-25,878.3093885275349,884.8327823346108,860.1301805584877,863.3919067382812,1146270,SUNPHARMA
2022-04-26,868.1884113181208,887.1350644932952,867.2770416067889,880.7075805664062,3142879,SUNPHARMA
2022-04-27,873.0329334221198,884.2090832216646,866.8452809269317,869.2435913085938,1586283,SUNPHARMA
2022-04-28,882.5782734459826,889.6292829704466,872.3134926856212,883.53759765625,3150038,SUNPHARMA
2022-04-29,886.415644506652,927.7145435061194,882.1466397030177,890.8765258789062,4290688,SUNPHARMA
2022-05-02,884.9285351720189,887.3747999370215,865.8379620010237,885.8399047851562,2119174,SUNPHARMA
2022-05-04,882.6742279684975,883.4417342182967,858.5952124699515,864.2552490234375,3925917,SUNPHARMA
2022-05-05,868.188435396845,881.8108512870533,837.1063066643981,842.4306030273438,4462293,SUNPHARMA
2022-05-06,826.9374990455699,849.6734953586,826.4578369231536,847.37109375,2350532,SUNPHARMA
2022-05-09,832.7413709342834,855.1416264272342,832.7413709342834,849.3856811523438,2522123,SUNPHARMA
2022-05-10,849.0020215218246,854.6140453617277,812.06803527483,826.7936401367188,6975331,SUNPHARMA
2022-05-11,818.3035625809931,831.7341017089344,816.3849141341444,820.0303344726562,2768829,SUNPHARMA
2022-05-12,818.2076618415556,821.0376214872301,801.2276112049863,815.4255981445312,2700591,SUNPHARMA
2022-05-13,827.8489799708382,852.8393681944937,825.1628834350589,846.603759765625,4870689,SUNPHARMA
2022-05-16,846.0761379077214,858.3554781052912,839.4567763487711,849.57763671875,2739020,SUNPHARMA
2022-05-17,844.3492186501359,859.170730708651,842.9581868486483,855.4773559570312,2317400,SUNPHARMA
2022-05-18,854.7578395367696,872.0256746789265,851.8798670130767,862.5763549804688,2878378,SUNPHARMA
2022-05-19,849.0020392890888,863.3919043617851,842.6225090191889,848.6182861328125,2715634,SUNPHARMA
2022-05-20,856.6765557415306,880.3718764406273,852.8872132413553,878.4052734375,2877917,SUNPHARMA
2022-05-23,882.5782579538165,893.4186096290533,879.3165322751604,884.5448608398438,2195036,SUNPHARMA
2022-05-24,890.2527811947059,892.9868315090571,870.1069747237051,872.8890380859375,2911410,SUNPHARMA
2022-05-25,877.7817120401289,885.1205661683525,870.3469489053628,874.1362915039062,2405811,SUNPHARMA
2022-05-26,881.4271731083163,884.9287302957424,857.1562795337551,863.3439331054688,4113170,SUNPHARMA
2022-05-27,865.2624847869006,875.6711290668572,859.5544940145844,867.1331787109375,2374509,SUNPHARMA
2022-05-30,868.1884513897196,878.2613560743517,850.4409526596535,852.167724609375,3541617,SUNPHARMA
2022-05-31,831.9739510335764,846.8914313248881,816.5768086200198,825.5944213867188,24360628,SUNPHARMA
2022-06-01,839.408631334711,839.408631334711,798.7332639496065,805.11279296875,5999099,SUNPHARMA
2022-06-02,802.7145767264578,827.8009296143224,798.9252341787059,824.587158203125,3553217,SUNPHARMA
2022-06-03,827.0815997670226,839.4088955550235,820.0784844249492,829.9115600585938,2618353,SUNPHARMA
2022-06-06,829.815524467552,838.4014887144522,823.1002543273521,824.8270263671875,2095566,SUNPHARMA
2022-06-07,820.2222035860825,822.5246051224133,804.489263043664,813.7467651367188,3031449,SUNPHARMA
2022-06-08,810.724905015322,819.2629143114672,803.5299730980666,812.7874755859375,3208941,SUNPHARMA
2022-06-09,811.5881752474061,827.0332695822983,801.467317869418,823.9154663085938,2297715,SUNPHARMA
2022-06-10,815.4254970193668,819.214838980721,807.7509041062434,811.3004150390625,2124778,SUNPHARMA
2022-06-13,805.8324268196203,816.3849943136868,786.4061093873615,795.759521484375,2191412,SUNPHARMA
2022-06-14,792.4017871786444,801.6592891060302,788.4205683377992,791.4904174804688,2461692,SUNPHARMA
2022-06-15,791.682313083264,796.287057631836,785.8304587583608,788.852294921875,2008725,SUNPHARMA
2022-06-16,789.1400475464195,792.4017731814843,773.7429061581754,781.4654541015625,2327414,SUNPHARMA
2022-06-17,772.4478828729367,777.3404130323229,757.7702338422736,761.1278686523438,5719089,SUNPHARMA
2022-06-20,768.4187405899711,780.4102939699644,762.1831328323746,772.5438232421875,2745302,SUNPHARMA
2022-06-21,773.7908821803229,786.9336355307171,772.5917269212085,784.1995849609375,1342717,SUNPHARMA
2022-06-22,780.8899391993904,787.6052089468053,770.5772035158603,776.381103515625,2032073,SUNPHARMA
2022-06-23,776.5731211730943,792.8816363799413,775.6137967491621,791.3467407226562,1778752,SUNPHARMA
2022-06-24,794.2246550968455,799.8846336468065,788.084955817977,791.058837890625,1404748,SUNPHARMA
2022-06-27,794.3204481097107,813.5069323635684,794.3204481097107,801.6593017578125,2980249,SUNPHARMA
2022-06-28,802.9544043208708,803.4340664500947,791.4904677219175,794.8960571289062,2823691,SUNPHARMA
2022-06-29,790.4831278584985,809.3818259995965,790.3392058098538,804.585205078125,2975927,SUNPHARMA
2022-06-30,801.9950716277634,813.6508846663222,790.1474405815372,796.814697265625,3809670,SUNPHARMA
2022-07-01,796.1432375187144,802.9064619323109,791.4425251603953,795.5196533203125,2316527,SUNPHARMA
2022-07-04,791.7302488405821,805.4965862123695,788.4685816991238,795.6635131835938,2097164,SUNPHARMA
2022-07-05,795.663582387004,812.3557897512898,793.0254406132441,801.80322265625,2682730,SUNPHARMA
2022-07-06,805.8322883330758,808.3745207589359,797.4382019962729,803.6258544921875,2364840,SUNPHARMA
2022-07-07,808.7582509492556,818.2076294022664,807.8948943051876,814.89794921875,2327906,SUNPHARMA
2022-07-08,818.7832653160559,824.5392109421794,815.1857992997288,822.8124389648438,2927832,SUNPHARMA
2022-07-11,821.9490296690917,827.8968519031149,816.4808695740621,822.3807373046875,1768048,SUNPHARMA
2022-07-12,818.3036487643104,825.0189190355298,814.4663514664708,816.9605712890625,1695338,SUNPHARMA
2022-07-13,819.8384236669879,828.1366012739363,814.8019717044183,825.1627197265625,2663538,SUNPHARMA
2022-07-14,832.1179430066503,847.035424551344,829.0480934558508,844.1094970703125,4934156,SUNPHARMA
2022-07-15,848.906017526217,848.9539720262547,837.3461139445063,842.67041015625,1413559,SUNPHARMA
2022-07-18,852.4554258438714,859.170694969298,842.8142297385803,846.891357421875,2866600,SUNPHARMA
2022-07-19,844.205246317965,855.0455974295028,837.9696393849347,839.6964111328125,1604458,SUNPHARMA
2022-07-20,848.7141953450588,848.7141953450588,826.985477158234,832.2138061523438,2885666,SUNPHARMA
2022-07-21,836.5307557803551,842.190792342532,828.5683761227635,834.2763671875,2321107,SUNPHARMA
2022-07-22,835.5714421912969,840.5119856206638,831.2544829606874,838.9290771484375,1939758,SUNPHARMA
2022-07-25,834.6120832110896,842.2866770796974,821.5652970554582,833.0291748046875,2419358,SUNPHARMA
2022-07-26,833.8446679601453,841.7111386918697,826.9375214993017,832.3577270507812,1560211,SUNPHARMA
2022-07-27,832.2137720846223,860.5138369566641,830.8227402363431,857.6358642578125,2797789,SUNPHARMA
2022-07-28,859.5545402695628,860.3699424726999,843.0061967208463,858.4512939453125,3183169,SUNPHARMA
2022-07-29,860.5138631403119,913.228743055451,843.2460264217772,904.8346557617188,11315800,SUNPHARMA
2022-08-01,901.7168165284181,901.7168165284181,872.9850442941696,881.3311767578125,4219890,SUNPHARMA
2022-08-02,881.3312785787629,888.9099056963685,874.9517483278098,879.9402465820312,2043767,SUNPHARMA
2022-08-03,877.7816292753187,880.4677252828194,857.2041137965609,860.5137939453125,2863168,SUNPHARMA
2022-08-04,864.3511086403188,882.5782685339549,859.1707345127054,881.1392822265625,3151481,SUNPHARMA
2022-08-05,882.0986435595568,891.2122238899708,874.8078027162275,878.6930541992188,3317738,SUNPHARMA
2022-08-08,882.386510086168,882.386510086168,871.4502478177155,873.368896484375,2677742,SUNPHARMA
2022-08-10,876.054859094407,889.2935211617187,876.054859094407,882.2904663085938,3077870,SUNPHARMA
2022-08-11,885.4562652500917,889.1976531721501,880.1320274783195,883.5855712890625,1526395,SUNPHARMA
2022-08-12,883.5855795727875,885.264396992847,870.2510077678182,876.2947387695312,1384417,SUNPHARMA
2022-08-16,870.1070476988491,882.0506456759986,869.4355090496615,877.3978881835938,1635836,SUNPHARMA
2022-08-17,881.6189312921642,888.3342006273602,877.7816345291951,883.345703125,1828327,SUNPHARMA
2022-08-18,872.9850109507091,881.6189286414303,858.7870246809122,879.46044921875,2989998,SUNPHARMA
2022-08-19,881.6260838675279,886.2459467938673,864.3015538351965,867.5258178710938,1708425,SUNPHARMA
2022-08-22,866.7076505391202,869.5469599772299,845.1963847648897,847.5062866210938,2860170,SUNPHARMA
2022-08-23,841.3465156047534,858.5266498419228,839.8546341837875,855.061767578125,2314528,SUNPHARMA
2022-08-24,858.5267889605207,866.1784688397802,845.1002652093295,847.9395751953125,3223687,SUNPHARMA
2022-08-25,854.6768396102794,857.22741899215,842.1646786700388,844.3783569335938,5016244,SUNPHARMA
2022-08-26,849.1906213121273,857.0829182147652,845.1482196064114,847.121337890625,1542618,SUNPHARMA
2022-08-29,839.2772521191712,847.9395173359975,832.5399347283062,846.2551879882812,2068888,SUNPHARMA
2022-08-30,849.8643813230301,861.8953040484411,848.9019075049972,859.5372314453125,3672052,SUNPHARMA
2022-09-01,859.4892206807571,868.0552621675234,837.7373333305202,839.1328735351562,2939235,SUNPHARMA
2022-09-02,840.1435123476377,845.0521058655871,833.5024187694743,836.919189453125,1963435,SUNPHARMA
2022-09-05,836.3898490652845,852.896300539558,832.0106044123385,851.4044189453125,2808538,SUNPHARMA
2022-09-06,853.7143018416907,857.2754668226731,849.4312814758365,854.4361572265625,2252661,SUNPHARMA
2022-09-07,846.4958063128278,862.7616389371466,846.4958063128278,860.2110595703125,1698682,SUNPHARMA
2022-09-08,864.5421399200434,866.9483245566147,853.7143090554729,860.7403564453125,1772605,SUNPHARMA
2022-09-09,860.9328166833085,868.0551463225752,853.4255327697299,856.6016845703125,1405210,SUNPHARMA
2022-09-12,857.7567813260081,861.558565112468,851.8856550845235,854.3881225585938,1571387,SUNPHARMA
2022-09-13,856.4573046084173,859.7778510339589,850.3456193537426,856.74609375,2216354,SUNPHARMA
2022-09-14,851.4043219289736,864.0127642808279,847.0250777750365,850.5862426757812,1889322,SUNPHARMA
2022-09-15,849.8643786662195,854.8211423114892,838.4109167695377,841.4908447265625,1780723,SUNPHARMA
2022-09-16,845.7257726985556,857.0829522312796,833.3098366978141,835.4754028320312,5625488,SUNPHARMA
2022-09-19,839.6621278960955,844.0413717351948,824.6475020616657,842.0201416015625,1920725,SUNPHARMA
2022-09-20,844.6189038552168,880.4229423382258,843.897048477514,877.72802734375,4408042,SUNPHARMA
2022-09-21,884.0802924290244,887.8820756672792,868.7769943391633,871.3275146484375,4153228,SUNPHARMA
2022-09-22,866.1303757030172,877.0544321001364,861.7029600581851,873.9263916015625,2317690,SUNPHARMA
2022-09-23,868.7289011767264,891.9245569472358,868.7289011767264,886.53466796875,4802181,SUNPHARMA
2022-09-26,883.502881414327,891.5876264988608,865.312102170828,866.9002075195312,3760536,SUNPHARMA
2022-09-27,871.2794127671814,875.7067687763049,860.8365954713472,863.4833984375,3096645,SUNPHARMA
2022-09-28,860.4516379579431,891.2508017327242,858.5748021664689,883.4066162109375,5559336,SUNPHARMA
2022-09-29,890.3845253151118,919.6437535302447,890.3845253151118,895.7744140625,8519098,SUNPHARMA
2022-09-30,898.9025250153211,915.2645815767305,895.1007413006328,913.0509033203125,4182345,SUNPHARMA
2022-10-03,917.1894956241648,931.5303211882119,907.3722502999738,909.0565795898438,4444578,SUNPHARMA
2022-10-04,919.8362206046576,920.4136813856294,907.6609035606444,909.1046142578125,1856830,SUNPHARMA
2022-10-06,918.8737881249458,925.899835418152,911.9920766611036,918.1038208007812,3449485,SUNPHARMA
2022-10-07,917.237603470291,925.4667433579331,910.692792864992,919.3069458007812,1762328,SUNPHARMA
2022-10-10,910.452176988967,918.4406984304535,900.1536947415055,910.5484008789062,1683827,SUNPHARMA
2022-10-11,915.1200738598443,916.1788302827179,904.7253686077667,909.297119140625,2426935,SUNPHARMA
2022-10-12,910.5002808236804,923.9749150007751,905.7360234192591,919.69189453125,2875040,SUNPHARMA
2022-10-13,920.9429518940482,937.2087811965337,915.7937410100146,932.0595703125,4498223,SUNPHARMA
2022-10-14,939.3744776017603,943.1281491146641,927.8247914017387,939.6632080078125,3307000,SUNPHARMA
2022-10-17,939.6632610744626,948.0367957913146,936.7758393613926,943.2244262695312,2647369,SUNPHARMA
2022-10-18,946.8336125514262,948.0367048164217,936.2464006194662,941.63623046875,2065146,SUNPHARMA
2022-10-19,938.9894596619862,943.8981115182155,928.8353723464237,940.24072265625,2424533,SUNPHARMA
2022-10-20,933.599637381371,945.9674028941449,930.2790908396745,943.5612182617188,1669666,SUNPHARMA
2022-10-21,944.186955544345,954.6779452149593,939.1339672501474,941.0108032226562,1791608,SUNPHARMA
2022-10-24,948.9992570654841,952.8010406860442,945.2455853905525,949.9617309570312,191840,SUNPHARMA
2022-10-25,954.725955424003,959.9232790116204,948.5179872894463,954.3409423828125,2119595,SUNPHARMA
2022-10-27,961.5113886838596,975.371035802425,955.255308577308,973.6867065429688,4379157,SUNPHARMA
2022-10-28,964.3988074100379,965.8425181995739,950.4910483885594,952.84912109375,3934980,SUNPHARMA
2022-10-31,957.61337222669,988.7494366322417,954.004095276299,978.7396850585938,3546309,SUNPHARMA
2022-11-01,983.6001716350365,1009.6350777635955,980.905256579659,997.7003784179688,5264069,SUNPHARMA
2022-11-02,999.8178069825333,1030.7612449350945,993.8985697534885,1012.4742431640625,5923662,SUNPHARMA
2022-11-03,1005.7851627865326,1015.9873619924996,1000.5397273543958,1005.01513671875,2386317,SUNPHARMA
2022-11-04,1006.0741532935809,1007.1328512315619,992.743793950188,1000.8767700195312,1576349,SUNPHARMA
2022-11-07,1005.7851616459781,1010.5493601527188,982.685789512482,989.7599487304688,2853521,SUNPHARMA
2022-11-09,981.7713995985027,997.7485001150565,972.0985495425962,975.5153198242188,2268760,SUNPHARMA
2022-11-10,972.0986116487675,983.9370285367296,968.9705715617789,972.7242431640625,2419991,SUNPHARMA
2022-11-11,977.6327739583089,992.7435658019418,971.9541549729861,975.5153198242188,2390487,SUNPHARMA
2022-11-14,980.4240143021095,983.070817399063,964.3988011444767,978.7396850585938,1764788,SUNPHARMA
2022-11-15,983.6482397419878,983.6482397419878,966.7568360237422,977.9215087890625,1703050,SUNPHARMA
2022-11-16,969.3073912622989,984.4182424628758,969.3073912622989,980.4240112304688,1485506,SUNPHARMA
2022-11-17,984.8994411300553,991.8292643328572,972.5316761304477,975.3228149414062,1758031,SUNPHARMA
2022-11-18,977.1516240635705,979.6540326982165,968.2487405150966,971.713623046875,1130682,SUNPHARMA
2022-11-21,965.3611596405609,974.7933905281817,956.2176591255208,965.5055541992188,1108922,SUNPHARMA
2022-11-22,968.3930994607763,974.4085610964847,958.8645847319173,972.19482421875,1723123,SUNPHARMA
2022-11-23,977.1034751438693,980.857087953801,971.5692504447748,979.4615478515625,1311376,SUNPHARMA
2022-11-24,982.3490129594713,998.4704508407052,975.7560314746271,996.2567138671875,1994268,SUNPHARMA
2022-11-25,998.9996469664832,998.9996469664832,988.4124350260381,995.0535278320312,1948596,SUNPHARMA
2022-11-28,994.2354705950637,1002.4164981846649,989.3749307372138,995.9197998046875,1427648,SUNPHARMA
2022-11-29,996.1605926651304,1011.7526245110445,995.1981186625553,1010.4533081054688,1179559,SUNPHARMA
2022-11-30,1013.4849223536925,1018.5860805446165,1000.3471313438044,1006.7957763671875,3060171,SUNPHARMA
2022-12-01,1015.4099851408886,1018.15301231375,1000.5878632816919,1007.1807861328125,1878374,SUNPHARMA
2022-12-02,1008.9614195884277,1010.4531836149283,995.9680221544866,1000.9728393554688,2284133,SUNPHARMA
2022-12-05,1003.0421277456353,1006.6994578143812,992.0699025604347,1000.3953247070312,2294634,SUNPHARMA
2022-12-06,1000.3954024715462,1000.9728633178698,984.85142537501,994.7649536132812,1321211,SUNPHARMA
2022-12-07,997.6523563975902,998.229817232953,977.2478394620294,979.5578002929688,2954262,SUNPHARMA
2022-12-08,976.910940570563,979.7983620697862,938.4119872475851,943.9943237304688,10021644,SUNPHARMA
2022-12-09,943.9943646436839,959.5864531642075,943.2243972928017,955.5921630859375,4231753,SUNPHARMA
2022-12-12,957.5652948842784,957.6615187752024,943.3688050330882,950.3467407226562,1875104,SUNPHARMA
2022-12-13,943.2243804838213,958.960804558282,943.0318739633456,957.3246459960938,1863361,SUNPHARMA
2022-12-14,961.511446174101,965.3613418544778,957.2284254807327,962.7145385742188,1570685,SUNPHARMA
2022-12-15,963.4363891816374,969.2112326732356,960.6451913294666,964.5913696289062,1304660,SUNPHARMA
2022-12-16,960.6933763355772,967.3825231505517,950.5392293824212,956.3622436523438,2618988,SUNPHARMA
2022-12-19,950.5391975218943,955.8809746479652,937.1608455956192,950.8760986328125,1547342,SUNPHARMA
2022-12-20,950.8761540639047,953.4748454871803,942.647013510822,951.2611083984375,1352408,SUNPHARMA
2022-12-21,954.7740872494423,971.6173801192663,951.3092047855474,967.8637084960938,2043630,SUNPHARMA
2022-12-22,981.6752384332659,995.2461552882778,969.2593019747061,972.7242431640625,5163443,SUNPHARMA
2022-12-23,974.0236236619327,989.2788120563675,960.9821135723256,963.9657592773438,3612433,SUNPHARMA
2022-12-26,972.0985993192845,973.8310405196179,951.597917835064,962.52197265625,2307374,SUNPHARMA
2022-12-27,962.7144489828125,977.6327933559528,955.7365137115049,962.6182250976562,1870105,SUNPHARMA
2022-12-28,961.4152318823502,972.6761298641263,955.7366121991795,957.6615600585938,1686511,SUNPHARMA
2022-12-29,961.0783480044844,966.9975862762893,951.9829574566065,963.0032958984375,2162872,SUNPHARMA
2022-12-30,966.3237586440565,969.0186737120437,956.4584015463458,963.8213500976562,1629162,SUNPHARMA
2023-01-02,963.8213342073687,963.8213342073687,950.1541938264307,959.58642578125,1616012,SUNPHARMA
2023-01-03,955.7366150582583,974.7935871745188,950.9242453953265,971.232421875,1810117,SUNPHARMA
2023-01-04,974.023549930236,987.4019601317202,963.1957189651024,966.4199829101562,2573870,SUNPHARMA
2023-01-05,971.2323185276913,983.552030549673,970.4142392699422,978.06591796875,2246533,SUNPHARMA
2023-01-06,976.9109857894643,983.4557964083663,966.4199970254535,970.847412109375,1773153,SUNPHARMA
2023-01-09,976.91097516397,984.9476084568306,972.5798427617651,978.6915283203125,1567316,SUNPHARMA
2023-01-10,977.8733791164876,985.5731695032316,972.1466482673991,973.8790893554688,1607654,SUNPHARMA
2023-01-11,974.0235144470453,994.2836355328676,970.5104614751059,989.423095703125,3258157,SUNPHARMA
2023-01-12,993.2249364785866,996.5935952722882,982.8302884088615,994.0911865234375,1641398,SUNPHARMA
2023-01-13,992.4549342514324,996.160435077253,981.8677218979544,992.8880004882812,1491367,SUNPHARMA
2023-01-16,992.8879442084369,1000.4915106928388,987.5943383317552,996.5934448242188,1437532,SUNPHARMA
2023-01-17,996.5935806428047,997.1229882984129,988.2682751664636,993.94677734375,1245848,SUNPHARMA
2023-01-18,993.9467007533699,1002.4165176534848,991.4924629225126,1001.0690307617188,1238451,SUNPHARMA
2023-01-19,999.144126764661,1004.8227462422805,997.1229550833358,1001.5022583007812,824263,SUNPHARMA
2023-01-20,1004.8708372966782,1008.1913249750285,978.6914789372904,991.6848754882812,2963571,SUNPHARMA
2023-01-23,996.16052588535,1015.313780750513,984.1296016596815,1009.9239501953125,2106604,SUNPHARMA
2023-01-24,1010.5975381371509,1011.5118412949103,995.7273642146404,1001.646484375,2088556,SUNPHARMA
2023-01-25,991.6368758555835,1006.4108262711073,991.6368758555835,1001.02099609375,1753333,SUNPHARMA
2023-01-27,1005.736942106796,1011.5599555450677,995.1979010785918,1004.2451782226562,3448013,SUNPHARMA
2023-01-30,1002.8496440213278,1031.9164266113007,1001.1653146780004,1012.2337646484375,3320916,SUNPHARMA
2023-01-31,1015.4099754160185,1020.5111341366537,987.5464027072711,995.6792602539062,5265462,SUNPHARMA
2023-02-01,997.555999793494,1004.7745538490873,967.3824673390113,976.8147583007812,4717887,SUNPHARMA
2023-02-02,972.0504228882154,977.5846472201632,955.736480282482,969.78857421875,2117181,SUNPHARMA
2023-02-03,969.2112193911504,993.7061332032042,964.0620075129385,989.5675659179688,2332076,SUNPHARMA
2023-02-06,981.7233069669722,987.4499792618204,974.7453716968639,984.9475708007812,1215157,SUNPHARMA
2023-02-07,987.7387486446909,989.9043147196732,964.3987587254375,968.6336669921875,2360600,SUNPHARMA
2023-02-08,974.3549633294211,986.088373840429,967.1792157833545,982.3065185546875,1815142,SUNPHARMA
2023-02-09,972.6094619891556,990.2580203948154,971.0579650860305,976.2943115234375,1474402,SUNPHARMA
2023-02-10,976.2942937026786,983.6155194567218,966.5003439106224,976.100341796875,1530150,SUNPHARMA
2023-02-13,977.700500022364,986.5247506353692,971.6398720777672,984.4884033203125,1355766,SUNPHARMA
2023-02-14,987.1550405126723,987.2035136971449,972.8519591299985,976.2459106445312,1832842,SUNPHARMA
2023-02-15,971.6396832499889,975.9063881681246,960.5366031760884,965.2396850585938,2251350,SUNPHARMA
2023-02-16,968.6337519835859,979.3974027353612,961.1670470760641,964.9973754882812,1678410,SUNPHARMA
2023-02-17,962.1366873510851,966.3063869679743,952.2457320647775,954.6699829101562,1847026,SUNPHARMA
2023-02-20,960.1488361580109,961.6033866995708,945.4093788330414,954.5730590820312,2157871,SUNPHARMA
2023-02-21,960.0033375853573,960.7790860209911,939.7851091499298,942.1608276367188,1771813,SUNPHARMA
2023-02-22,942.1123480735879,948.3669270677924,936.7305230546906,939.2032470703125,2605147,SUNPHARMA
2023-02-23,943.5184805666573,947.6397072289475,934.8396502289069,943.0336303710938,2835983,SUNPHARMA
2023-02-24,941.1911236054884,953.5548029047029,934.5002267903417,941.0941772460938,1823835,SUNPHARMA
2023-02-27,941.0942663824579,943.0821404248246,930.9608850618357,935.8093872070312,1548675,SUNPHARMA
2023-02-28,939.6396647877161,946.4275674229216,925.0941591408475,927.6153564453125,3819644,SUNPHARMA
2023-03-01,922.1851405701447,936.7791207052002,922.1851405701447,930.233642578125,1862513,SUNPHARMA
2023-03-02,930.9122969749566,937.7001991403989,922.2819405474272,936.0516967773438,1510195,SUNPHARMA
2023-03-03,937.7487520668144,940.3669549618759,929.1184540911564,937.6033325195312,2215832,SUNPHARMA
2023-03-06,940.6092500526095,949.8214025015783,934.5970966171736,936.003173828125,1989152,SUNPHARMA
2023-03-08,930.9123490535247,935.7608508715118,918.3062443267582,928.4880981445312,4734482,SUNPHARMA
2023-03-09,928.4881070818142,930.3305614647094,918.4517318962997,923.8335571289062,2994556,SUNPHARMA
2023-03-10,917.8213915402608,928.4880955095613,917.4334877215974,926.59716796875,2001392,SUNPHARMA
2023-03-13,926.1608014460336,930.8154105793959,918.8395754759943,925.1911010742188,1412106,SUNPHARMA
2023-03-14,924.6093621883641,934.5487916193349,921.5063089678731,928.197265625,1879695,SUNPHARMA
2023-03-15,923.1547946212594,935.6639536428697,920.5850648484599,922.572998046875,2189113,SUNPHARMA
2023-03-16,926.3062519329798,940.6093319811466,922.8638275551596,938.088134765625,2228093,SUNPHARMA
2023-03-17,939.2032933436492,939.3487720753051,923.8820391420358,928.6820678710938,2218687,SUNPHARMA
2023-03-20,921.2153330063986,933.4820661149666,918.6456034031611,932.0759887695312,1955757,SUNPHARMA
2023-03-21,935.7607675952729,935.7607675952729,924.3667893369885,927.2274169921875,1687239,SUNPHARMA
2023-03-22,928.0032503316731,944.8760603756654,927.6153465109187,942.5972290039062,1626129,SUNPHARMA
2023-03-23,945.4577973729006,953.1669266347953,942.548696457907,948.0275268554688,1857923,SUNPHARMA
2023-03-24,947.9790012864424,949.3366053974943,938.6699019660617,943.3729248046875,1534322,SUNPHARMA
2023-03-27,950.306438124366,960.9246698568988,933.8215305242494,953.6519165039062,2473222,SUNPHARMA
2023-03-28,957.0942384785292,957.8699869157161,946.718432971944,954.3790893554688,1394675,SUNPHARMA
2023-03-29,955.785137203773,966.3063619257302,949.3366064478573,961.8457641601562,3045795,SUNPHARMA
2023-03-31,965.0457257361788,965.0457257361788,951.6638737753034,953.3123168945312,1822710,SUNPHARMA
2023-04-03,951.2759982307566,958.0639003588047,946.6214486086855,949.3850708007812,1671570,SUNPHARMA
2023-04-05,955.1548238736545,968.730628476935,945.7487188470766,966.9367065429688,1544121,SUNPHARMA
2023-04-06,966.936742711059,983.2761701882846,963.3003663420195,981.4337158203125,1423990,SUNPHARMA
2023-04-10,984.2457168581091,986.1366441118938,976.1487437484255,978.0396118164062,1110974,SUNPHARMA
2023-04-11,978.039715065574,991.2761480536,977.0215415709129,978.6700439453125,1786844,SUNPHARMA
2023-04-12,984.7307568617424,989.2883605819683,974.7913277550631,985.8944091796875,3246327,SUNPHARMA
2023-04-13,991.3247162021016,992.827739998765,971.639809738182,973.0943603515625,1445693,SUNPHARMA
2023-04-17,969.167033568477,979.3004141355332,964.9003283236702,968.4397583007812,1768817,SUNPHARMA
2023-04-18,968.730729810517,975.7610579297625,958.3549233697775,974.35498046875,1217390,SUNPHARMA
2023-04-19,973.0943340184639,978.8155899505963,962.9124800003335,965.3367309570312,2174563,SUNPHARMA
2023-04-20,968.8276086448266,971.7367097327632,953.942731752543,957.821533203125,1638094,SUNPHARMA
2023-04-21,964.173116137911,964.173116137911,955.1064408817671,959.4700927734375,1216575,SUNPHARMA
2023-04-24,945.4578365922193,952.7305891813902,930.1850561549604,949.4821166992188,3485350,SUNPHARMA
2023-04-25,950.3063833045469,953.1185381131414,937.7002782198948,943.0336303710938,2377746,SUNPHARMA
2023-04-26,946.2337195993506,947.2034200824788,934.0155171862632,941.8215942382812,2911028,SUNPHARMA
2023-04-27,938.6699704353365,951.8578719654741,934.3547918952427,949.0457763671875,2777173,SUNPHARMA
2023-04-28,955.1063456287922,962.4275712352838,949.4820955887104,957.7245483398438,2009995,SUNPHARMA
2023-05-02,957.724616815619,958.9367423068625,940.9002794856706,943.5669555664062,3152556,SUNPHARMA
2023-05-03,941.0941540784293,942.936608348064,930.4274506318937,934.4031982421875,3087472,SUNPHARMA
2023-05-04,938.3305855123384,946.3306135546715,935.9063345904193,944.4881591796875,1197830,SUNPHARMA
2023-05-05,944.4881397331158,947.6396658667221,938.5244589136587,941.0457153320312,1062645,SUNPHARMA
2023-05-08,932.8517775613223,939.63968030865,931.8820771688469,932.706298828125,2676958,SUNPHARMA
2023-05-09,932.7548147380062,937.5547842474123,920.7305064091535,928.4396362304688,6902170,SUNPHARMA
2023-05-10,928.0031993224061,930.8638270822443,922.7667939591155,924.900146484375,2180917,SUNPHARMA
2023-05-11,924.9001536350835,934.6941623812833,923.154704895762,931.9304809570312,1296607,SUNPHARMA
2023-05-12,931.8820099132331,933.9183569161386,923.1547070108198,927.0335083007812,2014927,SUNPHARMA
2023-05-15,924.12451171875,926.7911879068157,919.3244827430684,924.12451171875,1814239,SUNPHARMA
2023-05-16,924.1244528192962,933.3850795177308,909.5789472660018,912.4395751953125,2625163,SUNPHARMA
2023-05-17,912.7305259085579,916.6578007964193,900.7062169526733,907.5911254882812,2956985,SUNPHARMA
2023-05-18,914.427471209777,914.427471209777,894.5001399574799,901.4819946289062,3014019,SUNPHARMA
2023-05-19,903.7608618980421,906.0881667618077,896.2941562447674,897.7971801757812,1309343,SUNPHARMA
2023-05-22,897.7970338347964,914.1849932135053,894.8879328221839,909.0455932617188,1382485,SUNPHARMA
2023-05-23,909.0939969275389,927.2274036900817,900.9484910407454,903.3727416992188,3057684,SUNPHARMA
2023-05-24,907.1546371140663,925.8698412002624,904.3424825497042,923.3001708984375,2953574,SUNPHARMA
2023-05-25,920.9244860628886,922.8638868720404,914.1365832308574,916.3668823242188,2331464,SUNPHARMA
2023-05-26,915.348654297392,947.1063406585049,908.6092250492453,940.5123901367188,4137189,SUNPHARMA
2023-05-29,940.5609349084143,943.7609344596061,917.72450183777,939.1063842773438,5344765,SUNPHARMA
2023-05-30,935.7608809034629,938.1366587076865,927.3244756322479,930.5244750976562,2624815,SUNPHARMA
2023-05-31,935.7608055727192,949.6275082637331,931.6395792269326,945.7971801757812,5595631,SUNPHARMA
2023-06-01,950.1124146597202,960.4397473177075,945.4578647014298,957.7730712890625,3261906,SUNPHARMA
2023-06-02,956.6578613287757,973.2882458817137,951.2760362635297,969.3124389648438,3734815,SUNPHARMA
2023-06-05,974.8882367889308,986.8640717898713,968.2458129731548,978.1852416992188,3629780,SUNPHARMA
2023-06-06,978.3307180970377,985.1670938063911,973.5791626527933,983.0822143554688,1632644,SUNPHARMA
2023-06-07,984.2459360727406,986.6701871468115,979.3974339245991,983.8580322265625,1608613,SUNPHARMA
2023-06-08,984.2459106445312,985.2156110491072,953.4579227992467,957.0942993164062,3395935,SUNPHARMA
2023-06-09,954.1851308944952,960.6821349846992,951.2760298856705,954.1366577148438,2306206,SUNPHARMA
2023-06-12,957.9670253174345,959.9064260698246,951.3245422290098,955.5912475585938,593319,SUNPHARMA
2023-06-13,960.0032818519702,965.8214835601639,955.6881037478981,958.1608276367188,2413311,SUNPHARMA
2023-06-14,961.5548409178805,964.8518457737438,954.4275670379973,956.8033447265625,2139387,SUNPHARMA
2023-06-15,958.5488506630811,964.6579513794611,955.8337013653362,958.451904296875,2731724,SUNPHARMA
2023-06-16,960.0033483197612,964.5124786301336,957.2881991717769,961.9427490234375,3611214,SUNPHARMA
2023-06-19,964.9973289520384,976.1973561803007,963.6397247849346,971.44580078125,1327862,SUNPHARMA
2023-06-20,977.1185946487138,977.2155410107082,959.6154557443766,961.894287109375,1445688,SUNPHARMA
2023-06-21,961.8942373386453,963.7366324218997,953.7972042134313,961.8457641601562,1396686,SUNPHARMA
2023-06-22,957.191197512634,966.0155062616875,957.191197512634,960.2942504882812,5384143,SUNPHARMA
2023-06-23,963.8822090755574,965.773136715233,947.6882003655955,961.4094848632812,1218237,SUNPHARMA
2023-06-26,963.8821175858727,973.385168879839,961.4093936083025,964.8033447265625,2066932,SUNPHARMA
2023-06-27,969.651878804403,972.948824489664,956.124547057052,971.44580078125,4647465,SUNPHARMA
2023-06-28,964.8518852116139,994.4762793876172,964.8518852116139,990.83984375,5296330,SUNPHARMA
2023-06-30,990.7914046002957,1023.0339435804375,989.1429020483582,1019.7369384765625,4765060,SUNPHARMA
2023-07-03,1021.0945734087418,1021.7249023752968,998.7914630683799,1001.4096069335938,2338356,SUNPHARMA
2023-07-04,1008.488257949177,1021.9671150710893,998.6943091184161,1017.0216674804688,1549174,SUNPHARMA
2023-07-05,1023.033982567793,1025.6521264541454,1011.0582055931043,1013.0460205078125,1840716,SUNPHARMA
2023-07-06,1008.4883468225419,1024.5853486840388,1008.4883468225419,1010.91259765625,2551103,SUNPHARMA
2023-07-07,1002.1853100977388,1019.34895891622,997.5792334427177,1004.318603515625,1721224,SUNPHARMA
2023-07-10,1004.6096104964115,1019.1551164398924,999.8580548805483,1013.3369140625,1221769,SUNPHARMA
2023-07-11,1020.1247978112614,1042.1854814141188,1017.2642290443772,1039.76123046875,4369937,SUNPHARMA
2023-07-12,1042.4278328233631,1050.9127105323905,1037.5793312753476,1046.064208984375,5088473,SUNPHARMA
2023-07-13,1049.1188548566422,1049.1188548566422,1039.2278400513758,1043.0582275390625,1541690,SUNPHARMA
2023-07-14,1047.2278438446529,1047.2763762107197,1032.7308709855708,1040.43994140625,2641580,SUNPHARMA
2023-07-17,1041.1671199279008,1048.2945115232849,1038.0641264501655,1044.948974609375,1254025,SUNPHARMA
2023-07-18,1045.7733392934258,1046.2097754923402,1032.1005874550683,1034.8157958984375,2238739,SUNPHARMA
2023-07-19,1034.815764533438,1053.0945926748784,1031.6157059915765,1049.0703125,2311282,SUNPHARMA
2023-07-20,1053.1431012961307,1071.034025215223,1049.5067250221994,1064.3916015625,5218991,SUNPHARMA
2023-07-21,1069.9673653297787,1070.7430545690172,1057.312728703802,1063.90673828125,1879610,SUNPHARMA
2023-07-24,1060.8522433414605,1073.797720077197,1059.3976927335884,1067.058349609375,2130036,SUNPHARMA
2023-07-25,1076.3674572076716,1076.3674572076716,1057.7492566478675,1061.8704833984375,1702900,SUNPHARMA
2023-07-26,1063.8097901677968,1080.6340671524324,1060.9491031826374,1078.3067626953125,1321572,SUNPHARMA
2023-07-27,1093.822031059929,1120.3433128372778,1082.47658393748,1100.5614013671875,6366612,SUNPHARMA
2023-07-28,1099.5882618570351,1113.163497444458,1091.511353647341,1107.957275390625,2677679,SUNPHARMA
2023-07-31,1109.3682140827543,1114.2338641445208,1096.7175239221615,1112.6768798828125,1718336,SUNPHARMA
2023-08-01,1112.6770007057773,1121.678454297492,1105.4758140743463,1112.7255859375,1448567,SUNPHARMA
2023-08-02,1113.212033224379,1113.5527237618817,1096.182257960636,1104.745849609375,1731918,SUNPHARMA
2023-08-03,1099.88028221565,1138.2702166799857,1092.1925307606182,1110.3414306640625,8460399,SUNPHARMA
2023-08-04,1098.6635969474864,1114.233674495015,1090.927262182164,1108.34619140625,3527805,SUNPHARMA
2023-08-07,1108.3462692531837,1135.3993284082464,1103.0427587321597,1129.6092529296875,3353219,SUNPHARMA
2023-08-08,1130.9716064539602,1133.3071421458728,1109.3194645671645,1117.7857666015625,3073468,SUNPHARMA
2023-08-09,1120.2186525203122,1128.1496859855426,1109.6602155025623,1121.8243408203125,1306791,SUNPHARMA
2023-08-10,1119.6833472161861,1126.7872436877242,1112.8714372589293,1119.3914794921875,1443067,SUNPHARMA
2023-08-11,1119.1483019057598,1120.0727279705043,1100.123561225591,1101.923828125,1756630,SUNPHARMA
2023-08-14,1100.6101542912786,1111.314585500124,1090.3922881373808,1103.7728271484375,1824622,SUNPHARMA
2023-08-16,1104.4539847480569,1114.7205550540673,1091.7060039044507,1112.9202880859375,1224080,SUNPHARMA
2023-08-17,1112.9201833472835,1118.0777012357248,1106.9354099005332,1114.039306640625,1964341,SUNPHARMA
2023-08-18,1110.3415882004508,1118.418616594808,1098.6640254849335,1104.405517578125,1473774,SUNPHARMA
2023-08-21,1099.588244670451,1113.1634800456927,1096.8635518239794,1106.838134765625,941384,SUNPHARMA
2023-08-22,1104.5026017270445,1116.1801622739383,1099.636951499172,1106.984130859375,1438879,SUNPHARMA
2023-08-23,1097.6906099170592,1100.0747308356074,1080.7581246230484,1093.506103515625,3050418,SUNPHARMA
2023-08-24,1093.4088605763154,1102.653595714422,1083.2882846670682,1088.2513427734375,1575291,SUNPHARMA
2023-08-25,1087.9594269327063,1093.1170638609374,1070.6863680525134,1076.5738525390625,1515282,SUNPHARMA
2023-08-28,1080.2230000953484,1093.9441092874897,1075.4546393545988,1086.9862060546875,1959645,SUNPHARMA
2023-08-29,1094.8198699409186,1094.8198699409186,1076.7195582986806,1081.731201171875,1749707,SUNPHARMA
2023-08-30,1087.472863471218,1089.0785518599052,1080.660952917036,1084.9427490234375,1543173,SUNPHARMA
2023-08-31,1088.7863931300813,1088.7863931300813,1072.097191153649,1081.731201171875,4782404,SUNPHARMA
2023-09-01,1082.1205618800723,1087.472776889371,1076.0384993695052,1079.201171875,2715249,SUNPHARMA
2023-09-04,1084.0668210828383,1084.0668210828383,1072.389261071174,1079.1038818359375,1205294,SUNPHARMA
2023-09-05,1080.1743893923176,1105.4757714861917,1077.4495776507063,1101.4859619140625,1698118,SUNPHARMA
2023-09-06,1106.4488075663826,1118.126367540698,1098.712471599512,1111.655029296875,2960249,SUNPHARMA
2023-09-07,1109.3681863695392,1110.7791773360896,1098.2744807477875,1102.60498046875,1863837,SUNPHARMA
2023-09-08,1102.5563582713344,1107.4707125917491,1098.1772730001774,1100.0748291015625,1789037,SUNPHARMA
2023-09-11,1100.0749238667725,1109.3683642589212,1095.45255568236,1106.3516845703125,2032253,SUNPHARMA
2023-09-12,1111.3632042549293,1122.797482168927,1106.5461393063492,1114.4771728515625,3989578,SUNPHARMA
2023-09-13,1118.1263391339091,1125.6193924109486,1111.6064158300062,1117.883056640625,2115524,SUNPHARMA
2023-09-14,1117.8831081823819,1119.975361479148,1108.1518080023393,1113.066162109375,2065163,SUNPHARMA
2023-09-15,1113.2608272370726,1122.7975496718298,1113.2608272370726,1118.905029296875,2404169,SUNPHARMA
2023-09-18,1118.1263237579255,1125.9113634359614,1111.8496830336203,1116.8126220703125,962842,SUNPHARMA
2023-09-20,1117.1531520583321,1124.9381914454982,1108.3949827477702,1122.164794921875,2303191,SUNPHARMA
2023-09-21,1118.126424220181,1125.862760579218,1110.4873771078048,1115.35302734375,2088934,SUNPHARMA
2023-09-22,1111.8011222470036,1117.153337715151,1097.9827225544493,1101.923828125,1585418,SUNPHARMA
2023-09-25,1095.9389361830138,1106.2542090053387,1091.5112660472807,1093.8468017578125,1009279,SUNPHARMA
2023-09-26,1094.7712519284746,1099.6369019370456,1088.4459069173322,1095.598388671875,1966198,SUNPHARMA
2023-09-27,1095.8904563342728,1115.1097752912326,1093.0196513424755,1109.319580078125,2332018,SUNPHARMA
2023-09-28,1112.2389845266105,1121.0458593229998,1098.5178740689971,1101.875244140625,2685663,SUNPHARMA
2023-09-29,1103.8215177835455,1136.0321002723804,1103.8215177835455,1127.5172119140625,2288577,SUNPHARMA
2023-10-03,1128.3929225803588,1130.7283395141153,1108.6383363519835,1110.7791748046875,1946966,SUNPHARMA
2023-10-04,1107.5192030213755,1108.3950437586966,1083.093664357708,1093.603515625,1803871,SUNPHARMA
2023-10-05,1094.4307043008823,1098.3232243935079,1081.92600726138,1089.02978515625,2348562,SUNPHARMA
2023-10-06,1097.6906649837647,1101.7291783337391,1092.9223041171788,1097.009521484375,1056281,SUNPHARMA
2023-10-09,1081.1473936051918,1103.3348043744074,1079.2011336707092,1092.8736572265625,1080276,SUNPHARMA
2023-10-10,1091.8519935658705,1100.0263103238885,1089.7111548200958,1096.2310791015625,1092093,SUNPHARMA
2023-10-11,1097.6905627076412,1103.967203249567,1092.1923548367333,1098.42041015625,1456045,SUNPHARMA
2023-10-12,1098.6635954349765,1102.118253902184,1091.0731351249,1100.0260009765625,1221965,SUNPHARMA
2023-10-13,1095.841710921442,1116.3747309443431,1091.8519015277493,1114.52587890625,1934884,SUNPHARMA
2023-10-16,1110.8279142525175,1116.423411849497,1102.605013126114,1104.7945556640625,1144308,SUNPHARMA
2023-10-17,1108.0545392695126,1113.2607612041493,1103.5294608439733,1106.2542724609375,798807,SUNPHARMA
2023-10-18,1106.4487265010155,1130.5823961958633,1103.5780407337672,1122.4080810546875,2178517,SUNPHARMA
2023-10-19,1116.5693715443435,1119.099485754079,1104.5025359398953,1110.827880859375,1765065,SUNPHARMA
2023-10-20,1107.421813117205,1114.2337223367308,1102.653452905483,1111.5089111328125,957910,SUNPHARMA
2023-10-23,1104.5026247646847,1118.3210241839502,1087.9594136448613,1092.289794921875,702730,SUNPHARMA
2023-10-25,1094.7712955099528,1099.344959183968,1082.8991565325377,1090.1976318359375,1800673,SUNPHARMA
2023-10-26,1085.9642986826998,1087.910558544161,1068.0100989768302,1074.04345703125,2223975,SUNPHARMA
2023-10-27,1082.1204744847464,1089.7109354010188,1077.8873830773257,1081.4393310546875,1250965,SUNPHARMA
2023-10-30,1085.7210620562282,1089.8568644365118,1074.1894956480814,1085.2344970703125,1078813,SUNPHARMA
2023-10-31,1089.3702784585032,1089.5162717095204,1039.6433616142067,1059.3492431640625,6475786,SUNPHARMA
2023-11-01,1062.657824059948,1102.1182880280983,1053.5103794720744,1086.20751953125,3973264,SUNPHARMA
2023-11-02,1097.544628401619,1106.9840605180532,1080.7581361821267,1102.4102783203125,3454692,SUNPHARMA
2023-11-03,1107.9087280221818,1114.9152179164757,1101.096816650943,1110.4388427734375,1741756,SUNPHARMA
2023-11-06,1109.4654766559213,1120.0726172936481,1109.3681874150816,1119.0994873046875,1428537,SUNPHARMA
2023-11-07,1118.1264154141677,1142.0168054006203,1115.7422943334466,1139.486572265625,1811831,SUNPHARMA
2023-11-08,1143.4277577548937,1151.1155085650898,1139.5352377284942,1145.08203125,1702301,SUNPHARMA
2023-11-09,1149.2667756394887,1151.4563186074727,1135.496959438329,1144.595703125,1849169,SUNPHARMA
2023-11-10,1142.5033707351447,1149.7531420154876,1138.6594358037894,1147.660888671875,957539,SUNPHARMA
2023-11-13,1148.3908379766403,1155.6407286897854,1142.2114854343736,1146.1527099609375,816825,SUNPHARMA
2023-11-15,1147.8069056814845,1152.5752667331749,1139.5353001721223,1149.1693115234375,2246320,SUNPHARMA
2023-11-16,1150.2396132745341,1162.7930135226418,1147.9040776113525,1157.5867919921875,2205723,SUNPHARMA
2023-11-17,1157.830024229148,1166.198917767893,1156.0296388481993,1162.5009765625,891965,SUNPHARMA
2023-11-20,1163.8635315557922,1166.0530741527828,1153.4023835923936,1156.0784912109375,1054810,SUNPHARMA
2023-11-21,1157.051572419832,1172.621652452395,1154.3754649142352,1169.118408203125,999135,SUNPHARMA
2023-11-22,1172.621568236049,1182.1582890871907,1166.7827886431724,1171.7457275390625,1401782,SUNPHARMA
2023-11-23,1171.2106241985243,1177.3899757567688,1162.6470329369884,1166.5882568359375,1177434,SUNPHARMA
2023-11-24,1167.7560362237757,1177.0980607555086,1160.7495475225478,1163.3282470703125,1376695,SUNPHARMA
2023-11-28,1164.9825803111885,1168.0965487337387,1157.7813946949748,1159.33837890625,886708,SUNPHARMA
2023-11-29,1159.9223890122917,1177.0008699870903,1152.6726171969478,1169.89697265625,1813462,SUNPHARMA
2023-11-30,1160.3115222206336,1198.0690134269157,1160.3115222206336,1192.911376953125,4672807,SUNPHARMA
2023-12-01,1199.918185702193,1208.481659796032,1192.0844404346446,1198.16650390625,1749751,SUNPHARMA
2023-12-04,1204.0050387032736,1206.6811460837012,1187.7051119315784,1198.0689697265625,1615837,SUNPHARMA
2023-12-05,1192.960038457111,1210.1843911858593,1187.7538169434154,1206.2432861328125,930042,SUNPHARMA
2023-12-06,1215.0014655040216,1224.1974961585765,1200.1612335354855,1207.021728515625,1704590,SUNPHARMA
2023-12-07,1197.9230951151585,1208.5302364497845,1195.8795457621345,1206.0001220703125,1478355,SUNPHARMA
2023-12-08,1202.8373987139103,1214.0769790770798,1197.5824728916423,1202.5941162109375,1612113,SUNPHARMA
2023-12-11,1202.788531920147,1212.8604024221045,1182.4500936660327,1208.04345703125,1172972,SUNPHARMA
2023-12-12,1215.439494015548,1216.41262411484,1180.0662386643476,1185.2724609375,2832873,SUNPHARMA
2023-12-13,1185.5644209318932,1206.2920203084243,1180.066212235971,1199.9666748046875,2448178,SUNPHARMA
2023-12-14,1205.7081418208531,1206.5839826310814,1191.354473465843,1198.215087890625,2341190,SUNPHARMA
2023-12-15,1207.6543427100194,1213.0065577663488,1199.8693026280853,1202.54541015625,3474624,SUNPHARMA
2023-12-18,1202.5454128359017,1233.8315664929464,1200.8424353141838,1219.088623046875,2135393,SUNPHARMA
2023-12-19,1230.8148948436474,1233.8801593695164,1203.2752678055776,1211.4981689453125,2187458,SUNPHARMA
2023-12-20,1221.2782346105862,1221.2782346105862,1195.4415838045006,1199.042236328125,1837031,SUNPHARMA
2023-12-21,1191.2082682155287,1204.6860933618407,1176.0761697811784,1200.355712890625,1916222,SUNPHARMA
2023-12-22,1206.6812060210948,1217.3856360745078,1202.8373900180284,1210.233154296875,2058127,SUNPHARMA
2023-12-26,1210.2330877033287,1216.4124391360847,1205.9999961731905,1213.9796142578125,1796483,SUNPHARMA
2023-12-27,1216.4123880246432,1221.667313298964,1207.8975013084707,1218.7965087890625,2005268,SUNPHARMA
2023-12-28,1221.2294765349234,1230.6689090452362,1215.9746694356925,1228.236083984375,2043365,SUNPHARMA
2023-12-29,1228.1873387438263,1237.7726454038377,1218.8940185974323,1225.6085205078125,1840160,SUNPHARMA
2024-01-01,1227.1168103194432,1229.9874960233522,1218.8452061261717,1226.386962890625,733452,SUNPHARMA
2024-01-02,1227.1172018190944,1264.0961500103122,1223.3706742472566,1261.371337890625,3174447,SUNPHARMA
2024-01-03,1261.371129150161,1269.5941493850125,1256.456893649019,1263.7066650390625,1699057,SUNPHARMA
2024-01-04,1268.9615542885874,1292.8032399328133,1262.1983481219522,1277.6710205078125,2851729,SUNPHARMA
2024-01-05,1282.5853109281757,1282.5853109281757,1252.4182816119592,1265.2635498046875,2960339,SUNPHARMA
2024-01-08,1270.3238517362743,1274.751521704104,1264.3877828402258,1270.2265625,1678133,SUNPHARMA
2024-01-09,1279.6173198117096,1297.6202258503915,1271.7349901149933,1288.4241943359375,1712486,SUNPHARMA
2024-01-10,1294.3115678358415,1297.668818725882,1277.8656475375026,1289.251220703125,1278475,SUNPHARMA
2024-01-11,1292.316601377018,1296.111832021648,1274.9948403785938,1280.88232421875,1320281,SUNPHARMA
2024-01-12,1283.5584493981044,1294.2628792262917,1270.4698986242968,1290.3216552734375,1538242,SUNPHARMA
2024-01-15,1293.484499888917,1303.9943526352304,1286.088734781284,1293.6304931640625,1475983,SUNPHARMA
2024-01-16,1294.311769946927,1295.77146513406,1272.4163421399323,1278.15771484375,824502,SUNPHARMA
2024-01-17,1276.746638038876,1284.969539525373,1259.570868730981,1264.095947265625,2544642,SUNPHARMA
2024-01-18,1264.0470481882955,1307.3027439315,1255.3375830160373,1299.8582763671875,2842572,SUNPHARMA
2024-01-19,1303.9941980955532,1308.2759938473564,1293.4357613690302,1299.71240234375,1605745,SUNPHARMA
2024-01-23,1280.639089741471,1357.1270845652375,1280.639089741471,1341.26513671875,4129729,SUNPHARMA
2024-01-24,1342.9194633569575,1352.6507638160658,1323.7974341967517,1344.9630126953125,1719845,SUNPHARMA
2024-01-25,1346.3741692620465,1352.7481000097969,1312.265912453027,1331.533935546875,1870910,SUNPHARMA
2024-01-29,1328.3225394250474,1382.671829825882,1318.7858172669048,1363.209228515625,3413149,SUNPHARMA
2024-01-30,1364.2311320790768,1371.3349106449323,1332.3611208104319,1334.8912353515625,1935332,SUNPHARMA
2024-01-31,1334.8422367310936,1400.236637305695,1330.1712844837962,1380.3360595703125,5796356,SUNPHARMA
2024-02-01,1388.6565831963896,1392.0138343572378,1361.311652513089,1370.118408203125,2442481,SUNPHARMA
2024-02-02,1371.1402481147024,1395.322506234324,1367.3937211593172,1378.584716796875,1775449,SUNPHARMA
2024-02-05,1388.4619626306335,1426.6086119693616,1385.3478752866788,1424.4677734375,3481964,SUNPHARMA
2024-02-06,1411.038450866388,1438.2860899176012,1407.6811999994038,1435.4639892578125,1893995,SUNPHARMA
2024-02-07,1443.1518017242574,1460.1328728460996,1440.6216874617594,1455.9970703125,2259235,SUNPHARMA
2024-02-08,1460.716773778478,1466.993414503526,1445.4385621343572,1459.3056640625,2213750,SUNPHARMA
2024-02-09,1468.8969094701536,1506.1844939053128,1460.4313262054602,1502.0740966796875,6343881,SUNPHARMA
2024-02-12,1507.0163270135029,1521.9411569328663,1488.6661262929742,1501.7314453125,4059288,SUNPHARMA
2024-02-13,1504.7163046508458,1517.9284478136337,1492.9231957444922,1509.3160400390625,4687838,SUNPHARMA
2024-02-14,1512.8395078900048,1512.8395078900048,1475.8944376229008,1487.9810791015625,2105672,SUNPHARMA
2024-02-15,1496.4465275998582,1496.4465275998582,1473.4476117530235,1477.704833984375,2161691,SUNPHARMA
2024-02-16,1482.6962749534946,1489.547016817966,1472.7626753565191,1477.75390625,3480879,SUNPHARMA
2024-02-19,1482.5492921864527,1500.0676398465396,1475.2581940482264,1497.47412109375,777823,SUNPHARMA
2024-02-20,1499.3336568020861,1509.1204300188099,1480.0047796990566,1505.8907470703125,2230669,SUNPHARMA
2024-02-21,1507.2120554552466,1516.4605083484182,1500.3123325576798,1510.4906005859375,1993748,SUNPHARMA
2024-02-22,1516.558352031195,1527.7152973789573,1502.2696870446505,1524.8282470703125,1981678,SUNPHARMA
2024-02-23,1524.7791378415232,1535.0062671986077,1517.3412147211493,1527.9598388671875,1340283,SUNPHARMA
2024-02-26,1528.6940775727282,1533.489620659629,1515.6776205464907,1523.751708984375,974892,SUNPHARMA
2024-02-27,1523.5558555650027,1551.6438457126435,1516.0200882963502,1549.00146484375,2140963,SUNPHARMA
2024-02-28,1552.6714285736446,1553.6011241570739,1529.330000483847,1540.2911376953125,578316,SUNPHARMA
2024-02-29,1541.4166608517685,1553.9437773745544,1523.3111318195413,1544.3037109375,2350244,SUNPHARMA
2024-03-01,1546.3103646209115,1548.1698756617327,1515.041668009391,1526.0028076171875,4069161,SUNPHARMA
2024-03-04,1517.4882487052337,1535.6426422964614,1515.8734071460663,1519.005126953125,2298105,SUNPHARMA
2024-03-05,1520.6688673122737,1542.7869508465562,1502.661180734227,1540.6337890625,1408172,SUNPHARMA
2024-03-06,1541.4168188994067,1572.4898246137282,1533.0002176230332,1569.7984619140625,1761032,SUNPHARMA
2024-03-07,1576.404404106495,1585.4081871547075,1566.2751183103958,1571.4620361328125,2440999,SUNPHARMA
2024-03-11,1580.7109081748024,1592.3082120705144,1552.5739314710363,1559.620361328125,2994345,SUNPHARMA
2024-03-12,1558.2500100852726,1569.60276278228,1546.4570198405058,1550.5185546875,1294598,SUNPHARMA
2024-03-13,1547.4844148925679,1558.249864607642,1511.0776690976563,1525.3663330078125,2881503,SUNPHARMA
2024-03-14,1533.8320658360308,1540.7317888912473,1513.2798416327726,1536.7191162109375,3062556,SUNPHARMA
2024-03-15,1535.2999761528438,1539.9486932121115,1508.3373694221157,1515.1881103515625,3421374,SUNPHARMA
2024-03-18,1515.2371262531385,1542.6400905903502,1510.5394274369248,1537.7467041015625,2281873,SUNPHARMA
2024-03-19,1540.438114854967,1546.0655094930967,1507.554580515212,1515.432861328125,3692624,SUNPHARMA
2024-03-20,1526.687676667462,1526.687676667462,1488.0789031911143,1516.313720703125,3412218,SUNPHARMA
2024-03-21,1531.4343082422322,1537.3552343095628,1509.658738012727,1531.82568359375,2567975,SUNPHARMA
2024-03-22,1535.446781556873,1586.4358430571401,1532.7064374339564,1574.5938720703125,4941447,SUNPHARMA
2024-03-26,1561.0392758360333,1580.2701892155053,1559.1307834197305,1564.024169921875,3649049,SUNPHARMA
2024-03-27,1567.8411322804154,1591.476214441429,1558.1522025132822,1569.9453125,2530169,SUNPHARMA
2024-03-28,1575.6215301277823,1599.1587678578344,1573.6641754547616,1585.99560546875,4427587,SUNPHARMA
2024-04-01,1596.809877554167,1598.9140576673867,1583.989228666972,1594.510009765625,1148498,SUNPHARMA
2024-04-02,1594.510043081471,1598.180083076288,1575.572660601705,1587.6593017578125,1921533,SUNPHARMA
2024-04-03,1574.6917998304573,1594.2163644776726,1560.207327781521,1585.3104248046875,2098379,SUNPHARMA
2024-04-04,1586.3380425076377,1593.2866273698778,1553.3076839856885,1584.821044921875,2439461,SUNPHARMA
2024-04-05,1576.6492492789582,1603.9053902473045,1571.8537062535825,1574.69189453125,1548980,SUNPHARMA
2024-04-08,1576.649189583435,1584.3807644376377,1562.9477068682468,1565.590087890625,1170390,SUNPHARMA
2024-04-09,1566.8622749387,1574.5448674463798,1558.0051980522903,1568.3792724609375,1389391,SUNPHARMA
2024-04-10,1568.8688567778654,1574.2026008308133,1549.9803351357168,1569.8475341796875,1928878,SUNPHARMA
2024-04-12,1560.9903390066963,1560.9903390066963,1501.291021966315,1507.1630859375,8258068,SUNPHARMA
2024-04-15,1485.2407791762398,1511.1757299414928,1471.7351029110337,1507.212158203125,2474028,SUNPHARMA
2024-04-16,1502.2695840058561,1510.3926529962507,1492.6296369531171,1504.7652587890625,2058697,SUNPHARMA
2024-04-18,1512.5948758343984,1512.5948758343984,1474.3284946167134,1484.06640625,3266796,SUNPHARMA
2024-04-19,1472.909450973797,1495.7126816230302,1471.6371225979346,1490.3299560546875,2536516,SUNPHARMA
2024-04-22,1495.859492276388,1514.9926841035694,1489.4980888870641,1507.2611083984375,1680307,SUNPHARMA
2024-04-23,1528.6940802826582,1529.1344373203415,1446.1915286750436,1452.993408203125,9160422,SUNPHARMA
2024-04-24,1452.9931810832416,1470.9518844550573,1447.8061439498854,1454.0697021484375,4652803,SUNPHARMA
2024-04-25,1458.2291835048854,1494.7338947447035,1456.9079930374805,1487.736328125,3846327,SUNPHARMA
2024-04-26,1498.3550047327515,1499.3336820709178,1468.064988903481,1474.4263916015625,1794350,SUNPHARMA
2024-04-29,1483.6749479961688,1495.2233891778446,1477.8518652154885,1489.155517578125,1091667,SUNPHARMA
2024-04-30,1494.4402559632701,1496.5444360783185,1465.0799365926755,1470.0711669921875,1991646,SUNPHARMA
2024-05-02,1470.9521236055537,1497.3764132511624,1469.9734462112717,1486.6109619140625,2494925,SUNPHARMA
2024-05-03,1494.4403572855776,1504.2271310726476,1469.4840841285493,1478.9283447265625,3183226,SUNPHARMA
2024-05-06,1485.6322788658586,1501.291117114774,1476.5795130032043,1496.5445556640625,1240626,SUNPHARMA
2024-05-07,1503.1994257764816,1510.245974366784,1477.9006402089765,1483.0386962890625,1532550,SUNPHARMA
2024-05-08,1477.8026661904983,1493.2658147230434,1470.2179174070702,1489.3021240234375,1026357,SUNPHARMA
2024-05-09,1488.76383955764,1497.327265809458,1458.0334683536416,1462.780029296875,1477007,SUNPHARMA
2024-05-10,1462.7801073838928,1493.901975057115,1459.2079112060956,1474.4263916015625,1528487,SUNPHARMA
2024-05-13,1480.7388722353983,1497.3763876537735,1469.973421082332,1492.531982421875,1628326,SUNPHARMA
2024-05-14,1492.4830519560953,1514.9436507542878,1483.7239369135655,1512.30126953125,2206236,SUNPHARMA
2024-05-15,1512.3010301690451,1517.1944164501292,1487.9319425957585,1494.8316650390625,1207536,SUNPHARMA
2024-05-16,1496.3976000705582,1508.2885532255625,1476.139027634213,1503.5419921875,2684392,SUNPHARMA
2024-05-17,1503.2482292670784,1504.520557456427,1487.7362190239228,1498.746337890625,1341676,SUNPHARMA
2024-05-21,1497.3764257380424,1525.0730440141665,1491.5043613233834,1508.0928955078125,1791791,SUNPHARMA
2024-05-22,1514.0136721441947,1530.6511850249,1473.3007233413673,1506.4779052734375,3948239,SUNPHARMA
2024-05-23,1477.8027751625814,1477.8027751625814,1435.719649777157,1463.220458984375,11618479,SUNPHARMA
2024-05-24,1471.930677000481,1473.594380643623,1445.6042334186188,1454.99951171875,5307322,SUNPHARMA
2024-05-27,1454.9996316436734,1468.9947661434142,1429.4073134037467,1434.7900390625,3474806,SUNPHARMA
2024-05-28,1437.6280001730124,1447.5615988558368,1424.9051950241103,1433.6644287109375,2616438,SUNPHARMA
2024-05-29,1436.796048569704,1463.1224905200404,1434.3983370912783,1447.4146728515625,2843365,SUNPHARMA
2024-05-30,1444.5278310026808,1445.8980032453615,1418.5928801073076,1427.9881591796875,3133423,SUNPHARMA
2024-05-31,1433.7622921154689,1447.8552695969877,1409.2953588029184,1428.6732177734375,5503924,SUNPHARMA
2024-06-03,1464.590620769586,1466.0586367610024,1420.060802363294,1422.067138671875,1855318,SUNPHARMA
2024-06-04,1430.4348229660409,1444.8214520143524,1347.834428878965,1399.36181640625,5055952,SUNPHARMA
2024-06-05,1418.7885490257795,1458.229295199706,1401.4660071986436,1455.5869140625,2487724,SUNPHARMA
2024-06-06,1462.1438473559886,1462.1438473559886,1424.0244153206652,1441.2979736328125,3004955,SUNPHARMA
2024-06-07,1448.3444236013634,1477.9004274875967,1440.7596752415175,1474.7197265625,3404664,SUNPHARMA
2024-06-10,1486.610767616636,1489.25314844886,1473.0071297205993,1480.8365478515625,1433942,SUNPHARMA
2024-06-11,1491.5040400613643,1492.4827172530056,1465.4222690106371,1467.7711181640625,1441589,SUNPHARMA
2024-06-12,1468.0158115830905,1482.2556127424193,1463.9542772775574,1474.7197265625,994784,SUNPHARMA
2024-06-13,1482.304717747788,1482.304717747788,1466.058697331728,1478.5858154296875,1412477,SUNPHARMA
2024-06-14,1481.5706245736428,1485.6321593110983,1473.447674566177,1483.6748046875,937490,SUNPHARMA
2024-06-18,1490.1340064486842,1490.3786757693103,1477.9983842521333,1488.5191650390625,1478241,SUNPHARMA
2024-06-19,1492.4339057782547,1497.2294484575855,1468.0159548495678,1471.9306640625,1537367,SUNPHARMA
2024-06-20,1456.2229329119687,1456.2229329119687,1435.7196899663018,1439.6343994140625,4168375,SUNPHARMA
2024-06-21,1448.5403356425786,1456.2719106747318,1429.7497781305303,1435.96435546875,4426556,SUNPHARMA
2024-06-24,1443.5979536133852,1470.854091665096,1443.5979536133852,1462.6331787109375,3726155,SUNPHARMA
2024-06-25,1466.1076550457683,1475.8454469118205,1460.480260271403,1473.1051025390625,1833311,SUNPHARMA
2024-06-26,1469.973272046866,1496.2997147273452,1463.3672004181599,1488.7149658203125,2563493,SUNPHARMA
2024-06-27,1492.4829826134842,1495.4679963656918,1472.9094353005205,1483.9195556640625,3881458,SUNPHARMA
2024-06-28,1487.5894128834045,1506.1352988952065,1483.2832091105179,1488.4212646484375,2634599,SUNPHARMA
2024-07-01,1488.4213859234821,1497.3763073412674,1471.7838713974681,1487.6873779296875,1451094,SUNPHARMA
2024-07-02,1481.717467768168,1502.171847722658,1476.0900731580844,1491.55322265625,1336816,SUNPHARMA
2024-07-03,1486.9534000875676,1503.493071109948,1466.352313657792,1501.2420654296875,1061099,SUNPHARMA
2024-07-04,1502.2696623191541,1537.5020452790823,1493.461566579172,1524.681396484375,2630823,SUNPHARMA
2024-07-05,1528.6939608430137,1541.1720965669242,1523.8005742846174,1534.95751953125,2481046,SUNPHARMA
2024-07-08,1537.1105488275616,1541.2210651823107,1517.87951592225,1523.21337890625,1120204,SUNPHARMA
2024-07-09,1531.4343632804464,1555.9991408432998,1516.754203047572,1551.5950927734375,1492840,SUNPHARMA
2024-07-10,1558.8374485626193,1567.0093811586282,1534.1747058000583,1564.46484375,1899956,SUNPHARMA
2024-07-11,1566.8623652692577,1568.3303812267243,1538.7743744033762,1548.0228271484375,1707500,SUNPHARMA
2024-07-12,1553.177310354531,1558.4298139518944,1521.7603230401537,1548.56298828125,1426598,SUNPHARMA
2024-07-15,1551.1645291711836,1565.6457959912527,1548.5629059246094,1557.3006591796875,832804,SUNPHARMA
2024-07-16,1560.0497152259618,1565.940400116683,1546.255646835007,1550.5264892578125,688481,SUNPHARMA
2024-07-18,1546.3046998276277,1567.5111403131498,1541.6412412091,1565.2039794921875,1665636,SUNPHARMA
2024-07-19,1555.8279440797767,1560.7859849252718,1536.6342018625041,1540.0704345703125,1649335,SUNPHARMA
2024-07-22,1526.7183599967982,1560.5406623688216,1526.7183599967982,1558.4298095703125,826636,SUNPHARMA
2024-07-23,1558.0861897515051,1576.3964263476482,1545.617621048659,1572.420166015625,1502677,SUNPHARMA
2024-07-24,1572.8129184306918,1595.3447409528383,1562.9951099510995,1589.9449462890625,2923358,SUNPHARMA
2024-07-25,1585.4287561139497,1650.6681644533007,1573.0092045922543,1635.4505615234375,5329712,SUNPHARMA
2024-07-26,1640.0157730931946,1692.393877322496,1634.665115398726,1683.017822265625,4591049,SUNPHARMA
2024-07-29,1683.9996348870402,1697.2536766133046,1661.9095653432662,1691.8538818359375,3187339,SUNPHARMA
2024-07-30,1684.8340888942735,1694.0137158516936,1666.0820986710648,1670.5982666015625,1525840,SUNPHARMA
2024-07-31,1671.0890616162783,1699.4134134881244,1664.3147501841572,1688.0247802734375,1594881,SUNPHARMA
2024-08-01,1694.062829987336,1714.6310905322928,1650.6681650394783,1683.950439453125,5258291,SUNPHARMA
2024-08-02,1669.027322418239,1710.0658068726846,1653.1715388860086,1700.1007080078125,2992406,SUNPHARMA
2024-08-05,1693.5718965306942,1725.9706632469336,1683.754088434864,1689.006591796875,5165558,SUNPHARMA
2024-08-06,1693.5718460136184,1702.4078730362983,1672.905312649836,1676.4398193359375,1710278,SUNPHARMA
2024-08-07,1688.6630462337846,1705.206029432572,1678.2561932902074,1702.8497314453125,1922313,SUNPHARMA
2024-08-08,1703.3896452220301,1716.7909767747344,1696.8607790967346,1705.40234375,2480113,SUNPHARMA
2024-08-09,1717.92014823975,1717.92014823975,1698.529976802472,1703.684326171875,751683,SUNPHARMA
2024-08-12,1703.3898141603818,1716.643855942033,1698.530046778962,1702.2607421875,1526788,SUNPHARMA
2024-08-13,1708.2986964691927,1719.9327756914047,1694.1610281153608,1708.3968505859375,2076963,SUNPHARMA
2024-08-14,1715.661972895646,1721.0617673740014,1701.033414794116,1709.9185791015625,2207250,SUNPHARMA
2024-08-16,1717.7237098476257,1719.245518067016,1697.155449473692,1710.99853515625,2180718,SUNPHARMA
2024-08-19,1720.9144641379314,1720.9144641379314,1708.936786227169,1715.95654296875,1363446,SUNPHARMA
2024-08-20,1719.8836185879832,1738.5374534106454,1713.354752430794,1734.16845703125,1766597,SUNPHARMA
2024-08-21,1737.7521374669489,1739.6665622222495,1725.2835683739254,1732.4996337890625,1184193,SUNPHARMA
2024-08-22,1737.261060013632,1737.261060013632,1716.5455098849586,1718.7545166015625,1369554,SUNPHARMA
2024-08-23,1721.7981602355794,1748.9934417559498,1719.9818896380893,1743.3973388671875,3515492,SUNPHARMA
2024-08-26,1747.5698416863465,1747.5698416863465,1732.352239132336,1740.1573486328125,933372,SUNPHARMA
2024-08-27,1745.6063802100655,1759.9403568882003,1734.9540817804052,1756.7987060546875,1231023,SUNPHARMA
2024-08-28,1764.1620239187291,1789.7864799977094,1753.8041880679918,1778.839599609375,1768949,SUNPHARMA
2024-08-29,1776.9250480719027,1793.5661842643015,1757.6330318800822,1766.419921875,3205924,SUNPHARMA
2024-08-30,1765.3892102377706,1794.8426349176113,1758.6640355717989,1788.4610595703125,3036374,SUNPHARMA
2024-09-02,1796.609799921785,1803.5314027811555,1772.3107241358114,1782.8648681640625,1617946,SUNPHARMA
2024-09-03,1786.841108725935,1806.0349718708212,1772.212550405019,1778.4959716796875,2148689,SUNPHARMA
2024-09-04,1778.495913140363,1801.5677618617533,1768.4817969529986,1799.4569091796875,2473477,SUNPHARMA
2024-09-05,1799.8006622814623,1810.3057896111018,1786.8412025967527,1793.2227783203125,1902919,SUNPHARMA
2024-09-06,1786.3992017458313,1816.2943774798928,1772.1142439736252,1791.30810546875,1701134,SUNPHARMA
2024-09-09,1791.308350984599,1801.9606495540747,1779.82144279081,1788.657470703125,1544883,SUNPHARMA
2024-09-10,1796.658904226238,1808.685719295512,1792.4371987532006,1802.8931884765625,1460472,SUNPHARMA
2024-09-11,1802.9423859336382,1823.657938003068,1797.7388994640748,1812.0728759765625,1701900,SUNPHARMA
2024-09-12,1821.3506871629784,1837.4027793801297,1806.8694202669822,1831.4139404296875,2744070,SUNPHARMA
2024-09-13,1831.0212305214304,1831.0212305214304,1817.6690353297818,1819.9761962890625,1322430,SUNPHARMA
2024-09-16,1828.0759010741297,1839.2190894986368,1817.178157856534,1829.008544921875,1284085,SUNPHARMA
2024-09-17,1829.05757779554,1835.586443897025,1825.3758999014267,1832.10107421875,738265,SUNPHARMA
2024-09-18,1833.9665463516135,1833.9665463516135,1796.2661394166694,1802.549560546875,1202676,SUNPHARMA
2024-09-19,1811.5817723304554,1822.185052254067,1801.5676567274854,1812.4163818359375,1675819,SUNPHARMA
2024-09-20,1817.3744553500712,1836.9119176740671,1808.3421197276036,1831.757568359375,4229991,SUNPHARMA
2024-09-23,1832.9847669326607,1840.8390133897906,1823.657849264819,1828.7630615234375,812520,SUNPHARMA
2024-09-24,1822.185052218532,1846.3859714125658,1822.185052218532,1834.0645751953125,2528953,SUNPHARMA
2024-09-25,1839.8573108339285,1841.8208725317234,1824.6888446569799,1836.47021484375,956893,SUNPHARMA
2024-09-26,1836.4701721044196,1870.2924736232897,1833.0339392132482,1863.812744140625,2452807,SUNPHARMA
2024-09-27,1883.0065280101155,1923.603261920195,1880.3557676611072,1913.1962890625,3809008,SUNPHARMA
2024-09-30,1913.490682500222,1924.6338700478343,1886.0499584654765,1891.596923828125,2608461,SUNPHARMA
2024-10-01,1889.7807205201098,1899.5003742633467,1867.6906528519742,1884.969970703125,1275678,SUNPHARMA
2024-10-03,1866.1689417381397,1901.0221591886273,1861.5054830651873,1876.0357666015625,2492195,SUNPHARMA
2024-10-04,1876.035841023236,1916.6815906175766,1868.9670671139115,1875.25048828125,2798189,SUNPHARMA
2024-10-07,1875.2505598842056,1883.0065327197012,1853.6513811910797,1870.5379638671875,1691999,SUNPHARMA
2024-10-08,1869.310749185004,1886.4427771778294,1866.9054340271446,1882.22119140625,2309881,SUNPHARMA
2024-10-09,1860.0329362453656,1911.5272933062909,1859.9837992649038,1895.6715087890625,1597182,SUNPHARMA
2024-10-10,1894.444191614771,1902.642037255861,1849.5768573744979,1853.356689453125,2383012,SUNPHARMA
2024-10-11,1864.4018900473109,1874.5632981802048,1856.0567525721124,1867.298095703125,1019117,SUNPHARMA
2024-10-14,1868.3290336799646,1880.8467400275315,1860.5729406796634,1874.9560546875,676879,SUNPHARMA
2024-10-15,1883.0555567343888,1885.4118546015413,1860.13099923871,1863.8616943359375,1383203,SUNPHARMA
2024-10-16,1874.1703275706002,1879.8155669216453,1852.6202878994723,1863.9107666015625,1401914,SUNPHARMA
2024-10-17,1888.504571804553,1888.602725918727,1845.4043692084228,1855.1240234375,1447059,SUNPHARMA
2024-10-18,1865.383514593708,1882.9574148320328,1838.5808508928724,1875.544921875,1203693,SUNPHARMA
2024-10-21,1883.8411024303955,1885.5592188809692,1856.1057940139917,1862.438232421875,660583,SUNPHARMA
2024-10-22,1857.5292770201536,1871.274208245461,1846.7296882002688,1853.160400390625,1192915,SUNPHARMA
2024-10-23,1845.7970516759176,1855.1239693299722,1798.6224360239994,1805.8385009765625,1673366,SUNPHARMA
2024-10-24,1796.6587971403235,1825.6704666392181,1796.1187697819041,1815.2144775390625,1739776,SUNPHARMA
2024-10-25,1822.9706180096227,1841.428024945741,1816.39261481174,1826.5050048828125,2148004,SUNPHARMA
2024-10-28,1829.2540626504215,1881.0921403437148,1801.5678901517313,1868.2308349609375,2445724,SUNPHARMA
2024-10-29,1886.9827543396239,1887.6699529817715,1828.0759045683556,1837.5009765625,2295542,SUNPHARMA
2024-10-30,1834.4574303094903,1846.631536235311,1786.8410613664823,1818.356201171875,1900203,SUNPHARMA
2024-10-31,1826.1122200442633,1838.3844795875716,1808.538320408989,1815.2144775390625,2572932,SUNPHARMA
2024-11-01,1826.1124514278856,1830.9722188842948,1798.1808331066618,1824.5416259765625,107596,SUNPHARMA
2024-11-04,1811.3856232094604,1811.3856232094604,1728.0324071477992,1775.943359375,5031861,SUNPHARMA
2024-11-05,1772.1143852853427,1799.6042483257802,1766.665453779882,1770.7398681640625,1658010,SUNPHARMA
2024-11-06,1782.4722990802666,1806.4767933137703,1769.3654286430447,1794.1553955078125,2060619,SUNPHARMA
2024-11-07,1811.3856137854564,1811.3856137854564,1746.3917714082022,1758.3203125,1909269,SUNPHARMA
2024-11-08,1767.0091133322758,1781.9812703759778,1758.3202574659497,1776.6304931640625,1644075,SUNPHARMA
2024-11-11,1784.2884588851225,1784.53390408636,1759.302065491375,1761.90380859375,1069649,SUNPHARMA
2024-11-12,1769.070834763287,1791.749947110885,1762.394677432797,1768.0399169921875,2471888,SUNPHARMA
2024-11-13,1758.3693820895473,1764.5546489600354,1738.1937390634055,1746.5880126953125,1810332,SUNPHARMA
2024-11-14,1747.27534313592,1763.2784190423617,1731.0269418615421,1735.98486328125,1473358,SUNPHARMA
2024-11-18,1766.2236133259505,1766.2236133259505,1711.440198170322,1715.9073486328125,1533025,SUNPHARMA
2024-11-19,1698.5298686529584,1773.8324057546442,1698.4807316759566,1744.869873046875,1933316,SUNPHARMA
2024-11-21,1739.7155778177669,1758.8111664416415,1726.019783594568,1747.56982421875,2014349,SUNPHARMA
2024-11-22,1752.4787959528114,1781.8830841144545,1735.8376586860627,1762.5911865234375,1420813,SUNPHARMA
2024-11-25,1773.0961079256538,1796.6588469014098,1751.6442216190667,1766.12548828125,3137448,SUNPHARMA
2024-11-26,1773.8325564424485,1773.8325564424485,1721.2581438173422,1729.505126953125,1589883,SUNPHARMA
2024-11-27,1728.032405769051,1746.1953510279332,1708.544080365941,1717.576416015625,1982546,SUNPHARMA
2024-11-28,1717.5763402527514,1728.6213740446012,1692.0010228025067,1702.6533203125,3071758,SUNPHARMA
2024-11-29,1711.145819946305,1763.0820494392226,1707.5131589943421,1748.4534912109375,2427677,SUNPHARMA
2024-12-02,1767.2054575832758,1780.9503889200346,1759.4985021958512,1775.5997314453125,1948045,SUNPHARMA
2024-12-03,1797.8861527626796,1798.6224883883845,1755.7677310031033,1767.254638671875,1543970,SUNPHARMA
2024-12-04,1777.514246260893,1781.7849690307858,1752.4788343417254,1767.40185546875,2320116,SUNPHARMA
2024-12-05,1775.7468196918808,1792.6825378688168,1743.0535921624357,1780.4102783203125,2742263,SUNPHARMA
2024-12-06,1782.7665069288348,1790.7189068383543,1768.1870871203357,1771.9669189453125,1590478,SUNPHARMA
2024-12-09,1781.7359127992206,1786.791988238051,1763.9655837538041,1773.734375,1528215,SUNPHARMA
2024-12-10,1787.8228469337585,1789.7864085448884,1763.278326794635,1776.97412109375,2043634,SUNPHARMA
2024-12-11,1791.0628300191877,1793.0754088285444,1772.1635488948918,1780.950439453125,1745911,SUNPHARMA
2024-12-12,1785.8592075480015,1786.8409883108097,1765.2909485056848,1772.5560302734375,1082394,SUNPHARMA
2024-12-13,1771.8688336130672,1783.6993397563392,1741.7282121004541,1780.4102783203125,1391111,SUNPHARMA
2024-12-16,1785.5646573653587,1789.2954722693732,1759.694757771215,1776.826904296875,1483330,SUNPHARMA
2024-12-17,1777.0232154999987,1782.6684549967529,1750.6132884937524,1756.4549560546875,1608164,SUNPHARMA
2024-12-18,1765.2419706602905,1789.2464645363686,1760.1367581719824,1768.2364501953125,1732860,SUNPHARMA
2024-12-19,1768.1872940025874,1796.069893846179,1758.1731773665206,1790.0810546875,1924091,SUNPHARMA
2024-12-20,1790.0809694183893,1792.6825926451384,1761.412898329345,1775.8941650390625,2513418,SUNPHARMA
2024-12-23,1778.0050417744042,1794.695315496196,1763.9165111608556,1781.5394287109375,1299181,SUNPHARMA
2024-12-24,1781.8339756691419,1798.3769579735872,1770.298051412999,1785.8592529296875,1121058,SUNPHARMA
2024-12-26,1786.8410064239474,1811.43466272011,1781.3430580657462,1807.802001953125,1402706,SUNPHARMA
2024-12-27,1811.876430247597,1832.0029362460125,1803.285848419005,1827.3394775390625,1668898,SUNPHARMA
2024-12-30,1828.1251380786869,1861.2111058420678,1821.203534926565,1849.5770263671875,6021550,SUNPHARMA
2024-12-31,1842.6063645069937,1875.201441094303,1834.7521176333003,1851.9822998046875,1844944,SUNPHARMA
2025-01-01,1855.4675844295723,1868.279752145062,1844.4225502715858,1855.5166015625,1338092,SUNPHARMA
2025-01-02,1857.5293556351503,1861.4564790085863,1830.9721358837728,1843.784423828125,2507223,SUNPHARMA
2025-01-03,1843.7843901661874,1849.6750751187951,1810.4038421014109,1815.950927734375,1515825,SUNPHARMA
2025-01-06,1816.7854399866897,1822.6761250123152,1792.3882101414824,1813.741943359375,1397724,SUNPHARMA
2025-01-07,1814.8710771742071,1831.0213245649607,1812.0238886788145,1819.6326904296875,1615649,SUNPHARMA
2025-01-08,1828.6648058583178,1828.6648058583178,1795.8733047515968,1804.267578125,1298188,SUNPHARMA
2025-01-09,1807.4584298897587,1807.4584298897587,1780.950348625759,1793.0753173828125,1199181,SUNPHARMA
2025-01-10,1792.1916406553946,1801.1749585799143,1740.451842534636,1752.2823486328125,857827,SUNPHARMA
2025-01-13,1752.0859636042937,1753.018727257104,1710.7038795788753,1715.0728759765625,1645287,SUNPHARMA
2025-01-14,1723.025224785916,1751.546003653222,1710.3602290789167,1738.58642578125,1962645,SUNPHARMA
2025-01-15,1740.5011513830086,1742.6610213300823,1715.858355993079,1724.8416748046875,857867,SUNPHARMA
2025-01-16,1742.7099962637215,1743.249903777138,1709.0840050352274,1731.174072265625,2180496,SUNPHARMA
2025-01-17,1746.5879955051507,1759.3020085794478,1735.3956707215266,1754.00048828125,1163986,SUNPHARMA
2025-01-20,1756.7493045050167,1767.6470465100333,1736.0828922904027,1745.8515625,1341246,SUNPHARMA
2025-01-21,1739.8137243879141,1772.8506721381204,1727.4433103292388,1730.5849609375,2489267,SUNPHARMA
2025-01-22,1744.6243988768947,1770.739742949352,1741.5317655342772,1766.1744384765625,2262270,SUNPHARMA
2025-01-23,1755.522211242316,1806.2312131483095,1753.5096325253005,1800.1932373046875,1974760,SUNPHARMA
2025-01-24,1795.677011604518,1809.5200963633222,1775.2559238402118,1789.0008544921875,1277935,SUNPHARMA
2025-01-27,1784.9756947399121,1791.0136707855477,1741.9737664939767,1754.2950439453125,1452975,SUNPHARMA
2025-01-28,1747.3736114669007,1747.5699196991352,1662.2531395378228,1674.42724609375,5972497,SUNPHARMA
2025-01-29,1674.4272636152525,1712.2258268806802,1665.1003454069,1703.7333984375,1433336,SUNPHARMA
2025-01-30,1708.7402970654223,1728.2287412709454,1693.8664142433734,1707.4149169921875,2017991,SUNPHARMA
2025-01-31,1710.262211056388,1737.604783285706,1674.9672380491663,1712.1766357421875,4275269,SUNPHARMA
2025-02-01,1708.2986262289885,1756.4058863929083,1701.7207426757038,1710.45849609375,1477972,SUNPHARMA
2025-02-03,1748.993293468086,1753.362289774105,1679.3851332022368,1708.8875732421875,2210231,SUNPHARMA
2025-02-04,1717.42926663043,1743.888212257194,1708.9368384185113,1733.088623046875,2796294,SUNPHARMA
2025-02-05,1741.4828178018327,1741.4828178018327,1703.5859833315424,1720.8162841796875,1787905,SUNPHARMA
2025-02-06,1731.4340102746485,1746.595145349593,1714.9395074629483,1720.5693359375,3421791,SUNPHARMA
2025-02-07,1729.8536074821232,1731.4338995345588,1706.0501193432485,1728.2733154296875,1371545,SUNPHARMA
2025-02-10,1719.8285956353361,1728.4709503872725,1702.4944530197406,1710.7911376953125,1237839,SUNPHARMA
2025-02-11,1703.9759687534727,1712.865247766241,1674.1969805155488,1678.839111328125,2779274,SUNPHARMA
2025-02-12,1685.4566856095623,1693.8521160280418,1667.283144452648,1673.01171875,1757284,SUNPHARMA
2025-02-13,1679.0860806988685,1731.1871340852597,1679.0366475867154,1724.8658447265625,2750390,SUNPHARMA
2025-02-14,1725.8534442265395,1727.4337363341597,1664.2705205902216,1679.579833984375,2123774,SUNPHARMA
2025-02-17,1679.5797969354383,1714.0010347583338,1675.184590769234,1693.1112060546875,2277889,SUNPHARMA
2025-02-18,1693.1113487394819,1708.470096198524,1677.5057974240608,1680.6663818359375,2163972,SUNPHARMA
2025-02-19,1644.615475066574,1678.098452409651,1626.8369158297444,1655.9739990234375,2576319,SUNPHARMA
2025-02-20,1646.6402198086596,1657.3072824664741,1642.5412503018301,1648.7637939453125,1670915,SUNPHARMA
2025-02-21,1657.406155129458,1663.678011340424,1611.9226283269961,1623.528076171875,2244190,SUNPHARMA
2025-02-24,1609.7002700289127,1649.3563554045738,1607.0335345600174,1619.330322265625,2357441,SUNPHARMA
2025-02-25,1619.3304186044963,1627.5283579416634,1586.4894692793366,1593.7490234375,2836717,SUNPHARMA
2025-02-27,1608.9100933370894,1632.7630165077305,1585.3042151558923,1627.23193359375,2744489,SUNPHARMA
2025-02-28,1650.4427848228122,1650.4427848228122,1566.883587155549,1573.6492919921875,3549979,SUNPHARMA
2025-03-03,1565.7972212573038,1587.6253164421207,1562.7352619144206,1565.599609375,1425492,SUNPHARMA
2025-03-04,1565.5008003729204,1570.4392887021725,1536.8575680632582,1547.2283935546875,1717135,SUNPHARMA
2025-03-05,1545.3516772029925,1566.7847879683711,1533.943841995739,1562.9820556640625,2428171,SUNPHARMA
2025-03-06,1578.5878046312296,1597.9960880041344,1553.2040226825109,1594.14404296875,2458676,SUNPHARMA
2025-03-07,1604.0210610536626,1608.712625117705,1585.8968324147068,1589.501953125,980890,SUNPHARMA
2025-03-10,1601.996074311174,1621.256177513802,1583.0323286160083,1591.6746826171875,1600589,SUNPHARMA
2025-03-11,1596.2180941717027,1643.1337309630876,1585.6003447925998,1634.9359130859375,3325416,SUNPHARMA
2025-03-12,1641.553538808838,1659.5790214100782,1637.6521812129815,1656.2208251953125,2389362,SUNPHARMA
2025-03-13,1651.430533727431,1666.39417780883,1642.985670270717,1662.7396240234375,1666929,SUNPHARMA
2025-03-17,1673.20922911008,1698.988113305472,1667.579280241669,1683.3331298828125,2588408,SUNPHARMA
2025-03-18,1683.3331298828125,1683.3331298828125,1683.3331298828125,1683.3331298828125,0,SUNPHARMA
2025-03-19,1726.2980877387904,1726.4955790513009,1705.0625871955392,1711.0380859375,2167448,SUNPHARMA
2025-03-20,1714.2975332342016,1735.533033736083,1701.704387587737,1728.7178955078125,1602232,SUNPHARMA
2025-03-21,1737.3602179657948,1770.744447755042,1728.7178632715363,1762.5465087890625,2483162,SUNPHARMA
2025-03-24,1772.4233921949142,1797.609681691136,1755.7312781797848,1762.8427734375,1182084,SUNPHARMA
2025-03-25,1762.8428148307853,1773.855547178955,1736.866318395344,1743.0394287109375,1471028,SUNPHARMA
2025-03-26,1746.1999474663362,1749.0149821195055,1724.6187787262288,1737.3106689453125,1762361,SUNPHARMA
2025-03-27,1729.4585851363342,1730.7426403087484,1698.839957986576,1710.1490478515625,3279881,SUNPHARMA
2025-03-28,1710.1491133739123,1719.9273445971887,1684.2220490682523,1713.359130859375,1956781,SUNPHARMA
2025-04-01,1709.7047759979007,1712.6184360831203,1660.9124838689952,1677.4564208984375,4142445,SUNPHARMA
2025-04-02,1674.1475298045243,1697.3089916502065,1665.1595052331504,1692.568115234375,3369489,SUNPHARMA
2025-04-03,1733.4093886553233,1790.3994952571932,1728.470900368556,1748.224853515625,5715573,SUNPHARMA
2025-04-04,1756.965908263612,1756.965908263612,1637.652106679919,1688.3209228515625,5345276,SUNPHARMA
2025-04-07,1600.1689587010642,1671.1844447395852,1600.1689587010642,1645.8499755859375,5715334,SUNPHARMA
2025-04-08,1624.7627945357094,1688.814969343357,1624.7627945357094,1667.5794677734375,2807382,SUNPHARMA
2025-04-09,1629.701136815837,1659.085142161456,1619.8241602290743,1631.8740234375,3481864,SUNPHARMA
2025-04-11,1688.9630718417638,1715.6309098182128,1661.4062818190532,1666.789306640625,3801939,SUNPHARMA
2025-04-15,1698.8400012600805,1703.284640798261,1675.925463423998,1684.0245361328125,1993085,SUNPHARMA
2025-04-16,1670.2954787152607,1681.7527473889743,1661.4061998284647,1672.2708740234375,2205374,SUNPHARMA
2025-04-17,1674.147476688508,1736.3724271494968,1666.6409988418466,1729.952392578125,2683908,SUNPHARMA
2025-04-21,1739.3356244457113,1739.3356244457113,1710.0010514090613,1723.4337158203125,1539511,SUNPHARMA
2025-04-22,1729.4586416439995,1733.4094323730549,1713.1616298866459,1725.9029541015625,961907,SUNPHARMA
2025-04-23,1732.6191444489039,1769.2628231909998,1720.6680271697394,1766.7935791015625,1471029,SUNPHARMA
2025-04-24,1767.9788637479733,1785.6586764991662,1752.0769550648472,1781.7078857421875,2101177,SUNPHARMA
2025-04-25,1783.7820417321473,1793.1651698586454,1742.4962297481295,1765.410888671875,2036801,SUNPHARMA
2025-04-28,1765.4109237545622,1823.289985866066,1759.2871255670668,1818.944091796875,3216482,SUNPHARMA
2025-04-29,1822.3021426500623,1823.289840288355,1774.892656012012,1783.2880859375,2886160,SUNPHARMA
2025-04-30,1787.732837972467,1816.2773256317075,1781.115311606294,1809.758544921875,2667314,SUNPHARMA
2025-05-02,1809.7585428688371,1828.4259329329611,1791.486135429626,1802.1531982421875,1885257,SUNPHARMA
2025-05-05,1805.3138261215315,1820.6231398086738,1798.9925370015153,1814.0054931640625,1219830,SUNPHARMA
2025-05-06,1797.6097772208377,1805.4126130049049,1776.8681259452128,1796.7208251953125,1414772,SUNPHARMA
2025-05-07,1795.5355739714807,1803.9310039587137,1756.8177539245166,1759.3858642578125,2015237,SUNPHARMA
2025-05-08,1759.3858617529975,1766.8923397348303,1733.409365484411,1745.459228515625,2647871,SUNPHARMA
2025-05-09,1730.3477129214596,1744.5705846399642,1710.3961460235964,1723.3350830078125,1148956,SUNPHARMA
2025-05-12,1674.8389386801664,1691.3335625819343,1603.6259587506897,1665.455810546875,9221075,SUNPHARMA
2025-05-13,1689.9508569335937,1726.9895227050781,1670.49325940907,1679.086181640625,6988329,SUNPHARMA
2025-05-14,1681.0615030870597,1690.3458856784575,1671.283271640466,1687.1851806640625,1639324,SUNPHARMA
2025-05-15,1680.1725386031462,1722.9398973741272,1663.3816776507115,1718.6927490234375,3880385,SUNPHARMA
2025-05-16,1718.5939968482232,1720.1742890534506,1697.8523451621238,1713.5567626953125,1448249,SUNPHARMA
2025-05-19,1723.5324021832398,1743.2863552168585,1705.3587412785982,1708.9144287109375,2074023,SUNPHARMA
2025-05-20,1722.347277929038,1726.4955599945047,1682.3455215332842,1686.7901611328125,2706777,SUNPHARMA
2025-05-21,1695.284304815932,1737.06384391368,1686.7901289680744,1710.494873046875,2754306,SUNPHARMA
2025-05-22,1712.865221826604,1718.593916442169,1686.1973851921566,1697.555908203125,2670554,SUNPHARMA
2025-05-23,1637.602660256984,1668.7151354066193,1616.4659069939967,1662.8876953125,8339783,SUNPHARMA
2025-05-26,1672.2708402491342,1681.456476474062,1646.4919561117856,1655.47998046875,2282131,SUNPHARMA
2025-05-27,1655.4800662867704,1671.1844835974093,1640.6646010066513,1662.6903076171875,2800622,SUNPHARMA
2025-05-28,1662.690274377628,1666.1472162072132,1642.5412178857619,1645.8994140625,2657712,SUNPHARMA
2025-05-29,1654.393599330459,1682.3454916540347,1649.8502141564582,1678.8885498046875,2377583,SUNPHARMA
2025-05-30,1681.0615183885147,1692.5187878196346,1648.5662393071264,1656.961669921875,3640641,SUNPHARMA
2025-06-02,1658.3443067348683,1662.788946032252,1640.071900734514,1653.9984130859375,1819538,SUNPHARMA
2025-06-03,1674.1475253584147,1674.1475253584147,1637.2076089447585,1646.98583984375,2556920,SUNPHARMA
2025-06-04,1635.6273134538142,1648.4673829434878,1628.7134298824515,1644.4178466796875,1700482,SUNPHARMA
2025-06-05,1641.5535242173332,1673.4562071211842,1641.5535242173332,1662.3939208984375,2037073,SUNPHARMA
2025-06-06,1664.270687291064,1668.221478240123,1648.4675234948284,1658.5419921875,2500047,SUNPHARMA
2025-06-09,1659.2333156354666,1677.900825438661,1652.714535222693,1673.554931640625,2589656,SUNPHARMA
2025-06-10,1680.8639958950585,1685.9012300567622,1657.060384844606,1668.02392578125,2369135,SUNPHARMA
2025-06-11,1673.9500382450392,1674.1475295491248,1658.6407245529972,1669.8016357421875,1999978,SUNPHARMA
2025-06-12,1674.0488459876365,1706.2477667043497,1660.418569580459,1666.64111328125,3588365,SUNPHARMA
2025-06-13,1646.2946028270221,1679.0861188020822,1640.664653499309,1667.0362548828125,2404272,SUNPHARMA
2025-06-16,1644.5165840478667,1669.0115339475956,1635.3309476933282,1664.56689453125,2249326,SUNPHARMA
2025-06-17,1659.3321210630993,1661.0111589105582,1620.9106567652464,1629.898681640625,5408285,SUNPHARMA
2025-06-18,1624.7626150927497,1640.8621348253478,1618.342580443447,1627.7257080078125,1455885,SUNPHARMA
2025-06-19,1627.8245373211214,1634.9360330239078,1615.8734193965106,1627.3306884765625,1696525,SUNPHARMA
2025-06-20,1627.3307681102358,1649.4552215428482,1625.3553726353343,1644.615478515625,2567882,SUNPHARMA
2025-06-23,1642.7388255390188,1646.4921251615367,1626.9356617702217,1642.0474853515625,840643,SUNPHARMA
2025-06-24,1649.9489900420535,1665.6534074162687,1638.3929753042046,1641.2572021484375,2066326,SUNPHARMA
2025-06-25,1641.2572226368472,1658.14694979025,1637.7015350245501,1649.06005859375,1372945,SUNPHARMA
2025-06-26,1654.1960565619502,1658.2455927743497,1630.096210019672,1649.257568359375,2102627,SUNPHARMA
2025-06-27,1649.652538052368,1674.8388276884205,1647.6771427867952,1666.8385009765625,5313904,SUNPHARMA
2025-06-30,1675.1352721511694,1683.5307024656063,1651.0354245466024,1655.0849609375,2160184,SUNPHARMA
2025-07-01,1655.0848830443233,1663.5791791822505,1637.1088342680196,1646.689453125,3298070,SUNPHARMA
2025-07-02,1635.6272936847988,1661.307432353763,1635.6272936847988,1656.86279296875,1611046,SUNPHARMA
2025-07-03,1656.8627579940905,1671.9745798115637,1653.8996651332964,1659.03564453125,1553777,SUNPHARMA
2025-07-04,1665.9496941964285,1665.9496941964285,1651.0354827551532,1655.677734375,1264399,SUNPHARMA
2025-07-07,1659.5423049250728,1667.1726850940636,1647.948249571039,1664.6953125,1550620,SUNPHARMA
2025-07-08,1664.7944226457398,1666.7763207679372,1634.174072464699,1657.3623046875,1860328,SUNPHARMA
2025-07-09,1644.9754598019483,1665.5872488892664,1632.0931218637404,1654.2904052734375,2178705,SUNPHARMA
2025-07-10,1646.9572842751409,1655.4794217214996,1632.2911902768808,1647.4527587890625,1741718,SUNPHARMA
2025-07-11,1650.7229855293185,1664.6953430229341,1647.155472156088,1656.8668212890625,1298302,SUNPHARMA
2025-07-14,1665.1908100825879,1681.5414694298722,1660.335135537878,1667.370849609375,1309704,SUNPHARMA
2025-07-15,1689.5681480926646,1715.233752951798,1672.622943351807,1711.864501953125,3332578,SUNPHARMA
2025-07-16,1714.3418931820895,1715.630175360839,1682.6315229035768,1685.6043701171875,2285143,SUNPHARMA
2025-07-17,1688.5772112631182,1701.459549142473,1680.6496187219768,1687.982666015625,1461039,SUNPHARMA
2025-07-18,1693.5318793732522,1693.928283175325,1671.4336677863535,1678.271240234375,1253929,SUNPHARMA
2025-07-21,1665.8844521683452,1686.00076661255,1662.3170597206067,1676.983154296875,2390289,SUNPHARMA
2025-07-22,1670.8391630834278,1677.7758064088152,1657.6596133444677,1662.8125,1244491,SUNPHARMA
2025-07-23,1663.3079324300008,1674.3074423745163,1656.2722185711095,1667.271728515625,1229173,SUNPHARMA
2025-07-24,1667.2717750495208,1680.6495872118794,1664.893473138676,1676.685791015625,1079045,SUNPHARMA
2025-07-25,1674.7038950703998,1686.59528367445,1666.974444091583,1683.6224365234375,1088592,SUNPHARMA
2025-07-28,1686.69426425429,1694.6218562333622,1678.5685308619222,1686.7933349609375,2168507,SUNPHARMA
2025-07-29,1682.6314477103733,1702.4504282487758,1681.7395693930537,1695.018310546875,1325544,SUNPHARMA
2025-07-30,1704.4323984091009,1724.7468543203722,1696.6038765721528,1718.1075439453125,2318723,SUNPHARMA
2025-07-31,1699.9730855230341,1732.178929463284,1678.6676810702536,1691.252685546875,3233087,SUNPHARMA
2025-08-01,1674.7039864118967,1679.6587319338255,1593.4461598522662,1614.94970703125,8774548,SUNPHARMA
2025-08-04,1615.0486959049506,1632.4893737589398,1598.9952498505268,1626.7418212890625,1898762,SUNPHARMA
2025-08-05,1626.0482806728367,1629.7147436822142,1605.4364925494494,1617.327880859375,1622897,SUNPHARMA
2025-08-06,1614.9497069910826,1614.9497069910826,1576.6000250384952,1580.761962890625,2376257,SUNPHARMA
2025-08-07,1566.6903250190755,1590.869504133396,1556.7808352972597,1583.932861328125,3435674,SUNPHARMA
2025-08-08,1575.6089050018518,1587.50029296413,1566.5912933235484,1572.5369873046875,1654424,SUNPHARMA
2025-08-11,1572.537124012287,1644.9754777867934,1569.8614889088974,1593.842529296875,1140902,SUNPHARMA
2025-08-12,1597.1124913175224,1621.886216882201,1595.5269970744744,1607.5174560546875,1679088,SUNPHARMA
2025-08-13,1609.4994713723352,1628.6248372879757,1602.6620193906542,1624.9583740234375,1313668,SUNPHARMA
2025-08-14,1624.9583289276168,1636.1559808087113,1617.4270192438462,1626.5438232421875,1738094,SUNPHARMA
2025-08-18,1634.669548694632,1634.669548694632,1610.688629777299,1617.9224853515625,3080173,SUNPHARMA
2025-08-19,1618.021519643409,1623.1744058790673,1604.4454462335266,1611.8775634765625,2656391,SUNPHARMA
2025-08-20,1619.2107259823797,1621.688098574152,1601.3736433216193,1618.31884765625,1831706,SUNPHARMA
2025-08-21,1616.0396684127388,1637.5432132044923,1609.2020961584615,1625.3544921875,1727099,SUNPHARMA
2025-08-22,1627.138326969092,1636.4532721570129,1620.3007543861788,1626.940185546875,2098310,SUNPHARMA
2025-08-25,1634.2730825129552,1645.4708548738895,1619.2107057295607,1641.7052001953125,1904984,SUNPHARMA
2025-08-26,1630.1111695667423,1632.4894714540349,1581.752808065144,1585.8157958984375,4502371,SUNPHARMA
2025-08-28,1578.6809477412812,1585.5185205542641,1553.4117463199477,1571.347900390625,4993739,SUNPHARMA
2025-08-29,1566.6904253237446,1587.2030219750068,1561.537538724676,1580.0682373046875,3176534,SUNPHARMA
2025-09-01,1584.5274660146672,1585.716556439753,1542.1148000265914,1549.150634765625,9366820,SUNPHARMA
2025-09-02,1551.8262549135798,1556.0873843317756,1543.898662295886,1551.033447265625,2855840,SUNPHARMA
2025-09-03,1547.9615244459783,1566.7895568537258,1544.1959905437068,1564.4112548828125,2091370,SUNPHARMA
2025-09-04,1582.5456626891018,1582.5456626891018,1546.8714962164609,1567.978759765625,2298657,SUNPHARMA
2025-09-05,1568.0778105594711,1584.8248738005864,1561.2402378793163,1579.1763916015625,1814479,SUNPHARMA
2025-09-08,1583.1401595316079,1589.9777320895596,1563.915723993837,1566.6904296875,1369139,SUNPHARMA
2025-09-09,1565.6995234219016,1582.5456575346689,1563.2221507582594,1577.2935791015625,1709406,SUNPHARMA
2025-09-10,1577.6899893078808,1587.1040054678326,1568.0778317202203,1578.978271484375,2408379,SUNPHARMA
2025-09-11,1578.0863401973904,1602.3645915850425,1576.5999166430443,1595.130615234375,1762484,SUNPHARMA
2025-09-12,1595.4279003988995,1607.8147629796363,1588.5903280612417,1601.9681396484375,1878894,SUNPHARMA
2025-09-15,1601.9681980394935,1602.4636725607827,1580.9601267230105,1587.5003662109375,2005917,SUNPHARMA
2025-09-16,1587.9958694301679,1600.3827326862533,1585.5184967789507,1595.9234619140625,1480567,SUNPHARMA
2025-09-17,1598.004455746826,1607.4184719687219,1592.8515689378683,1605.53564453125,2128406,SUNPHARMA
2025-09-18,1620.3006555458958,1636.354101626342,1612.9676088893057,1633.678466796875,1832386,SUNPHARMA
2025-09-19,1633.6785496511916,1653.0020557715138,1628.2283299762287,1641.0115966796875,3191406,SUNPHARMA
2025-09-22,1635.065933561673,1642.8944552548485,1620.4990309033988,1629.1202392578125,1785320,SUNPHARMA
2025-09-23,1628.3274237060962,1629.1202313289366,1610.3912701698368,1616.43603515625,1967731,SUNPHARMA
2025-09-24,1615.2469453725028,1621.0935689384155,1610.2922001412987,1612.3731689453125,1131058,SUNPHARMA
2025-09-25,1613.1658846511386,1627.9310487919072,1608.0128773250262,1612.67041015625,2762750,SUNPHARMA
2025-09-26,1570.6541801870806,1588.3921916516852,1533.9890668325556,1572.3387451171875,7256759,SUNPHARMA
2025-09-29,1566.6904796065853,1604.2474735511576,1565.6995305366254,1574.9154052734375,4180922,SUNPHARMA
2025-09-30,1574.717109553487,1589.7796076773784,1571.645191694717,1579.8701171875,2257443,SUNPHARMA
2025-10-01,1597.3107583309259,1636.5523155460226,1597.3107583309259,1621.3907470703125,3109095,SUNPHARMA
2025-10-03,1585.5184733128335,1630.6066548976673,1585.5184733128335,1616.43603515625,4041865,SUNPHARMA
2025-10-06,1615.2469948659202,1644.6781340548991,1605.3375040998717,1639.723388671875,1756916,SUNPHARMA
2025-10-07,1634.47135435781,1647.9482369734005,1632.0930524925982,1638.1378173828125,2174852,SUNPHARMA
2025-10-08,1630.1111385271374,1640.0206287309497,1614.2559542010376,1616.8323974609375,1846507,SUNPHARMA
2025-10-09,1630.111201380907,1647.2546684807023,1617.6252674357627,1643.489013671875,2197566,SUNPHARMA
2025-10-10,1640.0206198664482,1661.425094397898,1634.074925776298,1655.7767333984375,1454056,SUNPHARMA
2025-10-13,1647.4526931817174,1659.8395555364673,1640.8133833457528,1653.29931640625,1375179,SUNPHARMA
2025-10-14,1652.5066266540177,1654.785857875983,1631.300292597572,1639.4261474609375,2108287,SUNPHARMA
2025-10-15,1637.5433076357044,1653.5966338841336,1635.1650057189659,1640.1197509765625,2088737,SUNPHARMA
2025-10-16,1639.0296300482219,1647.8491002554774,1628.3273325661996,1643.984375,2895957,SUNPHARMA
2025-10-17,1643.1917277779623,1676.6858553068018,1641.7053041473712,1663.902587890625,1594147,SUNPHARMA
2025-10-20,1669.6500652506752,1681.541453756041,1667.569096455328,1673.3165283203125,1647622,SUNPHARMA
2025-10-21,1674.7038663036546,1680.6495605035493,1668.75817210376,1675.1993408203125,74296,SUNPHARMA
2025-10-23,1689.5681651696036,1696.5048086629686,1666.9744779764585,1674.6048583984375,2687094,SUNPHARMA
2025-10-24,1674.7038950703998,1686.4962129625083,1670.7400988690497,1683.6224365234375,994307,SUNPHARMA
2025-10-27,1685.6042871936231,1693.0364048620254,1674.7038479466332,1678.271240234375,2067904,SUNPHARMA
2025-10-28,1676.6857020135594,1687.2888078895205,1664.0015064726656,1671.73095703125,2440939,SUNPHARMA
2025-10-29,1674.7039021308985,1706.414271875389,1672.0283880698914,1700.3695068359375,1016738,SUNPHARMA
2025-10-30,1700.2704586474867,1701.3604784288011,1664.8935043533659,1687.982666015625,1986233,SUNPHARMA
2025-10-31,1684.6133352163367,1689.568080319914,1671.532856529075,1675.3974609375,1560918,SUNPHARMA
2025-11-03,1672.9200994602497,1697.2975423035919,1665.9834562693216,1690.9554443359375,1099955,SUNPHARMA
2025-11-04,1691.5501141971386,1695.712052032175,1666.9745281237292,1674.7039794921875,1597993,SUNPHARMA
2025-11-06,1683.6223992901835,1708.2970542910004,1651.9120303806567,1670.6409912109375,3389867,SUNPHARMA
2025-11-07,1678.6676297668243,1694.5228139913045,1667.8662613208062,1676.0911865234375,1512908,SUNPHARMA
2025-11-10,1682.1360165074605,1687.6853070080012,1670.5419609801618,1682.433349609375,1235665,SUNPHARMA
2025-11-11,1686.1988658426885,1703.4414033683042,1679.6586263579263,1700.567626953125,1315353,SUNPHARMA
2025-11-12,1705.8197449515226,1728.3142403443644,1694.7210428425053,1716.4228515625,1833097,SUNPHARMA
2025-11-13,1718.8010284146155,1731.9806984081272,1709.783416771112,1721.6748046875,1727602,SUNPHARMA
2025-11-14,1721.674885510141,1744.16938032178,1718.9992505240762,1741.196533203125,1667322,SUNPHARMA
2025-11-17,1749.8177637855385,1751.997803163475,1731.8814904083924,1747.9349365234375,1430618,SUNPHARMA
2025-11-18,1748.0341122244517,1748.5295867460572,1734.1608256194957,1742.8812255859375,1429522,SUNPHARMA
2025-11-19,1746.0521989659226,1774.0961050312974,1735.2508302956865,1767.9521484375,2131124,SUNPHARMA
2025-11-20,1773.7988000517291,1775.7806981523456,1757.051736908428,1761.3128662109375,1513894,SUNPHARMA
2025-11-21,1761.9073540008978,1771.2222989631728,1757.646224837323,1763.5919189453125,2199311,SUNPHARMA
2025-11-24,1769.7359449033265,1769.7359449033265,1755.7635873941877,1764.68212890625,3434492,SUNPHARMA
2025-11-25,1768.8439952716303,1775.8797090989474,1750.115034658016,1760.71826171875,1848114,SUNPHARMA
2025-11-26,1759.4300385756792,1790.5458629440886,1757.5472111872652,1788.56396484375,1158948,SUNPHARMA
2025-11-27,1785.78918461086,1798.473380310005,1785.78918461086,1793.9150390625,2902053,SUNPHARMA
2025-11-28,1793.9150750645715,1816.4095696301642,1791.1403693979933,1815.022216796875,1623103,SUNPHARMA
2025-12-01,1824.3372465533237,1832.2648391510568,1784.6992835646583,1791.0413818359375,1869293,SUNPHARMA
2025-12-02,1787.6720391623542,1798.473407716238,1772.4114000008035,1783.2127685546875,2948688,SUNPHARMA
2025-12-03,1788.6630911984919,1799.5635310894522,1766.366736876073,1790.34765625,2114510,SUNPHARMA
2025-12-04,1792.0322318765589,1806.698204792593,1782.0236709681224,1801.8426513671875,1713961,SUNPHARMA
2025-12-05,1802.5364034312488,1803.725493958816,1783.9065120629255,1788.96044921875,1777401,SUNPHARMA
2025-12-08,1788.9603600385915,1789.6539759841844,1769.537661976473,1779.942626953125,2410074,SUNPHARMA
2025-12-09,1779.7445183831294,1784.8974051281207,1755.9617408546242,1759.925537109375,2401728,SUNPHARMA
2025-12-10,1771.7177793832846,1775.4833130849672,1751.8987989571958,1769.3394775390625,2321746,SUNPHARMA
2025-12-11,1761.9073546284521,1794.1131977248665,1759.0335782821423,1790.843017578125,1280916,SUNPHARMA
2025-12-12,1791.6358508154447,1795.4015055252444,1774.7897172624232,1777.26708984375,1442309,SUNPHARMA
2025-12-15,1762.8983194563343,1788.2665903605346,1761.5109666251096,1780.83447265625,1396948,SUNPHARMA
2025-12-16,1773.7986980903086,1775.6815253707575,1762.2046432543352,1765.177490234375,1533979,SUNPHARMA
2025-12-17,1764.880168064721,1781.3298972629127,1755.46615256971,1776.6724853515625,1910628,SUNPHARMA
2025-12-18,1768.8439824804386,1768.8439824804386,1720.2874810005835,1730.097900390625,3461351,SUNPHARMA
2025-12-19,1731.188024517041,1744.070362421289,1725.440471527422,1729.1070556640625,2768986,SUNPHARMA
2025-12-22,1729.1069615291829,1757.1507460916432,1727.3232049149044,1753.7816162109375,1467257,SUNPHARMA
2025-12-23,1755.9617016652771,1758.5381449802721,1735.8453877351853,1740.0074462890625,1124853,SUNPHARMA
2025-12-24,1740.0075263941535,1743.0794443713569,1703.4414808836625,1721.278564453125,2224786,SUNPHARMA
2025-12-26,1721.278498004848,1721.278498004848,1692.5409755856535,1703.9368896484375,2507337,SUNPHARMA
2025-12-29,1703.9368238842105,1711.8644159697433,1694.8201413720299,1701.6575927734375,1800816,SUNPHARMA
2025-12-30,1707.5042695781144,1707.5042695781144,1691.5500141996688,1704.6304931640625,2639497,SUNPHARMA
2025-12-31,1704.630484283899,1709.9816332743505,1699.9730721983062,1704.135009765625,1428439,SUNPHARMA
2026-01-01,1704.4323191352505,1710.3780132717689,1693.432809175783,1705.5223388671875,877515,SUNPHARMA
2026-01-02,1705.5222910229738,1716.3236592610679,1703.8377261177327,1712.35986328125,974123,SUNPHARMA
2026-01-05,1712.359952719554,1730.1970355603828,1707.8016112977675,1713.2518310546875,1416698,SUNPHARMA
2026-01-06,1710.0806911135992,1746.6467344800938,1710.0806911135992,1744.2684326171875,1658801,SUNPHARMA
2026-01-07,1739.1156496731269,1790.2485984276882,1732.6744806002635,1766.4658203125,3059500,SUNPHARMA
2026-01-08,1750.0159942827247,1762.5019279197363,1741.7910689132195,1744.763916015625,1910656,SUNPHARMA
2026-01-09,1749.2232269834508,1749.2232269834508,1711.369021393247,1714.2427978515625,1585689,SUNPHARMA
2026-01-12,1716.4227502668182,1728.512400727513,1698.5856681466876,1720.2874755859375,2327272,SUNPHARMA
2026-01-13,1727.2240857083743,1728.0168932847828,1696.6037377927428,1713.053466796875,1770082,SUNPHARMA
2026-01-14,1721.3775765750315,1721.3775765750315,1673.9110927211293,1685.3070068359375,2479677,SUNPHARMA
2026-01-15,1685.3070068359375,1685.3070068359375,1685.3070068359375,1685.3070068359375,0,SUNPHARMA
2026-01-16,1692.541006196116,1692.541006196116,1644.2818350262407,1653.794921875,3697596,SUNPHARMA
2026-01-19,1635.0658333768674,1672.028279087265,1585.5183838805988,1660.2359619140625,2975272,SUNPHARMA
2026-01-20,1658.9477578382616,1658.9477578382616,1588.2931641139496,1599.193603515625,5019166,SUNPHARMA
2026-01-21,1622.1836058868935,1630.1111983408307,1593.1487501381641,1598.3017578125,3947877,SUNPHARMA
2026-01-22,1599.4908832639828,1631.5976575974692,1598.5990049003235,1619.408935546875,2279862,SUNPHARMA
2026-01-23,1625.1564237640277,1633.9758944031562,1610.6885919894642,1617.1297607421875,1678658,SUNPHARMA
2026-01-27,1643.1916501474457,1643.1916501474457,1607.6166763750311,1624.06640625,2666522,SUNPHARMA
2026-01-28,1625.057315491773,1634.3722604350364,1585.518425561248,1596.0224609375,4124391,SUNPHARMA
2026-01-29,1610.2922386848204,1610.2922386848204,1569.365993709292,1574.9154052734375,5796513,SUNPHARMA
2026-01-30,1574.915268012497,1591.959542144137,1570.75320970213,1580.8609619140625,3962196,SUNPHARMA
2026-02-02,1619.2107807603272,1619.2107807603272,1583.7347556598095,1613.166015625,2721280,SUNPHARMA
2026-02-03,1694.4237868317728,1709.38709313511,1655.8758450021849,1686.6943359375,8520586,SUNPHARMA
2026-02-04,1699.3784753096397,1713.3508321071274,1679.95589897682,1688.9735107421875,3952775,SUNPHARMA
2026-02-05,1694.558848739136,1705.530094964051,1679.8973229390572,1698.1494140625,3074842,SUNPHARMA
2026-02-06,1704.5327578147578,1704.5327578147578,1685.1834441130752,1690.6690673828125,1277116,SUNPHARMA
2026-02-09,1702.2386513058061,1708.9212106107386,1691.5666697197375,1700.1441650390625,2647031,SUNPHARMA
2026-02-10,1705.1311593314747,1715.3045700480702,1697.650763988931,1703.3359375,1869988,SUNPHARMA
2026-02-11,1710.5170271002376,1712.212534636524,1698.0497018298277,1706.627197265625,1175501,SUNPHARMA
2026-02-12,1710.3176441438634,1714.5066168457884,1696.7530964874413,1710.4173583984375,1359444,SUNPHARMA
2026-02-13,1710.417284984564,1714.5065432563972,1690.1703003747648,1693.062744140625,1148165,SUNPHARMA
2026-02-16,1693.0627735724559,1710.51702897011,1688.9735152295357,1696.054931640625,1247403,SUNPHARMA
2026-02-17,1691.566750836012,1714.5066301221136,1689.4722644688309,1712.611572265625,1053855,SUNPHARMA
2026-02-18,1715.9029120238258,1726.0762006020343,1712.6114894978764,1719.8924560546875,1262429,SUNPHARMA
2026-02-19,1717.6981887464262,1722.4856904371297,1705.530127763458,1708.9212646484375,1143429,SUNPHARMA
2026-02-20,1705.6297874438685,1722.4856353245032,1703.6350154284378,1719.8924560546875,1203988,SUNPHARMA
2026-02-23,1728.3702578474986,1731.262701654805,1715.7033823468744,1727.7718505859375,1550400,SUNPHARMA
2026-02-24,1727.4726218669525,1741.3363121779082,1719.1942690316494,1727.273193359375,2769363,SUNPHARMA
2026-02-25,1737.4464578227753,1765.7722453200734,1728.8689623468,1759.58837890625,1200997,SUNPHARMA
2026-02-26,1759.5884264179324,1787.515235908532,1755.6987182112948,1781.0322265625,2076586,SUNPHARMA
2026-02-27,1774.3498094522479,1783.4259982925673,1726.3755640809347,1732.4595947265625,3041489,SUNPHARMA
2026-03-02,1707.5249320167618,1755.2997485653734,1707.5249320167618,1747.9190673828125,3919270,SUNPHARMA
2026-03-04,1716.7008558401753,1752.606754378093,1716.5014273265674,1745.92431640625,4914857,SUNPHARMA
2026-03-05,1745.4255099522363,1790.2081659578266,1743.4307379408624,1779.8353271484375,3600895,SUNPHARMA
2026-03-06,1779.8353352303507,1800.8801556956626,1767.168581601097,1794.6964111328125,3669921,SUNPHARMA
2026-03-09,1768.265719033581,1810.2556465961165,1765.3732751929072,1802.675537109375,4112775,SUNPHARMA
2026-03-10,1805.2686718483699,1820.329176196971,1798.5862343049998,1808.0614013671875,3298680,SUNPHARMA
2026-03-11,1818.2347533954419,1838.1824742226,1813.3475374425432,1821.127197265625,2510495,SUNPHARMA
2026-03-12,1823.2217022324428,1828.8070397708743,1803.6729599723185,1820.52880859375,2606057,SUNPHARMA
2026-03-13,1817.2373241097612,1828.5078348093941,1792.302673669177,1796.890625,2554627,SUNPHARMA
2026-03-16,1796.8906233466914,1813.247778370909,1764.176435049479,1778.5386962890625,2452391,SUNPHARMA
2026-03-17,1789.4102081541055,1801.3788402203515,1776.4441900823388,1789.70947265625,1979497,SUNPHARMA
2026-03-18,1794.895860542458,1800.281769410607,1768.5648452157923,1773.651611328125,2436459,SUNPHARMA
2026-03-19,1755.8981006464253,1779.3366722824328,1733.3572007850205,1739.8402099609375,2301164,SUNPHARMA
2026-03-20,1750.5122189773597,1776.643806343623,1749.7143831940332,1772.4547119140625,3591446,SUNPHARMA
2026-03-23,1770.1607438237093,1770.360172325736,1736.5487621491013,1753.8035888671875,2783613,SUNPHARMA
2026-03-24,1770.360269981955,1775.2474860634186,1740.5384022106048,1748.717041015625,2040152,SUNPHARMA
2026-03-25,1762.08185696297,1804.7700279040193,1750.9111820864912,1790.7069091796875,1900794,SUNPHARMA
2026-03-27,1780.3341252885439,1814.245251484516,1780.3341252885439,1788.91162109375,2975423,SUNPHARMA
2026-03-30,1782.1294134471775,1785.3210000540466,1745.5252729651668,1752.606689453125,4182503,SUNPHARMA
2026-04-01,1757.493958921637,1783.3262823279758,1708.7217560446363,1723.9818115234375,3245628,SUNPHARMA
2026-04-02,1660.6477572282658,1695.5562686414726,1615.7653854112857,1689.1729736328125,3937824,SUNPHARMA
2026-04-06,1679.8974066842584,1694.5589332152347,1650.5742318710768,1690.17041015625,3533715,SUNPHARMA
2026-04-07,1685.3829186545368,1719.3937570486605,1676.9051376185505,1713.5091552734375,2471378,SUNPHARMA
2026-04-08,1725.477811018551,1744.6275738623137,1681.0941332206748,1710.1180419921875,4859877,SUNPHARMA
2026-04-09,1698.249188710168,1726.375548537777,1698.249188710168,1712.611572265625,3276165,SUNPHARMA
2026-04-10,1694.758348256462,1695.556305806745,1626.138260225138,1650.57421875,8089531,SUNPHARMA
2026-04-13,1650.5741187712865,1664.337972545746,1635.8127572437804,1647.881103515625,3751005,SUNPHARMA
2026-04-15,1670.621646636875,1694.7583405325704,1653.3668191382837,1692.1651611328125,3760449,SUNPHARMA
2026-04-16,1709.4199951863202,1709.4199951863202,1662.2435857760172,1688.67431640625,4512633,SUNPHARMA
2026-04-17,1692.464447589694,1692.464447589694,1666.133430975012,1671.120361328125,3146482,SUNPHARMA
2026-04-20,1675.6085061778801,1675.6085061778801,1660.647715944149,1664.23828125,1834532,SUNPHARMA
2026-04-21,1662.8419400281655,1678.5009737453106,1655.561095062034,1660.84716796875,3631490,SUNPHARMA
2026-04-22,1660.8472294269625,1669.524561257251,1648.0807608250266,1665.435302734375,2169514,SUNPHARMA
2026-04-23,1664.6372913221383,1708.522276833327,1656.8576315537557,1675.708251953125,3245164,SUNPHARMA
2026-04-24,1666.0336068840952,1668.9260506484607,1609.3820331070247,1616.164306640625,9606128,SUNPHARMA
2026-04-27,1620.752361551774,1762.2814690430637,1617.6604890892131,1728.96875,26995361,SUNPHARMA
2026-04-28,1719.4935227215092,1759.289249830796,1709.8189268916053,1742.732666015625,16599167,SUNPHARMA
2026-04-29,1751.409922236535,1785.121619781898,1745.42560587354,1774.050537109375,9809449,SUNPHARMA
2026-04-30,1766.3706938370256,1810.255680019312,1756.7958121111358,1803.5732421875,4749798,SUNPHARMA
2026-05-01,1803.5732421875,1803.5732421875,1803.5732421875,1803.5732421875,0,SUNPHARMA
2026-05-04,1815.2425473848368,1836.1876537008156,1805.2686872343706,1818.7333984375,4206373,SUNPHARMA
2026-05-05,1823.720351054043,1826.9119376411513,1793.8984844853044,1816.04052734375,3011421,SUNPHARMA
2026-05-06,1832.1982001127149,1852.943878950574,1813.6468436670452,1845.3636474609375,3247156,SUNPHARMA
2026-05-07,1845.3636068874173,1852.2455949299965,1821.5261778758204,1829.60498046875,2201070,SUNPHARMA
2026-05-08,1817.237379159211,1852.6445838574284,1814.4446495247767,1843.0697021484375,2837885,SUNPHARMA
2026-05-11,1822.4237442361311,1880.870664243333,1820.2295436237603,1867.8048095703125,2564978,SUNPHARMA
2026-05-12,1870.098825897452,1874.487348825803,1835.1903144806995,1840.8753662109375,3263351,SUNPHARMA
2026-05-13,1840.8754228536075,1855.1380923717963,1815.242649525091,1820.0301513671875,1972365,SUNPHARMA
2026-05-14,1847.15891508369,1862.6183984442716,1824.9171580644283,1858.32958984375,2429220,SUNPHARMA
2026-05-15,1869.1014326201364,1882.9651228793568,1858.3296147241836,1873.2904052734375,2756465,SUNPHARMA
2026-05-18,1873.2904073331254,1906.0047180706204,1860.1249603357965,1900.818359375,3456331,SUNPHARMA
2026-05-19,1895.532137669472,1911.5900282976427,1875.0857241876388,1877.3797607421875,2200951,SUNPHARMA
2026-05-20,1875.085745254722,1887.9520494527255,1867.1066569770423,1875.385009765625,1376695,SUNPHARMA
2026-05-21,1887.0544447908255,1894.634554573989,1863.216893363148,1886.3563232421875,1605806,SUNPHARMA
2026-05-22,1898.0256911488698,1898.0256911488698,1828.3083805078693,1839.7783203125,3610732,SUNPHARMA
2026-05-25,1835.1902890233214,1844.1667632631095,1820.2294986236748,1835.7886962890625,3049028,SUNPHARMA
2026-05-26,1825.2164632581498,1840.0775396862894,1811.153344366898,1835.98828125,2337759,SUNPHARMA
2026-05-27,1860.1249683456458,1877.0805310597884,1825.2164568753522,1839.4791259765625,1385752,SUNPHARMA
2026-05-28,1839.4791259765625,1839.4791259765625,1839.4791259765625,1839.4791259765625,0,SUNPHARMA
2026-05-29,1839.4791568937894,1847.956938393352,1780.6333794262384,1794.4969482421875,10058572,SUNPHARMA
2026-06-01,1807.2635612540878,1807.3632755109752,1772.4547630143454,1791.8040771484375,2051152,SUNPHARMA
2026-06-02,1789.5100004365775,1795.2948882213368,1761.8824555794397,1785.2213134765625,2885899,SUNPHARMA
2026-06-03,1776.344555793743,1791.604611065623,1752.207862074128,1783.824951171875,4209769,SUNPHARMA
2026-06-04,1782.3288875719447,1788.712182700288,1763.9769597346683,1775.4468994140625,2343536,SUNPHARMA
2026-06-05,1784.3236557230784,1798.1873462636822,1774.3497951544755,1777.5413818359375,2495159,SUNPHARMA
2026-06-08,1776.0452214162383,1798.78567117174,1768.8640908361967,1784.1241455078125,3098542,SUNPHARMA
2026-06-09,1783.0269411279453,1791.9037010655218,1761.483427423542,1774.3497314453125,3756570,SUNPHARMA
2026-06-10,1774.9481948916955,1792.9011438388493,1766.3706991894119,1781.73046875,1882009,SUNPHARMA
2026-06-11,1775.3471764963138,1800.281827851599,1774.050525925348,1789.510009765625,1858093,SUNPHARMA
2026-06-12,1802.2766099040036,1809.757005351862,1787.8145120381441,1802.9747314453125,1243362,SUNPHARMA
2026-06-15,1813.2478071954165,1813.2478071954165,1793.1006580381795,1801.2791748046875,2188933,SUNPHARMA
2026-06-16,1803.2740089811539,1805.169066858537,1787.9142392004271,1795.9930419921875,1373638,SUNPHARMA
2026-06-17,1809.2583064507962,1818.6337597319334,1797.8880810567034,1815.6416015625,1771990,SUNPHARMA
2026-06-18,1812.7491843471719,1825.2165102367674,1807.7622539913339,1820.0301513671875,2054738,SUNPHARMA
2026-06-19,1819.2320823323498,1837.8831520198078,1816.1402100514372,1833.4947509765625,2126703,SUNPHARMA
2026-06-22,1840.1772827341445,1860.324432467924,1829.2060360620167,1858.030517578125,1588758,SUNPHARMA
2026-06-23,1865.1118374483488,1897.4271685009069,1856.33479186575,1863.1170654296875,2812236,SUNPHARMA
2026-06-24,1863.1170713805882,1877.1801898068245,1860.025199092032,1869.5003662109375,1406231,SUNPHARMA
2026-06-25,1865.11191700582,1882.067479887691,1853.1432843833227,1857.9307861328125,1816438,SUNPHARMA
2026-06-26,1857.9307861328125,1857.9307861328125,1857.9307861328125,1857.9307861328125,0,SUNPHARMA
2026-06-29,1871.8941861612434,1892.1410499127524,1851.04879337913,1869.8994140625,1655869,SUNPHARMA
2026-06-30,1880.0726552668834,1887.952029206841,1854.5395974023631,1857.6314697265625,2352774,SUNPHARMA
2026-07-01,1872.9912670511767,1882.4664344219946,1855.3374611095492,1861.32177734375,1230360,SUNPHARMA
2026-07-02,1871.096183055101,1877.0804992055969,1863.4163593624537,1866.1092529296875,1485296,SUNPHARMA
2026-07-03,1875.0857010730883,1920.0677858283739,1866.7076342286875,1899.8209228515625,2168491,SUNPHARMA
2026-07-06,1899.0230030546934,1911.989021457903,1895.0334589306287,1907.800048828125,1213635,SUNPHARMA
2026-07-07,1900.5999755859375,1924.9000244140625,1898.5999755859375,1903.4000244140625,2060613,SUNPHARMA
2026-07-08,1904.0,1929.5,1875.0999755859375,1888.199951171875,2785926,SUNPHARMA
2026-07-09,1889.9000244140625,1952.0,1888.199951171875,1938.699951171875,4446201,SUNPHARMA
2026-07-10,1942.800048828125,1953.9000244140625,1926.5999755859375,1935.5,1478172,SUNPHARMA
2026-07-13,1925.9000244140625,1933.0999755859375,1911.0,1921.4000244140625,1573176,SUNPHARMA
2026-07-14,1910.0,1950.800048828125,1910.0,1942.5999755859375,2822124,SUNPHARMA
2026-07-15,1955.0,1962.699951171875,1943.300048828125,1951.5,2283494,SUNPHARMA
2026-07-16,1950.0,1957.699951171875,1943.0,1950.0999755859375,1396189,SUNPHARMA
2026-07-17,1948.699951171875,1952.5999755859375,1922.5,1932.5999755859375,2475664,SUNPHARMA
2026-07-20,1942.0,1958.800048828125,1935.0,1956.4000244140625,1676034,SUNPHARMA
2026-07-21,1952.0999755859375,1966.5,1938.199951171875,1961.9000244140625,1412579,SUNPHARMA
2026-07-22,1938.0,1951.800048828125,1925.199951171875,1943.0,1718430,SUNPHARMA
2026-07-23,1929.0999755859375,1958.5,1926.800048828125,1954.0,2057288,SUNPHARMA
2026-07-24,1945.0,1959.800048828125,1934.800048828125,1941.0999755859375,1578929,SUNPHARMA
2026-07-27,1948.5,1977.0,1933.0,1973.699951171875,5414380,SUNPHARMA
2026-07-28,1978.800048828125,1993.0,1970.9000244140625,1976.699951171875,4579529,SUNPHARMA
2026-07-29,1977.0,1992.699951171875,1960.4000244140625,1989.9000244140625,2682295,SUNPHARMA
2026-07-30,1993.0999755859375,2017.300048828125,1988.0,2001.0999755859375,2224264,SUNPHARMA
2026-07-31,2016.4000244140625,2046.9000244140625,1965.300048828125,1990.5,4954449,SUNPHARMA
2026-08-03,1983.199951171875,1988.0,1935.199951171875,1963.5,3972351,SUNPHARMA
2026-08-04,1951.0999755859375,1965.0,1947.0,1964.0,1452888,SUNPHARMA
2026-08-05,1967.800048828125,1968.199951171875,1934.0,1940.0,2152829,SUNPHARMA
2026-08-06,1930.0,1965.9000244140625,1930.0,1951.0,1864891,SUNPHARMA
2026-08-07,1955.0,1957.0,1925.0999755859375,1945.0,2425268,SUNPHARMA
2026-08-10,1949.9000244140625,1965.0,1939.800048828125,1944.4000244140625,1726946,SUNPHARMA
2026-08-11,1939.0,1951.0999755859375,1928.5999755859375,1942.0,2125972,SUNPHARMA
2026-08-12,1942.0,1945.699951171875,1926.800048828125,1944.0,1536383,SUNPHARMA
2026-08-13,1943.0,1946.300048828125,1931.0999755859375,1932.0,1216049,SUNPHARMA
2026-08-14,1932.0,1937.0,1914.699951171875,1930.0,881282,SUNPHARMA
2026-08-17,1945.0,1949.800048828125,1880.4000244140625,1882.0,1893086,SUNPHARMA
2026-08-18,1890.0,1899.0,1868.300048828125,1875.0999755859375,1819169,SUNPHARMA
2026-08-19,1871.0,1900.0,1871.0,1900.0,1566692,SUNPHARMA
2026-08-20,1905.0,1911.5999755859375,1890.300048828125,1904.0,893691,SUNPHARMA
2026-08-21,1916.0,1917.4000244140625,1882.800048828125,1902.4000244140625,1491953,SUNPHARMA
2026-08-24,1902.4000244140625,1923.0,1892.5999755859375,1910.0,2317987,SUNPHARMA
2026-08-25,1906.5,1922.0,1896.199951171875,1922.0,1221044,SUNPHARMA
2026-08-26,1926.9000244140625,1926.9000244140625,1899.5,1899.5,648845,SUNPHARMA
2026-08-27,1907.0999755859375,1925.0,1898.0,1913.300048828125,1107552,SUNPHARMA
2026-08-28,1925.0,1931.0,1903.800048828125,1920.0,1140742,SUNPHARMA
2026-08-31,1917.0,1984.800048828125,1905.0,1984.800048828125,2413221,SUNPHARMA
2026-09-01,1963.0999755859375,1963.0999755859375,1921.0999755859375,1929.0,3595272,SUNPHARMA
2026-09-02,1910.0,1948.5,1910.0,1931.699951171875,1245419,SUNPHARMA
2026-09-03,1932.0,1936.800048828125,1913.0,1916.0,1205188,SUNPHARMA
2026-09-04,1912.0,1917.300048828125,1895.0,1899.0,761333,SUNPHARMA
2026-09-07,1899.0,1907.800048828125,1883.0999755859375,1895.0,1579345,SUNPHARMA
2026-09-08,1892.0,1895.5999755859375,1876.800048828125,1885.9000244140625,1422627,SUNPHARMA
2026-09-09,1892.5999755859375,1898.5999755859375,1864.9000244140625,1864.9000244140625,1396896,SUNPHARMA
2026-09-10,1865.9000244140625,1875.300048828125,1840.5,1861.0,1178648,SUNPHARMA
2026-09-11,1845.0,1854.5,1834.0,1840.0,1445071,SUNPHARMA
2026-09-14,1840.0,1840.0,1840.0,1840.0,0,SUNPHARMA
2026-09-15,1854.5999755859375,1856.800048828125,1828.0,1835.0,1437151,SUNPHARMA
2026-09-16,1843.5999755859375,1857.4000244140625,1837.0,1853.5,1370607,SUNPHARMA
2026-09-17,1853.5,1867.300048828125,1847.4000244140625,1867.300048828125,1377506,SUNPHARMA
2026-09-18,1866.0999755859375,1877.199951171875,1837.300048828125,1837.300048828125,2896860,SUNPHARMA
2026-09-21,1832.199951171875,1891.5,1832.199951171875,1868.9000244140625,2534364,SUNPHARMA
2026-09-22,1869.0,1876.4000244140625,1842.300048828125,1846.4000244140625,1062235,SUNPHARMA
2026-09-23,1846.4000244140625,1869.5999755859375,1844.0,1865.0,902514,SUNPHARMA
2026-09-24,1859.0,1880.0,1848.4000244140625,1849.9000244140625,1742885,SUNPHARMA
2026-09-25,1858.699951171875,1858.699951171875,1841.5999755859375,1852.199951171875,683246,SUNPHARMA
2026-09-28,1844.0,1856.5999755859375,1838.0,1838.0,947719,SUNPHARMA
2026-09-29,1853.9000244140625,1865.0,1836.5999755859375,1865.0,3083083,SUNPHARMA
2026-09-30,1861.300048828125,1863.5999755859375,1814.199951171875,1816.5999755859375,2401495,SUNPHARMA
2026-10-01,1815.0,1828.699951171875,1792.5999755859375,1801.0,2314700,SUNPHARMA
