Date,Open,High,Low,Close,Volume,Symbol
2021-10-04,111.92116993201955,114.49961270794915,110.41634582051222,114.18916320800781,96902370,TATASTEEL
2021-10-05,113.3138713416033,114.9264902532739,112.98186814494258,113.55964660644531,57952160,TATASTEEL
2021-10-06,113.82267740898217,114.57292492356503,109.79114970157713,110.37323760986328,86316930,TATASTEEL
2021-10-07,111.67539366954352,112.69297009112692,110.68798978629731,111.17522430419922,46033670,TATASTEEL
2021-10-08,112.27905022926572,115.90526853087465,111.79181567484765,112.20575714111328,107220150,TATASTEEL
2021-10-11,112.53775582755107,114.46512711461752,111.93410766171728,113.2448959350586,63496580,TATASTEEL
2021-10-12,113.24489657244976,115.12483132213367,112.53775646096213,114.61604309082031,60970190,TATASTEEL
2021-10-13,114.3056014797789,118.70793715501989,113.66313556371684,116.7891845703125,132857180,TATASTEEL
2021-10-14,118.488018044062,119.91953589418222,116.76330154759215,118.57857513427734,82273710,TATASTEEL
2021-10-18,122.28239733762595,122.86449176359737,119.96265163734442,121.68305206298828,109232300,TATASTEEL
2021-10-19,122.5411167594059,123.01971928834585,117.06945242423092,117.8757553100586,87569240,TATASTEEL
2021-10-20,118.31554773598253,118.66049892664064,114.40474996483118,115.84058380126953,69757740,TATASTEEL
2021-10-21,116.9961389791771,117.0953149122735,111.21834149486908,113.37423706054688,83575730,TATASTEEL
2021-10-22,113.83129647382775,114.23228992835557,109.60573945553585,111.78319549560547,80712890,TATASTEEL
2021-10-25,112.27904079690701,113.48635023427572,109.2823472132648,111.52879333496094,64185010,TATASTEEL
2021-10-26,112.36527745513335,116.50459949706769,112.23161298519483,115.87076568603516,77228750,TATASTEEL
2021-10-27,116.07343027949989,116.56496765889376,113.93908826337234,114.36164855957031,72418040,TATASTEEL
2021-10-28,113.39149729160646,113.4820412284648,111.33908033252835,112.07209014892578,93076820,TATASTEEL
2021-10-29,111.26576579996161,115.01271337673242,111.24421210754377,113.4820327758789,79147600,TATASTEEL
2021-11-01,115.55601587432724,118.39316898178093,114.69365754690689,117.70329284667969,96875330,TATASTEEL
2021-11-02,118.14309111354599,118.14309111354599,113.0379313831392,113.28370666503906,72161370,TATASTEEL
2021-11-03,114.24521730368444,114.86611629652045,113.1413997960966,114.35301208496094,57302440,TATASTEEL
2021-11-04,114.77989906067761,115.12483712948324,114.18486970722563,114.340087890625,6744340,TATASTEEL
2021-11-08,115.63362608750242,116.2157205958668,112.63262276335924,115.8362808227539,54936670,TATASTEEL
2021-11-09,115.80179358496088,117.30660468714302,114.59448400611939,115.2067642211914,47565160,TATASTEEL
2021-11-10,114.52118065186022,114.60740858355688,110.99413849287421,111.98152923583984,118804170,TATASTEEL
2021-11-11,112.52913899398283,114.21935388854087,111.10193706409919,112.07209014892578,136638600,TATASTEEL
2021-11-12,115.55600701364915,115.55600701364915,109.6143591196622,111.00707244873047,232395580,TATASTEEL
2021-11-15,111.67540728391101,112.02034536345519,107.06179138765019,107.40242004394531,121082150,TATASTEEL
2021-11-16,107.40241058002462,108.74769397293942,105.5267852655061,105.96658325195312,123148800,TATASTEEL
2021-11-17,105.63889059639973,106.70821303452642,104.78515773091875,105.21202087402344,87802040,TATASTEEL
2021-11-18,105.5181614115315,105.92347086251537,101.93074774937527,102.32743835449219,101083510,TATASTEEL
2021-11-22,102.45679139568924,103.20704551362465,98.826263604784,100.46905517578125,96210010,TATASTEEL
2021-11-23,100.72776304862275,104.25912139428534,100.47767834825203,102.79742431640625,93829630,TATASTEEL
2021-11-24,103.51748823855958,103.7373872303976,100.99508764959954,101.62892150878906,67671010,TATASTEEL
2021-11-25,101.75827745280343,102.32743707796268,100.55097454005144,101.21067810058594,47502860,TATASTEEL
2021-11-26,99.85247213092724,99.99044604293518,95.39839055310468,95.92012023925781,106455260,TATASTEEL
2021-11-29,95.92011985269524,98.0501393992508,92.70782981297756,96.13139343261719,93929910,TATASTEEL
2021-11-30,95.80369692018272,97.26539398358291,91.66869042787566,92.37582397460938,133559840,TATASTEEL
2021-12-01,94.16952736078763,94.60070652741993,91.97051755852601,93.35459899902344,93791140,TATASTEEL
2021-12-02,93.39340494051271,96.23918333476927,92.61728116779852,95.9287338256836,91286810,TATASTEEL
2021-12-03,96.15295673150743,97.80868319664798,95.0534485113241,96.41166687011719,100737840,TATASTEEL
2021-12-06,96.06671613413019,98.3950809172271,95.04913307485909,95.6182861328125,82159400,TATASTEEL
2021-12-07,96.67898892491996,99.64981298636869,96.6703634997787,99.06771850585938,85053900,TATASTEEL
2021-12-08,99.94732961643246,101.4995706295341,99.08497130495206,101.15463256835938,74485010,TATASTEEL
2021-12-09,101.93074729399737,101.93074729399737,99.94732717363206,101.48663330078125,52123940,TATASTEEL
2021-12-10,101.19343426761462,102.52577624235883,100.68895545909803,101.7582778930664,48121300,TATASTEEL
2021-12-13,102.4481651738886,103.39675795564709,100.17584928877471,100.49060821533203,53537780,TATASTEEL
2021-12-14,99.94301515616829,101.5771878660296,98.91249722122016,100.65446472167969,53522640,TATASTEEL
2021-12-15,100.90022631331868,101.37883541302158,99.08496585194506,99.52045440673828,44308330,TATASTEEL
2021-12-16,100.37851505660441,100.79244338763776,98.61499377824285,99.4471664428711,42460080,TATASTEEL
2021-12-17,99.5161454477271,99.93438973406846,97.01530515455539,97.62757873535156,47435020,TATASTEEL
2021-12-20,96.32542070565637,96.34267155626833,91.93171063776056,92.5267333984375,73526500,TATASTEEL
2021-12-21,93.99705435372208,96.95063415205,93.56587520531052,95.2992172241211,70268490,TATASTEEL
2021-12-22,96.15294490838542,97.53271679301022,95.72176578323571,97.3473129272461,43669170,TATASTEEL
2021-12-23,98.13637946865978,98.89525242188392,96.60137613214373,97.24383544921875,46214780,TATASTEEL
2021-12-24,97.45079183027705,97.7439970569722,95.19141742235759,96.1917495727539,40936300,TATASTEEL
2021-12-27,95.81232442856339,96.9894416979597,95.06207031857099,96.7393569946289,27588510,TATASTEEL
2021-12-28,97.18777426583978,97.57583943437778,96.75659513142297,97.2265853881836,28807810,TATASTEEL
2021-12-29,96.58412653975364,97.15759558059601,95.54929924425059,96.2607421875,41935200,TATASTEEL
2021-12-30,96.40303583615204,97.18777847354458,94.77317916383426,94.94564819335938,41140930,TATASTEEL
2021-12-31,95.29059118422389,96.88595270720046,95.08793645943607,95.84680938720703,36870210,TATASTEEL
2022-01-03,96.15295044095824,99.25743900481196,96.15295044095824,98.52012634277344,38658030,TATASTEEL
2022-01-04,99.429913989804,100.00769246810687,98.00702148799255,99.06771850585938,59757310,TATASTEEL
2022-01-05,98.91248700307638,101.8272620504758,98.41663364925738,101.55130767822266,61861760,TATASTEEL
2022-01-06,101.06838334712661,102.01698267689787,99.64980693368528,100.3138198852539,53354000,TATASTEEL
2022-01-07,100.48198129336778,101.24086077088533,98.98579576917241,100.0637435913086,39738570,TATASTEEL
2022-01-10,100.46474130475471,101.1891191140519,99.5032136486263,100.81399536132812,38225000,TATASTEEL
2022-01-11,99.91713468660208,100.2663887178022,95.98047383228861,97.4680404663086,96978850,TATASTEEL
2022-01-12,98.29590705661656,99.24019040653778,97.65344778265221,98.92974090576172,50358430,TATASTEEL
2022-01-13,99.51613736530159,105.6819997968711,99.35659662476696,105.30686950683594,157231160,TATASTEEL
2022-01-14,104.60406810066443,105.75099967975586,104.00903874737014,104.65580749511719,52679070,TATASTEEL
2022-01-17,104.77653054900186,107.36360537737228,102.65082055640784,106.04850769042969,89696070,TATASTEEL
2022-01-18,106.07006821598787,106.39345257030492,102.62063510327282,103.03887939453125,58408970,TATASTEEL
2022-01-19,103.13805186019336,105.2853221953247,102.01699001236457,104.31085968017578,73043210,TATASTEEL
2022-01-20,104.35398865454069,105.5526662677672,103.22429471097047,104.06078338623047,59205970,TATASTEEL
2022-01-21,103.4830008716699,103.8538152212976,99.71880855715906,100.87005615234375,71662670,TATASTEEL
2022-01-24,100.03356045219434,100.34831938211082,93.99705249387226,94.79042053222656,83920760,TATASTEEL
2022-01-25,94.402366944978,96.67036697250055,93.74266335231358,95.6441650390625,57330630,TATASTEEL
2022-01-27,93.99705675783082,95.15692974940681,91.5220860141097,93.85476684570312,90566560,TATASTEEL
2022-01-28,95.36389228107102,97.07998346424421,93.216621945795,93.53569030761719,78648930,TATASTEEL
2022-01-31,95.713152262858,96.1184617435925,93.1778231655507,93.61331176757812,55709390,TATASTEEL
2022-02-01,95.2819738216464,101.27967782389577,93.68661216367417,100.66740417480469,170752680,TATASTEEL
2022-02-02,101.7496430750002,101.7496430750002,99.88695276775985,100.6803207397461,75247340,TATASTEEL
2022-02-03,99.42990681629979,101.90487073227722,98.85212180041036,100.60271453857422,65140900,TATASTEEL
2022-02-04,101.22361178658058,103.2889635362436,100.91747828384477,101.43920135498047,93174180,TATASTEEL
2022-02-07,100.7493153591817,104.74203166566008,100.11979094534732,102.01698303222656,145105250,TATASTEEL
2022-02-08,103.0518171390008,105.41467704543118,101.02527644417187,105.1732177734375,140839840,TATASTEEL
2022-02-09,106.15630797836906,106.41501810632693,104.18582263649293,105.41036987304688,73520600,TATASTEEL
2022-02-10,106.070069665323,108.16129115018944,105.72512503348389,107.65249633789062,93920570,TATASTEEL
2022-02-11,106.84619348196317,109.08401429793197,106.33739866947475,108.17853546142578,96762260,TATASTEEL
2022-02-14,105.21633665167492,105.87604021622124,101.76690349670471,102.34899139404297,80216130,TATASTEEL
2022-02-15,103.21135503582514,104.51782738468835,99.30487283789579,104.15132904052734,101889210,TATASTEEL
2022-02-16,104.77653466346068,105.02661936286961,102.31881479585114,102.77586364746094,66092140,TATASTEEL
2022-02-17,103.57785355279525,104.30223135005438,102.28862555546266,102.70256042480469,56557920,TATASTEEL
2022-02-18,102.3619358392882,103.91418353626915,102.01699775486773,102.68963623046875,47251200,TATASTEEL
2022-02-21,102.44816359802495,103.65545989481697,101.27535584176582,101.91780853271484,49787320,TATASTEEL
2022-02-22,99.86109869031961,100.60703681436436,96.51946011322879,98.19674682617188,93858570,TATASTEEL
2022-02-23,98.99873424990857,99.39541827350025,97.79143132895423,98.22261047363281,49608380,TATASTEEL
2022-02-24,94.34199558414741,96.57981633633926,92.02224974403002,92.61727905273438,121268670,TATASTEEL
2022-02-25,94.66105963424675,99.23156086670558,94.47996519618238,98.77020263671875,92128860,TATASTEEL
2022-02-28,97.7914375819877,105.63889720106991,97.37750268174871,105.27239227294922,176054460,TATASTEEL
2022-03-02,105.27239259880558,112.07209658769226,105.08267928901718,111.18817138671875,248475320,TATASTEEL
2022-03-03,112.62399183830537,114.57723273303658,111.55897888148904,112.39115142822266,174503380,TATASTEEL
2022-03-04,112.31355465297686,113.8183657417149,109.77821903445911,110.13178253173828,162829230,TATASTEEL
2022-03-07,110.02828731547652,112.26179205245278,109.00208545923375,111.40806579589844,110400010,TATASTEEL
2022-03-08,111.50292658596466,111.58915451756302,107.27736976062967,109.47637939453125,91078220,TATASTEEL
2022-03-09,109.85582020893412,110.10590489838572,107.67405482421864,108.25614929199219,69348880,TATASTEEL
2022-03-10,108.47174218494376,113.29663793775418,107.0186639720374,112.85682678222656,136740620,TATASTEEL
2022-03-11,113.40011960747975,115.54739657134353,111.7788817476046,112.25318145751953,118822990,TATASTEEL
2022-03-14,112.53775147443788,113.11552992213977,110.1835105602082,111.84786224365234,52780820,TATASTEEL
2022-03-15,111.3994311438279,111.50292308045232,105.89759451961059,106.39344787597656,96143130,TATASTEEL
2022-03-16,107.36360928093748,109.62299041506613,106.94967439846876,109.1098861694336,63024510,TATASTEEL
2022-03-17,109.95068798881799,113.64158061921009,109.61436876366454,112.40409851074219,106239760,TATASTEEL
2022-03-21,112.79646468183078,115.03858829534657,111.63227575046508,112.36096954345703,84227630,TATASTEEL
2022-03-22,113.83129263627464,114.69365091382217,111.0760516234096,112.27904510498047,81795880,TATASTEEL
2022-03-23,114.17622305758218,116.22863983178982,111.44686508120809,114.7798843383789,130552380,TATASTEEL
2022-03-24,114.77558247381457,117.23761181062768,114.34440331073132,116.4657974243164,94605270,TATASTEEL
2022-03-25,116.84092419432996,117.79814237952141,114.99978090651652,115.46546173095703,69457440,TATASTEEL
2022-03-28,115.55600566294278,116.84954303976676,114.48667669435959,115.46546173095703,46554910,TATASTEEL
2022-03-29,115.90094551128097,116.08636253868247,114.43493909301196,115.09464263916016,43202370,TATASTEEL
2022-03-30,115.1248433934065,115.17226678806642,112.10658907223105,112.80078125,58483160,TATASTEEL
2022-03-31,112.79646827036814,113.87010014312149,112.11519784459193,112.72747802734375,40067950,TATASTEEL
2022-04-01,112.96894232419,115.63362643164895,112.57656770121429,113.58122253417969,55321590,TATASTEEL
2022-04-04,113.58122645249519,116.76331777761483,113.35270201128989,115.7198715209961,69670320,TATASTEEL
2022-04-05,116.28470253370152,117.10825626456302,114.62897622631225,115.97856903076172,63296420,TATASTEEL
2022-04-06,116.41838030969971,119.58323395835288,116.14241931434573,118.20777130126953,114097540,TATASTEEL
2022-04-07,118.74672934717496,119.09168054507151,115.64224751736248,116.375244140625,55650640,TATASTEEL
2022-04-08,117.36266378045084,119.00113942509549,116.957354292615,118.20777130126953,52287710,TATASTEEL
2022-04-11,118.20346303542419,119.35038803894123,116.67708510142803,117.0996322631836,44778820,TATASTEEL
2022-04-12,116.67708325914231,117.27641544874739,111.77026231585886,113.85285186767578,69191680,TATASTEEL
2022-04-13,115.12051951324325,116.07343492930259,113.4001188786322,113.78817749023438,44937800,TATASTEEL
2022-04-18,114.8575021657594,117.11256066116185,114.59447604620591,115.47840118408203,80700420,TATASTEEL
2022-04-19,116.6425830538689,117.85419545561595,112.88270020630492,114.40045928955078,64772190,TATASTEEL
2022-04-20,114.667768138376,115.24986254103146,112.36957622207547,113.3354263305664,54100210,TATASTEEL
2022-04-21,113.48635924295989,114.06844057734227,110.88634945586455,112.29198455810547,66690280,TATASTEEL
2022-04-22,112.24455516110457,113.10259742580907,109.84288423009401,110.17057800292969,55848230,TATASTEEL
2022-04-25,107.79478901772337,108.91154145292177,104.58681504387245,105.23789978027344,72310460,TATASTEEL
2022-04-26,106.5012533210069,107.0790318207272,105.63889499452101,106.38052368164062,44812710,TATASTEEL
2022-04-27,105.81135371028469,108.22595942070208,104.37984244912833,107.51020050048828,71209740,TATASTEEL
2022-04-28,108.61401802747095,109.40307660898945,107.19113219054937,108.73043823242188,51295830,TATASTEEL
2022-04-29,109.34703447288281,111.39081942195638,109.14437974715088,109.61005401611328,57173520,TATASTEEL
2022-05-02,108.39842744016876,112.34371373112407,107.68698452844606,111.69264221191406,54426170,TATASTEEL
2022-05-04,114.4608147236819,114.69365515161496,108.18284728385593,108.77356719970703,138374020,TATASTEEL
2022-05-05,110.38186240036043,113.52946493195336,110.20939337206855,110.74836730957031,87338160,TATASTEEL
2022-05-06,109.34703208282484,111.24421765925864,107.19113639175394,110.700927734375,69256760,TATASTEEL
2022-05-09,108.65714429672518,109.88169148675831,107.2773723516687,107.98881530761719,50552970,TATASTEEL
2022-05-10,107.8810211527097,108.19578008750025,99.90852294360442,100.45611572265625,145537420,TATASTEEL
2022-05-11,101.32709414183317,102.69824059812775,96.87732242402244,100.52510070800781,107063150,TATASTEEL
2022-05-12,99.76623762874917,100.24053076423432,95.11812674121738,96.38578796386719,94191610,TATASTEEL
2022-05-13,97.87767235720757,99.32643464293447,94.16952883443273,94.6007080078125,82924410,TATASTEEL
2022-05-16,96.49789765633763,97.86042538565745,94.34200184890949,95.16123962402344,62665270,TATASTEEL
2022-05-17,96.92906340354068,103.24152519092024,96.1831253995991,102.5085220336914,112876010,TATASTEEL
2022-05-18,103.22428475117667,104.25911864744025,101.32709914360088,101.77983856201172,81575800,TATASTEEL
2022-05-19,99.25744455599813,99.59376378543415,96.17020009060244,96.76953887939453,66545630,TATASTEEL
2022-05-20,100.23621937460948,101.62030078723166,98.41233337868378,100.94766235351562,65527500,TATASTEEL
2022-05-23,94.60070525111652,94.60070525111652,86.36949665018217,88.2149429321289,273883460,TATASTEEL
2022-05-24,88.90913430678005,89.67663262334955,86.40829406458593,86.7834243774414,123116660,TATASTEEL
2022-05-25,86.78341913233825,87.81824633864024,85.5286863747257,86.15821075439453,99343400,TATASTEEL
2022-05-26,86.83947302435779,92.06105248412726,85.82620602955832,90.72008514404297,150536730,TATASTEEL
2022-05-27,91.62557321904815,92.06968723583871,88.99537766199256,89.98709106445312,74772200,TATASTEEL
2022-05-30,91.32374340539717,91.73767169648177,89.98708543621176,90.32772064208984,72701590,TATASTEEL
2022-05-31,90.11643742949865,92.43618323520377,89.42654819545902,91.03485107421875,121248850,TATASTEEL
2022-06-01,91.88426981710646,93.04845208361066,90.83219174925476,91.71611022949219,94055290,TATASTEEL
2022-06-02,92.07830429597037,93.54431070257789,91.33236624514083,93.26835632324219,79177040,TATASTEEL
2022-06-03,94.16953230263204,94.23852255193896,91.84116731233802,92.03951263427734,53954860,TATASTEEL
2022-06-06,91.84115325650109,93.3847753073201,90.4786256479429,92.97084045410156,57262490,TATASTEEL
2022-06-07,92.01362742283668,93.26405089785132,91.71611933772087,92.14298248291016,43341570,TATASTEEL
2022-06-08,93.22092928421237,93.90219311881334,92.62159053936246,93.71678924560547,64734340,TATASTEEL
2022-06-09,92.69921618420788,93.75991330444143,89.78875665931942,90.103515625,98547810,TATASTEEL
2022-06-10,88.82290832034751,88.94363796065477,87.15424705095849,88.27962493896484,95225630,TATASTEEL
2022-06-13,86.60664666144211,87.27065967542109,85.37347399610528,85.54163360595703,82235750,TATASTEEL
2022-06-14,85.22255997715742,87.41726694390617,84.98972612117046,85.90382385253906,77202600,TATASTEEL
2022-06-15,86.70364758729237,88.54870200788935,86.40371884916738,87.21263122558594,92443330,TATASTEEL
2022-06-16,88.61686084380074,88.61686084380074,81.6365786045791,81.9546890258789,122741050,TATASTEEL
2022-06-17,81.61840328841078,84.29053774362124,81.39118056982865,82.40913391113281,121290260,TATASTEEL
2022-06-20,82.25461939736817,82.25461939736817,76.58768456701651,78.29185485839844,139866890,TATASTEEL
2022-06-21,79.52795451266856,81.39118364925173,78.52817589993819,80.41867065429688,124526970,TATASTEEL
2022-06-22,79.34161819255242,79.42342196777368,75.95600145733498,76.17413330078125,109877390,TATASTEEL
2022-06-23,76.34683538816734,77.796517479131,75.16527444773081,76.4649887084961,111515840,TATASTEEL
2022-06-24,77.25572564632245,78.5963383221512,76.76946569173775,77.51476287841797,85433810,TATASTEEL
2022-06-27,79.11895306014786,79.87787610499116,78.44182686520152,78.87809753417969,72814730,TATASTEEL
2022-06-28,78.70995326733362,80.38231618683184,78.20097656475426,79.8824234008789,84647330,TATASTEEL
2022-06-29,79.07351366142728,80.78222617293983,78.9371786303259,80.1278305053711,72318470,TATASTEEL
2022-06-30,80.11873651501601,81.30029055826209,78.46455530704152,78.80538940429688,84672090,TATASTEEL
2022-07-01,78.79629320366364,79.5279506268017,78.08281748101243,79.3325424194336,54761890,TATASTEEL
2022-07-04,78.93717312847446,79.18257755421003,76.64677111590355,77.66927337646484,77554410,TATASTEEL
2022-07-05,78.34638048612631,79.90967369778062,77.96464803238361,78.17823791503906,79058290,TATASTEEL
2022-07-06,78.02374083738647,78.26459637243198,76.16960255935298,77.99647521972656,81439710,TATASTEEL
2022-07-07,78.80084322441317,82.39550862477368,78.02828729756358,81.80018615722656,111007940,TATASTEEL
2022-07-08,83.42709354695954,83.42709354695954,80.02784364463878,80.51863861083984,112000630,TATASTEEL
2022-07-11,80.45501612751026,84.43596254469311,79.53249245647062,82.95901489257812,150193340,TATASTEEL
2022-07-12,82.2455314204035,83.24985886495878,81.21848725193227,81.99104309082031,100175050,TATASTEEL
2022-07-13,82.34096823399213,83.09080041670671,81.85925718965069,82.2409896850586,70135110,TATASTEEL
2022-07-14,82.70907338317758,82.79996108794998,81.3457370087296,82.52729797363281,74498580,TATASTEEL
2022-07-15,82.25461741105924,82.73632842563816,79.75516771072319,80.32776641845703,81253510,TATASTEEL
2022-07-18,81.52751607176677,82.5273016719286,81.09579425403564,82.19100952148438,73060810,TATASTEEL
2022-07-19,81.89106552105342,83.79065103406948,81.89106552105342,83.5679702758789,85341580,TATASTEEL
2022-07-20,85.06764688971472,85.25397119281274,84.09058498873151,84.38597869873047,77088650,TATASTEEL
2022-07-21,84.52685546049639,85.33122586534998,84.02696268136988,84.91767883300781,50877140,TATASTEEL
2022-07-22,85.66296803446411,85.7993030574507,84.70862980784534,85.07673645019531,48608940,TATASTEEL
2022-07-25,84.98130444937364,87.69434450979988,84.85406027018176,87.31715393066406,99635630,TATASTEEL
2022-07-26,88.34418338641059,88.7713631738312,85.98561757452893,86.29917907714844,126264690,TATASTEEL
2022-07-27,86.43552551530622,87.39440571782791,85.7629481729151,87.1989974975586,52559020,TATASTEEL
2022-07-28,89.16219460153312,92.7068704466446,88.29875103285276,91.20719909667969,137156107,TATASTEEL
2022-07-29,93.61576454156591,99.34178009792033,92.843208648226,97.79666137695312,166959934,TATASTEEL
2022-08-01,100.4324481426706,101.29589175570253,96.47877396916053,98.38744354248047,125365761,TATASTEEL
2022-08-02,98.16021842600028,98.16021842600028,95.7516561240604,97.25132751464844,64935371,TATASTEEL
2022-08-03,97.25132087229812,98.5692098300304,96.3424300230243,97.29676818847656,61428846,TATASTEEL
2022-08-04,97.7057749417807,99.52355680116267,96.38788586744377,97.8875503540039,79526154,TATASTEEL
2022-08-05,97.84211280956445,99.29633695244524,97.34222001000182,97.56944274902344,54469112,TATASTEEL
2022-08-08,98.023878287766,98.29654832065916,96.97865240739152,97.43309783935547,41384943,TATASTEEL
2022-08-10,98.06932344387074,99.88710513167452,96.79687487555074,99.2508773803711,73880698,TATASTEEL
2022-08-11,100.2506615625011,100.56877196690463,98.70554298723334,99.15998840332031,75321498,TATASTEEL
2022-08-12,99.3872158692412,102.61378125163596,98.88733004818698,102.38655853271484,95942333,TATASTEEL
2022-08-16,103.3408869595238,103.3408869595238,100.9777721343634,102.70466613769531,69207437,TATASTEEL
2022-08-17,103.15910441080729,103.15910441080729,102.02299092610677,102.25021362304688,54008422,TATASTEEL
2022-08-18,102.25022986473704,102.70467533080254,101.25045122625045,102.2956771850586,49396425,TATASTEEL
2022-08-19,102.2956723523768,102.61378277673688,99.56899968479807,100.02344512939453,57134813,TATASTEEL
2022-08-22,99.52355024440934,99.61443794453312,95.16087129559713,95.47898864746094,74037526,TATASTEEL
2022-08-23,94.70643086930609,98.38744186043213,94.07021000050555,97.79666137695312,70531639,TATASTEEL
2022-08-24,97.75121415755872,98.29654728330298,96.11520784603904,96.84232330322266,55686404,TATASTEEL
2022-08-25,97.29677953942624,98.06933546458042,96.1152185238109,96.56966400146484,42186335,TATASTEEL
2022-08-26,97.47855504027233,99.25088963092584,97.34222001000182,97.56944274902344,71257092,TATASTEEL
2022-08-29,94.57009455347676,96.02431850873973,93.84297910870188,95.29720306396484,59895805,TATASTEEL
2022-08-30,96.79687787291077,98.61465961700299,96.38787975420485,98.4328842163086,67401780,TATASTEEL
2022-09-01,97.25131913591945,97.93298726070394,96.25154060642623,96.70598602294922,52454732,TATASTEEL
2022-09-02,97.2513292502453,97.2513292502453,95.43354739510053,95.88799285888672,45601352,TATASTEEL
2022-09-05,96.3878750911957,97.52398862629094,96.16065238417664,97.16043090820312,40352735,TATASTEEL
2022-09-06,97.61488483239887,98.88733348949616,96.38788349438221,98.70555114746094,59505849,TATASTEEL
2022-09-07,97.7512209916316,98.97822234391114,97.34221591801348,97.79666137695312,43945660,TATASTEEL
2022-09-08,98.52377503464727,98.52377503464727,95.75165501346225,96.20610046386719,71228405,TATASTEEL
2022-09-09,97.25132410058676,97.56943452153499,95.88798778141965,96.06976318359375,63647166,TATASTEEL
2022-09-12,97.0695474769395,98.11476642771878,96.79687744282238,97.93299102783203,40838533,TATASTEEL
2022-09-13,98.16021374483397,98.79643457872456,97.7512156279453,97.93299102783203,44179394,TATASTEEL
2022-09-14,96.61509919590968,100.34155025807395,96.16065377529729,99.20543670654297,86379872,TATASTEEL
2022-09-15,98.75099890523646,99.06910933735215,96.7968820589725,97.25132751464844,62926791,TATASTEEL
2022-09-16,96.52420862331613,97.70576954030912,95.43354234169728,96.06976318359375,107967267,TATASTEEL
2022-09-19,96.52421016468763,96.52421016468763,93.61576207773503,93.70664978027344,51146568,TATASTEEL
2022-09-20,94.7064212916737,96.66053795435239,94.5246459001957,96.16065216064453,52140254,TATASTEEL
2022-09-21,96.16065535905332,97.43309701029557,94.79731907476214,94.93364715576172,46142823,TATASTEEL
2022-09-22,94.93365053392597,95.70621333661175,94.07020696353113,94.16109466552734,61380323,TATASTEEL
2022-09-23,96.52421232400054,98.06933103886784,94.29743235770229,94.79732513427734,109765520,TATASTEEL
2022-09-26,94.88820256814894,94.9336429483726,89.52574536740636,90.75274658203125,101291962,TATASTEEL
2022-09-27,92.11609023259852,92.11609023259852,87.70797080688209,88.7531967163086,104949032,TATASTEEL
2022-09-28,87.75341351789005,88.9349674512323,86.34462993989287,86.52640533447266,71724106,TATASTEEL
2022-09-29,88.16241228460943,89.29852584497812,87.61707916248984,88.02607727050781,60884592,TATASTEEL
2022-09-30,88.02608179889486,91.25264725004311,86.98085588272802,90.25286865234375,66436616,TATASTEEL
2022-10-03,90.52552546609067,90.57097278139821,89.07130152197696,89.38941192626953,37282313,TATASTEEL
2022-10-04,91.16175507703383,92.25242132389718,90.88908504817455,91.93431091308594,40186702,TATASTEEL
2022-10-06,92.70686282990039,94.34286906531915,92.47964012688593,94.11564636230469,48169310,TATASTEEL
2022-10-07,93.88843536376953,94.07021077512726,92.61598668140307,93.88843536376953,36080875,TATASTEEL
2022-10-10,92.70686490278806,94.07020115135846,91.93430908212217,93.79753112792969,36641275,TATASTEEL
2022-10-11,94.11565409479377,94.20654179660953,90.70731326954949,91.20719909667969,41083734,TATASTEEL
2022-10-12,91.20718710736361,91.97974287267465,89.98018595842416,91.38896942138672,41357469,TATASTEEL
2022-10-13,91.88886369076619,92.52509144732583,89.79841889309367,90.97997283935547,34668093,TATASTEEL
2022-10-14,92.57053182932422,93.43398229873655,90.79819744278808,90.97997283935547,32456805,TATASTEEL
2022-10-17,90.66186267734031,91.252643119238,89.16219138153444,90.48008728027344,37568783,TATASTEEL
2022-10-18,91.1617708208715,91.7979917523707,90.70732531714688,91.4798812866211,30722156,TATASTEEL
2022-10-19,91.43441797162686,92.02519841000525,90.61641482112499,90.93453216552734,38764542,TATASTEEL
2022-10-20,90.43464365094877,91.97975539187323,89.79842280098863,91.70709228515625,38091315,TATASTEEL
2022-10-21,91.66163458608928,92.20696767205071,90.29829840404247,91.07085418701172,30973997,TATASTEEL
2022-10-24,92.70686704332154,92.79775474180074,91.79797618995565,91.97975158691406,7480281,TATASTEEL
2022-10-25,91.93431120481792,93.16131247000449,91.52530616023111,91.97975158691406,37163180,TATASTEEL
2022-10-27,92.93408656888253,95.11542592899481,92.75231117815929,94.7064208984375,74349009,TATASTEEL
2022-10-28,94.61554240087415,95.06998785614664,91.61620655664814,92.34331512451172,51006232,TATASTEEL
2022-10-31,92.61597722583153,92.84319993397425,91.16175328057544,92.29786682128906,38715841,TATASTEEL
2022-11-01,89.57119637292396,92.20697430025554,89.57119637292396,91.97975158691406,69031178,TATASTEEL
2022-11-02,91.79797717435859,93.61575890058351,91.6162017754509,92.02519989013672,42336049,TATASTEEL
2022-11-03,91.57075741711785,93.11586916061488,90.88908924775964,92.70687103271484,39110676,TATASTEEL
2022-11-04,93.16131719256927,95.43354444116852,92.88864714902245,95.2063217163086,70299020,TATASTEEL
2022-11-07,96.25154441943242,97.66032110589033,95.0699835159504,96.97865295410156,74426059,TATASTEEL
2022-11-09,97.47854497017597,97.75121500254859,95.93343327816302,96.43331909179688,38295904,TATASTEEL
2022-11-10,95.61531885810409,96.34243434384801,94.93365069057687,95.16087341308594,27864285,TATASTEEL
2022-11-11,96.56965220247952,98.34198657506911,96.56965220247952,97.75121307373047,77933417,TATASTEEL
2022-11-14,98.6146647144213,99.97800109296169,98.38744198466456,98.79644012451172,55474425,TATASTEEL
2022-11-15,99.06910860701106,99.38721903678162,97.43310220492349,98.66011047363281,35007427,TATASTEEL
2022-11-16,98.56921037903165,98.8873277254788,95.61531510243944,96.84232330322266,40404167,TATASTEEL
2022-11-17,96.2515477826226,97.06955098020893,94.97909913463133,96.20610046386719,32894825,TATASTEEL
2022-11-18,96.20610329667956,96.61510837465961,95.16087734311382,95.88799285888672,28992538,TATASTEEL
2022-11-21,97.88754767908691,97.88754767908691,94.38831908225553,94.75187683105469,58404309,TATASTEEL
2022-11-22,94.8882021797632,95.79709299195578,94.11564637625682,95.61531066894531,27846186,TATASTEEL
2022-11-23,96.06975963774413,96.34242966522838,95.38809150332034,95.84253692626953,22809651,TATASTEEL
2022-11-24,96.20610329667956,96.2969910025793,95.06998963721408,95.88799285888672,23737867,TATASTEEL
2022-11-25,95.97887493117081,96.7968781048296,95.52442949405894,96.52420806884766,27361785,TATASTEEL
2022-11-28,96.34243762279125,96.70599537803663,94.97910124133666,95.34265899658203,33516118,TATASTEEL
2022-11-29,95.43354053024221,97.84210270191048,95.38809321341778,96.43331909179688,40661568,TATASTEEL
2022-11-30,96.43331845004296,98.11476514705235,96.25154305252889,97.84210205078125,61142050,TATASTEEL
2022-12-01,98.79643883534264,101.1595607414068,98.16021797404063,100.65966796875,91702642,TATASTEEL
2022-12-02,100.7051101083967,102.25022179739815,100.11432966226545,101.7957763671875,70541914,TATASTEEL
2022-12-05,102.97734570417043,105.52223616147324,102.38656520959186,105.29501342773438,96441799,TATASTEEL
2022-12-06,104.84056503372773,104.84056503372773,102.0230046008729,102.65922546386719,50581245,TATASTEEL
2022-12-07,103.06822867640655,103.1591163788697,100.75055412501662,101.06866455078125,39494279,TATASTEEL
2022-12-08,101.56855901232728,102.70467264781193,100.70511542307389,101.6594467163086,32416724,TATASTEEL
2022-12-09,102.52289249141822,103.38633604068052,99.70532525848435,100.38699340820312,35665257,TATASTEEL
2022-12-12,100.15977310376456,101.88666717816474,98.79643677149397,101.52310943603516,37082389,TATASTEEL
2022-12-13,102.29567280403897,102.56833591142842,100.70511374092865,101.06866455078125,32264080,TATASTEEL
2022-12-14,101.43221853406146,102.88644252241437,100.97777310430824,102.75011444091797,38606984,TATASTEEL
2022-12-15,102.38655691833017,103.1136654468408,100.61421557811865,100.84143829345703,34361613,TATASTEEL
2022-12-16,100.29610712394664,101.88666616240525,99.47810394588194,100.93233489990234,34736665,TATASTEEL
2022-12-19,100.93233028491484,101.8866615037823,100.70510757552448,101.61399841308594,17297590,TATASTEEL
2022-12-20,101.02322062629992,101.34133104091624,99.06910388753248,100.84143829345703,34836506,TATASTEEL
2022-12-21,101.61400244747801,101.79577784849265,98.79643519174188,99.43266296386719,32303565,TATASTEEL
2022-12-22,99.97799417586275,100.5233273026919,96.660541164079,97.84210205078125,39639329,TATASTEEL
2022-12-23,96.34243826644636,97.02410646172783,92.66142723821149,92.93409729003906,46756489,TATASTEEL
2022-12-26,93.43399069456694,95.93344076054304,92.38876473466489,95.43354797363281,33995681,TATASTEEL
2022-12-27,96.93320754874478,101.38677396319937,96.20609211746321,101.0232162475586,76033410,TATASTEEL
2022-12-28,100.93234272635732,102.0684564133524,99.70533439697253,99.9780044555664,50660601,TATASTEEL
2022-12-29,99.06910777251993,101.79578046350672,98.93277275111313,101.56855773925781,51751642,TATASTEEL
2022-12-30,102.61378125163596,104.29522798479485,101.88666577737354,102.38655853271484,56048485,TATASTEEL
2023-01-02,103.9771192172099,108.79423677430252,103.38633875177092,108.38523864746094,143444095,TATASTEEL
2023-01-03,108.88513512197504,109.52135599303287,107.02190595999686,107.65812683105469,74419090,TATASTEEL
2023-01-04,107.93078939549093,108.2034594266259,104.84055909120475,105.20411682128906,55634568,TATASTEEL
2023-01-05,105.88578894876176,106.34023439489378,104.06800716423366,105.93123626708984,58806907,TATASTEEL
2023-01-06,106.3402368193058,107.11279270848601,104.74967772158114,105.11323547363281,58551863,TATASTEEL
2023-01-09,106.24934557697142,107.34001186252206,105.9312351548764,106.84012603759766,37763131,TATASTEEL
2023-01-10,106.93101642629762,108.83968594112162,106.8401287225988,108.02168273925781,56750710,TATASTEEL
2023-01-11,108.56701589573791,109.38501909760171,107.24912685638706,108.02168273925781,49321252,TATASTEEL
2023-01-12,108.11256745822197,108.38523749607789,106.88556615644455,107.34001159667969,33740024,TATASTEEL
2023-01-13,107.74901169665448,110.52112459399017,107.3854539743338,109.47589874267578,68884010,TATASTEEL
2023-01-16,110.38479784688975,110.38479784688975,107.97624249152337,109.0214614868164,44362359,TATASTEEL
2023-01-17,108.83968537169216,108.97602039367072,107.24912629527913,108.47612762451172,27880531,TATASTEEL
2023-01-18,109.06690602218126,111.79357867273579,109.06690602218126,111.29368591308594,64749065,TATASTEEL
2023-01-19,110.70291323173419,112.97514045788401,110.11213276607779,112.29347229003906,53564076,TATASTEEL
2023-01-20,112.15714351177705,112.88425210404029,110.88469480745691,111.74813842773438,37784498,TATASTEEL
2023-01-23,112.1571379725308,112.56613610208619,110.4302438829766,110.88468933105469,28601260,TATASTEEL
2023-01-24,111.33913520053679,111.3845825192315,109.15779565464841,109.43046569824219,27707765,TATASTEEL
2023-01-25,109.38501908514101,111.11191319237071,109.15779635877625,109.97579956054688,46522102,TATASTEEL
2023-01-27,110.79380561665954,112.02080698378262,108.24890824209594,109.6576919555664,58771746,TATASTEEL
2023-01-30,109.47589777110439,110.0666781978466,106.24933948307445,107.9307861328125,46551837,TATASTEEL
2023-01-31,107.93079166984823,109.47590338740702,107.02190079262846,108.79423522949219,43986769,TATASTEEL
2023-02-01,109.15778870296883,112.8387993856244,108.43068019016988,110.93013000488281,72919626,TATASTEEL
2023-02-02,110.83924330024753,111.33913607265602,107.61268474197968,109.0214614868164,38768010,TATASTEEL
2023-02-03,109.11234667779034,109.97579019069683,106.52200227049745,109.385009765625,46977350,TATASTEEL
2023-02-06,109.0669039130188,109.0669039130188,106.34023131519334,106.74922943115234,49546361,TATASTEEL
2023-02-07,102.3411090504969,104.84055890576089,100.47788695532681,101.29588317871094,110953246,TATASTEEL
2023-02-08,101.29588317871094,102.47744406582324,100.06888190934782,101.29588317871094,66523699,TATASTEEL
2023-02-09,101.93211605271398,102.65922461378838,99.932551907613,101.1141128540039,64710455,TATASTEEL
2023-02-10,100.88688623521227,101.11410895195824,98.43288366807056,98.8873291015625,60810058,TATASTEEL
2023-02-13,98.8873281149504,100.52332749862663,98.5237703849267,98.84188079833984,56186469,TATASTEEL
2023-02-14,99.56900336353526,99.88711379964845,98.38744239021494,99.29633331298828,31163587,TATASTEEL
2023-02-15,99.06910287591506,100.52332685237387,98.8873274792153,100.25066375732422,35544190,TATASTEEL
2023-02-16,100.88688550676618,101.97755176555698,100.56877509247612,101.7957763671875,30956191,TATASTEEL
2023-02-17,101.3867741920249,102.79555080866831,101.15955148602241,102.02299499511719,34107244,TATASTEEL
2023-02-20,102.06845121696868,102.43200203086835,100.93233758781403,102.1138916015625,19896764,TATASTEEL
2023-02-21,102.61377308773083,103.79532697154454,102.4774380803675,102.84099578857422,29830864,TATASTEEL
2023-02-22,102.93188558681437,103.34088368298109,100.56877083657928,101.0232162475586,24391211,TATASTEEL
2023-02-23,101.3867792357975,103.29544867431323,101.20499690138023,101.84122467041016,30845778,TATASTEEL
2023-02-24,102.25022822143276,102.61378597529978,99.56900278845237,99.75077819824219,34326940,TATASTEEL
2023-02-27,99.79621944248235,100.02344215803055,95.56987554642852,96.43331909179688,56217189,TATASTEEL
2023-02-28,97.11499499771215,97.29677734524688,94.11565907340791,94.47920989990234,76540448,TATASTEEL
2023-03-01,95.16087734311382,97.34221695614505,94.97910193131433,95.88799285888672,76175319,TATASTEEL
2023-03-02,96.38788136828782,97.1604372356066,94.8427626993631,95.11543273925781,55276248,TATASTEEL
2023-03-03,96.34243660329658,97.66032565104183,95.43354569194473,97.25132751464844,117175295,TATASTEEL
2023-03-06,97.70576924479539,97.79665694560755,95.43354205305596,96.02432250976562,106868143,TATASTEEL
2023-03-08,95.70621630305997,97.16044038293518,94.52465533762471,96.79688262939453,43939583,TATASTEEL
2023-03-09,98.02387719788284,99.02365575023003,97.7057667859024,98.34198760986328,51967449,TATASTEEL
2023-03-10,97.251327645235,98.47832899035011,96.8877698933486,98.25110626220703,47699832,TATASTEEL
2023-03-13,98.38743084075497,99.06909895281562,96.66053690334398,97.06954193115234,34552596,TATASTEEL
2023-03-14,97.25131913591945,98.66010270085542,96.52420369576797,96.70598602294922,48584984,TATASTEEL
2023-03-15,97.7057659613567,99.20543724436513,97.61487826359887,98.75099182128906,38930902,TATASTEEL
2023-03-16,97.47854578733244,97.47854578733244,94.25198042578518,95.47898864746094,81088340,TATASTEEL
2023-03-17,96.75143473968997,97.56943794676411,95.43354569194473,97.25132751464844,48962238,TATASTEEL
2023-03-20,96.43331945714492,96.7514298732602,94.38831500946344,94.97909545898438,41569640,TATASTEEL
2023-03-21,95.52443214425503,95.79710218780184,94.79732358527563,95.2063217163086,26434897,TATASTEEL
2023-03-22,95.20632270037461,96.29698901726063,94.88821226914013,95.25177001953125,25891259,TATASTEEL
2023-03-23,94.88821353609717,95.88799216230639,94.84276621633371,95.34265899658203,20913844,TATASTEEL
2023-03-24,95.43354502101297,95.47899233997599,92.2978741726089,92.79776000976562,39014278,TATASTEEL
2023-03-27,93.20676067938564,93.979316525291,92.79775563088023,92.97953796386719,24753289,TATASTEEL
2023-03-28,93.47942634156293,93.70664906331406,93.02498089806063,93.16131591796875,18703734,TATASTEEL
2023-03-29,93.1613160749946,94.97909785206767,92.38876020659598,94.16109466552734,37221124,TATASTEEL
2023-03-31,95.43354089180248,95.88798632462058,94.61553772587249,94.97909545898438,34579415,TATASTEEL
2023-04-03,95.5244304339478,95.66076545328022,94.34287644640357,94.61553955078125,21840428,TATASTEEL
2023-04-05,94.61553493484594,95.43353807664599,93.7975317930459,95.29720306396484,25194802,TATASTEEL
2023-04-06,95.29721126663429,95.52443399589869,94.70643078368936,94.84276580810547,21053782,TATASTEEL
2023-04-10,94.9790939317706,96.11520749554776,94.9790939317706,95.38809204101562,19992257,TATASTEEL
2023-04-11,95.93343138521321,98.02387616643595,95.52442634472473,97.75121307373047,49304956,TATASTEEL
2023-04-12,98.34199454082321,98.52377688497151,97.2058808934741,97.79666137695312,27349538,TATASTEEL
2023-04-13,97.70576477050781,98.29654520016359,96.25154082124598,97.70576477050781,34880922,TATASTEEL
2023-04-17,97.79664761792151,98.43287533149842,97.02409183327264,97.38764953613281,24642162,TATASTEEL
2023-04-18,97.43310362294393,98.06933142603187,97.11499318854366,97.79666137695312,25476339,TATASTEEL
2023-04-19,98.02388353406396,100.34155813483824,97.93299582966421,98.25110626220703,62100775,TATASTEEL
2023-04-20,98.34199269159903,98.79643814199328,97.6148841315406,98.16021728515625,18337948,TATASTEEL
2023-04-21,98.16021412040989,98.251101820701,95.75165192411649,96.47876739501953,37638506,TATASTEEL
2023-04-24,96.70599492458122,96.97865803902116,95.75165668832294,96.79688262939453,23475012,TATASTEEL
2023-04-25,96.97865084380123,97.79665399500504,96.56965273534276,97.29676818847656,23333425,TATASTEEL
2023-04-26,96.79687980965141,97.2967725729936,96.20609934414352,97.114990234375,23590297,TATASTEEL
2023-04-27,96.61510078184396,98.02387744829532,96.61510078184396,97.84210205078125,22364308,TATASTEEL
2023-04-28,97.97844089561303,98.61466174606632,97.52399544977862,98.1147689819336,30072920,TATASTEEL
2023-05-02,98.16021202384245,100.75054956539202,98.16021202384245,100.25066375732422,52822162,TATASTEEL
2023-05-03,99.79621689695539,100.88688313005204,98.84187874228071,99.705322265625,51272624,TATASTEEL
2023-05-04,99.97799670311234,101.70489076029625,99.52355126355273,100.93233489990234,38636907,TATASTEEL
2023-05-05,100.75054890910906,100.75054890910906,98.52376910975102,98.75099182128906,32958346,TATASTEEL
2023-05-08,99.29633781063752,99.84167100214503,98.38744684669577,99.56900787353516,23130472,TATASTEEL
2023-05-09,99.6144482611596,101.06867241660886,99.20545010110091,99.56900787353516,27999202,TATASTEEL
2023-05-10,99.61444374910147,99.97800150506829,98.70555282632812,99.29633331298828,19213215,TATASTEEL
2023-05-11,99.25088401422643,99.5235540593368,98.38744042852245,98.66011047363281,19817637,TATASTEEL
2023-05-12,98.4783330194748,98.52378034067779,96.84233347048212,97.02410888671875,36794838,TATASTEEL
2023-05-15,97.29677679713475,98.3419958188494,96.02432810870988,97.8875503540039,22148028,TATASTEEL
2023-05-16,98.34198429140717,98.7509893223979,97.43309346825448,97.61487579345703,18587658,TATASTEEL
2023-05-17,97.61488642195846,97.70577412731242,95.93343960290404,96.34243774414062,28895465,TATASTEEL
2023-05-18,96.79687149851031,97.3876519132928,95.52442297458337,95.61531066894531,24208481,TATASTEEL
2023-05-19,95.97887630844576,96.06976401031494,94.57009959375556,95.11543273925781,29848841,TATASTEEL
2023-05-22,95.43354797363281,95.66077070690336,94.79732709419027,95.43354797363281,21588716,TATASTEEL
2023-05-23,95.5244363661326,96.38788691933445,95.43354865902913,95.9788818359375,21304034,TATASTEEL
2023-05-24,95.52442297458337,96.16065070369014,95.3426475858595,95.61531066894531,28454367,TATASTEEL
2023-05-25,95.43353807664599,95.61531347069631,94.79731726318306,95.29720306396484,25885062,TATASTEEL
2023-05-26,95.4335374698275,97.02409642765795,95.3880901544605,96.70598602294922,28362042,TATASTEEL
2023-05-29,97.25132485547768,98.93277160864486,96.61510400864269,98.5692138671875,41062311,TATASTEEL
2023-05-30,99.02365525466732,99.02365525466732,97.16043317422812,97.29676818847656,33475211,TATASTEEL
2023-05-31,96.70598526936524,97.2058710630731,95.97886983487983,96.16065216064453,41249944,TATASTEEL
2023-06-01,96.25154905584874,96.97865762554255,96.16066135142295,96.29698944091797,21211538,TATASTEEL
2023-06-02,96.79688093397353,98.4328873291077,96.79688093397353,98.16021728515625,46686933,TATASTEEL
2023-06-05,98.75099480863175,99.88710840069082,97.978438952889,99.43266296386719,39642539,TATASTEEL
2023-06-06,99.75077522347826,99.84166292566272,98.43288620608568,99.06910705566406,26751372,TATASTEEL
2023-06-07,99.52354975131595,101.5685541982608,98.97821661898806,101.3413314819336,45157197,TATASTEEL
2023-06-08,101.34132664838678,102.70466288132472,100.84143392259486,101.0232162475586,46380294,TATASTEEL
2023-06-09,101.11411025672948,101.47766799507176,98.75099535893523,98.97821807861328,36392617,TATASTEEL
2023-06-12,99.20544151791859,100.52333052789625,99.20544151791859,99.52355194091797,23472313,TATASTEEL
2023-06-13,99.97799041544884,101.65943704921496,99.65988001462065,101.0232162475586,30018212,TATASTEEL
2023-06-14,101.3413337723252,103.61356098695133,101.25044607059758,103.4317855834961,66696433,TATASTEEL
2023-06-15,103.52266465925386,103.7953277417172,102.9318842458201,103.3863296508789,39430138,TATASTEEL
2023-06-16,103.97711718323664,104.34067491903244,103.47722442973154,103.84078216552734,31715807,TATASTEEL
2023-06-19,104.93144614929355,105.06778116402837,102.75011365068391,103.7044448852539,33502185,TATASTEEL
2023-06-20,103.70444714781803,104.74967303787331,103.15911401126786,103.84078216552734,30371599,TATASTEEL
2023-06-21,104.43156545759419,104.43156545759419,102.56833634493229,103.52267456054688,35627983,TATASTEEL
2023-06-22,103.80423604765339,105.30592340366555,103.75731256939028,104.27351379394531,34769987,TATASTEEL
2023-06-23,103.7103859171956,103.94502479936119,102.4902608656903,102.86568450927734,22190233,TATASTEEL
2023-06-26,102.8656800367278,103.42881189731845,101.45784680494609,103.1003189086914,25332751,TATASTEEL
2023-06-27,103.80423782458824,104.64893921449546,103.38189070993975,103.94502258300781,24129403,TATASTEEL
2023-06-28,104.64893880630721,105.16514719829543,104.08580693543568,104.69586944580078,23895274,TATASTEEL
2023-06-30,104.74278622874928,105.30591806362126,103.61652255900533,105.11820983886719,26741918,TATASTEEL
2023-07-03,105.3528563819414,107.22996740879113,105.16514814350055,106.15062713623047,30979256,TATASTEEL
2023-07-04,106.24447717046567,106.43219256229936,105.2120675775154,105.49363708496094,25080307,TATASTEEL
2023-07-05,105.63442544368607,106.57298095305472,105.30592528691882,106.00984191894531,27877180,TATASTEEL
2023-07-06,105.11821660314708,105.91598735060249,104.64893885045446,105.72827911376953,34320086,TATASTEEL
2023-07-07,105.1182215033394,106.33834658146168,104.41430484148668,104.7427978515625,30034274,TATASTEEL
2023-07-10,105.3528569071031,108.59087058031558,104.78972502836314,108.2154541015625,60652690,TATASTEEL
2023-07-11,108.49700834218247,108.96628606611976,107.74616828024867,108.07466125488281,37999385,TATASTEEL
2023-07-12,108.07466750475575,108.91936888881327,106.9953272451606,107.65231323242188,32771204,TATASTEEL
2023-07-13,108.87244641969482,109.76407134940493,107.46461306081947,107.79310607910156,44847814,TATASTEEL
2023-07-14,108.59086487110233,110.65569119873676,107.74617067770774,109.95177459716797,34521821,TATASTEEL
2023-07-17,110.7026160687837,112.01659517370129,109.90484534242268,110.51490783691406,49115369,TATASTEEL
2023-07-18,110.74955661504829,110.89034138185058,109.24786914391554,109.43557739257812,23433431,TATASTEEL
2023-07-19,109.52942657470703,109.99870433579937,108.96629469351831,109.52942657470703,17222355,TATASTEEL
2023-07-20,109.52942971623952,110.04563813249118,109.2009367061751,109.76406860351562,22303831,TATASTEEL
2023-07-21,109.43557739257812,110.7026259725773,108.40316770371253,109.43557739257812,31546136,TATASTEEL
2023-07-24,109.34171559387471,109.34171559387471,107.32381983963396,108.40316009521484,38113555,TATASTEEL
2023-07-25,107.93388382693756,112.5328072655987,107.32382131231543,111.92274475097656,88035259,TATASTEEL
2023-07-26,112.43895719892984,113.18979733885523,111.54732513446709,112.5797348022461,29716336,TATASTEEL
2023-07-27,112.86129668753097,113.98756040145773,111.82888708966308,112.43894958496094,39664251,TATASTEEL
2023-07-28,112.81436519635186,113.65906655571625,111.40653198428119,113.18978881835938,33996691,TATASTEEL
2023-07-31,113.18979516506268,116.24010062891716,113.18979516506268,115.58311462402344,52330311,TATASTEEL
2023-08-01,115.95854320683631,116.52167511510717,115.01998763951464,115.63004302978516,27863562,TATASTEEL
2023-08-02,115.34847285290327,115.34847285290327,110.98418832796891,111.64117431640625,54951586,TATASTEEL
2023-08-03,111.40654126522053,112.29817333684376,110.2802774659824,110.93726348876953,34624188,TATASTEEL
2023-08-04,112.06352634831407,112.39201933596314,110.74954723710773,111.68810272216797,22303966,TATASTEEL
2023-08-07,112.25124179329964,112.25124179329964,110.74955435284085,111.54732513427734,20711952,TATASTEEL
2023-08-08,111.68809815114234,112.15737587446647,110.70261206791776,110.89032745361328,21275054,TATASTEEL
2023-08-09,111.07804294391596,113.095938718315,109.71714032150814,112.81436920166016,34154214,TATASTEEL
2023-08-10,112.62665557861328,113.23671806178608,111.92273898124694,112.62665557861328,24439101,TATASTEEL
2023-08-11,112.90823364257812,113.94064329820472,111.82889334599149,112.90823364257812,26337436,TATASTEEL
2023-08-14,112.90822309602899,113.00207720857186,110.13948023205076,110.89032745361328,33095516,TATASTEEL
2023-08-16,110.70261913073175,110.70261913073175,108.30930688545153,108.82550811767578,31252473,TATASTEEL
2023-08-17,108.77858017687264,109.6232815302222,107.6523093188699,108.91936492919922,28461865,TATASTEEL
2023-08-18,109.1540082830906,109.24786240162963,107.69924438359962,108.68473052978516,30381609,TATASTEEL
2023-08-21,109.57635543958527,109.90484843490523,108.73165405118377,109.7171401977539,22629651,TATASTEEL
2023-08-22,109.95177821129614,110.51491007893941,109.34171570442837,110.32720184326172,17343131,TATASTEEL
2023-08-23,110.60876469431463,111.92274383179952,110.4210564577926,111.64117431640625,43744909,TATASTEEL
2023-08-24,112.15737860197748,112.72051045153906,110.79647603548618,110.98418426513672,27103446,TATASTEEL
2023-08-25,110.74954982330675,110.89033458147537,109.52942479999231,109.7171401977539,23692527,TATASTEEL
2023-08-28,109.81099835624174,110.98419278312467,109.81099835624174,110.37413024902344,19218821,TATASTEEL
2023-08-29,111.21882902613446,112.76744706494954,110.51491238672854,112.20431518554688,36038317,TATASTEEL
2023-08-30,113.09593082707198,115.16074993643437,112.8612919664349,114.59761810302734,51467177,TATASTEEL
2023-08-31,115.30154195588406,116.00545858218447,114.64455596891445,115.34847259521484,60626985,TATASTEEL
2023-09-01,115.91160204190336,120.79208768468685,115.81774792581331,119.24347686767578,76460408,TATASTEEL
2023-09-04,121.26137408888077,124.73402675657589,120.93288823940298,123.65469360351562,68525900,TATASTEEL
2023-09-05,123.65468820801449,124.31167419952455,120.93288296266405,123.60775756835938,36466807,TATASTEEL
2023-09-06,124.264738911686,124.264738911686,120.32280878885499,121.63679504394531,36058850,TATASTEEL
2023-09-07,121.54293690376117,122.76306191452949,120.69824268465561,122.15299224853516,30268235,TATASTEEL
2023-09-08,123.32618796834758,123.56082684524414,121.26136871590188,121.54293823242188,34313523,TATASTEEL
2023-09-11,121.54293429610499,123.74854539598951,121.26136478870397,123.09154510498047,33377857,TATASTEEL
2023-09-12,124.64016778218242,124.96865360000236,120.74515403576498,121.07365417480469,38065283,TATASTEEL
2023-09-13,121.63680490928408,122.4814991751067,119.85354077300578,121.58987426757812,23371459,TATASTEEL
2023-09-14,122.95077157684932,125.95414633890994,122.76306333944937,123.60775756835938,58800620,TATASTEEL
2023-09-15,124.45246161879123,125.10944758654733,121.87143406450515,123.84239196777344,85058495,TATASTEEL
2023-09-18,126.70499309231269,126.70499309231269,122.05914620983866,122.43456268310547,62420823,TATASTEEL
2023-09-20,122.43456031992622,123.70161595488136,120.13510224280408,120.41667175292969,43627379,TATASTEEL
2023-09-21,120.41668073223089,121.30830564643237,119.38426389185786,119.94740295410156,29826091,TATASTEEL
2023-09-22,119.33733005515442,120.7920867447554,117.78871208958371,118.96190643310547,34059194,TATASTEEL
2023-09-25,119.478113963917,120.41666943209981,118.35184310573163,119.57196807861328,23466981,TATASTEEL
2023-09-26,121.07365864110356,122.52842252002755,120.51051961661031,120.97979736328125,48936598,TATASTEEL
2023-09-27,120.83902558725802,120.83902558725802,118.91498386900311,120.27588653564453,33277329,TATASTEEL
2023-09-28,120.46360638444771,121.35523126171633,118.5395647095708,119.00884246826172,29982233,TATASTEEL
2023-09-29,120.32281138218599,121.58986702668565,119.71275604000188,120.97979736328125,28406435,TATASTEEL
2023-10-03,121.07365679740906,121.16751807380206,119.43118470907211,120.13510131835938,18613557,TATASTEEL
2023-10-04,119.19654702014611,119.29040113685885,116.8501582992771,117.60100555419922,33272725,TATASTEEL
2023-10-05,118.1641396595734,118.39877853611719,116.89709115835899,117.5540771484375,27063441,TATASTEEL
2023-10-06,118.72727066140305,119.19654841105287,117.41329153026153,118.16413879394531,21928671,TATASTEEL
2023-10-09,117.1317290657536,117.22558318347252,115.06690267288651,116.24009704589844,21457836,TATASTEEL
2023-10-10,117.03786653270257,118.16413741508576,116.14624168301638,117.60100555419922,28745957,TATASTEEL
2023-10-11,118.2579928518769,118.5395623657683,117.03786783916108,117.27250671386719,24455932,TATASTEEL
2023-10-12,117.64793040508644,119.10269429324495,117.41329153026153,118.16413879394531,19361688,TATASTEEL
2023-10-13,117.31944051433527,118.02335715742127,116.38088499022058,117.36637115478516,26912800,TATASTEEL
2023-10-16,117.41329158036181,119.43118733683909,117.27250682328476,119.19654846191406,23868700,TATASTEEL
2023-10-17,120.0412458127047,120.65130829914553,119.19654445921816,119.57196807861328,24241710,TATASTEEL
2023-10-18,119.99431423969303,120.79208494930779,118.82111991360958,119.29039764404297,20926079,TATASTEEL
2023-10-19,117.78871024601044,118.72726570613801,116.70937003474175,118.25798797607422,30941319,TATASTEEL
2023-10-20,117.31942769252089,118.02334425867602,115.16074735873467,115.53617095947266,30746140,TATASTEEL
2023-10-23,115.77081494806092,115.81774558546263,112.34508607542277,112.62665557861328,30699479,TATASTEEL
2023-10-25,113.75292251977353,115.25461703220905,113.33057541353237,113.89370727539062,27346103,TATASTEEL
2023-10-26,113.42443126131572,113.47136190077431,111.59425089219445,112.53280639648438,36298907,TATASTEEL
2023-10-27,113.09593826693629,114.31606328675728,112.15738276264636,112.53280639648438,28424007,TATASTEEL
2023-10-30,113.61214480056321,113.79985303410739,111.64117254529883,111.82888793945312,18753217,TATASTEEL
2023-10-31,112.62665501644737,112.76743976733991,111.12496771501672,111.45346069335938,22319950,TATASTEEL
2023-11-01,111.6881121795826,111.78196630391389,108.87244548597968,109.43557739257812,24717941,TATASTEEL
2023-11-02,107.55846232176101,111.26576096217472,107.55846232176101,110.8434066772461,72538804,TATASTEEL
2023-11-03,110.937261699346,111.3126853465733,109.90485203992876,110.09256744384766,31747230,TATASTEEL
2023-11-06,111.21882100041296,112.29816120173726,110.28026554893269,112.06352233886719,27883152,TATASTEEL
2023-11-07,111.9696713825187,112.81436558417691,111.12497002025044,112.29816436767578,25818033,TATASTEEL
2023-11-08,112.39201709009966,113.09593368982888,111.26575339477688,111.73503112792969,22552386,TATASTEEL
2023-11-09,111.87581010623664,113.09593509180301,111.54731712107956,112.29816436767578,22979112,TATASTEEL
2023-11-10,112.15738322006071,113.04900808852838,111.50039722862245,112.67359161376953,23584510,TATASTEEL
2023-11-13,113.42443130663135,113.79985494061935,112.53280644144378,113.56521606445312,17951775,TATASTEEL
2023-11-15,114.22219955278254,116.75630365626421,114.03449132020319,116.42781066894531,38344393,TATASTEEL
2023-11-16,116.38088630439829,117.55408072278941,115.4423307696854,117.03787231445312,30836413,TATASTEEL
2023-11-17,117.03787098066732,118.02335714512925,116.66245449954886,117.50714874267578,23319439,TATASTEEL
2023-11-20,117.36636661193766,117.9294984724875,116.42781112415123,116.7093734741211,18780290,TATASTEEL
2023-11-21,117.36636628690222,118.63341475978291,117.27250500989543,118.49263000488281,29643312,TATASTEEL
2023-11-22,118.63340664875226,119.10268435926109,117.78870533771446,118.35183715820312,19588063,TATASTEEL
2023-11-23,118.58648503711332,119.57197116841473,118.16413792976137,118.91497802734375,30736851,TATASTEEL
2023-11-24,118.91498385352175,119.19655337929183,117.83565071282757,118.21106719970703,14719450,TATASTEEL
2023-11-28,119.19654800116176,119.19654800116176,118.25799250508962,119.0557632446289,18377843,TATASTEEL
2023-11-29,119.33732744907995,120.27587574279143,118.91497319826944,119.90045928955078,23092165,TATASTEEL
2023-11-30,119.94739801659013,120.93288417433945,118.72727297943482,120.04125213623047,40165104,TATASTEEL
2023-12-01,120.97979788502786,122.29378417410548,120.18203430497894,122.01221466064453,31192397,TATASTEEL
2023-12-04,124.0770389248034,124.21783084785636,122.38763609671439,122.95077514648438,41230928,TATASTEEL
2023-12-05,122.95076936295023,124.31167196112051,122.01221387163,123.51390838623047,35192149,TATASTEEL
2023-12-06,124.35859810446154,125.20329228762658,122.7630566911388,123.74854278564453,40753593,TATASTEEL
2023-12-07,123.60775614196274,124.07703389065752,121.82450642541069,122.01221466064453,34686333,TATASTEEL
2023-12-08,122.15299265906407,123.32618703466484,120.08817342225079,121.26136779785156,34393711,TATASTEEL
2023-12-11,121.87143483460696,122.48149016825967,120.83901807788071,122.05914306640625,24038059,TATASTEEL
2023-12-12,122.05914846123339,124.0301064640694,121.73064830015036,122.1060791015625,30696410,TATASTEEL
2023-12-13,122.52842355047157,123.42004841240073,121.21443725601034,123.32618713378906,22767972,TATASTEEL
2023-12-14,124.17088987499169,125.06251469525424,123.42004264484753,123.88932037353516,43372143,TATASTEEL
2023-12-15,125.2032904831389,128.34745694857537,124.82787403408062,128.06588745117188,77377446,TATASTEEL
2023-12-18,128.44131916053342,129.14523574857895,126.79884712176045,128.20668029785156,38461877,TATASTEEL
2023-12-19,128.2536159379334,129.14525520744726,126.51729668520083,127.0804214477539,27726431,TATASTEEL
2023-12-20,127.549683062776,127.78432193104543,120.8390171587582,121.77757263183594,39495961,TATASTEEL
2023-12-21,120.79209455066069,123.37312227320139,119.99432377763384,122.95077514648438,34914399,TATASTEEL
2023-12-22,124.26474587545546,126.47035708936122,123.65469051223258,125.3440933227539,37357334,TATASTEEL
2023-12-26,126.42342244731118,127.73740873444707,126.18878357331052,126.8927001953125,25936447,TATASTEEL
2023-12-27,127.50277974192498,130.36536276960723,127.17427956437713,128.7698211669922,48101400,TATASTEEL
2023-12-28,129.66143798828125,130.2245770228141,128.44132728216107,129.66143798828125,34661176,TATASTEEL
2023-12-29,130.08379862169656,132.57096497955038,128.72288168351417,131.02235412597656,49202910,TATASTEEL
2024-01-01,131.39776611774306,132.2893909521552,130.50614128333095,131.25698852539062,21186105,TATASTEEL
2024-01-02,131.86704835134037,131.96090963025657,128.62903472581846,131.02235412597656,27764060,TATASTEEL
2024-01-03,130.9284847870951,131.02234606023316,126.0949299660952,127.03348541259766,45176618,TATASTEEL
2024-01-04,127.64354013908287,127.97204027234038,125.7664292546846,126.00106811523438,43913498,TATASTEEL
2024-01-05,126.70499821552649,127.59662311650266,124.68710952798986,125.43794250488281,71330190,TATASTEEL
2024-01-08,126.98655624711749,127.59661156592351,123.65468150919135,123.88932037353516,39559717,TATASTEEL
2024-01-09,125.29716490202064,126.51728997130326,124.35860935968341,125.43794250488281,30736868,TATASTEEL
2024-01-10,125.57872864276658,126.42342286346131,123.9831871585541,125.86029815673828,27213624,TATASTEEL
2024-01-11,126.56422106982723,127.31505404943226,125.95415137237177,126.61113739013672,23113349,TATASTEEL
2024-01-12,127.4558347383311,127.87818183243279,126.37648736316032,126.98655700683594,32883921,TATASTEEL
2024-01-15,127.64355421892529,127.87819310535714,125.71951248593992,126.61113739013672,34158775,TATASTEEL
2024-01-16,126.42342256213486,129.98993631442823,125.76643657858038,128.81674194335938,56361287,TATASTEEL
2024-01-17,127.12733517294598,127.40890467736091,123.32618266639399,123.56082153320312,58982971,TATASTEEL
2024-01-18,123.56083051605107,124.12396956582106,120.32281678292601,122.95077514648438,45273496,TATASTEEL
2024-01-19,124.4524573640936,126.42341519998008,123.51390192189447,126.00106811523438,32653013,TATASTEEL
2024-01-23,126.5172871893049,126.89270366949631,121.35523181995895,122.1060791015625,35373970,TATASTEEL
2024-01-24,122.19992486678571,127.22120258729399,122.10607790826535,126.84577178955078,39340119,TATASTEEL
2024-01-25,128.11281917964186,128.11281917964186,123.88931964624707,125.53179168701172,61358839,TATASTEEL
2024-01-29,126.42340945875426,127.08039537421428,125.29714584350586,126.7049789428711,29745400,TATASTEEL
2024-01-30,127.26813999541359,129.23909808380571,126.23572314824055,126.42343139648438,35704185,TATASTEEL
2024-01-31,126.70500135864395,128.30054295595298,126.23572357583416,127.59662628173828,36079354,TATASTEEL
2024-02-01,128.01896074213494,128.34746088605343,126.23571107257173,126.51728057861328,31701793,TATASTEEL
2024-02-02,126.98655990378806,131.0223513509592,126.51728216158723,130.17764282226562,69296192,TATASTEEL
2024-02-05,131.3977600249056,134.5419264397036,130.7877047247063,132.85252380371094,80737626,TATASTEEL
2024-02-06,134.2134435158952,136.18441589741428,131.82012400154235,135.76205444335938,53192936,TATASTEEL
2024-02-07,137.8268926722693,138.34308678436983,135.19893418362875,135.5274200439453,61517064,TATASTEEL
2024-02-08,136.3721114324713,136.700597251294,134.26036164390618,134.823486328125,38997666,TATASTEEL
2024-02-09,135.33969451067205,135.57433337574645,130.59998657192511,132.61788940429688,35961925,TATASTEEL
2024-02-12,133.27488054499867,134.16650540271056,128.25360290865316,128.95751953125,36477544,TATASTEEL
2024-02-13,129.2860062852704,129.75528398503542,125.86028480547309,129.37986755371094,39155909,TATASTEEL
2024-02-14,128.58210239101555,132.80560210458907,127.40890802613403,132.52403259277344,29141690,TATASTEEL
2024-02-15,132.80560210458907,134.6357824495602,132.33632435863646,132.52403259277344,31587387,TATASTEEL
2024-02-16,133.321818632224,134.63579067265613,132.8056102159038,133.55645751953125,22316127,TATASTEEL
2024-02-19,134.16652192094202,134.5419527586146,132.66484153391804,133.22796630859375,16973568,TATASTEEL
2024-02-20,133.22794921915667,133.50951873098805,131.44469951292507,132.3832550048828,24291123,TATASTEEL
2024-02-21,132.8525390680821,137.21681658472158,132.75867778593508,135.05813598632812,88000833,TATASTEEL
2024-02-22,136.09054747784444,137.16988057418055,134.68271422807362,136.93524169921875,46728176,TATASTEEL
2024-02-23,137.4045338898642,138.06153426578194,136.09056178047254,136.51290893554688,28414697,TATASTEEL
2024-02-26,136.8883380652496,136.9821850311979,133.509532224232,133.88494873046875,22570277,TATASTEEL
2024-02-27,133.88494246517038,135.6212759480105,133.2748870907785,135.33970642089844,24119469,TATASTEEL
2024-02-28,135.1989205363827,136.0436147447563,131.44469859477525,132.1016845703125,20721926,TATASTEEL
2024-02-29,132.1486107449071,133.13409683553382,130.83462451699825,132.19554138183594,32248156,TATASTEEL
2024-03-01,134.21344609200474,141.3933904516549,134.21344609200474,140.7364044189453,123709943,TATASTEEL
2024-03-04,145.3822443139194,145.3822443139194,141.76881415479082,143.69285583496094,67577785,TATASTEEL
2024-03-05,143.78671000183348,144.53755731968653,141.48725172690095,142.51966857910156,37165490,TATASTEEL
2024-03-06,142.4727271558528,143.27049073471392,138.8123521287512,142.28501892089844,51782444,TATASTEEL
2024-03-07,143.03585996544538,149.37110992236174,142.8950823615579,147.58786010742188,124847699,TATASTEEL
2024-03-11,149.1364561555137,149.1364561555137,143.59898469636403,144.02133178710938,54155385,TATASTEEL
2024-03-12,144.72525646512963,145.05375662140824,141.62802042457596,143.1297149658203,34947937,TATASTEEL
2024-03-13,143.41127739435504,143.5051243477816,133.74415327579075,134.823486328125,70937597,TATASTEEL
2024-03-14,134.7765825816387,135.10506843109684,129.84916594877632,133.69723510742188,91956952,TATASTEEL
2024-03-15,134.11958042988365,134.87042772328596,131.256997500695,132.99331665039062,68482621,TATASTEEL
2024-03-18,133.79110322885504,141.01797846217295,133.4626030413862,140.50177001953125,166913078,TATASTEEL
2024-03-19,139.84476154231226,143.08277496881314,138.5307896455703,139.61012268066406,105004268,TATASTEEL
2024-03-20,140.40791310255383,141.3933849526812,135.01121880174583,136.7006072998047,77550319,TATASTEEL
2024-03-21,138.90620978811123,141.9095844327994,138.71850155804697,140.87718200683594,84225737,TATASTEEL
2024-03-22,139.844774191538,143.36435743461362,139.2347188245599,142.4727325439453,68241556,TATASTEEL
2024-03-26,141.8626637326861,143.97441369158548,141.2526083619369,143.03585815429688,52965508,TATASTEEL
2024-03-27,143.0827744692492,144.63139954345195,142.66042738400097,143.31741333007812,35328794,TATASTEEL
2024-03-28,143.31743654558858,147.3532284698348,143.31743654558858,146.27389526367188,62575327,TATASTEEL
2024-04-01,147.16551640972858,153.82925237167004,146.88394687416002,153.12533569335938,84583929,TATASTEEL
2024-04-02,152.93763096409836,155.3309505896945,151.85829776099706,154.53317260742188,69533405,TATASTEEL
2024-04-03,154.53316000835417,156.0348545627091,153.07841041527234,153.5946044921875,50938559,TATASTEEL
2024-04-04,155.37787310420688,155.75328959315118,151.1074425166656,153.35997009277344,61094750,TATASTEEL
2024-04-05,153.82924339339579,154.06388227247126,150.91972988559223,153.31304931640625,44668121,TATASTEEL
2024-04-08,156.69183426997802,156.69183426997802,154.11080670412528,155.0493621826172,48255703,TATASTEEL
2024-04-09,155.80020141601562,159.36671491508395,155.04935420759818,155.80020141601562,63884687,TATASTEEL
2024-04-10,157.0203344214069,158.80358410211556,154.39237621729404,154.90858459472656,64134758,TATASTEEL
2024-04-12,155.80021569488244,155.80021569488244,152.98454914617975,153.45382690429688,55317636,TATASTEEL
2024-04-15,151.8582844163546,154.58008966747775,148.8549096479241,150.96665954589844,66426404,TATASTEEL
2024-04-16,150.96665229003597,152.46833244146617,149.23031895111058,150.21580505371094,41391261,TATASTEEL
2024-04-18,151.01356860631515,153.9230962766172,149.37109654238782,150.21580505371094,68093672,TATASTEEL
2024-04-19,150.1688896553321,152.51527855619668,147.63479250664264,152.13986206054688,60078229,TATASTEEL
2024-04-22,153.7354081936673,154.58010249446116,151.576727476812,151.9052276611328,39304790,TATASTEEL
2024-04-23,153.453841380171,153.453841380171,150.91974411153186,151.24822998046875,30295177,TATASTEEL
2024-04-24,152.46834082211518,156.64491000714344,151.52978530542475,155.37786865234375,59894921,TATASTEEL
2024-04-25,155.2370714736159,157.6773214628384,154.0638771174936,157.395751953125,50128523,TATASTEEL
2024-04-26,157.67732226479077,160.21141922265943,155.0962946681945,155.6125030517578,65355111,TATASTEEL
2024-04-29,157.8650440980078,159.17903048947522,156.64491899208141,157.11419677734375,44906151,TATASTEEL
2024-04-30,158.05274692006748,158.05274692006748,154.39238604921283,154.86166381835938,55043389,TATASTEEL
2024-05-02,154.86166474431158,158.52202563705234,154.86166474431158,157.06727600097656,69320283,TATASTEEL
2024-05-03,158.56894350674858,160.25834621395077,155.0024298629262,156.2694854736328,62573586,TATASTEEL
2024-05-06,157.63039623865563,158.28738223640633,154.5800908079654,157.30191040039062,37621296,TATASTEEL
2024-05-07,157.63038234562788,157.63038234562788,152.32754986967515,154.15773010253906,43611824,TATASTEEL
2024-05-08,154.11080411662664,156.83262355128622,153.45381815695703,155.84713745117188,30128705,TATASTEEL
2024-05-09,155.75328590443846,156.4572025454539,151.57671669865766,151.95213317871094,30223088,TATASTEEL
2024-05-10,153.17224921828685,154.25159659713955,151.9052079316596,152.28062438964844,31472419,TATASTEEL
2024-05-13,152.46834700464285,154.39238875612145,148.33870829223812,153.78233337402344,36561003,TATASTEEL
2024-05-14,154.01694901602178,156.3164069138405,153.4538100396821,154.81471252441406,46261468,TATASTEEL
2024-05-15,154.8147349877422,157.25498514433107,154.8147349877422,155.4248046875,29601304,TATASTEEL
2024-05-16,156.9734155830228,157.67733224483007,152.327568479339,155.70635986328125,41126570,TATASTEEL
2024-05-17,156.36335934304788,158.09967850653933,155.28401187482459,157.06727600097656,39181277,TATASTEEL
2024-05-21,158.146620460587,164.43494019032437,157.63041201026945,163.63717651367188,84833644,TATASTEEL
2024-05-22,164.6695609765295,164.71649161616284,160.96226958502524,162.65167236328125,42919832,TATASTEEL
2024-05-23,162.4170335682316,164.99806121594014,160.02371415793047,164.71649169921875,49377680,TATASTEEL
2024-05-24,164.2002770082053,166.64052696457762,163.4494297661507,164.10643005371094,38674485,TATASTEEL
2024-05-27,166.78131095314149,166.78131095314149,164.10643634733947,164.71649169921875,30410585,TATASTEEL
2024-05-28,165.09190632784006,166.59360085274736,162.79244822256734,164.15335083007812,39208456,TATASTEEL
2024-05-29,164.01256691537253,165.18576124237805,162.83937258836698,163.5432891845703,36575550,TATASTEEL
2024-05-30,161.4315553814586,161.4315553814586,153.313055563147,154.0638885498047,108813875,TATASTEEL
2024-05-31,155.84713485979879,157.6303844808536,153.92309332894308,156.9264678955078,83713848,TATASTEEL
2024-06-03,162.60473372296588,164.2472057807736,158.47509542039435,163.5432891845703,86397540,TATASTEEL
2024-06-04,163.77791967262576,163.91869725617764,139.04697879586485,149.18338012695312,125042158,TATASTEEL
2024-06-05,152.1867550577945,159.1790043677319,149.23031122429148,158.80357360839844,60098501,TATASTEEL
2024-06-06,159.5544433672781,163.96565158436454,158.99130430925808,161.47848510742188,57920819,TATASTEEL
2024-06-07,161.4315354572818,168.61147883488823,160.30527179507953,167.90756225585938,84319867,TATASTEEL
2024-06-10,169.1370863687229,170.91095562178475,166.46219756941727,169.212158203125,74286848,TATASTEEL
2024-06-11,169.40926019066714,172.45956542955724,169.40926019066714,170.18826293945312,55555544,TATASTEEL
2024-06-12,171.05173410368323,172.57218937959226,170.34781750243351,171.032958984375,33304643,TATASTEEL
2024-06-13,172.13106503130552,172.7880653079752,169.41864033427535,171.34268188476562,36669164,TATASTEEL
2024-06-14,171.70873035796066,172.22493876072468,170.253966430615,171.8964385986328,28509237,TATASTEEL
2024-06-18,172.50650131241707,173.2573485659894,169.50312661934797,169.9911651611328,35032118,TATASTEEL
2024-06-19,171.23945381879082,171.27700405992593,168.29239002340327,168.95877075195312,27476795,TATASTEEL
2024-06-20,170.4416841551151,171.70872548460727,168.34869508342138,171.07989501953125,38837494,TATASTEEL
2024-06-21,171.7692612390028,173.20545912431137,170.60115245683764,172.2863006591797,65494855,TATASTEEL
2024-06-24,169.89263217981113,171.33839941275582,167.65216705545657,170.39051818847656,47597307,TATASTEEL
2024-06-25,170.41926148471478,171.38629622063544,167.79580118808022,168.20750427246094,30599989,TATASTEEL
2024-06-26,168.20748646059263,168.513882350278,164.530823442929,165.22019958496094,44006436,TATASTEEL
2024-06-27,165.22020124495944,167.50854260865793,164.49253291428585,166.7521514892578,49767976,TATASTEEL
2024-06-28,166.76173372478144,169.56711472112474,166.18726329624906,166.60853576660156,37521949,TATASTEEL
2024-07-01,167.0776881572447,168.50431665661114,166.12979228870128,166.66598510742188,27807688,TATASTEEL
2024-07-02,167.04896708373604,168.27452146244843,166.21597697267265,167.11598205566406,33359495,TATASTEEL
2024-07-03,167.11598556691845,169.35646545267204,166.98194101048543,168.86814880371094,29090492,TATASTEEL
2024-07-04,169.471356467363,170.61074250094825,168.34155443693248,168.7915496826172,29504744,TATASTEEL
2024-07-05,168.7053767114824,168.7053767114824,166.02447104847684,167.2787628173828,38123217,TATASTEEL
2024-07-08,167.1734289266929,168.0064189713982,164.77018193648235,164.9521026611328,31479861,TATASTEEL
2024-07-09,166.21596346390575,166.31170121741644,164.21485010573164,164.49252319335938,25127904,TATASTEEL
2024-07-10,165.16276935310563,165.53618024725262,159.9158634377228,160.83502197265625,41525591,TATASTEEL
2024-07-11,162.76909536932962,163.67868445091202,161.49566481121008,161.7350311279297,33987236,TATASTEEL
2024-07-12,162.96058356043804,163.14250429654055,160.86373231337913,161.5148162841797,33311402,TATASTEEL
2024-07-15,161.51481617364936,161.80205867204833,158.74774217160137,159.66690063476562,32635187,TATASTEEL
2024-07-16,160.66267541558173,162.59675935397343,159.6094577734475,159.96372985839844,26505901,TATASTEEL
2024-07-18,160.48075185594854,160.48075185594854,157.44558875302025,159.28392028808594,36568852,TATASTEEL
2024-07-19,158.9392305226065,159.02539888823415,150.5135334524681,151.05929565429688,77987514,TATASTEEL
2024-07-22,151.66249305680057,153.86466610167957,149.75714651808016,153.50083923339844,40353690,TATASTEEL
2024-07-23,154.72638936891312,155.08064683428645,148.40711291074504,153.21359252929688,37077411,TATASTEEL
2024-07-24,153.21359821093546,155.12852877111797,152.41890027528842,153.4912567138672,28086566,TATASTEEL
2024-07-25,151.75825217012866,151.75825217012866,150.22630182482223,150.69546508789062,45155876,TATASTEEL
2024-07-26,151.99760039001671,156.018951305155,151.480575610685,155.63597106933594,45642032,TATASTEEL
2024-07-29,157.69451536236318,157.69451536236318,155.4253275157265,155.94235229492188,31754833,TATASTEEL
2024-07-30,155.97107670142609,158.26900196887053,154.4487105254659,157.09132385253906,42824600,TATASTEEL
2024-07-31,159.21688793885622,159.41796206705504,156.59344253796917,158.2977294921875,52769925,TATASTEEL
2024-08-01,161.04565368510555,161.76375262954843,154.05615437057605,156.12428283691406,118341338,TATASTEEL
2024-08-02,154.1519103961325,154.3338311372673,148.13902959418223,151.4901580810547,72427529,TATASTEEL
2024-08-05,147.12412738179393,147.44966209045603,142.66233539920745,143.4474639892578,102883971,TATASTEEL
2024-08-06,144.7783367837013,147.25816844448048,143.24638643501106,143.9261932373047,53507102,TATASTEEL
2024-08-07,147.16241483742957,147.73689986582087,145.43897436201678,147.31561279296875,32029697,TATASTEEL
2024-08-08,146.8751653605634,146.9134721525128,143.61978931336463,143.88787841796875,51858615,TATASTEEL
2024-08-09,146.4921844563585,146.4921844563585,144.8166202550603,145.35279846191406,23290101,TATASTEEL
2024-08-12,144.57725226192537,146.87516301026378,143.5048958606688,145.5921630859375,30550334,TATASTEEL
2024-08-13,145.63047903238453,146.44431577744308,142.18359808342728,142.5474395751953,29396493,TATASTEEL
2024-08-14,143.52403914556635,143.52403914556635,136.29518799367844,139.95269775390625,97911180,TATASTEEL
2024-08-16,141.7048659227837,143.61979654336187,140.23037577323345,143.16021728515625,54131721,TATASTEEL
2024-08-19,144.4336440738492,147.7368963848656,143.99320361449196,147.41136169433594,62889770,TATASTEEL
2024-08-20,149.07733166396417,149.07733166396417,146.30068837299874,147.3826141357422,37559016,TATASTEEL
2024-08-21,146.49217881589504,147.62198076401268,145.31450068477454,145.45811462402344,49749381,TATASTEEL
2024-08-22,146.0230214105015,147.78476859071984,146.0230214105015,147.5836944580078,36719176,TATASTEEL
2024-08-23,147.44965366407368,147.8230645402611,146.06133192490307,147.64114379882812,31490857,TATASTEEL
2024-08-26,148.03371311350293,149.74756960110676,147.16241616946866,149.0773468017578,32497603,TATASTEEL
2024-08-27,149.17309067853427,149.84331343969902,148.02413528657172,148.119873046875,24523684,TATASTEEL
2024-08-28,148.11987985639436,148.40712237003052,146.5400679460372,147.16241455078125,25195197,TATASTEEL
2024-08-29,146.6932521114545,147.02835617106115,144.76873767783806,146.4634552001953,44452983,TATASTEEL
2024-08-30,146.49218706221254,148.64648393077448,145.9847316352877,146.26239013671875,55134023,TATASTEEL
2024-09-02,147.35390819306303,147.35390819306303,145.66877447463654,146.37730407714844,19200143,TATASTEEL
2024-09-03,146.33899814459508,146.92305258273504,145.5443001641908,145.6783447265625,19780066,TATASTEEL
2024-09-04,143.14105342171146,145.70705325297433,142.81551874635903,144.7495880126953,39613696,TATASTEEL
2024-09-05,144.57725591620016,146.2911123229386,144.57725591620016,145.26663208007812,28347324,TATASTEEL
2024-09-06,145.47727901203777,146.3964375122058,143.28467530875676,144.78790283203125,30709532,TATASTEEL
2024-09-09,144.481503529731,144.481503529731,141.7527362736201,143.11233520507812,32624586,TATASTEEL
2024-09-10,144.09851732810043,145.1421509240014,142.48039874944587,143.064453125,41607844,TATASTEEL
2024-09-11,143.52404086279952,143.81128337122274,141.34102117440037,141.8676300048828,24633287,TATASTEEL
2024-09-12,145.53471756509396,145.95600461139665,142.42295551189292,145.28578186035156,73191476,TATASTEEL
2024-09-13,146.28152752940275,148.79008160011858,146.0134384505366,146.96133422851562,54894255,TATASTEEL
2024-09-16,148.40711745645567,149.03904804358055,146.97091954558672,147.65072631835938,32575460,TATASTEEL
2024-09-17,147.44964140549396,147.67943831395104,145.79323069342468,146.31983947753906,18275113,TATASTEEL
2024-09-18,145.91770069332145,146.47303230076827,143.2463790294976,144.19427490234375,24856345,TATASTEEL
2024-09-19,145.4294010626895,145.71664356917074,141.50378756355425,143.17935180664062,36913781,TATASTEEL
2024-09-20,144.57726008887275,146.81772538125833,144.2421413904577,145.5538787841797,53873369,TATASTEEL
2024-09-23,147.81348959751986,147.82305899048202,146.30069275316202,147.44007873535156,33281905,TATASTEEL
2024-09-24,148.5507215316357,154.63063146084204,148.2634936563583,153.70188903808594,137414352,TATASTEEL
2024-09-25,154.6306460397091,155.77003208493187,152.73486883534235,154.78384399414062,58044967,TATASTEEL
2024-09-26,155.10937615315066,158.8434849203407,153.65402482937571,158.56582641601562,88661662,TATASTEEL
2024-09-27,159.89669199903508,161.82119183483928,158.83390501872296,159.46583557128906,72795668,TATASTEEL
2024-09-30,160.37542640642263,162.9414262162406,160.1456294911625,161.38076782226562,92381529,TATASTEEL
2024-10-01,162.2807859160864,162.2807859160864,158.07751417123993,159.9254150390625,50761579,TATASTEEL
2024-10-03,158.46050369539955,162.7595280581904,157.5221918125888,159.87754821777344,75959797,TATASTEEL
2024-10-04,159.89669969092603,161.90738259681194,157.024303888095,159.65733337402344,53880875,TATASTEEL
2024-10-07,159.99244806433083,160.80628475561033,155.42533476120158,157.36898803710938,48775098,TATASTEEL
2024-10-08,156.0668383152851,156.63173931572797,150.03480421918394,152.73486328125,74956764,TATASTEEL
2024-10-09,152.7348740754111,155.3008741562495,151.38484444896807,152.29443359375,42766218,TATASTEEL
2024-10-10,151.56676209160358,154.324252260621,149.93907398014832,152.92636108398438,46507936,TATASTEEL
2024-10-11,152.52421691767853,156.81365713768548,152.42846454898114,153.8263702392578,53263433,TATASTEEL
2024-10-14,154.99448097060719,156.43067886066913,151.3178032686307,151.58590698242188,35566857,TATASTEEL
2024-10-15,152.71570061988155,152.7444234073302,148.45498336779914,149.01031494140625,38964393,TATASTEEL
2024-10-16,148.58904092772988,149.89119430858034,147.46880828982898,148.6369171142578,28518262,TATASTEEL
2024-10-17,149.0294560654913,149.65181722608608,145.63046621280222,145.91769409179688,28404223,TATASTEEL
2024-10-18,145.9177063216584,149.55607739472043,144.67301311566652,148.78053283691406,34750795,TATASTEEL
2024-10-21,149.46033162392519,151.2124801778258,148.0145497437117,148.4358367919922,25799090,TATASTEEL
2024-10-22,148.31135748461637,148.31135748461637,143.71553609316737,143.99319458007812,39079846,TATASTEEL
2024-10-23,143.90702665194343,145.48683843381778,141.7527298895184,142.45167541503906,42107893,TATASTEEL
2024-10-24,143.1314898604578,143.45702454907357,141.71443072808205,142.64317321777344,22115070,TATASTEEL
2024-10-25,142.66232412927562,143.1410567605819,138.28670086645107,139.6558837890625,39730802,TATASTEEL
2024-10-28,139.7899314876512,143.3612729068424,138.5739464860324,143.0261688232422,28386897,TATASTEEL
2024-10-29,143.4761713170648,144.05064169224244,140.31653311942756,143.67723083496094,32258407,TATASTEEL
2024-10-30,141.8006158267189,144.52938314763492,141.8006158267189,142.63360595703125,21362130,TATASTEEL
2024-10-31,142.7389138269655,143.57190387617973,141.8963397755013,142.24102783203125,26383702,TATASTEEL
2024-11-01,143.2942485065543,143.8591494807019,142.66231795424014,143.3804168701172,5106804,TATASTEEL
2024-11-04,143.61979603375312,143.61979603375312,138.92822187388833,140.69952392578125,25571021,TATASTEEL
2024-11-05,140.74739313561867,146.06132824738492,140.69951695069528,145.8123779296875,42772283,TATASTEEL
2024-11-06,147.4496416240549,148.35923064718642,143.22721656211465,147.08580017089844,48928986,TATASTEEL
2024-11-07,149.46989724917992,150.24544174589212,143.81127424832144,144.5293731689453,88254789,TATASTEEL
2024-11-08,145.53471583725118,145.53471583725118,140.68994408180956,141.29315185546875,61980989,TATASTEEL
2024-11-11,141.29314898277426,141.4080401336077,137.97074351341604,138.84202575683594,47497863,TATASTEEL
2024-11-12,139.45481000440753,140.8718691156459,137.492017898951,138.0377655029297,28861672,TATASTEEL
2024-11-13,137.49202133184406,137.49202133184406,132.70469488727792,133.2504425048828,57609083,TATASTEEL
2024-11-14,133.76747889794598,134.7440829513831,131.65147422931113,132.11105346679688,36345184,TATASTEEL
2024-11-18,133.5568329184097,137.15689699718155,132.1302044370754,135.20367431640625,40233848,TATASTEEL
2024-11-19,135.96006193234294,136.42922515204557,133.14511183364692,133.52810668945312,37611903,TATASTEEL
2024-11-21,133.56640690887318,135.57708984602934,131.41211002324619,134.2557830810547,58398744,TATASTEEL
2024-11-22,134.1887555149593,137.09945819896518,133.71002286651526,136.70689392089844,43710169,TATASTEEL
2024-11-25,138.7750212620927,139.9335460797896,136.76433831220302,137.5590362548828,53883890,TATASTEEL
2024-11-26,138.08564588350688,139.5984428013521,137.472868679675,138.32501220703125,25608469,TATASTEEL
2024-11-27,138.17180277308236,138.73670374332016,136.82177331423495,138.3824462890625,24895631,TATASTEEL
2024-11-28,137.87499370823693,139.07182525084315,137.00369683887718,137.2909393310547,30947861,TATASTEEL
2024-11-29,137.77923640632747,139.30161717741578,136.96539975235902,138.3920135498047,29742979,TATASTEEL
2024-12-02,137.98032205176875,140.5846287815188,137.05157956161287,140.1824951171875,23840351,TATASTEEL
2024-12-03,140.50801992368523,141.89634155975267,140.11545568024775,140.30694580078125,35527228,TATASTEEL
2024-12-04,140.74739575323386,140.79527193904764,137.8749999215352,139.6463165283203,38537808,TATASTEEL
2024-12-05,140.26866039728668,141.5899671293947,138.64097237947502,140.81442260742188,36328245,TATASTEEL
2024-12-06,141.22613749703783,142.35593958432852,140.3644245358758,141.98252868652344,30604899,TATASTEEL
2024-12-09,141.9825172020591,144.26128919959288,140.39313597135887,143.50489807128906,39059139,TATASTEEL
2024-12-10,143.80171807116724,146.01346061238982,142.95914391841148,143.9261932373047,36278104,TATASTEEL
2024-12-11,144.1846908994371,145.64004219447833,143.67723547724202,144.19427490234375,20499709,TATASTEEL
2024-12-12,144.4527760312419,145.18045896362426,142.3750782143673,144.36660766601562,25761723,TATASTEEL
2024-12-13,143.61978231613364,143.66765849885763,139.35906502937362,142.61444091796875,39701388,TATASTEEL
2024-12-16,142.60487799324102,143.42829870025722,140.84314542326788,141.5037841796875,22634773,TATASTEEL
2024-12-17,141.50378810321808,142.18359488415763,139.14843168256274,139.48353576660156,27110781,TATASTEEL
2024-12-18,139.78993509363937,140.6516480277094,137.20478168166815,138.31544494628906,19850229,TATASTEEL
2024-12-19,135.5292159098812,137.6835128312718,135.09835944755528,137.16647338867188,27104579,TATASTEEL
2024-12-20,136.81220203298884,138.25796922747668,134.04512818554898,134.69619750976562,46503449,TATASTEEL
2024-12-23,136.39091848123633,137.68350237985638,134.62918597226198,135.68240356445312,27514178,TATASTEEL
2024-12-24,135.19407991159585,135.48132238631018,133.32702574059147,134.40896606445312,25882917,TATASTEEL
2024-12-26,134.9547172467949,135.14620736516756,133.5759650188964,134.3898162841797,23939932,TATASTEEL
2024-12-27,134.71536710834124,135.72070861260912,132.71426810321762,133.0015106201172,19562177,TATASTEEL
2024-12-30,133.00151481309618,133.3270495246232,130.30145552278444,131.057861328125,32555723,TATASTEEL
2024-12-31,131.04826869538877,132.78127852119832,130.75145679502504,132.17808532714844,20080291,TATASTEEL
2025-01-01,132.2259662833139,132.56107037881694,130.77061490896088,130.92381286621094,18169498,TATASTEEL
2025-01-02,131.17273407301693,132.5610557087721,130.59824910178597,132.3025360107422,23388424,TATASTEEL
2025-01-03,132.30253270223997,133.7866066660078,131.97699804457096,132.47488403320312,23351832,TATASTEEL
2025-01-06,132.4748895962608,132.50361238433428,125.76306360416112,126.55774688720703,44620509,TATASTEEL
2025-01-07,127.13224105173092,128.18545872303827,126.39498868181578,127.70672607421875,24239451,TATASTEEL
2025-01-08,128.23331559382538,128.5301420973989,126.1652017302452,126.9981918334961,31570331,TATASTEEL
2025-01-09,126.38541779701265,126.76839806764471,124.18324471647617,124.40345764160156,31903107,TATASTEEL
2025-01-10,124.40345972299295,124.84390019037357,121.31085088710218,122.00980377197266,34855510,TATASTEEL
2025-01-13,120.6406203908586,121.11935301145725,117.40439050536858,117.70120239257812,38968332,TATASTEEL
2025-01-14,117.71078251633102,122.21086635898129,117.71078251633102,121.53106689453125,36877365,TATASTEEL
2025-01-15,122.55555402802851,122.85236592287846,120.42997996907405,121.14807891845703,18773125,TATASTEEL
2025-01-16,122.55555507800953,123.00556492559245,121.17680274582023,122.3736343383789,22164393,TATASTEEL
2025-01-17,122.45981399969992,125.58115294011135,122.21087097497396,124.73857879638672,27421959,TATASTEEL
2025-01-20,125.41838312893918,126.48117018126658,123.42685357999412,126.05988311767578,20571916,TATASTEEL
2025-01-21,126.44286142309578,126.76839610907963,123.752386347607,124.18324279785156,32238213,TATASTEEL
2025-01-22,124.7098548527199,124.8056072262617,121.7129911048261,123.4364242553711,27505569,TATASTEEL
2025-01-23,122.41193586164648,125.18858666353462,122.26831460717494,124.82474517822266,20722538,TATASTEEL
2025-01-24,124.94921833698494,127.53437165648766,123.80983232263387,124.22154998779297,37092106,TATASTEEL
2025-01-27,123.53217272178101,123.94387577351505,120.39168051290343,120.99488830566406,24650571,TATASTEEL
2025-01-28,120.9948880126621,124.93964752916087,119.4342149575899,123.14917755126953,40373804,TATASTEEL
2025-01-29,123.51301744996476,125.75348263224956,123.08216100871927,125.23645782470703,16674706,TATASTEEL
2025-01-30,125.23645776701343,126.52902709015444,124.56623501318917,125.54283905029297,25256096,TATASTEEL
2025-01-31,125.54283831553602,129.25780814322,124.40345233582303,128.8939666748047,26689228,TATASTEEL
2025-02-01,129.25780886912372,129.73654149456493,124.70984892743233,127.31415557861328,21173846,TATASTEEL
2025-02-03,125.7056113159095,126.8737201368187,122.37363620221089,126.21308135986328,27765357,TATASTEEL
2025-02-04,127.1513866031904,128.6258766422838,126.26093633425106,127.74501037597656,25032519,TATASTEEL
2025-02-05,127.48650268955087,129.63123028563984,127.41948771360889,128.68333435058594,16958362,TATASTEEL
2025-02-06,128.77907358400006,129.13333104438675,126.4045639015855,126.90243530273438,22408168,TATASTEEL
2025-02-07,127.6301215391534,132.84830426209064,126.92159199024184,132.42701721191406,52950146,TATASTEEL
2025-02-10,132.22595957234125,132.22595957234125,127.34288085359974,128.33863830566406,26120805,TATASTEEL
2025-02-11,127.3428796833171,128.62587962641553,124.18324140080149,124.5758056640625,23635428,TATASTEEL
2025-02-12,123.84813721898777,127.6205380710088,122.85236516716951,126.65350341796875,37927696,TATASTEEL
2025-02-13,126.65351235974546,131.8334032881424,126.25137867534517,130.45465087890625,52036196,TATASTEEL
2025-02-14,130.45463789680852,133.32703359361898,127.65884117175086,128.75035095214844,41469242,TATASTEEL
2025-02-17,127.2567108097113,129.06631956098687,125.16942895244972,128.5780029296875,21189637,TATASTEEL
2025-02-18,128.57800124261013,129.1620556260865,126.14604595012052,128.81736755371094,23957576,TATASTEEL
2025-02-19,128.77907270932423,131.05784461900643,127.3715976603746,129.9854736328125,18447487,TATASTEEL
2025-02-20,129.51633446121855,132.47489871450335,129.25781474100347,132.1685028076172,24139808,TATASTEEL
2025-02-21,132.04404451970584,135.57709385414466,131.31636153324553,134.77281188964844,41987785,TATASTEEL
2025-02-24,132.9057529509142,134.6770695597755,130.84720844635495,131.7950897216797,25193205,TATASTEEL
2025-02-25,132.59937559376687,133.4227963419775,130.8855045131865,131.23977661132812,23575603,TATASTEEL
2025-02-27,131.37380340663796,133.07809025346435,130.10037296764807,132.7908477783203,30747044,TATASTEEL
2025-02-28,131.93872760523516,131.93872760523516,128.35780195155925,131.36424255371094,45540594,TATASTEEL
2025-03-03,131.17275201281223,133.13555888824095,128.59716790215208,132.6759796142578,31154401,TATASTEEL
2025-03-04,130.3588914408109,134.94515829281517,130.03335675342007,133.4132080078125,28634645,TATASTEEL
2025-03-05,133.08767192247157,140.25909202154875,133.08767192247157,139.88568115234375,62109377,TATASTEEL
2025-03-06,140.54631968054383,145.72621026535774,139.9814186811011,144.04107666015625,79121467,TATASTEEL
2025-03-07,143.3708546453163,145.96557734294433,142.92084480008745,145.11343383789062,81821791,TATASTEEL
2025-03-10,145.11343937543094,147.67945399144855,144.0123601179238,144.62513732910156,54450331,TATASTEEL
2025-03-11,141.80061348279318,145.24747971693674,141.70486111111111,144.337890625,35916900,TATASTEEL
2025-03-12,144.57725094291294,145.80280527881376,141.41761273545356,143.9070281982422,26377549,TATASTEEL
2025-03-13,145.53472830699454,147.02837186521504,143.63895106846553,144.46237182617188,48286431,TATASTEEL
2025-03-17,145.52514980540872,146.14749637912962,144.48150157089648,145.35279846191406,35879780,TATASTEEL
2025-03-18,145.35279846191406,145.35279846191406,145.35279846191406,145.35279846191406,0,TATASTEEL
2025-03-19,150.1305634274742,152.42847432600115,149.843320912718,151.85400390625,66161413,TATASTEEL
2025-03-20,153.19445698367383,153.29020936319338,149.9869421966734,152.27528381347656,39889517,TATASTEEL
2025-03-21,152.2656978580057,152.95507400823206,150.14970783253443,150.5901336669922,49184821,TATASTEEL
2025-03-24,151.27950697987026,152.2369722139201,150.42736350595635,151.681640625,30905773,TATASTEEL
2025-03-25,152.23698799498456,152.23698799498456,149.41246818369657,150.06353759765625,28467187,TATASTEEL
2025-03-26,149.5560738387384,150.83907380780764,148.41668781778858,149.1826629638672,23182869,TATASTEEL
2025-03-27,148.2156260881754,149.4603338558387,147.6411410847122,148.8092498779297,25909068,TATASTEEL
2025-03-28,148.77095314475795,150.23587378804137,146.84643866885847,147.679443359375,24589315,TATASTEEL
2025-04-01,145.60174412203705,148.73264489614846,145.60174412203705,146.60707092285156,29142122,TATASTEEL
2025-04-02,147.44965240855873,149.6039492781643,145.7932415728839,148.1103057861328,24977582,TATASTEEL
2025-04-03,146.49217641870388,149.33584924737713,146.1091961804673,147.08580017089844,15117526,TATASTEEL
2025-04-04,146.12834473777897,146.48261682208707,134.04513771331628,134.41854858398438,80846143,TATASTEEL
2025-04-07,122.55555075002937,124.80559990848474,119.99912031177419,123.97259521484375,121806340,TATASTEEL
2025-04-08,129.1524944378805,130.40677165016805,122.57471246608434,124.73857879638672,68999181,TATASTEEL
2025-04-09,124.47048324757613,124.47048324757613,119.97039946750046,121.77043151855469,73399980,TATASTEEL
2025-04-11,128.941841924181,128.9705647125571,124.93964423967024,127.74501037597656,73706472,TATASTEEL
2025-04-15,129.83230454165573,131.17275015923235,129.10462154089,130.60784912109375,38967608,TATASTEEL
2025-04-16,130.60783426512873,131.74722021535035,128.89396333856956,131.14401245117188,42684087,TATASTEEL
2025-04-17,128.6833180263989,132.09190643682822,128.01309530319298,131.30677795410156,62282856,TATASTEEL
2025-04-21,131.79508906581256,134.3323808066835,131.2206186675147,133.260009765625,26503486,TATASTEEL
2025-04-22,135.96006451631428,136.76433181415285,131.84296104914992,132.2834014892578,58429662,TATASTEEL
2025-04-23,133.46107472782782,135.48132690063045,131.47912934480175,135.15579223632812,37851304,TATASTEEL
2025-04-24,134.71535975191557,135.8451763607548,134.31322609412004,135.50048828125,23061444,TATASTEEL
2025-04-25,135.96005549209787,137.34837708045265,132.1493481683336,132.9440460205078,37764696,TATASTEEL
2025-04-28,132.64723372335874,136.53455503999055,132.49405038167612,136.027099609375,26971589,TATASTEEL
2025-04-29,136.02710072882473,137.20477894449593,134.9260068797447,135.48133850097656,25758449,TATASTEEL
2025-04-30,135.43345734283497,135.53877910523266,132.1302051363776,134.12173461914062,29205042,TATASTEEL
2025-05-02,134.0451440034791,137.01329232174635,133.51853515865602,135.38558959960938,29588258,TATASTEEL
2025-05-05,135.54836484352708,136.63029066045345,135.19409276014787,136.0366668701172,17213477,TATASTEEL
2025-05-06,136.03667639362217,139.21545370509273,135.51963693184993,138.29629516601562,42658262,TATASTEEL
2025-05-07,136.15156122934144,140.69952135394513,136.15156122934144,139.78993225097656,34674594,TATASTEEL
2025-05-08,139.78993213040928,140.42186272720443,136.77392231533562,137.5590362548828,29687927,TATASTEEL
2025-05-09,134.99303746776363,137.17605717588756,134.53344360622944,136.70689392089844,21875453,TATASTEEL
2025-05-12,139.4165059444386,145.48683170107768,138.3537190064348,145.18045043945312,47087413,TATASTEEL
2025-05-13,145.53471300649727,146.48260883098732,142.6718867477112,143.0740203857422,54389876,TATASTEEL
2025-05-14,144.57724576642528,150.4656509255911,144.57724576642528,148.70391845703125,60002060,TATASTEEL
2025-05-15,148.88584894041847,151.12631415768095,147.73689354257314,150.65716552734375,57066105,TATASTEEL
2025-05-16,150.65717318899246,151.42313375333512,150.32205448477157,150.84866333007812,22884754,TATASTEEL
2025-05-19,151.2795161733279,151.41356072985053,149.48906075196962,150.86781311035156,21839582,TATASTEEL
2025-05-20,151.6146203674169,155.20511486986828,151.2795017032843,151.94015502929688,58061639,TATASTEEL
2025-05-21,152.66782776703747,154.96575308136366,151.78696150996174,154.76467895507812,36044599,TATASTEEL
2025-05-22,154.13275353650968,156.6413224535258,153.53912975015402,154.4295654296875,60715453,TATASTEEL
2025-05-23,154.72639370833107,156.57429466952186,154.630641337283,156.03811645507812,29483665,TATASTEEL
2025-05-26,156.16258710604288,158.50837403137618,155.1572456781114,155.59767150878906,25581584,TATASTEEL
2025-05-27,155.59768073375614,156.92855691713783,153.78807190009675,154.78384399414062,23296776,TATASTEEL
2025-05-28,155.49236253792478,155.77003566293013,153.8167982234654,154.3817138671875,13044476,TATASTEEL
2025-05-29,155.2912964778573,156.97643011523544,154.63064309549128,156.18173217773438,26455081,TATASTEEL
2025-05-30,156.17214979263815,156.91897148194354,153.68273442178048,154.17105102539062,32739340,TATASTEEL
2025-06-02,152.23699162752587,153.3093481512878,150.60930344402672,152.27528381347656,31365564,TATASTEEL
2025-06-03,152.27526955552628,153.81678921897827,150.48481418229866,150.65716552734375,28398746,TATASTEEL
2025-06-04,150.80077391717384,152.21781836864687,150.14012057007034,151.45184326171875,16660138,TATASTEEL
2025-06-05,152.10293698314624,152.3231499097348,150.36992714091605,151.25079345703125,23708504,TATASTEEL
2025-06-06,152.55391497441923,154.68987355895635,151.13321673748325,154.30775451660156,25804151,TATASTEEL
2025-06-09,154.50370854827648,155.00339807472366,153.6512926059639,154.1411895751953,15315437,TATASTEEL
2025-06-10,154.80743070129662,156.08116571614772,152.35794603830144,152.5343017578125,22764080,TATASTEEL
2025-06-11,153.2887579330468,154.34693717546995,152.17179344667835,153.24957275390625,17605668,TATASTEEL
2025-06-12,152.84784934308564,153.10259037648876,148.78171061318454,149.80068969726562,27846151,TATASTEEL
2025-06-13,146.77312403171527,149.41856447828644,146.77312403171527,149.05604553222656,24277592,TATASTEEL
2025-06-16,148.93846640213576,151.37815861242703,147.7921093251464,151.05482482910156,16188193,TATASTEEL
2025-06-17,150.70209803815087,151.7602772489202,149.27160731004182,149.5165557861328,16740382,TATASTEEL
2025-06-18,149.12463111144888,150.10442502801618,147.75292560844213,149.0364532470703,14860746,TATASTEEL
2025-06-19,148.92867698416805,149.3695812614616,147.4589860928769,147.94888305664062,20145922,TATASTEEL
2025-06-20,147.70392700702223,150.07502639609703,147.5863565258928,148.89927673339844,29944714,TATASTEEL
2025-06-23,147.45898055307632,150.2024064371807,147.43938048913083,149.3499755859375,17096676,TATASTEEL
2025-06-24,150.69230607959693,153.79825097470666,150.5355354661638,151.66229248046875,25403324,TATASTEEL
2025-06-25,152.7498608237262,153.72965470957556,152.3677418062637,153.22996520996094,18240433,TATASTEEL
2025-06-26,153.70027010597835,157.84480922363562,153.28875844651355,157.29611206054688,40650557,TATASTEEL
2025-06-27,157.74682459820806,160.00035365399057,157.4528834256331,158.18772888183594,31989509,TATASTEEL
2025-06-30,157.7370329296518,158.92257523340902,156.27713456626822,156.53187561035156,15842285,TATASTEEL
2025-07-01,156.77681298008653,157.19813212171806,154.54288413508942,156.8258056640625,17823415,TATASTEEL
2025-07-02,156.8258059465753,162.7927470840807,156.60045754044165,162.52821350097656,63315210,TATASTEEL
2025-07-03,162.64579505453744,165.36962102869037,161.87176441531565,162.5576171875,60571824,TATASTEEL
2025-07-04,162.55761312522574,163.12589539382557,158.7266153035522,159.71620178222656,22938753,TATASTEEL
2025-07-07,159.7064126190942,160.0493464791388,156.81602347896515,159.1185302734375,17469909,TATASTEEL
2025-07-08,159.167516736486,159.6084210032526,158.33470088825314,158.6972198486328,11398248,TATASTEEL
2025-07-09,158.67762048517898,158.67762048517898,154.3273331395368,155.7872314453125,29839077,TATASTEEL
2025-07-10,156.76702870753138,158.28571228822938,156.06157588231,157.4136962890625,17566887,TATASTEEL
2025-07-11,157.39409815300198,158.35429202947023,156.1007779245607,156.61026000976562,20689511,TATASTEEL
2025-07-14,156.61025305703114,157.8643880503442,156.08117093035503,157.19813537597656,15152964,TATASTEEL
2025-07-15,157.02176638780477,157.59985615615295,154.75844485133464,155.7872314453125,17993051,TATASTEEL
2025-07-16,155.787224418252,156.05177294773478,153.82763668972055,154.15097045898438,14591157,TATASTEEL
2025-07-17,154.31753751190692,157.45287496649962,153.94521104995056,156.66903686523438,21733241,TATASTEEL
2025-07-18,156.86500525657647,159.4614530433001,156.86500525657647,159.08912658691406,30728478,TATASTEEL
2025-07-21,159.21651614579585,162.25388335707254,159.20672358850962,159.72601318359375,29812899,TATASTEEL
2025-07-22,160.0003461911957,161.08791801366775,159.44185649430568,159.74559020996094,13615524,TATASTEEL
2025-07-23,159.95136074796844,160.82337675678392,158.60904783395793,159.48106384277344,14287149,TATASTEEL
2025-07-24,159.70639990852942,161.42103917135105,159.52023668220534,160.17669677734375,14377270,TATASTEEL
2025-07-25,160.19630187733304,160.28447973979533,157.79580982400492,158.16812133789062,12443495,TATASTEEL
2025-07-28,157.97217482791075,159.0107540258306,155.87541636688312,156.4534912109375,19296285,TATASTEEL
2025-07-29,155.00339590063598,159.16752008069668,155.00339590063598,158.42288208007812,15262937,TATASTEEL
2025-07-30,158.42288212915784,159.5006464764026,157.79581461516142,158.09954833984375,16083106,TATASTEEL
2025-07-31,157.74682428993594,158.85399622593465,153.39653680564152,154.7486572265625,26213891,TATASTEEL
2025-08-01,154.73884284196984,154.73884284196984,149.42836171891963,149.9182586669922,23927359,TATASTEEL
2025-08-04,150.39835854214874,156.68863337246128,150.39835854214874,156.33590698242188,30064719,TATASTEEL
2025-08-05,156.33591385416722,156.90419611590218,155.0817788456723,156.3946990966797,14441034,TATASTEEL
2025-08-06,156.39469532092863,156.57106599467667,154.61147822240403,155.4541015625,13438851,TATASTEEL
2025-08-07,153.97461017769194,156.76702885943823,153.10259417768006,156.44369506835938,23159540,TATASTEEL
2025-08-08,156.277121592409,156.71802584191784,153.83742948444055,154.75843811035156,11951173,TATASTEEL
2025-08-11,154.75845058288553,156.76703115971318,153.97461243699314,155.3169403076172,14325736,TATASTEEL
2025-08-12,155.31693617876937,158.38368097798784,155.29733611426408,156.92379760742188,20056598,TATASTEEL
2025-08-13,157.70762760542405,159.11851821725458,156.66903354672746,156.94337463378906,18079396,TATASTEEL
2025-08-14,156.78663117732714,157.35491345916554,151.7014982135466,152.16200256347656,47256126,TATASTEEL
2025-08-18,154.80743468913022,155.78722857956774,152.84784690825515,154.76824951171875,61022494,TATASTEEL
2025-08-19,155.29732790547314,156.23793659591405,153.59248119487864,156.0125732421875,21224239,TATASTEEL
2025-08-20,155.00338943303922,159.47124715126446,154.836826266843,158.64822387695312,28520245,TATASTEEL
2025-08-21,158.6482248201789,159.25569224762015,157.93297946685604,158.2465057373047,17282594,TATASTEEL
2025-08-22,157.99176932464727,158.02116194615854,154.90542446221374,155.34632873535156,16063984,TATASTEEL
2025-08-25,155.98319133210362,157.09036326188235,155.43450912103523,156.40451049804688,16376542,TATASTEEL
2025-08-26,155.9439992314392,155.9439992314392,151.51532665935787,151.89744567871094,19621100,TATASTEEL
2025-08-28,152.63229248106538,152.72047034391545,150.06523724830674,150.52574157714844,22269875,TATASTEEL
2025-08-29,151.3781510886852,151.96603338377983,149.95745298441892,151.35855102539062,16971859,TATASTEEL
2025-09-01,151.35856538616036,153.20058279845597,150.59432730030775,153.01441955566406,10798622,TATASTEEL
2025-09-02,153.01441621642076,155.85582758300345,152.35795607753843,155.18955993652344,21202113,TATASTEEL
2025-09-03,155.19935505065737,164.6053829115023,155.19935505065737,164.4584197998047,82352014,TATASTEEL
2025-09-04,165.58517370010776,165.8791148683674,163.25325936917514,163.43942260742188,26316842,TATASTEEL
2025-09-05,163.6255869010279,164.60538083456697,162.5870077235515,164.29183959960938,16798170,TATASTEEL
2025-09-08,166.56496310305295,169.01444785456843,165.05608707432555,165.4088134765625,36402317,TATASTEEL
2025-09-09,165.87911001307,166.29062165640096,164.59558239805637,165.7321319580078,14028910,TATASTEEL
2025-09-10,165.77132876392503,167.28020475923196,165.34021706513215,166.0064697265625,13128306,TATASTEEL
2025-09-11,165.92810745667194,167.44677608258885,165.05609145998108,165.9868927001953,13829526,TATASTEEL
2025-09-12,166.1730552808698,167.5447607925511,165.22265397975173,166.3494110107422,12119036,TATASTEEL
2025-09-15,166.33961343200357,166.76091762984797,165.2226489917924,165.81051635742188,10611401,TATASTEEL
2025-09-16,165.9672960709935,168.7891074222772,165.60477709478272,168.54415893554688,26629438,TATASTEEL
2025-09-17,169.0144559572989,169.40636755614264,165.92811100261414,167.89749145507812,21381306,TATASTEEL
2025-09-18,167.9954650825129,168.72050298472064,166.3787962117765,168.55393981933594,16413388,TATASTEEL
2025-09-19,168.62254283312726,169.1810176039512,167.152851925054,168.0150604248047,25406461,TATASTEEL
2025-09-22,167.34880505629351,168.73031807598298,167.0646564463308,167.9268798828125,20970704,TATASTEEL
2025-09-23,167.9856654323302,170.29797969308981,167.74071695110763,169.78848266601562,24533561,TATASTEEL
2025-09-24,169.66111582354708,170.91525082329014,168.8968777752808,169.1712188720703,20168891,TATASTEEL
2025-09-25,169.40636317875388,170.3371793652769,168.3873840778086,168.89688110351562,17026549,TATASTEEL
2025-09-26,168.74010016487503,169.86685712635648,163.8215307898951,164.01748657226562,20157657,TATASTEEL
2025-09-29,164.21346161741062,166.83930206116054,164.1742614896264,165.56556701660156,16832342,TATASTEEL
2025-09-30,166.07506285197854,166.71192289452748,165.00709110965636,165.3598175048828,24553596,TATASTEEL
2025-10-01,165.5851729856298,166.3102258708126,162.7731692107931,164.12527465820312,17542776,TATASTEEL
2025-10-03,164.72295104958138,171.2091970451847,164.72295104958138,169.71011352539062,55172705,TATASTEEL
2025-10-06,169.79828640770359,169.9746421340475,165.879110795064,166.62374877929688,21474004,TATASTEEL
2025-10-07,166.95687791202062,168.72050995731377,166.95687791202062,167.966064453125,19189843,TATASTEEL
2025-10-08,168.52454451707717,170.12161329868525,166.62374202986783,168.46575927734375,22662699,TATASTEEL
2025-10-09,169.29858318947913,174.22696031292153,169.28879063254445,172.85523986816406,68504717,TATASTEEL
2025-10-10,172.44372797158246,172.58089852081383,169.40636087371374,170.3469696044922,18085975,TATASTEEL
2025-10-13,169.50434456167864,170.2881826711327,167.45657890046212,169.5337371826172,19386219,TATASTEEL
2025-10-14,171.3757535932804,172.88462961188387,165.83011656494588,167.0646514892578,22082970,TATASTEEL
2025-10-15,167.37819504744152,170.48413994081272,166.67274223785583,169.739501953125,15031989,TATASTEEL
2025-10-16,169.5043521749562,170.96425053250476,168.74011409529163,170.48414611816406,12205250,TATASTEEL
2025-10-17,170.09223271611626,170.7878780361492,167.5349699534617,168.7401123046875,21659007,TATASTEEL
2025-10-20,169.79828314395053,169.79828314395053,167.36839849695085,168.47555541992188,18049579,TATASTEEL
2025-10-21,168.91646137785548,169.74929216810278,168.62253516997373,169.28878784179688,2471987,TATASTEEL
2025-10-23,170.38615892617537,172.52211747382847,170.1314178858275,170.6409149169922,31472510,TATASTEEL
2025-10-24,171.07202329984003,173.76645656232023,170.2097998716964,170.91525268554688,25226376,TATASTEEL
2025-10-27,172.3359475811792,174.30532792781943,171.98322118098574,173.09039306640625,23832477,TATASTEEL
2025-10-28,173.76644971125117,178.3812704902341,173.44311593844535,178.13632202148438,59511794,TATASTEEL
2025-10-29,179.95873770095284,183.16266783116117,178.37147642106427,181.44802856445312,51610530,TATASTEEL
2025-10-30,180.67399299444838,181.44803856405343,178.94956107620848,180.62501525878906,24270977,TATASTEEL
2025-10-31,180.28207229114344,180.57601344258129,178.44005502923633,179.1455078125,16041321,TATASTEEL
2025-11-03,178.71440957861506,180.38007124540465,178.1265421819268,178.9789581298828,16652212,TATASTEEL
2025-11-04,179.30227816307968,179.3904560232443,175.2851173169437,175.667236328125,18746387,TATASTEEL
2025-11-06,175.66723744027053,177.01935777322672,172.9532191682353,173.6880645751953,23664538,TATASTEEL
2025-11-07,173.42352088090925,178.56743887313962,171.47372563120948,177.70521545410156,19165876,TATASTEEL
2025-11-10,178.35187790269174,178.82217477664634,176.55885331705906,177.81298828125,18376132,TATASTEEL
2025-11-11,179.20429897242093,179.20429897242093,175.40270879310737,177.3818817138672,14109340,TATASTEEL
2025-11-12,177.7738103958271,178.46945570347353,174.40331693489793,175.00099182128906,19037263,TATASTEEL
2025-11-13,180.28207261093482,180.28207261093482,171.56191312244096,173.08058166503906,82083661,TATASTEEL
2025-11-14,173.93301396354244,174.1093696859203,168.64211803518344,170.73887634277344,38345500,TATASTEEL
2025-11-17,171.59131638445137,171.70888687233943,169.13202404268722,169.67091369628906,28204282,TATASTEEL
2025-11-18,168.91646141674815,169.62191421676354,167.10385168236368,168.9654541015625,34278387,TATASTEEL
2025-11-19,168.9654605688343,170.3861587800188,168.58334153340576,169.71011352539062,19621610,TATASTEEL
2025-11-20,170.5821269287805,170.8368679650301,168.779294759156,168.9752655029297,15968891,TATASTEEL
2025-11-21,168.3285970525356,168.42656747344327,164.31143603360536,164.60537719726562,28412865,TATASTEEL
2025-11-24,164.60537787418383,164.97770434638255,161.84235185507077,162.0187225341797,31202769,TATASTEEL
2025-11-25,162.6457824397421,163.89012484092416,161.74437387328885,162.9691162109375,19983310,TATASTEEL
2025-11-26,163.6255751049081,166.51596401038026,163.52758973843058,166.2416229248047,15044796,TATASTEEL
2025-11-27,167.005871702516,167.54476135192886,163.80194137825137,164.73275756835938,17546627,TATASTEEL
2025-11-28,164.73275579853328,165.58517172087537,163.90971754715025,164.56619262695312,11975539,TATASTEEL
2025-12-01,165.58517522225367,166.22203530061321,164.3114401150656,165.22265625,11758473,TATASTEEL
2025-12-02,165.0266763271307,165.4382029138782,163.6255782524512,164.3898162841797,15355023,TATASTEEL
2025-12-03,164.38981878370706,164.59558208020943,161.66599294706072,163.5471954345703,18873943,TATASTEEL
2025-12-04,164.40942458986666,164.57598776405808,162.84174832028913,163.40023803710938,11419966,TATASTEEL
2025-12-05,163.6255747384361,164.26243476770992,161.6659870170177,163.7333526611328,33500436,TATASTEEL
2025-12-08,163.7137651572728,164.80133702411302,159.70641154765582,160.1669158935547,15772400,TATASTEEL
2025-12-09,160.08853317640472,160.08853317640472,156.82581752306186,157.42349243164062,25766371,TATASTEEL
2025-12-10,157.74682298233478,160.37266354271006,157.56065974326197,158.95196533203125,22537548,TATASTEEL
2025-12-11,160.1963009956089,163.2924532757465,159.87296721789184,163.0181121826172,32603566,TATASTEEL
2025-12-12,164.21346916961272,169.01445346166966,164.01749842261532,168.41677856445312,41130927,TATASTEEL
2025-12-15,167.49576587124238,169.6709095467895,167.05486160197606,169.37696838378906,23254201,TATASTEEL
2025-12-16,169.21041081212448,169.21041081212448,165.83012470194237,166.39840698242188,22981935,TATASTEEL
2025-12-17,166.65313807694636,167.83869525433352,166.23183388321416,166.89808654785156,11624504,TATASTEEL
2025-12-18,166.4865781822587,167.00586775474434,164.17426397345784,164.7229461669922,13152378,TATASTEEL
2025-12-19,165.73212992099573,166.1926342436874,164.4388097650615,165.28143310546875,28448892,TATASTEEL
2025-12-22,165.62434954364147,167.99546387027857,165.58516436696766,165.80072021484375,23729300,TATASTEEL
2025-12-23,165.92810870639488,167.88769657443396,165.83012333280536,167.44677734375,17348078,TATASTEEL
2025-12-24,167.88769520997894,168.18162142742085,166.24163363996013,166.63356018066406,17430406,TATASTEEL
2025-12-26,166.45718903737267,166.46698159443727,164.42902339031292,165.70274353027344,16904834,TATASTEEL
2025-12-29,166.08486327402076,170.61152138554397,165.8693074139259,168.81849670410156,48001907,TATASTEEL
2025-12-30,169.28879042506475,172.78666185691725,167.34880267109997,172.24777221679688,33741158,TATASTEEL
2025-12-31,176.3628988750202,177.73460433052753,174.8932080510617,176.4412841796875,50897201,TATASTEEL
2026-01-01,176.9507789067716,178.51844012853144,176.55885238848066,178.21470642089844,21507757,TATASTEEL
2026-01-02,178.32248425227598,180.13510889107147,177.93057268465597,179.18470764160156,23006840,TATASTEEL
2026-01-05,179.18471974336657,183.11368804331968,179.1749122357095,181.9673309326172,30646009,TATASTEEL
2026-01-06,182.24166627946056,184.05429098339528,180.74258280126375,182.4376220703125,28514282,TATASTEEL
2026-01-07,182.4376199695518,182.87852423150886,179.20429713108635,180.08612060546875,18231588,TATASTEEL
2026-01-08,181.7027719205664,182.1142835558037,175.92199401305942,176.48046875,38454951,TATASTEEL
2026-01-09,175.43210206069315,177.83259414305388,173.74685534440192,174.79522705078125,25318701,TATASTEEL
2026-01-12,174.7952310860447,179.93914921719784,174.05059308160847,179.53744506835938,25782267,TATASTEEL
2026-01-13,179.7921826060008,180.66419858846893,177.4406832006057,178.8809814453125,19155081,TATASTEEL
2026-01-14,178.8809788220487,186.79770034766673,177.98936278831158,185.42599487304688,55907778,TATASTEEL
2026-01-15,185.42599487304688,185.42599487304688,185.42599487304688,185.42599487304688,0,TATASTEEL
2026-01-16,186.20983009255906,187.14063128950747,183.52518947618503,184.40701293945312,26028519,TATASTEEL
2026-01-19,183.3194479641688,185.61216214325307,183.02550679879343,184.46580505371094,19709364,TATASTEEL
2026-01-20,184.46580329331414,186.16084256846423,179.33167783188887,179.85096740722656,20094927,TATASTEEL
2026-01-21,179.85096134014822,181.95752714211503,177.22512093082943,180.6837921142578,35037961,TATASTEEL
2026-01-22,182.13389239341228,186.1510534721251,182.03590702057778,185.27903747558594,35681682,TATASTEEL
2026-01-23,186.65074139853988,188.5123438627473,183.48601122919982,183.8191375732422,28492706,TATASTEEL
2026-01-27,185.83751263902195,189.23739876721942,183.92691746839182,188.394775390625,42314287,TATASTEEL
2026-01-28,189.5803332788552,191.25577253025963,188.21842031143703,189.9330596923828,33310718,TATASTEEL
2026-01-29,190.5209151482256,198.88836317541822,190.18778882033365,198.23190307617188,60610904,TATASTEEL
2026-01-30,194.53808122494425,194.9789854884677,186.77811535533883,189.22760009765625,52262849,TATASTEEL
2026-02-02,181.6341982477284,185.181047387077,178.8613797123736,184.70094299316406,25601945,TATASTEEL
2026-02-03,189.6685064801252,194.978987666741,187.64032591460304,189.03163146972656,28467895,TATASTEEL
2026-02-04,190.07022316117292,192.17677405621038,189.54112608536582,191.45172119140625,13859145,TATASTEEL
2026-02-05,189.1002244606821,194.40091309714842,187.6501336613117,193.7640380859375,31293689,TATASTEEL
2026-02-06,193.60728312025086,193.60728312025086,190.442538018047,193.07818603515625,18446912,TATASTEEL
2026-02-09,197.91836547851562,202.1706673665258,193.55828566475088,197.91836547851562,68967709,TATASTEEL
2026-02-10,198.88837576458045,206.83450515614254,197.01696576516485,203.8069305419922,82443790,TATASTEEL
2026-02-11,205.1688408628477,206.00167167501505,201.15169476122617,203.39541625976562,40897457,TATASTEEL
2026-02-12,203.79712930054828,206.13883610170413,202.03349730689217,203.9049072265625,24109860,TATASTEEL
2026-02-13,202.41562482198435,202.67038081260222,198.46705647209666,199.07452392578125,25870923,TATASTEEL
2026-02-16,196.93857612609287,201.95511616664734,196.4976718562028,201.65138244628906,17932490,TATASTEEL
2026-02-17,201.34764668795694,201.64158784839802,197.58524169562287,198.97654724121094,18506676,TATASTEEL
2026-02-18,199.43705373982053,205.46278031728878,199.43705373982053,204.8063201904297,48357001,TATASTEEL
2026-02-19,206.73652021468234,207.1186392511836,200.12291115568183,201.2594757080078,27749813,TATASTEEL
2026-02-20,202.23926146215945,205.07086522079007,200.59319994425812,204.1498565673828,26605844,TATASTEEL
2026-02-23,205.75671285186064,205.85469821912017,201.3476404336065,203.93429565429688,23377191,TATASTEEL
2026-02-24,203.02309443812595,205.30600099945755,202.572382679593,204.904296875,23413086,TATASTEEL
2026-02-25,205.85470550453036,212.0763878335333,205.16883781037617,210.30296325683594,48873839,TATASTEEL
2026-02-26,211.58649586340846,211.58649586340846,208.7058993216261,211.16519165039062,25522669,TATASTEEL
2026-02-27,211.14558722909865,211.53749881221347,207.3831822095093,208.03964233398438,25598534,TATASTEEL
2026-03-02,200.85775136163778,210.00902288434335,200.3678544070972,206.74630737304688,30523310,TATASTEEL
2026-03-04,202.8173399663396,202.8173399663396,190.50132330520216,192.75485229492188,72096617,TATASTEEL
2026-03-05,194.48909236645193,198.9373501678109,193.63667644350463,196.51727294921875,41033397,TATASTEEL
2026-03-06,195.46888448076024,198.1143250400302,193.1173850837355,194.4499053955078,28551376,TATASTEEL
2026-03-09,189.54112056999347,189.78606903672917,183.25084573827675,187.15042114257812,43019965,TATASTEEL
2026-03-10,190.08981308988655,192.66667588435305,188.1204326923077,191.059814453125,25783308,TATASTEEL
2026-03-11,193.15656834339634,194.86141510711138,190.08001610345198,190.80506896972656,34207226,TATASTEEL
2026-03-12,190.0702270025327,190.72668713169747,186.25882927020857,189.56072998046875,24413736,TATASTEEL
2026-03-13,188.0714342621568,188.61032389194173,178.5772290726122,179.80197143554688,42683952,TATASTEEL
2026-03-16,179.30228359439405,183.85831924652325,177.58764427040396,183.1626739501953,44789516,TATASTEEL
2026-03-17,184.00529252685664,192.34333301240835,183.07449133665247,191.48110961914062,45672442,TATASTEEL
2026-03-18,192.43151900070097,192.46091162212494,189.26678884015058,191.46153259277344,26353743,TATASTEEL
2026-03-19,186.9446863339689,190.29557980739716,185.5435732285838,186.66053771972656,24146344,TATASTEEL
2026-03-20,189.4921364764287,195.41010007329277,189.43335123382218,192.79405212402344,46881257,TATASTEEL
2026-03-23,189.10023150282484,190.03103276106097,182.74136341364385,183.38803100585938,44393392,TATASTEEL
2026-03-24,188.12043271012945,188.30659594707384,183.98570117015058,186.93487548828125,34321983,TATASTEEL
2026-03-25,189.12961869832031,193.16636485425607,188.43397338916023,192.6764678955078,34767360,TATASTEEL
2026-03-27,190.39355992170925,191.5497095602212,188.7474983773317,189.31578063964844,36938046,TATASTEEL
2026-03-30,188.12043165846399,190.4915311384363,184.49519716347274,187.98326110839844,45914996,TATASTEEL
2026-04-01,195.95878903870104,196.1547448376459,190.08002536754,190.66790771484375,35813622,TATASTEEL
2026-04-02,189.01205125174704,190.91285387433086,184.152266764611,190.21719360351562,27633959,TATASTEEL
2026-04-06,189.11982151485492,192.67646318204214,186.40578824365195,192.13758850097656,28115748,TATASTEEL
2026-04-07,191.64769426561494,194.4107053102103,189.3745652242459,194.12657165527344,32090982,TATASTEEL
2026-04-08,197.92815511760955,202.22944962673415,197.91836256103738,200.05430603027344,37018381,TATASTEEL
2026-04-09,200.37765073543454,203.98330016296072,199.93674645814323,201.0537109375,36853400,TATASTEEL
2026-04-10,203.77753935340996,204.77693335784272,200.66180180198944,202.4352264404297,28385501,TATASTEEL
2026-04-13,199.58401750380781,202.81734041353766,197.4284738808108,202.21966552734375,25848544,TATASTEEL
2026-04-15,204.77691982424614,206.8834706747868,203.40521437977333,204.50257873535156,30858355,TATASTEEL
2026-04-16,205.5117763499998,208.6177213069781,204.78672346128033,206.4327850341797,26751249,TATASTEEL
2026-04-17,206.43277946081633,208.1670188522808,204.2870284248544,207.83387756347656,22837792,TATASTEEL
2026-04-20,207.71631192793055,209.08801744160672,205.56076828480994,207.4419708251953,24992602,TATASTEEL
2026-04-21,207.441971076176,210.15600443559268,206.81490356195553,207.72610473632812,17427021,TATASTEEL
2026-04-22,206.73651395366593,209.4603398135109,206.25640955805036,208.72549438476562,20795714,TATASTEEL
2026-04-23,208.73528148524096,208.79408167639707,205.9134852789404,206.64833068847656,19304122,TATASTEEL
2026-04-24,206.73651855852788,207.71631248534553,204.385019114353,205.8253173828125,22379072,TATASTEEL
2026-04-27,206.7365112615041,210.65568683044256,206.66791851282287,208.9606475830078,33068230,TATASTEEL
2026-04-28,208.89205669947847,213.83022633269505,207.9122627984955,210.70468139648438,34950491,TATASTEEL
2026-04-29,211.73346967433537,212.6152782120782,207.08924116440056,211.51791381835938,32800573,TATASTEEL
2026-04-30,211.41992051892456,211.41992051892456,205.7567131344055,207.0892333984375,24894783,TATASTEEL
2026-05-01,207.0892333984375,207.0892333984375,207.0892333984375,207.0892333984375,0,TATASTEEL
2026-05-04,208.25519550756448,210.16579061396135,207.12842355730183,207.9514617919922,23140911,TATASTEEL
2026-05-05,207.91225727175217,208.04942781622478,205.21782411567264,207.050048828125,20733709,TATASTEEL
2026-05-06,209.67589743023214,212.35073062720622,208.1278212532798,211.11619567871094,24082651,TATASTEEL
2026-05-07,212.3213416586462,214.77082648385087,211.3905404151622,212.70346069335938,21243369,TATASTEEL
2026-05-08,212.61528324655575,213.00719483917288,209.92084993352336,210.156005859375,17760366,TATASTEEL
2026-05-11,209.18599854304753,210.6556893993219,207.2460107988966,207.79469299316406,16301350,TATASTEEL
2026-05-12,207.71630859375,211.95881801144273,207.22641163951945,207.71630859375,28371348,TATASTEEL
2026-05-13,208.931252478677,216.44626974872804,208.7646893130333,215.1823272705078,46231533,TATASTEEL
2026-05-14,217.80819181127316,218.3960591940855,214.5944689437323,216.66183471679688,34985006,TATASTEEL
2026-05-15,218.49404552557326,219.86575104195882,211.63548804270772,212.45851135253906,33231023,TATASTEEL
2026-05-18,206.73650747568587,207.53994562883025,200.90673691374,205.4725799560547,73796001,TATASTEEL
2026-05-19,206.33480077691178,208.03964760262085,204.67894663794993,205.06106567382812,32573663,TATASTEEL
2026-05-20,203.30723757974266,203.30723757974266,198.93735013596705,202.82713317871094,56670462,TATASTEEL
2026-05-21,205.51177457198688,205.82531580238606,203.4640088687742,204.36541748046875,24385712,TATASTEEL
2026-05-22,205.36480807765633,206.61894307763393,204.051872885097,204.9630889892578,22023114,TATASTEEL
2026-05-25,207.0304539859507,207.4713582506991,205.2080367345846,205.97227478027344,23090495,TATASTEEL
2026-05-26,205.6587344197238,206.8736842425589,205.27661539527486,206.21722412109375,17801824,TATASTEEL
2026-05-27,206.44257962146753,214.53568711274585,206.44257962146753,210.36175537109375,39110042,TATASTEEL
2026-05-28,210.36175537109375,210.36175537109375,210.36175537109375,210.36175537109375,0,TATASTEEL
2026-05-29,211.33174393465907,211.3415364912704,202.52339158940543,203.8167266845703,67467374,TATASTEEL
2026-06-01,205.75672634529082,207.12843187407182,202.3274475728693,206.31521606445312,23733470,TATASTEEL
2026-06-02,204.78672080488315,209.14681568728278,204.35562404064967,206.3446044921875,29358964,TATASTEEL
2026-06-03,206.4523861024366,208.19641810630952,203.40522637423723,207.60853576660156,23198930,TATASTEEL
2026-06-04,206.16823800392513,207.9514701418094,205.08066613808126,206.31521606445312,18939468,TATASTEEL
2026-06-05,205.16884311070905,206.2466224146788,199.7799764917982,202.5919952392578,35802398,TATASTEEL
2026-06-08,199.32927789315295,201.063517321306,197.52646066470047,198.6238250732422,31036948,TATASTEEL
2026-06-09,198.8981681942479,199.87796212623925,196.2919127470383,199.07452392578125,42111455,TATASTEEL
2026-06-10,198.89815663475216,199.29006820458414,193.99918725951196,195.28271484375,34008938,TATASTEEL
2026-06-11,193.45050970054598,195.3219196346834,192.08859677972976,193.9600067138672,38292223,TATASTEEL
2026-06-12,200.0,200.82000732421875,195.8000030517578,197.86000061035156,27622963,TATASTEEL
2026-06-15,199.9600067138672,200.9499969482422,196.82000732421875,197.27999877929688,27071539,TATASTEEL
2026-06-16,197.50999450683594,197.60000610351562,193.30999755859375,196.0,29255187,TATASTEEL
2026-06-17,196.7899932861328,199.5,195.60000610351562,199.00999450683594,22491220,TATASTEEL
2026-06-18,199.00999450683594,200.6999969482422,198.14999389648438,200.52000427246094,22111931,TATASTEEL
2026-06-19,199.25,199.36000061035156,196.5,198.9600067138672,31571461,TATASTEEL
2026-06-22,199.3000030517578,200.66000366210938,198.6999969482422,198.97000122070312,19238506,TATASTEEL
2026-06-23,197.75,197.97999572753906,192.72999572753906,193.55999755859375,34634510,TATASTEEL
2026-06-24,192.8000030517578,193.3800048828125,189.58999633789062,190.16000366210938,51305789,TATASTEEL
2026-06-25,190.0,190.86000061035156,187.61000061035156,188.7100067138672,34151735,TATASTEEL
2026-06-26,188.7100067138672,188.7100067138672,188.7100067138672,188.7100067138672,0,TATASTEEL
2026-06-29,188.72999572753906,191.27000427246094,188.60000610351562,189.57000732421875,62549132,TATASTEEL
2026-06-30,189.5,190.39999389648438,187.0500030517578,188.05999755859375,33686235,TATASTEEL
2026-07-01,188.5,188.7100067138672,184.6999969482422,185.1699981689453,20614036,TATASTEEL
2026-07-02,186.0,188.60000610351562,185.13999938964844,187.6699981689453,29139217,TATASTEEL
2026-07-03,190.60000610351562,192.97999572753906,189.11000061035156,189.8000030517578,28474469,TATASTEEL
2026-07-06,190.38999938964844,191.4499969482422,189.19000244140625,190.8699951171875,14466645,TATASTEEL
2026-07-07,191.0,191.3000030517578,189.0,189.7899932861328,22805982,TATASTEEL
2026-07-08,187.66000366210938,189.7899932861328,186.52000427246094,188.1999969482422,17816943,TATASTEEL
2026-07-09,189.5,189.8699951171875,186.6199951171875,187.91000366210938,21203724,TATASTEEL
2026-07-10,189.67999267578125,193.3000030517578,188.74000549316406,191.19000244140625,23145573,TATASTEEL
2026-07-13,189.0,189.27000427246094,185.39999389648438,187.11000061035156,47597415,TATASTEEL
2026-07-14,186.6999969482422,190.35000610351562,186.6999969482422,188.27000427246094,24096425,TATASTEEL
2026-07-15,188.74000549316406,189.3300018310547,184.80999755859375,185.25999450683594,24924570,TATASTEEL
2026-07-16,186.5,186.75,184.91000366210938,185.49000549316406,13166990,TATASTEEL
2026-07-17,185.1999969482422,186.58999633789062,183.41000366210938,185.88999938964844,20132684,TATASTEEL
2026-07-20,186.67999267578125,187.19000244140625,185.75999450683594,186.41000366210938,11188887,TATASTEEL
2026-07-21,186.75,188.10000610351562,184.6999969482422,187.24000549316406,21618426,TATASTEEL
2026-07-22,187.99000549316406,187.99000549316406,184.91000366210938,186.52999877929688,16643117,TATASTEEL
2026-07-23,186.0,186.0,183.5,184.22999572753906,20581098,TATASTEEL
2026-07-24,183.41000366210938,183.52000427246094,181.1999969482422,182.6699981689453,16117953,TATASTEEL
2026-07-27,183.60000610351562,184.88999938964844,183.3300018310547,184.25,11857396,TATASTEEL
2026-07-28,184.30999755859375,185.13999938964844,182.00999450683594,182.6300048828125,19135253,TATASTEEL
2026-07-29,183.5,188.6699981689453,183.0399932861328,187.27000427246094,24872418,TATASTEEL
2026-07-30,188.00999450683594,188.99000549316406,186.10000610351562,186.9199981689453,13769746,TATASTEEL
2026-07-31,188.25,191.83999633789062,186.30999755859375,189.69000244140625,34249584,TATASTEEL
2026-08-03,192.94000244140625,193.5,188.49000549316406,191.0,27563681,TATASTEEL
2026-08-04,190.6999969482422,192.60000610351562,189.0,190.9499969482422,22165429,TATASTEEL
2026-08-05,192.25,192.99000549316406,189.83999633789062,192.99000549316406,22780522,TATASTEEL
2026-08-06,193.4499969482422,193.64999389648438,188.99000549316406,189.3000030517578,18802510,TATASTEEL
2026-08-07,189.41000366210938,189.69000244140625,186.75,187.5500030517578,9924021,TATASTEEL
2026-08-10,187.55999755859375,192.35000610351562,187.5500030517578,190.24000549316406,33338101,TATASTEEL
2026-08-11,190.24000549316406,190.55999755859375,186.77999877929688,188.25,20973262,TATASTEEL
2026-08-12,188.35000610351562,188.8800048828125,183.60000610351562,186.1999969482422,36484049,TATASTEEL
2026-08-13,186.1999969482422,186.66000366210938,183.4600067138672,184.85000610351562,19940424,TATASTEEL
2026-08-14,184.0,184.19000244140625,180.0,183.5,16131505,TATASTEEL
2026-08-17,183.5,186.35000610351562,182.05999755859375,186.0,16278106,TATASTEEL
2026-08-18,186.33999633789062,187.11000061035156,184.3300018310547,185.5,13393441,TATASTEEL
2026-08-19,184.16000366210938,184.9499969482422,182.5,184.0,15509632,TATASTEEL
2026-08-20,185.0,185.60000610351562,182.9499969482422,183.5,21782667,TATASTEEL
2026-08-21,184.39999389648438,184.94000244140625,182.0,183.0,26299054,TATASTEEL
2026-08-24,184.14999389648438,186.3000030517578,183.05999755859375,186.3000030517578,37800944,TATASTEEL
2026-08-25,186.3000030517578,187.27000427246094,183.5,186.94000244140625,24578020,TATASTEEL
2026-08-26,186.49000549316406,189.9499969482422,184.2899932861328,188.00999450683594,32199274,TATASTEEL
2026-08-27,188.0500030517578,190.25,186.5,186.8000030517578,40921836,TATASTEEL
2026-08-28,187.60000610351562,188.7899932861328,184.0800018310547,186.5,39370394,TATASTEEL
2026-08-31,185.35000610351562,185.82000732421875,181.39999389648438,184.35000610351562,36802869,TATASTEEL
2026-09-01,183.6999969482422,188.67999267578125,182.1199951171875,184.07000732421875,46663321,TATASTEEL
2026-09-02,182.5,184.05999755859375,181.44000244140625,183.85000610351562,19496175,TATASTEEL
2026-09-03,184.11000061035156,187.64999389648438,182.0,184.1999969482422,21964971,TATASTEEL
2026-09-04,184.1999969482422,189.89999389648438,182.83999633789062,188.7899932861328,36500951,TATASTEEL
2026-09-07,189.0,190.24000549316406,184.3699951171875,185.61000061035156,23695657,TATASTEEL
2026-09-08,185.89999389648438,186.5,183.61000061035156,184.14999389648438,24272812,TATASTEEL
2026-09-09,184.8000030517578,190.25999450683594,183.41000366210938,188.75,45985325,TATASTEEL
2026-09-10,189.0,189.0,185.0,186.77999877929688,23334612,TATASTEEL
2026-09-11,184.0,184.24000549316406,180.7899932861328,183.0,31510206,TATASTEEL
2026-09-14,183.0,183.0,183.0,183.0,0,TATASTEEL
2026-09-15,186.10000610351562,186.49000549316406,182.3800048828125,183.64999389648438,31857708,TATASTEEL
2026-09-16,183.64999389648438,185.39999389648438,180.27999877929688,183.0,29476234,TATASTEEL
2026-09-17,183.0,189.49000549316406,182.8699951171875,187.2899932861328,29397693,TATASTEEL
2026-09-18,186.39999389648438,187.9600067138672,185.5399932861328,185.5399932861328,29014128,TATASTEEL
2026-09-21,184.5500030517578,186.8699951171875,183.33999633789062,183.39999389648438,9933718,TATASTEEL
2026-09-22,183.60000610351562,185.49000549316406,183.10000610351562,184.97000122070312,17525509,TATASTEEL
2026-09-23,184.8800048828125,191.5,184.8699951171875,190.82000732421875,39798327,TATASTEEL
2026-09-24,188.2100067138672,191.8000030517578,187.72000122070312,188.02000427246094,15701549,TATASTEEL
2026-09-25,188.57000732421875,190.33999633789062,187.00999450683594,187.97000122070312,15890667,TATASTEEL
2026-09-28,187.5500030517578,188.5800018310547,185.25,186.3000030517578,13628891,TATASTEEL
2026-09-29,184.77999877929688,189.0,184.24000549316406,188.0,28159048,TATASTEEL
2026-09-30,189.0,189.5500030517578,184.3000030517578,184.3000030517578,32381754,TATASTEEL
2026-10-01,184.3699951171875,186.5500030517578,175.75,178.0,47659952,TATASTEEL
