Date,Open,High,Low,Close,Volume,Symbol
2021-10-04,3235.728229979652,3286.8510096871387,3220.6562261020495,3277.860107421875,1356860,TCS
2021-10-05,3261.0943406416723,3335.8024155737935,3250.3225635085573,3329.982177734375,1877966,TCS
2021-10-06,3332.32761162696,3350.9611529611852,3296.710971356703,3310.523193359375,1678154,TCS
2021-10-07,3327.115055968153,3387.055248882462,3318.4715488271363,3381.756103515625,1647233,TCS
2021-10-08,3409.641755966438,3466.0202061548184,3387.924292552639,3418.893310546875,2934339,TCS
2021-10-11,3261.9628843462647,3264.1346306074806,3179.436526420061,3201.67529296875,11845402,TCS
2021-10-12,3219.3965813830355,3220.265279866949,3153.896800529802,3173.225341796875,5752877,TCS
2021-10-13,3170.749899527101,3192.858236546606,3166.4064065140506,3175.26708984375,3545655,TCS
2021-10-14,3155.0742541878826,3194.2406932053873,3140.4520744563747,3143.28076171875,6442299,TCS
2021-10-18,3136.31810253628,3179.1835977264323,3134.577371767137,3174.35302734375,3590107,TCS
2021-10-19,3193.370156269083,3211.7349483513485,3155.248115175907,3163.037841796875,3135441,TCS
2021-10-20,3143.759632251714,3159.426208492171,3114.4283625664993,3141.01806640625,2933693,TCS
2021-10-21,3136.883172136659,3139.79876794076,3056.069681673799,3074.56494140625,4871211,TCS
2021-10-22,3098.5010839917413,3099.89375374522,3033.223673514387,3045.2783203125,2691670,TCS
2021-10-25,3048.889547465273,3058.942308854021,3002.7601880545794,3040.142333984375,2595594,TCS
2021-10-26,3041.491784387086,3071.5193896414444,3024.519659678101,3031.134521484375,3878763,TCS
2021-10-27,3031.4819685384427,3056.0697852513945,3031.4819685384427,3037.35693359375,2510813,TCS
2021-10-28,3061.944982824926,3061.944982824926,2972.297361099239,2978.085205078125,2424942,TCS
2021-10-29,2959.286062701825,3012.334793877842,2947.013824976602,2957.2841796875,3960501,TCS
2021-11-01,2992.2725316859896,3034.963994875041,2970.513397796722,3025.738037109375,2020718,TCS
2021-11-02,3041.056967898401,3058.116216195204,3019.9506051418084,3032.52734375,3087414,TCS
2021-11-03,3049.934515859704,3063.599210695511,3016.730159499854,3039.53369140625,1537639,TCS
2021-11-04,3057.549986639362,3057.811138748893,3050.630624440296,3053.807373046875,328991,TCS
2021-11-08,3088.0559025051743,3088.0559025051743,3029.9154613914975,3048.671875,2526082,TCS
2021-11-09,3053.2413845838532,3076.7412470079594,3042.7970012842507,3051.239501953125,1782692,TCS
2021-11-10,3044.5379763984556,3063.4248618840948,3029.0454307612417,3032.614013671875,1516489,TCS
2021-11-11,3028.871104008793,3055.0256225632647,2990.5750325787967,3036.008056640625,1284514,TCS
2021-11-12,3051.500793099573,3076.0014917098492,3033.832334714238,3068.95166015625,1747259,TCS
2021-11-15,3070.649631171287,3106.8569227032754,3070.649631171287,3092.669921875,1809157,TCS
2021-11-16,3106.334120705863,3112.03505658905,3082.834254844541,3095.367431640625,2013204,TCS
2021-11-17,3090.3192548089405,3100.9812302018886,3051.8489368672776,3065.339599609375,1632914,TCS
2021-11-18,3059.464777964114,3064.426030619223,3004.1532281043856,3025.12890625,2136598,TCS
2021-11-22,3027.478349628783,3060.1606067143043,2994.317561657031,3010.071044921875,3167936,TCS
2021-11-23,2998.4080678143264,3029.6976537740597,2966.0305253713514,3015.16259765625,2153461,TCS
2021-11-24,3022.0821816920316,3040.229382169995,2980.1306190967416,2996.9287109375,2161746,TCS
2021-11-25,2997.450919820738,3014.074981759771,2988.877949258958,2999.191650390625,1849619,TCS
2021-11-26,2981.0012315223835,3037.574977522078,2969.5993607935234,3000.018798828125,1941251,TCS
2021-11-29,3000.2799056225817,3071.8241091591503,2964.8560774978537,3048.01953125,2981745,TCS
2021-11-30,3038.44554802296,3101.764629552227,3038.44554802296,3071.64990234375,5588446,TCS
2021-12-01,3076.7417261351993,3124.611823712975,3076.7417261351993,3113.993408203125,2102118,TCS
2021-12-02,3123.9147513020857,3175.0922678546226,3110.7723642014284,3170.6533203125,3152938,TCS
2021-12-03,3173.7429428269756,3190.7150631669892,3160.165374049859,3168.520751953125,2486263,TCS
2021-12-06,3168.521016108567,3183.7959681863304,3065.426298510731,3077.95947265625,1849642,TCS
2021-12-07,3100.6766686563897,3131.574639670369,3067.428753612896,3119.82470703125,1484458,TCS
2021-12-08,3134.185649600943,3173.743712566218,3134.185649600943,3156.72802734375,1428660,TCS
2021-12-09,3142.018158897368,3163.5596961363453,3103.7220926947407,3134.837646484375,1567957,TCS
2021-12-10,3120.2602405571897,3169.871072833831,3111.6437073162965,3165.34521484375,1510718,TCS
2021-12-13,3176.833684068705,3187.278068783452,3134.7949930935406,3141.71435546875,1883864,TCS
2021-12-14,3137.6666323072327,3163.777589025462,3113.035253971401,3154.029541015625,1747007,TCS
2021-12-15,3150.72258812373,3153.333684191236,3096.890405868701,3107.509033203125,1603233,TCS
2021-12-16,3117.6488424111026,3140.669964592238,3107.2044576794074,3117.30078125,2072320,TCS
2021-12-17,3135.4908923462717,3178.0083208796227,3110.424330014637,3119.69384765625,4333992,TCS
2021-12-20,3123.741549867795,3138.537762280097,3055.113150241169,3095.802734375,2312310,TCS
2021-12-21,3118.2140657139958,3169.173995034654,3104.0706300032657,3140.5390625,2340989,TCS
2021-12-22,3154.204135250981,3165.3448546066893,3138.7551497651352,3160.0791015625,1224328,TCS
2021-12-23,3175.0931217159045,3194.676344094909,3159.4265438127013,3187.887451171875,1792861,TCS
2021-12-24,3207.296161626964,3224.7034677959027,3172.307518725703,3195.02392578125,2209923,TCS
2021-12-27,3195.1107788469503,3220.351370671129,3179.5313261313895,3216.95703125,1534135,TCS
2021-12-28,3229.0552079698964,3242.110687247403,3214.998893611058,3226.052490234375,1456218,TCS
2021-12-29,3213.606172974233,3237.715248491065,3207.296024757275,3215.738525390625,1456923,TCS
2021-12-30,3204.1197447559684,3255.1665903812354,3202.944666471376,3249.726806640625,1966475,TCS
2021-12-31,3257.6033077203024,3272.573548475662,3247.5941067076774,3253.730224609375,1207141,TCS
2022-01-03,3263.8706279467615,3333.499868009626,3259.518800442833,3322.837890625,2346158,TCS
2022-01-04,3334.456838580845,3384.9813780824193,3317.571622986017,3381.15185546875,2488606,TCS
2022-01-05,3363.9620338385444,3368.3138605317376,3318.180732029534,3360.43701171875,1733031,TCS
2022-01-06,3317.8327634933953,3337.8511668408105,3283.0181489761508,3313.87255859375,1810293,TCS
2022-01-07,3324.7953995758726,3363.874716003597,3304.2546937860716,3353.95263671875,2460591,TCS
2022-01-10,3462.3127331931946,3462.3127331931946,3360.480005746336,3376.886474609375,3937092,TCS
2022-01-11,3356.1288711399575,3416.1840817490493,3356.1288711399575,3408.263671875,1906106,TCS
2022-01-12,3416.1840637185605,3419.6655251847706,3339.200289545301,3359.523193359375,3203744,TCS
2022-01-13,3410.0911065015353,3414.442932824278,3356.9988253640686,3392.5966796875,6684507,TCS
2022-01-14,3375.146173409217,3461.4428081583696,3359.653628525893,3453.739990234375,3348123,TCS
2022-01-17,3475.10826968485,3518.8876965854024,3448.6492436312215,3498.12939453125,3442604,TCS
2022-01-18,3511.0097459064323,3517.7550763790796,3464.053584662884,3473.279541015625,2389041,TCS
2022-01-19,3498.0413840088618,3498.0413840088618,3409.544075814221,3413.162353515625,3102539,TCS
2022-01-20,3409.108201339722,3417.827148146218,3322.790627955417,3336.3486328125,6176776,TCS
2022-01-21,3319.3032369219345,3358.1461897142185,3288.0023012626775,3342.408447265625,3112358,TCS
2022-01-24,3348.0759503995805,3356.4896498685425,3260.973747148441,3288.220458984375,3258414,TCS
2022-01-25,3286.607137805823,3321.3956518901114,3245.36647509271,3286.955810546875,3330501,TCS
2022-01-27,3253.0391101339314,3255.131572257952,3160.7055469917223,3181.76171875,5718297,TCS
2022-01-28,3178.927717028313,3251.9925272060564,3178.927717028313,3217.334716796875,3143862,TCS
2022-01-31,3268.733112101142,3276.580164117389,3244.668734105354,3257.616455078125,2739393,TCS
2022-02-01,3287.043355557894,3320.1753575502544,3257.7476054923573,3313.766845703125,2105169,TCS
2022-02-02,3337.525533494624,3369.0010163346046,3313.7664036563433,3362.2001953125,1984212,TCS
2022-02-03,3357.6668632762744,3385.131549382014,3327.194182693847,3334.64892578125,1960538,TCS
2022-02-04,3326.5400477247117,3334.7357731436837,3286.1712786456783,3326.191162109375,2307366,TCS
2022-02-07,3305.352873326484,3340.9262203657618,3274.9672572822224,3294.89013671875,1919149,TCS
2022-02-08,3305.8322615249517,3312.9381179027605,3244.320050301402,3263.89404296875,2946443,TCS
2022-02-09,3269.6054225829375,3293.974839092935,3266.205118089426,3278.803955078125,1638721,TCS
2022-02-10,3304.3069440401177,3304.3069440401177,3276.5806469242366,3287.3486328125,2112459,TCS
2022-02-11,3271.7847587121223,3271.7847587121223,3217.2913416782762,3221.607177734375,3851488,TCS
2022-02-14,3246.9360379352192,3307.3147491669633,3234.7295114768162,3255.43701171875,5951745,TCS
2022-02-15,3300.993431710489,3343.7162732725105,3267.861432131778,3328.7197265625,3931683,TCS
2022-02-16,3351.5630416267727,3360.3692627561973,3318.431044857309,3324.62158203125,3256906,TCS
2022-02-17,3334.9976674318455,3343.716615581994,3294.890505941162,3299.42431640625,3134372,TCS
2022-02-18,3286.1710113776135,3327.1064235629706,3276.231497285131,3307.881103515625,3688883,TCS
2022-02-21,3321.9185433848156,3337.438310386208,3230.8491917697265,3242.9248046875,7465922,TCS
2022-02-22,3182.4159725046347,3198.022804045737,3112.664389545629,3126.96337890625,5408531,TCS
2022-02-23,3148.4119344468936,3158.7873968002073,3100.1524750080293,3107.258544921875,2426203,TCS
2022-02-24,3028.962533260586,3037.550782181064,2956.682539532843,2965.880859375,5039136,TCS
2022-02-25,3023.7309413943226,3077.78841497173,3018.499572983606,3069.723388671875,2549723,TCS
2022-02-28,3042.912584919786,3107.2148207758987,3013.180889703397,3098.88818359375,3288942,TCS
2022-03-02,3097.4060013989642,3114.3643111770593,3056.8628968064095,3091.869384765625,2761341,TCS
2022-03-03,3106.4301334512893,3120.162475048833,3077.8755818754444,3090.343505859375,1928039,TCS
2022-03-04,3052.938939664879,3104.9910046737923,3040.3401052770814,3072.86181640625,2370257,TCS
2022-03-07,3008.0367797732265,3093.4824622131614,2991.950364784815,3038.4658203125,3054130,TCS
2022-03-08,3016.755720684322,3146.6680335114793,3016.755720684322,3138.77734375,3300992,TCS
2022-03-09,3143.180735701617,3185.903580652901,3136.2492146549575,3167.2451171875,2719654,TCS
2022-03-10,3212.060163122713,3212.060163122713,3151.8994271684605,3157.087158203125,2005441,TCS
2022-03-11,3141.654443106479,3173.565872904547,3132.5868237611335,3138.07958984375,1623423,TCS
2022-03-14,3121.382892115444,3180.9769774502593,3121.382892115444,3176.312255859375,1765688,TCS
2022-03-15,3190.2626259339454,3190.2626259339454,3126.0910925046414,3133.502197265625,3651133,TCS
2022-03-16,3174.1324778294074,3198.109580738433,3152.989032536903,3187.5595703125,3090475,TCS
2022-03-17,3223.0464856446897,3234.729791118925,3191.3966610184343,3202.251708984375,3600452,TCS
2022-03-21,3222.5226847081344,3238.173151385832,3151.8992167802776,3162.100341796875,2413831,TCS
2022-03-22,3173.697164295669,3235.601696895942,3160.61874191533,3226.839111328125,2907611,TCS
2022-03-23,3232.986013538086,3251.9933633104097,3217.2919066762506,3236.822265625,1596195,TCS
2022-03-24,3226.0108118905273,3276.7550474937625,3221.6513378204054,3269.474853515625,1879046,TCS
2022-03-25,3278.2369399463614,3295.3261619554955,3201.5974776294693,3232.506103515625,1690133,TCS
2022-03-28,3221.651100344847,3237.3452058404378,3192.181015230141,3232.72412109375,1760990,TCS
2022-03-29,3221.433123484478,3245.1922553919017,3218.163518176117,3230.67529296875,2689063,TCS
2022-03-30,3259.1427217856817,3259.1427217856817,3231.416424918209,3253.51904296875,1583455,TCS
2022-03-31,3260.8859224608136,3273.659093668878,3243.622366180688,3260.84228515625,2168110,TCS
2022-04-01,3267.861263042484,3280.9396832520993,3250.4670067366783,3277.234130859375,1387014,TCS
2022-04-04,3280.068226112022,3295.7623324570554,3258.358130814035,3287.3486328125,1472994,TCS
2022-04-05,3288.7866261011463,3344.2392110933524,3288.7866261011463,3326.103759765625,2314947,TCS
2022-04-06,3321.308450856893,3321.308450856893,3253.1697538188087,3274.269775390625,2051729,TCS
2022-04-07,3265.681745359496,3265.681745359496,3207.7007452082726,3212.19091796875,2494829,TCS
2022-04-08,3217.2920954382435,3230.3705185904314,3175.877088789648,3213.499267578125,2296773,TCS
2022-04-11,3217.2915409273724,3236.778473211479,3187.734394843684,3222.87158203125,2291660,TCS
2022-04-12,3211.1880563374766,3260.014157655668,3180.9769912928095,3218.25048828125,4483476,TCS
2022-04-13,3232.1133680019534,3234.598352823879,3187.254432214075,3192.83447265625,1621672,TCS
2022-04-18,3147.5403623845255,3147.5403623845255,3071.2495641272826,3076.088623046875,3820792,TCS
2022-04-19,3095.2261642756557,3107.0403799545356,2998.576552281814,3027.131103515625,3170014,TCS
2022-04-20,3051.631609318995,3111.9230458257116,3034.1937144086005,3101.1552734375,2640370,TCS
2022-04-21,3121.3824644501933,3177.1837152113144,3110.3965080606463,3163.800048828125,2280996,TCS
2022-04-22,3122.342380367201,3153.64331680634,3113.9721056051544,3149.763427734375,1581465,TCS
2022-04-25,3102.201838561545,3124.8711043857725,3080.491742206631,3093.6572265625,1960694,TCS
2022-04-26,3117.1540326092236,3128.270689253386,3067.456038200025,3092.0,1943469,TCS
2022-04-27,3091.7386978183854,3111.3126918404437,3057.124519775637,3104.991455078125,1727648,TCS
2022-04-28,3128.358536540344,3142.6575260875848,3084.8074339349073,3125.132568359375,1703660,TCS
2022-04-29,3136.2052227522518,3159.092458531303,3083.7608419130784,3092.348876953125,2051115,TCS
2022-05-02,3068.9824643813376,3093.4391564370508,3045.310605375588,3088.60009765625,1324161,TCS
2022-05-04,3085.199647886039,3091.259273972882,3021.376993207293,3033.975830078125,2305825,TCS
2022-05-05,3062.181404468486,3080.403918216015,3038.8582216741816,3063.314697265625,1612262,TCS
2022-05-06,3015.8836567465128,3029.398024101116,2985.803290699171,2992.86572265625,2010812,TCS
2022-05-09,2962.6980803096562,3013.2679710271254,2918.1007532108174,3003.764404296875,2481830,TCS
2022-05-10,2994.08652734233,3020.9409278192593,2983.6237904966374,2998.22802734375,1622685,TCS
2022-05-11,2994.958855292442,3006.6857986302757,2948.879126623255,2974.9052734375,1841769,TCS
2022-05-12,2945.2601564408105,3007.7749608828694,2920.9343806143934,2971.983642578125,2807195,TCS
2022-05-13,2994.958765119826,2999.230964675181,2948.8790378380136,2977.43359375,2187823,TCS
2022-05-16,2977.5201999107394,2990.5986195296737,2935.3205844196054,2944.2138671875,1195813,TCS
2022-05-17,2938.2851908443163,3022.858978236571,2921.1959692768205,3009.431884765625,1754076,TCS
2022-05-18,3021.1151300571946,3047.271971010071,3001.977083999657,3006.990478515625,1866781,TCS
2022-05-19,2961.826581603834,2968.801739876672,2816.220152658341,2844.0771484375,4642963,TCS
2022-05-20,2885.971624824438,2889.371929206205,2851.139472106869,2871.1494140625,3065125,TCS
2022-05-23,2881.437492653417,2911.1689726105033,2848.479832187359,2896.216064453125,2293690,TCS
2022-05-24,2890.4616510569685,2898.9192000018056,2855.9783857074317,2866.789794921875,1711510,TCS
2022-05-25,2890.358139211959,2890.358139211959,2768.5239108215023,2780.46142578125,3548046,TCS
2022-05-26,2800.9565036341355,2845.2837688906457,2791.7838747724863,2832.51220703125,2813186,TCS
2022-05-27,2855.554544933507,2878.113137542295,2834.488114923966,2862.66455078125,3103153,TCS
2022-05-30,2894.0006985882987,2972.64878630767,2884.652556391541,2962.68603515625,2094624,TCS
2022-05-31,2944.165004523289,2969.839714625581,2918.5781569271903,2953.118408203125,4840965,TCS
2022-06-01,2973.877991535847,2973.877991535847,2931.789058688959,2945.087158203125,1493835,TCS
2022-06-02,2944.911390433282,3012.4995207055213,2937.274852340207,3004.599609375,2657939,TCS
2022-06-03,3036.5498622964137,3052.2620346027693,3011.796853027463,3019.65283203125,1913622,TCS
2022-06-06,3000.2100992010983,3030.931969731244,2964.3532017342663,3011.5771484375,1084210,TCS
2022-06-07,2985.3324048192408,3000.9567154912565,2945.7889201087964,2951.669921875,2308256,TCS
2022-06-08,2966.987037508978,2996.6556349491925,2937.450233831093,2988.053466796875,2185707,TCS
2022-06-09,2971.2443716436987,3016.888302906763,2943.243661069149,3008.198486328125,1279197,TCS
2022-06-10,2968.610667955225,2978.2661136522997,2942.27763423593,2949.2119140625,1527582,TCS
2022-06-13,2887.8560463627555,2890.4893497484964,2802.229755076651,2826.061279296875,3030921,TCS
2022-06-14,2800.0799883623426,2843.0027588907465,2786.650094774694,2818.1181640625,2611493,TCS
2022-06-15,2825.0954422083905,2838.7008420388174,2809.7345069159724,2814.38671875,1404536,TCS
2022-06-16,2843.9675291414705,2848.224788477131,2750.0903105068783,2757.9462890625,2032028,TCS
2022-06-17,2714.058324390178,2737.5386155213027,2654.2385282186283,2711.337158203125,5240434,TCS
2022-06-20,2715.813756717515,2755.0938684218168,2693.869560234665,2731.964599609375,1502769,TCS
2022-06-21,2747.4134022673966,2841.9928891984864,2743.375584391192,2819.346435546875,2964461,TCS
2022-06-22,2808.7691181856167,2853.2281861623023,2793.934927975882,2829.001708984375,3336315,TCS
2022-06-23,2829.0017025634374,2912.4335752382617,2829.0017025634374,2904.358154296875,3692578,TCS
2022-06-24,2930.8668511739374,2936.1334582739805,2876.8841283984966,2890.577392578125,2132118,TCS
2022-06-27,2940.522851458248,2951.845973136868,2902.339942790059,2909.53759765625,2037686,TCS
2022-06-28,2902.778403463079,2922.9670648721058,2872.5832738577947,2912.5654296875,1400046,TCS
2022-06-29,2871.1789353049976,2925.60054765257,2871.1789353049976,2888.29541015625,2133994,TCS
2022-06-30,2872.0565922599853,2906.2016781293732,2857.1345378380965,2867.755615234375,2719603,TCS
2022-07-01,2861.5235711944856,2925.600632758043,2854.545358719588,2909.888671875,1502879,TCS
2022-07-04,2907.16724294786,2912.3899190179127,2830.8453680013654,2839.623046875,2622535,TCS
2022-07-05,2857.134615129158,2872.0566699547176,2814.9578231889177,2823.1650390625,2170627,TCS
2022-07-06,2825.095706381955,2868.9840970357063,2810.8319794194863,2862.181396484375,2182144,TCS
2022-07-07,2871.1787636386753,2913.66264372781,2865.956087561214,2885.96923828125,1989921,TCS
2022-07-08,2896.6342992518366,2901.0231390991876,2852.7459007783236,2866.307373046875,2136916,TCS
2022-07-11,2814.2555881350117,2830.80159948252,2726.34721488146,2733.19384765625,6974600,TCS
2022-07-12,2734.1586897815223,2752.855185791673,2703.7441228408766,2707.650146484375,3734815,TCS
2022-07-13,2724.591742081448,2729.8583498303165,2664.025752969457,2667.3173828125,3863530,TCS
2022-07-14,2689.5396493330554,2690.4197342968428,2611.212087556013,2639.15478515625,4764908,TCS
2022-07-15,2656.5804326994576,2665.6891828895,2598.89082203791,2635.50244140625,4574806,TCS
2022-07-18,2660.4964567532797,2707.976990638422,2652.839761660094,2696.139892578125,3202795,TCS
2022-07-19,2666.701363599561,2709.737430383473,2666.701363599561,2705.60107421875,1865074,TCS
2022-07-20,2735.1276457438817,2791.5850009840688,2726.54681875147,2785.29248046875,3402251,TCS
2022-07-21,2787.228540686377,2802.189982174116,2767.03063765082,2796.29345703125,2420640,TCS
2022-07-22,2803.0704563974546,2813.631475385451,2766.5469323972993,2790.749267578125,2075886,TCS
2022-07-25,2785.4683965193763,2804.3461725371144,2771.4751341224537,2787.008544921875,1797504,TCS
2022-07-26,2785.204780048454,2788.9010938413444,2725.1830298245063,2742.256591796875,2639367,TCS
2022-07-27,2741.4641477682935,2811.078941286618,2737.063723775086,2806.45849609375,1389808,TCS
2022-07-28,2830.3528264453307,2872.5968984818282,2817.7235231303016,2869.5166015625,2106333,TCS
2022-07-29,2895.4792244226105,2919.5055843641176,2882.277951362933,2905.9521484375,2430257,TCS
2022-08-01,2928.0422261586746,2928.0422261586746,2878.7574757334005,2903.223876953125,1306913,TCS
2022-08-02,2895.4790367844817,2915.632893070421,2879.329394508913,2897.063232421875,1269114,TCS
2022-08-03,2886.6784066664172,2947.4042633920217,2884.082199243072,2939.04345703125,2895824,TCS
2022-08-04,2948.284247964706,2981.6393778391775,2910.748715052076,2952.640625,2150567,TCS
2022-08-05,2958.141372288894,2972.0467569139196,2952.684888790702,2961.52978515625,1106933,TCS
2022-08-08,2961.4854873266017,2973.718580659818,2935.96302696034,2969.80224609375,1068836,TCS
2022-08-10,2979.0872677998295,2979.0872677998295,2935.0830245531556,2952.024658203125,1878359,TCS
2022-08-11,2992.2881808117236,3017.5465704239223,2970.3301090460086,3012.090087890625,1449248,TCS
2022-08-12,3009.010270550342,3009.010270550342,2975.787065603493,2993.65283203125,1472354,TCS
2022-08-16,3001.969119488297,3005.3575317636055,2981.2871276067444,2985.863525390625,839942,TCS
2022-08-17,2979.1757205455865,3008.086382917133,2966.8545309546153,2993.257080078125,1622326,TCS
2022-08-18,2983.4873628119226,2985.2475323475046,2958.844989313771,2975.78662109375,1430659,TCS
2022-08-19,2980.8471762972567,3011.2101014765467,2966.98584088932,2979.7470703125,1398410,TCS
2022-08-22,2961.4856625107705,2978.2953698990436,2945.996082460912,2952.288818359375,1536532,TCS
2022-08-23,2921.8374306422184,2941.155248644901,2877.877238729922,2890.7265625,1849256,TCS
2022-08-24,2897.2389058456506,2911.320261402616,2860.4513214801914,2864.98388671875,1691923,TCS
2022-08-25,2883.158507593872,2885.050604429305,2829.2533004540296,2832.28955078125,1946930,TCS
2022-08-26,2846.4586837304396,2866.436568329258,2831.0571977170034,2835.8095703125,1457962,TCS
2022-08-29,2750.264984792601,2765.842442693576,2711.5412538067208,2756.90966796875,2539173,TCS
2022-08-30,2776.6677926566595,2839.5938614918264,2765.314783665754,2826.08447265625,3431525,TCS
2022-09-01,2807.470361006476,2807.470361006476,2746.7445130724805,2756.161376953125,3546935,TCS
2022-09-02,2783.708184014529,2783.708184014529,2746.1286065456165,2755.017333984375,2052900,TCS
2022-09-05,2749.076644387517,2770.4627467931514,2739.043764179659,2757.657470703125,2147912,TCS
2022-09-06,2759.506009846509,2764.214549676102,2733.8516227618284,2752.0693359375,1936453,TCS
2022-09-07,2730.0233995480266,2782.7403998797736,2730.0233995480266,2771.91552734375,1291534,TCS
2022-09-08,2789.868662483827,2801.7498066300514,2781.1559093890387,2789.560546875,1346113,TCS
2022-09-09,2811.8708533119707,2845.7541171155735,2788.5486067978027,2831.8046875,1561185,TCS
2022-09-12,2851.3869871393563,2877.701654619494,2838.273808049508,2854.0712890625,1785928,TCS
2022-09-13,2872.1125680484006,2872.1125680484006,2838.2733519875155,2842.101806640625,1972678,TCS
2022-09-14,2759.066367460601,2764.6988252952656,2740.40860916072,2746.217041015625,5090269,TCS
2022-09-15,2754.6653975512245,2761.4860546857367,2728.2628538047275,2732.09130859375,2138023,TCS
2022-09-16,2707.141382879321,2723.2910281150525,2640.2549247847733,2647.91162109375,5322221,TCS
2022-09-19,2671.936908092196,2677.2174158156986,2629.5168723529423,2665.600341796875,2072220,TCS
2022-09-20,2684.2584586980124,2710.6169537047986,2666.656763886878,2675.7216796875,1544295,TCS
2022-09-21,2664.8966169537493,2676.6896666312164,2638.626001280077,2641.310302734375,2253818,TCS
2022-09-22,2631.4534566835873,2666.612800197156,2622.0365926375753,2646.766845703125,2017983,TCS
2022-09-23,2643.7748504500028,2660.056419935131,2621.772729524154,2624.45703125,2652374,TCS
2022-09-26,2604.9194100878144,2663.00501422092,2575.2165443379304,2635.326171875,2925489,TCS
2022-09-27,2648.527090847732,2662.256499568145,2619.1323446991073,2655.61181640625,2227447,TCS
2022-09-28,2622.652760305555,2684.214650414333,2622.652760305555,2671.62939453125,2739767,TCS
2022-09-29,2687.7789382550586,2689.407181056036,2631.453511913106,2637.878173828125,2493902,TCS
2022-09-30,2632.2014274292333,2657.5917422646244,2596.33797567958,2644.258544921875,2817353,TCS
2022-10-03,2635.854418181052,2658.472558362496,2617.3726342806176,2627.009521484375,1763331,TCS
2022-10-04,2666.6132120788957,2726.5030327729664,2660.4966649685857,2720.474365234375,2145875,TCS
2022-10-06,2737.944059176487,2749.3851626060255,2721.61844169452,2729.979248046875,1790816,TCS
2022-10-07,2725.9748289925205,2732.663560045022,2691.387665003336,2697.3720703125,1939879,TCS
2022-10-10,2649.055606254816,2752.0255417803355,2644.6551816597084,2744.5888671875,3064063,TCS
2022-10-11,2728.263141363747,2767.8669611577366,2687.2072674564333,2701.464599609375,4730645,TCS
2022-10-12,2714.9736648998382,2736.97578612618,2694.8638550176415,2728.923095703125,1665247,TCS
2022-10-13,2728.922977087694,2737.063761587593,2686.326958190763,2731.167236328125,2054781,TCS
2022-10-14,2767.866621375349,2772.2670452567086,2702.740347931223,2727.5146484375,2245977,TCS
2022-10-17,2711.190947627584,2760.3826551550005,2710.132155751458,2745.69140625,1517005,TCS
2022-10-18,2779.442189863882,2784.1629159418735,2760.5155551789203,2774.765625,1793722,TCS
2022-10-19,2787.3829499859935,2787.3829499859935,2745.911915275851,2754.603271484375,1194289,TCS
2022-10-20,2739.7354565904398,2788.265392214425,2739.7354565904398,2785.883056640625,1587601,TCS
2022-10-21,2786.324298557894,2788.6183117668575,2759.1474909324643,2768.323974609375,1021913,TCS
2022-10-24,2797.17735486645,2804.147932217598,2783.853595389088,2789.765380859375,260949,TCS
2022-10-25,2806.354036786087,2809.66289628552,2780.4566102689723,2790.11865234375,2069643,TCS
2022-10-27,2788.8830306568198,2800.6184946542526,2765.632908701152,2785.97119140625,2438421,TCS
2022-10-28,2779.442240260462,2804.5895748151993,2775.0304271806835,2791.133544921875,1355739,TCS
2022-10-31,2822.678265363278,2822.678265363278,2803.9722192864997,2817.516357421875,1919414,TCS
2022-11-01,2836.3543177659885,2878.7960411046947,2826.604168845417,2876.237060546875,2991060,TCS
2022-11-02,2885.3258867316117,2885.3258867316117,2843.016640436894,2860.35498046875,1405955,TCS
2022-11-03,2848.3109702452075,2848.3109702452075,2819.1488397886296,2829.5166015625,1422652,TCS
2022-11-04,2838.5604712079626,2841.251720209756,2793.692247035101,2838.913330078125,1464013,TCS
2022-11-07,2849.1488372988474,2861.325484271074,2819.2368313071347,2853.2958984375,1474498,TCS
2022-11-09,2867.5014111081446,2867.5014111081446,2825.0155316957184,2837.7216796875,1162267,TCS
2022-11-10,2797.0890301257955,2845.6189659797133,2797.0890301257955,2828.545166015625,1573092,TCS
2022-11-11,2884.972741372326,2948.502846331555,2872.1343229110385,2925.8701171875,3265394,TCS
2022-11-14,2932.972948442887,2955.032010931176,2919.737510949914,2943.1201171875,1342074,TCS
2022-11-15,2930.326031678355,2947.0467589345967,2904.737517701037,2940.5615234375,1400708,TCS
2022-11-16,2946.120217692935,2971.7087315184385,2930.723034354456,2960.63525390625,1748235,TCS
2022-11-17,2947.090963487235,2964.7382147656017,2927.4583964400517,2955.0322265625,1417986,TCS
2022-11-18,2955.9140382851238,2967.164158878597,2930.325528699969,2950.134521484375,1164540,TCS
2022-11-21,2931.6496896547724,2941.5321075260067,2887.972741682489,2897.237548828125,1304194,TCS
2022-11-22,2894.1492638662367,2928.517243290538,2872.310790000173,2924.98779296875,1149739,TCS
2022-11-23,2938.2673417659494,2938.2673417659494,2903.855201727249,2919.1201171875,1150011,TCS
2022-11-24,2926.134459885213,2993.811616370863,2919.1197215276015,2982.517333984375,1296591,TCS
2022-11-25,2985.0322780039132,3002.9884406892334,2954.1495911194506,2990.89990234375,1588981,TCS
2022-11-28,2970.032447243622,3015.032938868525,2969.635427166336,2995.841552734375,2195437,TCS
2022-11-29,2985.0323478503824,3025.6210229911208,2985.0323478503824,2997.6943359375,1576028,TCS
2022-11-30,2985.0320807890316,3013.1793559501702,2977.973181396093,2991.91455078125,3410702,TCS
2022-12-01,3022.0916277039573,3070.6215662510285,3017.679815108769,3066.783203125,2180856,TCS
2022-12-02,3051.2983369722797,3060.827681164754,3011.5036956693657,3034.577392578125,2411749,TCS
2022-12-05,3029.150602395043,3034.577045852439,3006.2091763355406,3022.8857421875,1475065,TCS
2022-12-06,3000.07664261676,3007.047220155349,2971.7968815829117,2987.10595703125,1166999,TCS
2022-12-07,2972.0616929376706,2994.473614579414,2959.4438659290595,2982.914794921875,1167505,TCS
2022-12-08,2964.737940576892,2982.914693880783,2946.6053484812223,2956.399658203125,1285619,TCS
2022-12-09,2977.1796968244453,2977.1796968244453,2890.928753775441,2905.3994140625,1797896,TCS
2022-12-12,2872.5314962917028,2908.2671822385046,2855.413747710101,2899.840576171875,1527610,TCS
2022-12-13,2891.6785277132994,2943.958509197416,2883.3844058485947,2940.120361328125,1378016,TCS
2022-12-14,2954.8551118230303,2979.7376872704754,2947.8843199324615,2969.458251953125,1213311,TCS
2022-12-15,2963.679209913898,2968.929223708033,2910.86972808808,2916.29638671875,1415694,TCS
2022-12-16,2889.7372933102192,2904.737456359463,2845.7955961171497,2859.0751953125,2703680,TCS
2022-12-19,2847.383797855332,2863.7075041646976,2818.7070165010405,2825.368896484375,2120965,TCS
2022-12-20,2822.589610027799,2866.7960620653575,2791.4863286526675,2862.340087890625,1529971,TCS
2022-12-21,2866.7956690407614,2896.8401542703996,2858.854406799651,2884.0458984375,1432566,TCS
2022-12-22,2906.502138037383,2906.502138037383,2863.3546970197967,2876.237060546875,1384101,TCS
2022-12-23,2838.56029430426,2882.54615313989,2838.56029430426,2848.5751953125,1360281,TCS
2022-12-26,2848.574747625626,2887.089780317712,2845.6629086139424,2870.236572265625,870157,TCS
2022-12-27,2884.619175108632,2888.67812840142,2851.3541550195223,2876.060302734375,835883,TCS
2022-12-28,2867.5018256081944,2881.884378094464,2846.501554071851,2873.943115234375,910795,TCS
2022-12-29,2851.00179159365,2886.6491533221797,2848.2663814531547,2884.22265625,1037927,TCS
2022-12-30,2899.487022349278,2910.9135724032853,2864.324794362259,2873.589599609375,1163131,TCS
2023-01-02,2877.3842299429016,2882.546136946802,2854.6192334296225,2877.78125,709547,TCS
2023-01-03,2869.442736681144,2929.4433843116235,2863.5309512487165,2921.81103515625,1245178,TCS
2023-01-04,2917.707917742617,2935.9288318835124,2899.6194872236865,2924.72265625,1231668,TCS
2023-01-05,2938.4440618611807,2944.7089228612836,2895.8700638839987,2921.591064453125,1826057,TCS
2023-01-06,2911.7966394640803,2913.1643446061225,2823.5603776621383,2833.751708984375,2488376,TCS
2023-01-09,2849.148585709542,2935.6201129314486,2842.221953738348,2929.3994140625,2885060,TCS
2023-01-10,2898.5606771633866,2910.031389127808,2850.1190643433856,2899.7958984375,3864655,TCS
2023-01-11,2903.061294014139,2955.473546603415,2886.340350306403,2937.120361328125,2720512,TCS
2023-01-12,2937.3849869866353,2955.914600902742,2925.5172535387624,2942.105712890625,2250391,TCS
2023-01-13,2949.6497555026567,2981.5031305171833,2916.208300195114,2977.57666015625,1742837,TCS
2023-01-16,2993.3244023678794,3025.8114926558637,2976.2236030713907,3008.710693359375,1843607,TCS
2023-01-17,3005.0549468178974,3051.800290054043,2996.9331766913624,3048.73193359375,1688475,TCS
2023-01-18,3050.1760059457965,3076.3009900989787,3043.182259186601,3059.2001953125,2421189,TCS
2023-01-19,3050.176310188505,3056.4932433752856,3033.030348681528,3043.94970703125,1585044,TCS
2023-01-20,3036.639556587615,3063.3961884764685,3028.1569071715403,3034.925048828125,1529349,TCS
2023-01-23,3057.3961549762894,3085.3711493104884,3028.157861928064,3081.671142578125,1067916,TCS
2023-01-24,3090.78528655422,3115.1054362054274,3083.8367038420397,3100.982666015625,1387863,TCS
2023-01-25,3091.055812758132,3099.80923290407,3072.736663184384,3095.071533203125,874110,TCS
2023-01-27,3091.687653887394,3109.736034820771,3052.2519856113963,3078.196533203125,1785879,TCS
2023-01-30,3086.272889450756,3120.9708549193124,3055.1845998762938,3098.5908203125,1953798,TCS
2023-01-31,3112.442566547711,3112.442566547711,3024.005520586077,3030.9541015625,2820375,TCS
2023-02-01,3034.835218352332,3085.3706843730665,3027.6158660636556,3075.760009765625,2205161,TCS
2023-02-02,3092.5897637316407,3130.491359902265,3086.363161059032,3122.73046875,1813847,TCS
2023-02-03,3162.0758544483574,3162.0758544483574,3115.9621601108056,3142.493408203125,1804469,TCS
2023-02-06,3134.236594271582,3134.236594271582,3101.4789594399563,3122.32470703125,1138714,TCS
2023-02-07,3130.4011068970385,3152.149492409252,3123.632964557196,3133.695068359375,1455647,TCS
2023-02-08,3138.658220197554,3194.4726991238244,3138.658220197554,3176.60498046875,1986946,TCS
2023-02-09,3172.0029459457633,3201.421894965321,3163.249525265047,3195.33056640625,1655427,TCS
2023-02-10,3176.5147978181903,3196.683950073236,3165.8210448180002,3192.352294921875,1187821,TCS
2023-02-13,3202.6849319015614,3202.6849319015614,3134.461969485681,3142.583740234375,1087939,TCS
2023-02-14,3162.9781608505896,3180.891263668698,3153.9539720892467,3158.556396484375,1579818,TCS
2023-02-15,3146.7352493817516,3181.929592578164,3122.505209592746,3177.1015625,1429449,TCS
2023-02-16,3183.011609706679,3226.1472732558686,3182.831170006559,3210.851318359375,1618931,TCS
2023-02-17,3182.0646250812088,3193.570467173406,3149.442266805479,3159.504150390625,1061369,TCS
2023-02-20,3160.271129596154,3178.319508405955,3135.9509832133717,3147.005615234375,1296082,TCS
2023-02-21,3153.05231202799,3166.498268391457,3108.6081716824324,3114.248291015625,1139541,TCS
2023-02-22,3081.7158621873755,3110.638436535389,3063.712646370074,3069.62353515625,1218430,TCS
2023-02-23,3087.1751064959585,3115.510972284333,3075.443660607491,3080.677734375,1441570,TCS
2023-02-24,3088.5289980581183,3098.861651446193,3052.2517986673643,3068.630615234375,977592,TCS
2023-02-27,3059.1999337888974,3059.1999337888974,2992.420938184066,3006.724365234375,1128022,TCS
2023-02-28,3003.701381280899,3061.004982816527,2977.8921119899733,2989.57861328125,4116217,TCS
2023-03-01,2998.738199575175,3058.297850845702,2991.5188479060203,3055.31982421875,1669307,TCS
2023-03-02,3033.0305628388037,3041.0620046165113,2994.2265419515475,2997.33984375,1556538,TCS
2023-03-03,3026.713284379806,3030.3229603301693,3006.047977690829,3016.01953125,1043190,TCS
2023-03-06,3033.8422880766893,3072.6914693231265,3031.22536115521,3042.821533203125,1334132,TCS
2023-03-08,3035.7377481425538,3064.6151583508063,3005.8226441318043,3059.5615234375,1844590,TCS
2023-03-09,3054.6879538516177,3054.6879538516177,3005.8220589057696,3011.236572265625,1648500,TCS
2023-03-10,2989.623405611254,3011.597393364564,2968.958101481584,3005.957275390625,1024404,TCS
2023-03-13,3007.762627347276,3040.97169171865,2952.7150665107374,2961.694091796875,1901233,TCS
2023-03-14,2959.9343338825,2981.9532694589166,2896.2234640568317,2901.23193359375,2670334,TCS
2023-03-15,2932.861249755203,2942.201372938956,2880.5209566826484,2886.74755859375,1780522,TCS
2023-03-16,2894.960473287873,2905.6090627331,2862.4733856823977,2874.204833984375,1901060,TCS
2023-03-17,2843.07132149779,2907.05274636702,2837.2055974572454,2869.06103515625,6739966,TCS
2023-03-20,2860.352585482065,2860.352585482065,2793.0322534409083,2836.573974609375,2289468,TCS
2023-03-21,2836.573850929424,2848.7113431184507,2795.1978492579433,2803.00390625,1815297,TCS
2023-03-22,2824.6161546151097,2836.753644037391,2803.0032673043625,2825.29296875,1123939,TCS
2023-03-23,2810.944823053039,2839.326076534462,2798.4012872223343,2819.743408203125,1372218,TCS
2023-03-24,2841.6271470449155,2860.668276380488,2802.9134594440998,2815.99853515625,1329577,TCS
2023-03-27,2829.083479625092,2845.1014163917093,2802.9133294148437,2817.622802734375,1524217,TCS
2023-03-28,2821.864106617975,2842.2136983642395,2806.6582589143677,2811.84716796875,1303530,TCS
2023-03-29,2823.6684368917195,2842.619231770187,2801.198296805515,2832.602294921875,1740616,TCS
2023-03-31,2878.6711597054764,2899.47195965751,2844.4244061128143,2893.064697265625,2382581,TCS
2023-04-03,2910.256278083939,2910.256278083939,2864.052466678619,2887.740966796875,1521830,TCS
2023-04-05,2874.655108871209,2945.810919909518,2874.655108871209,2923.656494140625,2655065,TCS
2023-04-06,2910.3013442933197,2939.494687765259,2901.277154078457,2906.4208984375,1703464,TCS
2023-04-10,2905.7892047556925,2952.7149931554736,2901.2771097172517,2944.9541015625,2203187,TCS
2023-04-11,2945.4952314789316,2953.57183641114,2880.656346666499,2900.19384765625,2348779,TCS
2023-04-12,2912.9635630873936,2942.7433920921726,2886.838575342086,2925.32666015625,2417727,TCS
2023-04-13,2896.7652748184937,2914.813656593064,2869.692702156639,2877.67919921875,4174070,TCS
2023-04-17,2828.2713129172603,2854.7120118386847,2770.6517749633886,2833.144287109375,5505048,TCS
2023-04-18,2847.08654077672,2848.8012689229336,2807.064393679631,2825.248046875,2617302,TCS
2023-04-19,2825.247480265116,2833.5948536396913,2771.7791697306725,2788.113037109375,3298034,TCS
2023-04-20,2788.4747210897062,2809.230358172251,2777.6456930466393,2801.83056640625,2419999,TCS
2023-04-21,2806.5225589375386,2855.659220126257,2798.2203497719465,2852.41064453125,1929184,TCS
2023-04-24,2843.612955225027,2870.5500335589504,2821.0974221009633,2865.000244140625,1640676,TCS
2023-04-25,2872.3999413939505,2879.7997338116465,2840.3640639451646,2866.0830078125,2024090,TCS
2023-04-26,2870.5946482272543,2895.3208390571563,2870.5946482272543,2886.071044921875,2000029,TCS
2023-04-27,2874.20436323212,2887.018668292053,2861.254563139059,2876.866455078125,2434446,TCS
2023-04-28,2888.101618768192,2912.331656535757,2884.3566681237626,2905.1123046875,2931312,TCS
2023-05-02,2919.325382723846,2919.325382723846,2896.7649083596743,2905.24755859375,2321159,TCS
2023-05-03,2902.1789705386695,2902.1789705386695,2863.5102353696716,2869.6015625,2468285,TCS
2023-05-04,2869.827763052802,2909.8049697680735,2867.8876502834637,2906.4208984375,1953253,TCS
2023-05-05,2905.78922896011,2927.44728532503,2896.8102038222487,2915.445068359375,1710027,TCS
2023-05-08,2928.3499294526296,2937.2388455625774,2915.9868320573555,2933.403564453125,928235,TCS
2023-05-09,2935.2078913616624,2976.177622538405,2929.2518383140277,2962.866943359375,1107375,TCS
2023-05-10,2968.958008749041,2983.847919735168,2947.345121411385,2966.0703125,1559987,TCS
2023-05-11,2986.1043045039883,2986.7359537053417,2952.714803365684,2961.874267578125,1719623,TCS
2023-05-12,2959.1668827295052,2968.958216036899,2941.885648717414,2954.790283203125,1027479,TCS
2023-05-15,2963.5439307236315,2970.7632825646147,2931.372782209103,2937.4189453125,1150390,TCS
2023-05-16,2938.456635647952,2964.446346309158,2933.2677265181874,2940.21630859375,986306,TCS
2023-05-17,2938.2310945607733,2959.93431554151,2886.161562402632,2895.591796875,1588815,TCS
2023-05-18,2911.1587181306295,2913.865975306526,2883.228892329398,2887.605712890625,1369364,TCS
2023-05-19,2896.765155186877,2918.8744219476494,2890.49338684266,2908.361328125,1152449,TCS
2023-05-22,2914.813188789529,2985.6079108748772,2903.126907529479,2976.809326171875,1333243,TCS
2023-05-23,2983.396917684391,3003.204968703597,2969.0485451363493,2975.3203125,1687418,TCS
2023-05-24,2956.3241276278923,2993.503739870415,2956.3241276278923,2981.00537109375,1016555,TCS
2023-05-25,2972.5681528543437,2983.3971807335947,2948.293170151878,2972.116943359375,1374917,TCS
2023-05-26,2972.1169557498865,3012.861085188572,2969.860908265637,3004.0625,1791115,TCS
2023-05-29,3032.84972720672,3042.9567756365113,2988.8116372799896,2996.346923828125,1210372,TCS
2023-05-30,2991.5187038651916,3002.302565838326,2979.200773799653,2992.6015625,1344224,TCS
2023-05-31,2986.1044948593535,3002.9796862307608,2946.5333332663195,2968.50732421875,5815424,TCS
2023-06-01,2990.61667880025,3014.0795736852247,2975.7267647386316,2999.640869140625,1177314,TCS
2023-06-02,3001.670750109788,3010.3790040313665,2975.681042730873,2983.035888671875,2030661,TCS
2023-06-05,2991.5190448102617,3002.3480730267693,2964.491639283323,2967.9658203125,1861468,TCS
2023-06-06,2959.9340095974917,2967.920505036819,2906.3304147456515,2916.888671875,2022849,TCS
2023-06-07,2935.568899857537,2958.8965182829807,2924.739872252775,2955.331787109375,1567196,TCS
2023-06-08,2942.7882185183284,2950.9099891306146,2917.520487724549,2920.6337890625,1759366,TCS
2023-06-09,2928.3498614294867,2932.86195674756,2892.569033684028,2896.133544921875,1775689,TCS
2023-06-12,2901.2771305591828,2936.8323515906563,2897.6674545025,2930.064208984375,2324605,TCS
2023-06-13,2941.88549693874,2946.3975912591977,2922.9347007928154,2927.176025390625,1371928,TCS
2023-06-14,2927.176458412748,2938.140981423725,2911.068411496085,2933.809326171875,1658544,TCS
2023-06-15,2950.4011606002655,2952.3557023297635,2918.308810597265,2924.036376953125,2273810,TCS
2023-06-16,2906.489819361,2908.6716434866084,2869.2154738515223,2886.39794921875,4156189,TCS
2023-06-19,2900.1259479423184,2922.7632059010452,2886.4889920742507,2918.672119140625,1468186,TCS
2023-06-20,2921.9448612962487,2938.76377229002,2910.171667991738,2934.39990234375,1528452,TCS
2023-06-21,2954.673593600641,2965.0375906543964,2930.9907039438817,2962.12841796875,1645987,TCS
2023-06-22,2963.7650532654006,2970.7198119240816,2936.5821435529915,2944.21875,1529603,TCS
2023-06-23,2943.1277797551047,2954.1281240159633,2917.535626765662,2924.08154296875,1119505,TCS
2023-06-26,2913.76261193622,2921.8537828251756,2884.6704423318647,2899.807373046875,1978803,TCS
2023-06-27,2911.035717443629,2917.990476643383,2893.1258918679814,2906.808349609375,863542,TCS
2023-06-28,2916.4902067752564,2937.354704231224,2903.2168146828576,2923.26318359375,1575872,TCS
2023-06-30,2927.39956983638,3009.221296943608,2922.035789841607,3002.175537109375,2672406,TCS
2023-07-03,3013.130740028882,3017.221826572155,2971.719808516399,2974.947265625,1687264,TCS
2023-07-04,2991.0383441365598,3013.7665990312144,2979.492435041198,3008.175537109375,1656681,TCS
2023-07-05,3018.312834894104,3026.495008241709,3004.6758793147633,3018.267333984375,1453008,TCS
2023-07-06,3006.084827429316,3025.9946921480014,3001.948240187536,3020.948974609375,1848238,TCS
2023-07-07,3001.948608480936,3051.859779118901,3001.948608480936,3026.722412109375,1789326,TCS
2023-07-10,3022.631527699752,3022.631527699752,2968.492763863689,2974.62939453125,1407431,TCS
2023-07-11,2995.5847665765177,2995.5847665765177,2964.4925502644905,2975.038330078125,1110172,TCS
2023-07-12,2982.811311383607,2990.266136197233,2954.764772000077,2963.674072265625,1515240,TCS
2023-07-13,2985.583996893055,3061.4508783669453,2975.356280703942,3036.995361328125,4585146,TCS
2023-07-14,3059.2238677171986,3204.5484543463,3047.4051722401337,3195.275146484375,6306101,TCS
2023-07-17,3191.0475301955958,3227.3217423976093,3161.0917295383088,3174.410400390625,2743228,TCS
2023-07-18,3160.137072859517,3203.775329331685,3150.136639084645,3179.092529296875,2600090,TCS
2023-07-19,3181.9561925165294,3197.2751275399046,3132.5448697161914,3154.727783203125,2405370,TCS
2023-07-20,3147.4816096060504,3170.9979886535184,3131.940584552698,3156.77880859375,1715404,TCS
2023-07-21,3102.772693816824,3130.8921637786366,3061.7554440058743,3070.186767578125,3770223,TCS
2023-07-24,3081.7630924388072,3111.3410462610273,3073.6508799072253,3094.296142578125,1680132,TCS
2023-07-25,3096.802519593953,3105.279462829651,3081.0336204622276,3098.306396484375,1272980,TCS
2023-07-26,3099.400300884362,3118.0859374639376,3085.408771798231,3088.416748046875,1066803,TCS
2023-07-27,3094.4782454445894,3109.700159270894,3085.454538799316,3096.255615234375,1701769,TCS
2023-07-28,3085.4085459262187,3093.338502704607,3036.1878482954903,3058.42822265625,2599831,TCS
2023-07-31,3066.6317666989726,3123.3722948817326,3063.4415361987367,3118.632568359375,2743678,TCS
2023-08-01,3112.753017642582,3153.770260920449,3112.753017642582,3146.52392578125,1956167,TCS
2023-08-02,3130.937826905583,3141.374393886134,3111.477553853232,3136.13330078125,1914899,TCS
2023-08-03,3117.3111535491207,3129.3884555329005,3069.913440103345,3099.03564453125,2026351,TCS
2023-08-04,3100.220594527487,3163.7973343932103,3100.220594527487,3138.77685546875,2248493,TCS
2023-08-07,3148.2563099923013,3179.292741496562,3136.680374620139,3175.6923828125,1853889,TCS
2023-08-08,3175.692417693925,3181.070146163837,3150.6719384869994,3163.432861328125,1634225,TCS
2023-08-09,3158.2373025425936,3160.1515300654332,3121.9143791043803,3156.0498046875,1794589,TCS
2023-08-10,3144.656039836463,3158.237218937404,3126.4717689822373,3137.455322265625,1096701,TCS
2023-08-11,3133.8088225124093,3159.831808251447,3111.841719602854,3143.561767578125,1679974,TCS
2023-08-14,3136.1784922009774,3149.2129056077365,3109.107155145583,3144.518798828125,1190425,TCS
2023-08-16,3144.6553045453898,3159.239213204151,3131.1651445294783,3152.311767578125,1328445,TCS
2023-08-17,3149.2132599891765,3154.499972197025,3111.112748256115,3131.6669921875,1843241,TCS
2023-08-18,3108.1962872876197,3108.1962872876197,3059.431330874163,3069.09326171875,2526749,TCS
2023-08-21,3076.293965445594,3107.96839960833,3073.5594819207536,3100.585205078125,1375579,TCS
2023-08-22,3099.0813009996327,3109.1077405028673,3067.2246127209246,3082.81103515625,1222012,TCS
2023-08-23,3088.143509067167,3100.9044326583535,3077.2055745604357,3097.486328125,1330046,TCS
2023-08-24,3106.372799977861,3110.975891033685,3079.1192074418814,3087.9150390625,1152881,TCS
2023-08-25,3076.2936734488317,3086.137857710432,3053.734186510207,3082.0361328125,1158046,TCS
2023-08-28,3093.6121942799687,3093.6121942799687,3062.712621128665,3076.795166015625,1037485,TCS
2023-08-29,3081.8080085574366,3089.555710512283,3067.178479771432,3077.341552734375,944517,TCS
2023-08-30,3097.257622271368,3106.4638036873494,3083.6308270330883,3090.83154296875,1188200,TCS
2023-08-31,3099.9928470608975,3114.941268101216,3047.7185475864435,3059.704833984375,3417652,TCS
2023-09-01,3068.090387808054,3089.054760630272,3059.704683185733,3080.1220703125,1277950,TCS
2023-09-04,3079.028080349797,3129.023637156642,3071.7817443830672,3115.943603515625,1828332,TCS
2023-09-05,3117.310934204945,3141.9212836855104,3103.775152977507,3125.83349609375,1501842,TCS
2023-09-06,3130.0716886126784,3139.0953939260744,3097.3491295124654,3126.33447265625,1314818,TCS
2023-09-07,3127.1551675699734,3153.770760697037,3119.407464834157,3149.441162109375,1885092,TCS
2023-09-08,3149.4410000920693,3158.3280704200915,3131.0288578677555,3137.2724609375,1518917,TCS
2023-09-11,3155.5934925384777,3177.1958644886363,3140.0980883290167,3172.5927734375,1783604,TCS
2023-09-12,3182.9381661103935,3272.1733710440712,3174.734717228666,3263.87890625,4476016,TCS
2023-09-13,3255.0380406666054,3271.2170677568156,3231.247945622234,3252.07568359375,1754929,TCS
2023-09-14,3254.081009523971,3279.283743631725,3231.79501333232,3244.966064453125,2604721,TCS
2023-09-15,3252.075846625595,3288.079880546778,3247.153642645778,3279.830810546875,2952897,TCS
2023-09-18,3263.1954818934582,3298.9716361140518,3258.820264386671,3286.9853515625,1395753,TCS
2023-09-20,3263.1502992373726,3304.167551602088,3263.1502992373726,3286.894775390625,1649396,TCS
2023-09-21,3270.9433138676945,3285.937352425598,3215.7522827621383,3267.98095703125,2004073,TCS
2023-09-22,3266.7962535271386,3312.143104423616,3249.523477440977,3284.70703125,1989083,TCS
2023-09-25,3283.658965024994,3299.6101189147753,3243.6898418366063,3260.552490234375,1238778,TCS
2023-09-26,3251.847543695411,3276.7767822705646,3223.0442313478416,3268.345458984375,1726062,TCS
2023-09-27,3272.2651988981193,3294.141066523065,3241.0008935775677,3271.627197265625,1541134,TCS
2023-09-28,3281.38005186612,3283.9322808574702,3215.160068443675,3223.72802734375,1755753,TCS
2023-09-29,3224.1380349399456,3252.622235715334,3195.28932540776,3216.29931640625,2243791,TCS
2023-10-03,3221.40351413728,3221.40351413728,3172.091799849083,3202.854736328125,1948148,TCS
2023-10-04,3177.7433011944777,3233.982467007632,3169.5398507426544,3224.6396484375,1788138,TCS
2023-10-05,3239.4511904452584,3303.2558002739493,3236.8989615455466,3271.672607421875,2990768,TCS
2023-10-06,3273.176401347944,3313.236535855373,3258.63811012588,3300.8857421875,2075691,TCS
2023-10-09,3322.4426612483003,3353.3878511934968,3309.6361205989633,3316.335693359375,4233074,TCS
2023-10-10,3317.885464751515,3325.13180122624,3282.610673537835,3307.72216796875,1848148,TCS
2023-10-11,3326.9545791162677,3326.9545791162677,3285.9373308805875,3290.403564453125,2426417,TCS
2023-10-12,3258.592598284596,3271.0344082830998,3224.9585427168286,3229.0146484375,4241281,TCS
2023-10-13,3217.575662499397,3260.4159050312583,3213.018189889624,3254.810302734375,2890357,TCS
2023-10-16,3250.3892477395666,3258.2735858136334,3207.6402465342494,3212.152099609375,1671104,TCS
2023-10-17,3217.5752462064243,3221.3578589700005,3193.2840093522973,3196.656494140625,1672065,TCS
2023-10-18,3200.2568789933416,3210.9213191020513,3175.646529881174,3178.60888671875,1408245,TCS
2023-10-19,3170.6127629599455,3177.3296712861907,3154.5288620352453,3157.955810546875,1514545,TCS
2023-10-20,3153.1583821122936,3198.0286547963883,3147.3555492799665,3193.505126953125,1481211,TCS
2023-10-23,3173.81148296811,3179.2488637203114,3108.288267201467,3116.375732421875,1106272,TCS
2023-10-25,3098.418430452583,3129.9463572629693,3086.2641415822154,3098.052978515625,1518537,TCS
2023-10-26,3077.9024700555783,3083.065649974906,3043.1303207181386,3049.298828125,1984471,TCS
2023-10-27,3061.4075190461313,3072.3737549352513,3049.5274301662507,3062.275634765625,1108851,TCS
2023-10-30,3061.407257455826,3091.427414880595,3046.5571476248833,3087.497802734375,910972,TCS
2023-10-31,3106.1860427295915,3106.1860427295915,3061.4529873832034,3078.5419921875,999811,TCS
2023-11-01,3065.977020661115,3081.1470707221565,3025.76748596392,3043.724609375,1563475,TCS
2023-11-02,3055.193202126613,3085.1218868690776,3055.193202126613,3070.637451171875,1245384,TCS
2023-11-03,3090.6508984949387,3096.042542043059,3056.198684431494,3062.22998046875,1402598,TCS
2023-11-06,3084.254029322443,3100.063731635219,3069.63238059084,3089.0517578125,1099852,TCS
2023-11-07,3086.995582368968,3110.8927502240704,3076.0293458419023,3080.095947265625,1191144,TCS
2023-11-08,3081.009741283504,3108.8822585891467,3079.273509776776,3090.23974609375,992899,TCS
2023-11-09,3098.0531123476367,3099.3324172908847,3054.14243153224,3059.0771484375,2112352,TCS
2023-11-10,3050.441034374945,3059.076899811592,3036.139325479398,3046.282958984375,1338557,TCS
2023-11-13,3066.8905352612105,3066.8905352612105,3040.388799408238,3044.546875,1030990,TCS
2023-11-15,3091.6561463483945,3118.9802615645867,3066.9363782941077,3111.02978515625,2059802,TCS
2023-11-16,3134.5609961485866,3225.3066282942846,3120.076339309424,3196.520263671875,3951984,TCS
2023-11-17,3196.5207753389523,3220.8748683172735,3191.6773098626118,3200.724365234375,2021292,TCS
2023-11-20,3190.489151953326,3229.4648915192706,3190.489151953326,3216.39697265625,1475621,TCS
2023-11-21,3216.396747586853,3234.1711418231757,3199.398994448308,3207.806396484375,1807236,TCS
2023-11-22,3198.485749224696,3228.3229627561427,3181.2140154223466,3226.038330078125,1798051,TCS
2023-11-23,3225.9007144988595,3238.69465500962,3198.4851276900877,3206.0244140625,2729804,TCS
2023-11-24,3193.2303056888272,3202.643034620084,3155.5338758084054,3159.28076171875,1989733,TCS
2023-11-28,3159.28118436596,3181.350644295862,3137.2572385975423,3171.206787109375,1689195,TCS
2023-11-29,3181.1213717454866,3214.933922953353,3176.369382143394,3211.050048828125,1441634,TCS
2023-11-30,3197.9823428265554,3213.7005673797357,3181.121802199618,3187.1533203125,3266235,TCS
2023-12-01,3198.4852942750963,3213.9750570070746,3189.3925021316686,3209.131591796875,1172141,TCS
2023-12-04,3239.2890601133026,3242.1678310288294,3196.6579054208332,3209.863037109375,1625213,TCS
2023-12-05,3233.212095675802,3233.212095675802,3201.0445128900183,3227.363525390625,1377656,TCS
2023-12-06,3228.276947197519,3301.613644771774,3221.468564387526,3293.617431640625,1896572,TCS
2023-12-07,3294.4397617823906,3317.788748405097,3282.2854733793333,3303.48681640625,1967653,TCS
2023-12-08,3320.0273369916845,3330.993570970187,3291.7436364771834,3314.27001953125,1641155,TCS
2023-12-11,3310.797405863893,3338.304465932567,3303.5780575817766,3329.074462890625,1102503,TCS
2023-12-12,3325.4651621953826,3379.7936756866497,3318.2000758331174,3355.759521484375,2236866,TCS
2023-12-13,3329.6687183950803,3335.563024872104,3256.0578240052896,3283.97607421875,3850968,TCS
2023-12-14,3317.285885226711,3361.150822552023,3315.0927276038888,3351.326904296875,3290396,TCS
2023-12-15,3350.824789993706,3560.3255927142964,3350.824789993706,3528.386474609375,8531230,TCS
2023-12-18,3525.736106571666,3590.5281905815186,3500.1937384877283,3526.7412109375,2521612,TCS
2023-12-19,3513.764812005255,3522.9948166196496,3463.502896618964,3487.44580078125,2004435,TCS
2023-12-20,3497.543727025331,3562.929950670811,3442.0728971992326,3454.409912109375,2586083,TCS
2023-12-21,3432.6603552689257,3478.764194819794,3420.8717407298955,3461.21826171875,1517562,TCS
2023-12-22,3472.6412593570217,3514.632758384625,3437.9148467634514,3494.57373046875,2413058,TCS
2023-12-26,3490.7813789656334,3503.712309330165,3463.639767096589,3468.57470703125,1285231,TCS
2023-12-27,3471.727259647645,3489.2731911736523,3443.3978189924524,3482.876220703125,1293976,TCS
2023-12-28,3494.5737504650037,3507.3676920200533,3465.4219300223085,3472.5498046875,1682889,TCS
2023-12-29,3465.330070230173,3493.294057192247,3441.021494734587,3466.609375,1574996,TCS
2024-01-01,3463.5022836894645,3501.884103192092,3447.966785319353,3482.78466796875,825907,TCS
2024-01-02,3482.7849604684966,3482.7849604684966,3442.7124205931514,3457.288330078125,1344068,TCS
2024-01-03,3442.483985684402,3446.9162616362587,3369.4214885871284,3373.716552734375,1803075,TCS
2024-01-04,3382.8553778250566,3398.619342238505,3336.477337594187,3350.916259765625,3598144,TCS
2024-01-05,3358.409607550091,3424.8924099852666,3358.2726188503784,3415.890869140625,1963127,TCS
2024-01-08,3415.8912901825765,3417.582007600132,3356.033914289052,3361.42578125,1067805,TCS
2024-01-09,3390.348920468523,3429.096421850745,3365.4921632868704,3372.026123046875,1370944,TCS
2024-01-10,3372.11752875156,3407.986258562806,3370.289822773917,3393.181884765625,1292227,TCS
2024-01-11,3403.1881186966993,3447.966909732182,3387.6526197660214,3413.7431640625,1777909,TCS
2024-01-12,3516.5064636462303,3568.8245496763097,3492.3808328688324,3548.30859375,6813450,TCS
2024-01-15,3618.8580075065834,3623.4272726675763,3550.319030091686,3567.49951171875,2801505,TCS
2024-01-16,3563.1123650684103,3563.1123650684103,3523.4055022107223,3528.66015625,1432672,TCS
2024-01-17,3490.0045245140536,3573.1194082779125,3484.1102174250937,3549.953369140625,3458696,TCS
2024-01-18,3562.1987751054894,3572.0684315207345,3529.300069127091,3566.402587890625,2239110,TCS
2024-01-19,3630.2658185854475,3647.3359347309056,3602.705290319906,3628.471435546875,2941975,TCS
2024-01-23,3588.855683640575,3620.05103164089,3536.1731226435436,3550.4365234375,2618854,TCS
2024-01-24,3570.451409769425,3573.8101208438484,3501.98717363284,3535.299072265625,2657709,TCS
2024-01-25,3533.550617096936,3552.9673375818998,3477.2332310375527,3506.312255859375,2205154,TCS
2024-01-29,3497.570151432114,3515.2383200453005,3479.211818227295,3497.754150390625,1646747,TCS
2024-01-30,3503.6895122527035,3540.820457055553,3484.871069366822,3497.340087890625,1411621,TCS
2024-01-31,3507.140188249078,3528.1212358360913,3493.566951882729,3511.51123046875,2459358,TCS
2024-02-01,3515.2384129880293,3593.3649569612444,3501.481176697016,3546.663818359375,2363107,TCS
2024-02-02,3565.8969071842384,3666.5227828604347,3563.09019254935,3649.866943359375,2826510,TCS
2024-02-05,3665.2341894937504,3701.1227492201515,3646.0016922235036,3656.30810546875,1691523,TCS
2024-02-06,3678.1170862666413,3818.818548187844,3671.675550213635,3806.027587890625,4474396,TCS
2024-02-07,3821.671387213115,3823.511826118587,3748.927994541734,3757.6240234375,2124267,TCS
2024-02-08,3763.697529491343,3826.272451742055,3760.062707616723,3804.279296875,2345173,TCS
2024-02-09,3806.533642964029,3850.888400846203,3772.8998012950433,3803.911376953125,2100596,TCS
2024-02-12,3800.506102833991,3827.7446868018023,3778.006558887105,3791.9482421875,1013716,TCS
2024-02-13,3796.3190996609246,3837.314691999789,3755.875279471736,3818.4501953125,1257415,TCS
2024-02-14,3779.3413678448446,3786.6110118014235,3726.4287482560744,3772.991943359375,1391283,TCS
2024-02-15,3798.665989794075,3815.505826442883,3757.2561134518432,3775.8447265625,1091582,TCS
2024-02-16,3785.092771105926,3817.024566750078,3772.9919748251077,3798.94189453125,1307556,TCS
2024-02-19,3794.110954472966,3798.942107006786,3731.49019516973,3776.396728515625,772291,TCS
2024-02-20,3756.4274965127934,3771.0588943048815,3690.0795915477242,3709.08203125,1193648,TCS
2024-02-21,3692.840871691211,3739.174013609637,3663.0258496095253,3673.05615234375,1885939,TCS
2024-02-22,3654.191483338692,3768.252640712782,3654.191483338692,3761.029052734375,2982052,TCS
2024-02-23,3800.5065425299695,3800.5065425299695,3723.5761023123614,3728.821533203125,2538072,TCS
2024-02-26,3714.0056182761105,3726.8886902919344,3665.0039336444943,3681.843994140625,1379284,TCS
2024-02-27,3679.958163227796,3794.9856126910304,3679.958163227796,3776.94921875,2960475,TCS
2024-02-28,3768.8506776946274,3823.419508575245,3762.777139768197,3790.337890625,1939225,TCS
2024-02-29,3771.9791464885448,3807.959813232883,3740.2776345544485,3768.390380859375,3772719,TCS
2024-03-01,3779.5255936695676,3809.708612609149,3760.752981650241,3767.70068359375,2043265,TCS
2024-03-04,3777.500781504877,3789.371522353806,3750.722306075315,3755.139404296875,1749271,TCS
2024-03-05,3737.931557869195,3739.7719968440197,3662.4735599013775,3692.0126953125,2070859,TCS
2024-03-06,3675.4024369976914,3747.1334961978687,3642.6425356235145,3740.0478515625,1744204,TCS
2024-03-07,3740.6923043829674,3794.985255418292,3715.5702668526733,3780.81396484375,2688905,TCS
2024-03-11,3762.776903557719,3821.670941666717,3762.776903557719,3793.46630859375,2304068,TCS
2024-03-12,3793.4670286122573,3892.482738841845,3792.270473640545,3857.790283203125,4039801,TCS
2024-03-13,3869.5230148878118,3902.650917036673,3802.2548792703546,3817.99072265625,2837260,TCS
2024-03-14,3822.0854919676153,3887.9270110877537,3760.0165129714937,3871.915283203125,2919608,TCS
2024-03-15,3858.1122273965675,3900.8103208022567,3843.7567138454883,3882.635986328125,3373143,TCS
2024-03-18,3878.9549508514497,3915.3036183228055,3789.3256682682727,3821.211181640625,1526904,TCS
2024-03-19,3728.0391998604628,3734.250681402964,3650.142710085243,3659.989013671875,8931209,TCS
2024-03-20,3667.9945238818095,3697.441544645537,3644.252818458466,3654.09912109375,1817913,TCS
2024-03-21,3671.721682393882,3688.6075746001366,3633.0264093675964,3655.98583984375,3829582,TCS
2024-03-22,3586.095269718309,3623.824267937054,3547.4460520308135,3598.88623046875,5852485,TCS
2024-03-26,3565.8503303060525,3631.8300192271254,3562.583506361182,3568.15087890625,3440925,TCS
2024-03-27,3578.2734848298974,3584.2549115114957,3523.8884231366437,3534.470947265625,1968575,TCS
2024-03-28,3542.937169152786,3602.659324539871,3534.102972131641,3567.046875,4311783,TCS
2024-04-01,3586.7395487458493,3619.499453254275,3577.8595203158884,3604.269775390625,1569676,TCS
2024-04-02,3579.653802211397,3597.9202488822098,3564.0100709420926,3573.948486328125,2142666,TCS
2024-04-03,3543.7651451703696,3663.3936751293795,3543.7651451703696,3632.38232421875,3973090,TCS
2024-04-04,3658.7004031789797,3707.241978924869,3621.2935725878497,3683.91455078125,3394637,TCS
2024-04-05,3660.633172890031,3682.718440901434,3644.5293316317166,3661.783447265625,1636819,TCS
2024-04-08,3665.2341685019233,3710.9229755652163,3644.0691205793664,3655.617919921875,2302538,TCS
2024-04-09,3666.1545588206272,3695.4636403269888,3611.9076631803105,3631.6923828125,1876992,TCS
2024-04-10,3640.756241235992,3671.859704425388,3605.419903259126,3666.75244140625,2101965,TCS
2024-04-12,3654.191918795021,3693.163307517169,3630.7263197194047,3682.16650390625,4354821,TCS
2024-04-15,3682.1657161126545,3739.9555377772367,3606.3857854027738,3626.7685546875,4200329,TCS
2024-04-16,3590.6962907179723,3615.2661050786087,3554.669789147579,3563.825927734375,3051420,TCS
2024-04-18,3567.5074789450923,3621.984435687468,3542.845548119093,3553.88818359375,3476284,TCS
2024-04-19,3531.801993030296,3545.1912299896135,3497.661764045418,3520.943359375,2957749,TCS
2024-04-22,3530.8823684558647,3568.6113695261515,3507.8768799983727,3556.280517578125,1728883,TCS
2024-04-23,3567.7373128762897,3584.255209151465,3552.599745949953,3565.57470703125,1807586,TCS
2024-04-24,3579.653877353025,3587.0156333989953,3519.3334438187635,3525.406982421875,1317312,TCS
2024-04-25,3507.1401450879403,3564.6078018941175,3506.95614613986,3544.869140625,2856271,TCS
2024-04-26,3547.5841971159175,3567.507084546707,3499.1807851009403,3516.48095703125,2039178,TCS
2024-04-29,3531.802085484041,3568.426862829934,3514.5019156929066,3561.43310546875,1110693,TCS
2024-04-30,3563.0900328204652,3572.0621732698455,3506.0364217577408,3515.836669921875,2203078,TCS
2024-05-02,3476.635273211625,3562.261741296734,3476.635273211625,3555.083984375,2491044,TCS
2024-05-03,3579.791498256479,3582.966434995953,3494.6253703944135,3536.771240234375,2962234,TCS
2024-05-06,3545.6058231496777,3625.618865765193,3545.6058231496777,3608.226806640625,2053831,TCS
2024-05-07,3617.198604098228,3669.8351109068294,3601.278762922236,3661.507080078125,2062112,TCS
2024-05-08,3644.9892925462136,3666.4304509643703,3624.3764664424393,3659.666748046875,1247685,TCS
2024-05-09,3645.9091253370098,3654.1910996247516,3598.1037742420194,3644.252685546875,1726486,TCS
2024-05-10,3646.4619361248674,3656.5843507790987,3575.098867879944,3583.24267578125,1672489,TCS
2024-05-13,3574.5925909400316,3639.4680646589845,3561.2494084020914,3632.842529296875,931326,TCS
2024-05-14,3621.9833954083765,3631.00159005514,3582.321851187996,3589.959716796875,1058317,TCS
2024-05-15,3592.996713752849,3613.655594732349,3566.3103506592815,3570.8193359375,1115021,TCS
2024-05-16,3606.691382121437,3623.7463967829854,3562.5704760290073,3615.8212890625,2599399,TCS
2024-05-17,3632.551806574356,3633.4787144096645,3550.0570092318917,3553.857421875,2765804,TCS
2024-05-21,3550.6128766567804,3563.7285306494523,3531.564877355128,3540.972900390625,1908117,TCS
2024-05-22,3554.6913678959663,3560.484541572459,3538.5168722503677,3551.91064453125,1311168,TCS
2024-05-23,3560.2062401149506,3619.5747261448155,3545.885560785401,3608.868896484375,2095742,TCS
2024-05-24,3594.780437128097,3599.92482105189,3563.311960285678,3568.1318359375,1309452,TCS
2024-05-27,3573.229711889253,3622.680335515065,3560.577510431646,3565.86083984375,1841538,TCS
2024-05-28,3576.0100306264594,3587.132923412234,3550.0566141263193,3559.23291015625,1801993,TCS
2024-05-29,3567.5751439944142,3567.5751439944142,3522.2494455944416,3525.632568359375,1568095,TCS
2024-05-30,3500.930948347214,3517.0590544137885,3443.8797249385125,3463.0205078125,2919230,TCS
2024-05-31,3466.6348590080306,3475.718599887057,3386.689068476094,3402.6318359375,10956800,TCS
2024-06-03,3459.961527315394,3477.3410487975398,3425.8512745605985,3432.20068359375,2156773,TCS
2024-06-04,3429.559028800051,3471.2698818530243,3328.989527550103,3443.462646484375,3395997,TCS
2024-06-05,3444.389229413079,3507.2336206771465,3429.5587052821297,3472.613525390625,2799670,TCS
2024-06-06,3504.6383361596722,3559.233114194575,3468.0254786409455,3550.427490234375,4328036,TCS
2024-06-07,3556.8232840964106,3628.8439736397468,3556.8232840964106,3609.33251953125,4552445,TCS
2024-06-10,3610.305978999996,3620.409183775903,3561.0870829656333,3576.6591796875,1734661,TCS
2024-06-11,3563.9603682346064,3596.355749469534,3560.2527371623205,3570.54150390625,1419898,TCS
2024-06-12,3591.211490093849,3608.9155195936296,3547.693214139478,3551.586181640625,2177001,TCS
2024-06-13,3574.8976680710653,3605.670958498831,3570.448465845115,3594.68701171875,1932323,TCS
2024-06-14,3604.7443844726295,3604.7443844726295,3548.2030094526167,3551.95703125,1860730,TCS
2024-06-18,3546.395689059985,3561.179823442644,3517.661546809407,3536.24609375,1774045,TCS
2024-06-19,3547.8786522964565,3553.625661858595,3515.714995969622,3523.825439453125,1509050,TCS
2024-06-20,3518.5415946390854,3531.471911667912,3503.7574622284674,3510.43115234375,2846526,TCS
2024-06-21,3547.2761188024833,3594.363079879569,3520.4421834921905,3532.2138671875,4642195,TCS
2024-06-24,3530.3601242080126,3575.083426076877,3514.185628169532,3537.82177734375,1702154,TCS
2024-06-25,3538.0067905497995,3566.4164218366413,3515.668223832292,3557.888916015625,1338808,TCS
2024-06-26,3563.4970839383795,3584.3061190627222,3560.2529065957383,3574.017578125,1639845,TCS
2024-06-27,3550.9837890347926,3653.8705550444147,3539.0267689087714,3646.59423828125,4526556,TCS
2024-06-28,3631.4395370159273,3670.555002133022,3612.94777109011,3618.787109375,2731571,TCS
2024-07-01,3600.109652784797,3709.2066482395257,3600.109652784797,3687.42431640625,2658723,TCS
2024-07-02,3701.699052905465,3729.320724102144,3691.4566765329196,3723.75927734375,2307449,TCS
2024-07-03,3726.169344471108,3731.8235725519535,3665.9203376575206,3675.421142578125,1821198,TCS
2024-07-04,3707.492429103772,3751.52055167907,3691.0398148782656,3727.050048828125,2518001,TCS
2024-07-05,3716.900124285456,3732.4258292933814,3696.5081535287777,3718.568603515625,1668616,TCS
2024-07-08,3728.0228685887946,3736.596765041914,3687.285319349085,3701.327880859375,1758882,TCS
2024-07-09,3693.7274640836704,3714.0730443794923,3684.551167677433,3694.19091796875,1305801,TCS
2024-07-10,3692.5226544204043,3710.6901382951037,3616.794330433944,3623.421630859375,2669716,TCS
2024-07-11,3643.674675535382,3689.0931591530957,3610.8622289094983,3636.908203125,4872189,TCS
2024-07-12,3689.0927313615903,3892.966265730662,3681.028679444162,3878.1357421875,13509164,TCS
2024-07-15,3926.103726954822,3930.089249638286,3853.20206311634,3864.46435546875,4848030,TCS
2024-07-16,3867.059349578485,3887.960939474929,3841.940057628319,3873.0380859375,2029521,TCS
2024-07-18,3855.936139365209,4008.8759141236847,3855.936139365209,4000.116455078125,5613364,TCS
2024-07-19,4011.12633936727,4049.543087779747,3981.2571303488753,3997.1904296875,3903354,TCS
2024-07-22,3994.9147516811868,4013.4959657428576,3962.443898651249,3983.20849609375,1896386,TCS
2024-07-23,3979.1668723137213,4052.2841289170647,3963.651377579033,3997.144287109375,2365208,TCS
2024-07-24,3983.347690266691,4031.2873123813406,3965.32400369121,4000.767578125,1809793,TCS
2024-07-25,3990.314849906467,4034.909753933361,3970.990572951942,4015.864013671875,2810342,TCS
2024-07-26,4041.4133370768022,4108.723954458355,4029.3818216621617,4076.578369140625,3552210,TCS
2024-07-29,4101.802189759301,4116.667158057409,4060.923526939503,4070.30712890625,1746803,TCS
2024-07-30,4079.597869696845,4086.0082967599183,4020.3235344521822,4055.674560546875,1797906,TCS
2024-07-31,4041.4139618583135,4100.87384543508,4036.7686584538783,4074.25634765625,2330091,TCS
2024-08-01,4087.309021156136,4105.797235952523,4055.3956995339786,4085.17236328125,2202244,TCS
2024-08-02,4055.349340765276,4086.0083392177967,3967.088587644382,3979.212646484375,2811282,TCS
2024-08-05,3938.2882837877764,3938.2882837877764,3818.90398455052,3860.29345703125,2787771,TCS
2024-08-06,3875.0653422807904,3956.172148090316,3865.6350146384816,3875.297607421875,2203067,TCS
2024-08-07,3928.0680935195514,3943.8158516524645,3883.7517228332504,3902.47265625,1237666,TCS
2024-08-08,3884.402501608471,3931.7845938309133,3864.8922283404063,3876.5517578125,2441283,TCS
2024-08-09,3917.8486743229014,3951.898655663078,3907.210748658729,3928.76513671875,1302536,TCS
2024-08-12,3929.9260150283535,3938.28755974118,3889.3726138997126,3898.0126953125,936912,TCS
2024-08-13,3914.1326781305343,3933.6429525764734,3886.260857493479,3899.221435546875,1495593,TCS
2024-08-14,3910.4158901229916,4000.7207578523953,3891.044886752686,3990.54736328125,3226545,TCS
2024-08-16,4041.413561593398,4112.951226936545,4018.280043659057,4102.77783203125,3457058,TCS
2024-08-19,4107.377235436386,4175.430929735349,4078.901616536801,4171.482421875,2055210,TCS
2024-08-20,4185.417806867609,4241.161440255413,4180.772504085293,4202.41943359375,2212298,TCS
2024-08-21,4197.495611851862,4236.516155388334,4173.8508391327405,4228.619140625,1896990,TCS
2024-08-22,4236.5158800949575,4237.398669027107,4178.171062150779,4182.63037109375,1829872,TCS
2024-08-23,4180.772575829952,4186.346939264392,4138.964850071652,4147.2333984375,1809253,TCS
2024-08-26,4170.553755995271,4229.223852321949,4166.83751295139,4183.0498046875,1844164,TCS
2024-08-27,4185.417238543987,4190.062540695533,4168.50815725524,4178.1240234375,930697,TCS
2024-08-28,4179.612080899268,4238.839704162915,4141.102331061256,4186.39404296875,1848058,TCS
2024-08-29,4143.609712206469,4232.799517671003,4143.609712206469,4191.73486328125,2133641,TCS
2024-08-30,4180.772468175268,4266.47830377286,4169.437748026632,4230.70947265625,3637222,TCS
2024-09-02,4251.381655472286,4262.530383589784,4191.921772178967,4200.32958984375,1216500,TCS
2024-09-03,4200.329626081671,4232.707481664155,4176.963840595747,4192.2470703125,1717263,TCS
2024-09-04,4159.358459046624,4168.695337572208,4121.963766080883,4161.4951171875,1265505,TCS
2024-09-05,4163.121262877798,4179.844356547023,4138.175890759279,4158.4296875,1688793,TCS
2024-09-06,4156.5713342216295,4198.379066063604,4125.02954174146,4140.59130859375,1649179,TCS
2024-09-09,4138.964928860649,4171.714314661398,4116.202944403391,4133.9013671875,1184938,TCS
2024-09-10,4127.305445435125,4217.88885396822,4125.447324234446,4188.06591796875,1385591,TCS
2024-09-11,4200.701434505407,4226.622135770557,4154.062408672436,4161.587890625,1325919,TCS
2024-09-12,4190.295114701829,4211.05970757852,4116.945606864631,4197.216796875,2742216,TCS
2024-09-13,4208.644977994091,4224.439009920338,4185.418460455492,4201.77001953125,1458786,TCS
2024-09-16,4205.857591838961,4223.556015887551,4175.616848928026,4193.0830078125,1155120,TCS
2024-09-17,4193.0829242332575,4214.033060161901,4149.184809090063,4186.02197265625,1699364,TCS
2024-09-18,4178.031572295144,4178.031572295144,4014.4706436360752,4037.83642578125,2961779,TCS
2024-09-19,4078.6224926759214,4108.492155250461,3978.0516781123274,3991.3837890625,2927551,TCS
2024-09-20,4010.661579574174,4023.4828879317256,3927.6036533634933,3980.931640625,5447908,TCS
2024-09-23,3994.9602305588905,4003.69330870643,3951.294386178363,3965.69482421875,1702319,TCS
2024-09-24,3950.0404365312907,3986.5990621222545,3939.216971195143,3968.29638671875,3012026,TCS
2024-09-25,3950.6915713330377,3985.299084273533,3939.217580340956,3971.50244140625,2713073,TCS
2024-09-26,3957.7977213162494,4010.5681761433375,3957.7977213162494,3987.9921875,3964251,TCS
2024-09-27,4027.4778141813813,4067.4274211040574,3995.0069638417276,4003.043701171875,3012477,TCS
2024-09-30,3982.7894470349006,3993.798904910472,3957.8440813783095,3965.69482421875,2503416,TCS
2024-10-01,3953.663791959934,3991.01221083208,3941.9579909083504,3983.718994140625,1823365,TCS
2024-10-03,3960.2139962956594,3975.4505001458124,3911.3453156377354,3932.4814453125,3350119,TCS
2024-10-04,3925.280999271066,3993.1024224537377,3924.398210251953,3950.597900390625,2965463,TCS
2024-10-07,3970.7126370149526,3992.406296192221,3929.3694337615807,3969.7373046875,1472619,TCS
2024-10-08,3969.5042681636573,3975.821698560318,3905.7243509858204,3951.52685546875,1541867,TCS
2024-10-09,3957.798231053306,3990.315352669941,3945.4419062961365,3951.24853515625,1082504,TCS
2024-10-10,3951.526804113441,3989.246753361262,3900.7537355297673,3927.510498046875,2378875,TCS
2024-10-11,3849.0975537454156,3941.0282693428026,3820.714937648371,3854.85791015625,5759183,TCS
2024-10-14,3846.3106857656626,3869.9087330608727,3829.7735893951135,3843.1982421875,2137590,TCS
2024-10-15,3837.995460690613,3874.1362795372975,3804.5030088222256,3824.75634765625,2759474,TCS
2024-10-16,3795.2124356440127,3823.0842527968452,3778.67511210238,3804.45654296875,2359151,TCS
2024-10-17,3821.0402585925135,3836.974010815032,3802.5985417542856,3817.510009765625,2522659,TCS
2024-10-18,3809.128265067552,3861.4221966319437,3799.8149930258223,3839.908447265625,2361000,TCS
2024-10-21,3848.8025545031073,3855.647899798256,3790.501385728475,3799.675048828125,1595450,TCS
2024-10-22,3786.7761613201965,3808.941792786158,3731.222588221232,3739.744140625,1928049,TCS
2024-10-23,3724.9364095884875,3831.0608725895195,3720.7918215935465,3787.00927734375,1966476,TCS
2024-10-24,3729.033775833075,3798.8833095961822,3729.033775833075,3769.9189453125,2676744,TCS
2024-10-25,3778.441074679716,3810.990914951962,3755.763166335102,3778.90673828125,1759676,TCS
2024-10-28,3789.5234771784344,3850.106352412569,3772.8062006829505,3809.919677734375,1532534,TCS
2024-10-29,3814.5762988806255,3821.7008604425628,3781.281354135695,3795.390869140625,1445885,TCS
2024-10-30,3795.158291397516,3824.960761415852,3781.234995410785,3804.1455078125,1935002,TCS
2024-10-31,3790.501863729732,3798.2319252904335,3688.0558674127124,3695.925537109375,3740372,TCS
2024-11-01,3715.855640568731,3724.3305810268316,3703.003280699814,3710.593505859375,154895,TCS
2024-11-04,3693.922411396378,3717.764246725445,3644.5154674235478,3691.919921875,2269192,TCS
2024-11-05,3670.45333173397,3712.2698276535116,3670.45333173397,3698.6259765625,967590,TCS
2024-11-06,3728.6612931693503,3864.8210432401042,3702.258078759821,3855.3681640625,3792017,TCS
2024-11-07,3883.3551713111415,3916.975719116069,3804.518188145807,3865.845947265625,3724349,TCS
2024-11-08,3869.6642401156896,3883.401315336317,3834.879080725745,3862.213623046875,1648039,TCS
2024-11-11,3844.704960664376,3943.518408459811,3834.879186284666,3910.363525390625,1406487,TCS
2024-11-12,3926.475609493647,3928.3382639573533,3878.3726489183473,3909.15283203125,1587640,TCS
2024-11-13,3891.178314501988,3908.547476051825,3847.359096337812,3865.333984375,1098813,TCS
2024-11-14,3851.0375903197846,3874.3207680121654,3833.7616543718636,3861.18896484375,1825432,TCS
2024-11-18,3923.6812860911455,3923.6812860911455,3716.181551430071,3743.469482421875,3313944,TCS
2024-11-19,3743.8418634756777,3848.383334503383,3738.440347986104,3762.142578125,1776233,TCS
2024-11-21,3767.124986745769,3811.409636894372,3747.660340835974,3793.15576171875,2384347,TCS
2024-11-22,3791.4328432690386,3962.750655117127,3775.6002816538157,3953.111328125,3096553,TCS
2024-11-25,3986.0801022933974,4030.8770280377776,3960.1893900708537,4018.769775390625,4052167,TCS
2024-11-26,4024.3109738880953,4066.733198149224,4014.0199908461996,4053.787841796875,2060669,TCS
2024-11-27,4059.6083950341376,4076.7911069702654,4027.104715840101,4035.02099609375,1558993,TCS
2024-11-28,4022.4020594566896,4041.913545627335,3942.3079225932315,3953.390625,2558544,TCS
2024-11-29,3930.2002766528776,4003.4958997310346,3907.5223713104324,3977.558349609375,2017425,TCS
2024-12-02,3976.767214179378,3993.71755141835,3939.5605099829345,3982.96044921875,1670944,TCS
2024-12-03,4018.0710631615407,4027.9896055756494,3972.5292600738435,4007.267578125,2010905,TCS
2024-12-04,4017.3260445950987,4085.6858211811555,3994.5085294279797,4055.370849609375,3302642,TCS
2024-12-05,4098.584281260393,4180.727516616581,4060.586315983135,4157.49072265625,3746747,TCS
2024-12-06,4147.199308267314,4158.375232745017,4109.713394915021,4140.21435546875,1842087,TCS
2024-12-09,4126.198676219265,4162.473596939852,4112.321537472264,4146.408203125,2066639,TCS
2024-12-10,4122.193406026578,4185.1975942064855,4109.108442002176,4128.15380859375,2087828,TCS
2024-12-11,4127.501556345011,4143.147667667823,4104.357990003328,4123.40380859375,1635256,TCS
2024-12-12,4125.825217645854,4177.00182096417,4122.05352499162,4149.015625,1914642,TCS
2024-12-13,4130.389630221359,4186.222421425734,4092.624040484277,4166.66455078125,1967048,TCS
2024-12-16,4152.788043789598,4167.689279201268,4095.0457565693796,4111.99609375,1646224,TCS
2024-12-17,4107.1529221069295,4128.5270630912055,4021.470820330549,4031.249755859375,3225027,TCS
2024-12-18,4015.6031250525107,4062.44869495374,3995.0207057764947,4049.2705078125,1575404,TCS
2024-12-19,3987.9433615911394,4064.3121975674294,3969.3168162310685,3978.536865234375,3015763,TCS
2024-12-20,4031.7151268140337,4081.0754644719555,3867.3358891418975,3883.913330078125,4116989,TCS
2024-12-23,3911.6199645875045,3927.4061398642916,3832.317557835385,3872.737060546875,2195338,TCS
2024-12-24,3872.737858457334,3928.338276273141,3872.737858457334,3892.482177734375,1181886,TCS
2024-12-26,3892.4818540644487,3911.5276763317006,3858.628020945553,3882.796142578125,1208464,TCS
2024-12-27,3877.114844483566,3893.8323483767854,3862.4464421773887,3878.837890625,858100,TCS
2024-12-30,3865.939198896072,3910.922120659606,3829.6174381740902,3873.203369140625,1527169,TCS
2024-12-31,3851.0379404710184,3855.6481919731173,3755.157851490963,3813.5986328125,1555429,TCS
2025-01-01,3813.2258927424173,3850.1065398065944,3804.8905600046846,3830.03662109375,763161,TCS
2025-01-02,3837.0677703855595,3895.741379495824,3815.6008619680624,3888.9892578125,1720835,TCS
2025-01-03,3892.9011567771527,3892.9011567771527,3811.270194517517,3818.34814453125,1791953,TCS
2025-01-06,3823.5638477814505,3864.6818530145874,3787.148863043133,3813.784912109375,2085593,TCS
2025-01-07,3832.364669490885,3856.020287112112,3736.065309985075,3751.6650390625,2669054,TCS
2025-01-08,3757.8113786502354,3842.6553628516654,3741.8392108815506,3826.263916015625,2181277,TCS
2025-01-09,3819.372861544339,3853.599136272882,3748.871437714519,3761.490966796875,2392472,TCS
2025-01-10,3911.5740395746316,4001.9127733457603,3883.6342250062416,3972.715576171875,7894300,TCS
2025-01-13,3953.4836967820274,4026.0808290149944,3937.092248220012,3996.41796875,4003771,TCS
2025-01-14,4006.5694375522967,4017.6521397931906,3929.3156678223904,3942.354248046875,3441709,TCS
2025-01-15,3928.338036632813,3964.1477485251917,3918.5127168051804,3957.76806640625,1653474,TCS
2025-01-16,3967.4536113637214,3999.118734083526,3903.9837578032057,3917.441162109375,2637705,TCS
2025-01-17,3945.5156582213353,3946.179768328342,3888.7499900580783,3911.750244140625,1761466,TCS
2025-01-20,3932.1425484323627,3932.1425484323627,3858.447160711793,3867.647216796875,1287799,TCS
2025-01-21,3884.245030505511,3899.135870393051,3822.3102791739225,3827.85888671875,1971591,TCS
2025-01-22,3841.2796202434547,3948.598240960883,3835.7784821299006,3942.385986328125,2409223,TCS
2025-01-23,3953.1984717808796,3975.3452017162494,3926.6887142484056,3931.810791015625,1822998,TCS
2025-01-24,3892.4971314131344,3962.683483197874,3892.4971314131344,3938.35546875,1910099,TCS
2025-01-27,3890.5999221421316,3942.149041037749,3832.7910788257336,3855.64892578125,1551782,TCS
2025-01-28,3861.007991181617,3890.6000269864126,3820.6982639395587,3832.079833984375,2468272,TCS
2025-01-29,3845.0737102492853,3896.148597963248,3845.0737102492853,3888.51318359375,1217089,TCS
2025-01-30,3888.6083112735987,3917.0622374954364,3849.3419857109207,3888.75048828125,1531251,TCS
2025-01-31,3898.1874018590165,3915.686749530312,3874.7129156799383,3900.463623046875,1492943,TCS
2025-02-01,3901.032960408717,3922.7526963272944,3846.970505085766,3863.236572265625,437172,TCS
2025-02-03,3823.1639848038094,3866.8882740010763,3792.6234860032378,3858.968505859375,1265713,TCS
2025-02-04,3873.242905885086,3906.5815588564824,3856.5026066809596,3895.389404296875,2547132,TCS
2025-02-05,3936.126163727403,3936.126163727403,3865.939817675396,3880.26171875,1693912,TCS
2025-02-06,3893.8246615705457,3926.167381981307,3842.7500055982014,3872.342041015625,2284536,TCS
2025-02-07,3879.218228908592,3879.218228908592,3801.444171507491,3821.7412109375,1548940,TCS
2025-02-10,3831.7949614241543,3843.176530616503,3807.4669498989556,3828.902099609375,1339511,TCS
2025-02-11,3811.308028813468,3831.7949459001434,3751.1754977809574,3759.284912109375,1810908,TCS
2025-02-12,3766.446193388272,3814.4858114252734,3737.0910418049134,3746.57568359375,1678002,TCS
2025-02-13,3763.5057059907817,3779.1078947757164,3701.144188811121,3708.636962890625,2277310,TCS
2025-02-14,3722.7215010647665,3744.536174828968,3699.009899147157,3732.06396484375,1681975,TCS
2025-02-17,3657.7517993998813,3731.257767104663,3657.467213858333,3703.278076171875,1799806,TCS
2025-02-18,3697.4925589213967,3722.152626882654,3665.3397167799785,3673.59130859375,2149879,TCS
2025-02-19,3672.6425540939376,3675.2508303067148,3573.9548205315027,3589.0830078125,4366672,TCS
2025-02-20,3567.6478288188787,3592.782128290818,3557.9735409942346,3584.625244140625,2888572,TCS
2025-02-21,3581.495794993982,3620.2878885485798,3580.4523917398187,3590.885498046875,1833931,TCS
2025-02-24,3550.2433706104594,3569.260122487774,3480.8633130033377,3486.1748046875,2508516,TCS
2025-02-25,3438.1827325843765,3469.4820512534207,3434.6259918265305,3442.498291015625,4101954,TCS
2025-02-27,3425.5674922476032,3450.5121425585785,3415.1343879133137,3426.373779296875,3823856,TCS
2025-02-28,3400.196551952343,3414.4709839051175,3278.8406087111084,3303.73779296875,7085018,TCS
2025-03-03,3305.3972886171223,3341.6760393458467,3297.0032889623258,3313.032470703125,4990439,TCS
2025-03-04,3294.964557324782,3367.9962990962294,3285.764501101665,3350.02294921875,2797737,TCS
2025-03-05,3339.400041837824,3414.8029405590255,3339.400041837824,3364.249755859375,2501894,TCS
2025-03-06,3373.6866911774378,3423.433585251506,3353.863884772035,3415.98828125,2786513,TCS
2025-03-07,3414.4707542689284,3438.1823567291294,3390.1899807262357,3425.093505859375,2051315,TCS
2025-03-10,3420.636010676855,3435.4321442725973,3397.9678097594306,3404.654296875,1004626,TCS
2025-03-11,3374.6352261327497,3403.8004968476407,3355.3338893126197,3391.043701171875,1995450,TCS
2025-03-12,3381.2746199098347,3385.305592458114,3307.15224085139,3325.5048828125,3174167,TCS
2025-03-13,3321.8059194545594,3342.672130004524,3304.5439188567675,3330.10498046875,1693004,TCS
2025-03-17,3309.1912796488264,3348.505070694925,3298.141765391246,3317.44287109375,2690906,TCS
2025-03-18,3317.44287109375,3317.44287109375,3317.44287109375,3317.44287109375,0,TCS
2025-03-19,3364.2022912119846,3364.2022912119846,3284.294187734508,3316.8740234375,3051244,TCS
2025-03-20,3331.0061697900233,3394.505799750347,3331.0061697900233,3379.52001953125,2845192,TCS
2025-03-21,3295.9127223046994,3429.883275405574,3286.428081377204,3393.699462890625,4161925,TCS
2025-03-24,3414.4709640539177,3461.6570558488297,3382.7923538442037,3441.928955078125,1834751,TCS
2025-03-25,3457.1517113972473,3518.8018790902024,3450.5124625687754,3469.24462890625,3135390,TCS
2025-03-26,3459.7596358592737,3490.8218325762614,3438.9883664032623,3448.425537109375,1734499,TCS
2025-03-27,3428.555452249772,3474.2239048124366,3424.4295409023484,3463.031982421875,2528474,TCS
2025-03-28,3462.8424183134416,3472.279589767322,3406.7880975546004,3420.3037109375,2051919,TCS
2025-04-01,3388.577667798288,3399.2953585160476,3343.3359762190476,3367.806396484375,2618493,TCS
2025-04-02,3361.3567956889556,3380.4210168658315,3348.1257677061367,3361.309326171875,1764313,TCS
2025-04-03,3311.088041352429,3321.521146037298,3221.1261324235493,3227.765380859375,4537821,TCS
2025-04-04,3189.3056688327865,3224.446080623458,3125.663631237096,3129.362548828125,5317367,TCS
2025-04-07,2940.2386292720134,3121.7745604042666,2898.5536795332505,3105.31884765625,6623955,TCS
2025-04-08,3131.8757443343147,3176.406084910182,3087.5350502556194,3123.24462890625,5557558,TCS
2025-04-09,3092.514474322123,3101.4774131953245,3046.513968346596,3079.283447265625,2990265,TCS
2025-04-11,3120.020055994998,3128.9355257101774,3040.7758359181594,3064.961669921875,7108961,TCS
2025-04-15,3143.5893021337306,3143.5893021337306,3071.69590901875,3080.801025390625,3512160,TCS
2025-04-16,3080.800771527295,3109.159984550683,3062.590308725503,3105.08154296875,2384391,TCS
2025-04-17,3078.240292358944,3133.3461501914685,3052.1575291360596,3128.88818359375,2932346,TCS
2025-04-21,3120.5420796132057,3181.1488478659085,3114.8512945544117,3150.418701171875,2432946,TCS
2025-04-22,3151.3669464223676,3162.0844056249766,3125.189244347029,3143.58935546875,2710498,TCS
2025-04-23,3191.5816342442954,3244.6006837766467,3165.3092254984945,3237.10791015625,3543923,TCS
2025-04-24,3225.821178130507,3236.6335756939984,3213.111620905439,3226.29541015625,2252175,TCS
2025-04-25,3243.747204561521,3298.568475558524,3229.5202431380058,3270.30419921875,2742991,TCS
2025-04-28,3257.9739444135007,3279.5989706182713,3229.5200235015927,3266.035888671875,1593296,TCS
2025-04-29,3276.9436254865236,3314.8821913387555,3253.6113148639492,3293.541748046875,1578332,TCS
2025-04-30,3293.06738873724,3329.014085869881,3192.53019311335,3275.71044921875,2809332,TCS
2025-05-02,3293.0674491310842,3311.562499608635,3243.7473145242825,3254.180419921875,1721761,TCS
2025-05-05,3272.2013429677813,3323.892639545098,3268.786779377753,3276.27978515625,1284443,TCS
2025-05-06,3281.68603515625,3294.0160693923863,3259.871359200009,3281.68603515625,1324763,TCS
2025-05-07,3244.3163408615387,3281.211501134211,3244.3163408615387,3267.5537109375,1477128,TCS
2025-05-08,3270.3044338611708,3297.8098945868014,3251.999029204456,3271.157958984375,2543591,TCS
2025-05-09,3223.8298466966075,3268.5973110539226,3222.9763215318844,3263.00146484375,2531757,TCS
2025-05-12,3324.3666713915923,3443.3989159735165,3321.7109255991563,3433.8193359375,2228678,TCS
2025-05-13,3433.819342081611,3436.2854413701325,3329.5832299005933,3333.851318359375,3062887,TCS
2025-05-14,3339.5422865093847,3377.4808526725133,3327.7814236222675,3365.814697265625,2119499,TCS
2025-05-15,3380.3262508294533,3414.4709604337913,3332.997982084671,3395.40673828125,3548330,TCS
2025-05-16,3408.6851728219754,3408.6851728219754,3363.3487722739774,3377.765380859375,1666727,TCS
2025-05-19,3367.0476004136544,3367.0476004136544,3323.133665679634,3337.45556640625,2537377,TCS
2025-05-20,3349.785509814958,3374.635222590325,3313.93352100354,3318.011962890625,2038374,TCS
2025-05-21,3327.2117765824564,3354.717233116348,3318.0117219155986,3344.094482421875,1440153,TCS
2025-05-22,3314.881923566922,3317.5376692737764,3273.4340900331863,3297.8095703125,2034383,TCS
2025-05-23,3297.809582057325,3352.820498295267,3286.9971842477944,3333.471923828125,1274331,TCS
2025-05-26,3339.5419426934536,3362.3050800477968,3329.203777101799,3355.001953125,967470,TCS
2025-05-27,3349.9752588067204,3357.5629717372003,3303.5954561426133,3318.391357421875,2467680,TCS
2025-05-28,3338.593667057572,3347.129844047208,3312.985136088664,3317.44287109375,1222933,TCS
2025-05-29,3324.0822341714443,3350.4495836467595,3306.820233088302,3317.822509765625,3188072,TCS
2025-05-30,3310.139637529337,3325.97894134562,3275.1414056184462,3284.910400390625,3404365,TCS
2025-06-02,3272.201121116267,3281.6857620470387,3242.41944121709,3272.011474609375,1877585,TCS
2025-06-03,3268.407343175387,3294.490106360913,3225.252225904789,3229.7099609375,2848125,TCS
2025-06-04,3242.9150002967904,3248.465034332547,3224.7340073768614,3235.1640625,2544807,TCS
2025-06-05,3262.0530702216233,3262.0530702216233,3218.7057063727016,3225.786865234375,3584683,TCS
2025-06-06,3225.7868448606714,3244.7331673196672,3213.9212139850256,3238.322021484375,2070390,TCS
2025-06-09,3253.4410779830223,3285.975488762853,3244.7332451805223,3274.39697265625,1718678,TCS
2025-06-10,3291.7166070762078,3335.54241560308,3275.640735062478,3313.62939453125,2419874,TCS
2025-06-11,3320.423693236899,3338.604687522634,3300.424692969312,3322.24169921875,2847013,TCS
2025-06-12,3322.2416207116808,3324.9209717927824,3275.640909498604,3286.166748046875,4060134,TCS
2025-06-13,3246.934184213111,3301.7642826377164,3246.934184213111,3297.171142578125,2178493,TCS
2025-06-16,3291.7166438153617,3357.742355566309,3278.511454741814,3345.58984375,1934088,TCS
2025-06-17,3358.6994089523137,3368.2683531373627,3337.743514633776,3363.77099609375,2111940,TCS
2025-06-18,3367.4069330910083,3385.492142497093,3294.6829639474868,3302.625,2696327,TCS
2025-06-19,3301.285995055582,3302.2428895469025,3265.880898876725,3276.40673828125,2672768,TCS
2025-06-20,3277.3633274014865,3297.7452248908758,3263.871022884297,3287.60205078125,2351248,TCS
2025-06-23,3267.7945867055305,3277.3635313225304,3224.73433592903,3247.317138671875,3123421,TCS
2025-06-24,3286.5498048258933,3293.7265132738476,3236.2170627975156,3244.2548828125,3403048,TCS
2025-06-25,3260.4262751214173,3301.2856185170967,3253.440899408153,3296.309814453125,1757699,TCS
2025-06-26,3296.3098921986184,3302.625255099875,3268.081507258558,3293.439208984375,2879106,TCS
2025-06-27,3306.0700253129785,3316.978527608251,3283.104560593004,3292.769287109375,1778433,TCS
2025-06-30,3291.6208515129015,3315.5432107745055,3282.1476906920225,3312.768310546875,1468351,TCS
2025-07-01,3306.0700701470973,3334.776901436363,3266.35895353028,3281.860595703125,2375183,TCS
2025-07-02,3336.8820295980254,3339.4655976963195,3272.57877409358,3275.736572265625,3090585,TCS
2025-07-03,3282.1480591402083,3287.2196465963534,3251.144771503511,3254.206787109375,2531870,TCS
2025-07-04,3261.096050751665,3279.2770439923584,3243.967734776887,3272.387451171875,1109320,TCS
2025-07-07,3270.95207089655,3278.415893704088,3261.478676465787,3264.636474609375,1639174,TCS
2025-07-08,3258.2253086430815,3277.363195918518,3247.125240576613,3259.37353515625,2325242,TCS
2025-07-09,3263.0097947012437,3266.837372173034,3221.8633368794976,3237.939208984375,2034938,TCS
2025-07-10,3234.303008112803,3252.484001353674,3211.33754296644,3236.216796875,3035012,TCS
2025-07-11,3157.6554203340047,3191.2425038512324,3120.528108232093,3125.216796875,7635550,TCS
2025-07-14,3125.217267735536,3130.9586344245786,3062.062234156067,3083.78369140625,3924009,TCS
2025-07-15,3067.8031684457687,3118.901231329378,3067.8031684457687,3112.107421875,2590889,TCS
2025-07-16,3098.377660261314,3115.5641051149655,3092.23284636304,3104.234619140625,2540733,TCS
2025-07-17,3095.5933632665156,3112.779808234124,3076.390526695053,3081.287109375,2947640,TCS
2025-07-18,3096.4574198500977,3100.1060057073505,3059.972030096825,3062.75634765625,3432645,TCS
2025-07-21,3062.8523807267275,3070.1495522628406,3026.3669918654064,3032.31982421875,3844346,TCS
2025-07-22,3033.663818359375,3053.346723269556,3028.8631098446967,3033.663818359375,3198036,TCS
2025-07-23,3033.6639547012974,3055.171036049811,3031.743671209123,3052.38671875,1922875,TCS
2025-07-24,3038.944885626984,3047.2019644087272,3014.8452328363246,3022.5263671875,2934778,TCS
2025-07-25,3014.845292873372,3031.0715957495104,3001.019344529776,3010.812744140625,2568917,TCS
2025-07-28,2986.041003699968,2993.72213811463,2947.539223682625,2956.564697265625,3374473,TCS
2025-07-29,2938.033682139132,2951.475666305782,2919.9829708048537,2934.193115234375,4785312,TCS
2025-07-30,2938.033974050545,2946.6752504448114,2925.7441118523307,2931.88916015625,2880121,TCS
2025-07-31,2920.4631457840833,2937.841805411508,2894.827407662822,2915.758544921875,2968371,TCS
2025-08-01,2909.133383273443,2915.758501968501,2880.4252388236764,2883.3056640625,2053847,TCS
2025-08-04,2889.1627911176092,2956.6605722928375,2872.360309577052,2951.85986328125,2519252,TCS
2025-08-05,2951.859809051624,2954.836342347973,2920.751308991888,2941.7783203125,1927996,TCS
2025-08-06,2940.9140476547227,2944.5626330221426,2905.3888045064286,2911.437744140625,1487081,TCS
2025-08-07,2895.7876067904904,2929.9687479023937,2890.890789951502,2925.552001953125,2543076,TCS
2025-08-08,2926.6083584758467,2937.841970823321,2904.4289887975438,2915.37451171875,2762140,TCS
2025-08-11,2915.3746004762743,2928.3365153663553,2900.876599282036,2919.599365234375,1884215,TCS
2025-08-12,2919.791194448837,2972.9829560524563,2906.253101394714,2914.414306640625,3358232,TCS
2025-08-13,2915.0864995163706,2923.0554886191444,2907.8854362960733,2915.182373046875,2148166,TCS
2025-08-14,2913.0700372499637,2934.0970475783347,2898.7640190971856,2901.83642578125,3342174,TCS
2025-08-18,2925.072007661826,2927.4723621732833,2883.6898021204543,2891.178955078125,2945609,TCS
2025-08-19,2891.1790271854784,2904.429031301108,2891.083153648401,2895.979736328125,2650784,TCS
2025-08-20,2890.890836056874,2979.7039520714934,2890.890836056874,2975.095458984375,4952358,TCS
2025-08-21,3005.2438266480435,3005.2438266480435,2960.2132701020532,2978.93603515625,3230726,TCS
2025-08-22,2962.997732386061,2972.3110613965996,2928.432625981039,2932.273193359375,1593791,TCS
2025-08-25,2964.245782645686,3026.366909314735,2954.4523833109183,3015.42138671875,3448370,TCS
2025-08-26,3004.2834255253156,3035.968102112831,2995.642150092357,3031.359375,5522097,TCS
2025-08-28,3019.6456977878825,3021.0859103623443,2963.477407383879,2970.390380859375,3116051,TCS
2025-08-29,2969.7187359392783,2990.8418565958136,2954.548447858567,2961.74951171875,2271789,TCS
2025-09-01,2966.8382982161247,3006.3002217717835,2966.8382982161247,2988.53759765625,1246862,TCS
2025-09-02,2996.6989010802117,3029.2476168924754,2979.4163473229805,2987.4814453125,2185229,TCS
2025-09-03,3005.1478080455095,3016.669509959856,2964.9179592917676,2974.039306640625,1799774,TCS
2025-09-04,2991.8017155695825,2993.7219990840686,2967.6061901689773,2972.310791015625,1481391,TCS
2025-09-05,2973.655259644998,2979.703965451406,2907.885546409113,2926.80029296875,2802055,TCS
2025-09-08,2928.4323632618416,2942.7383816988513,2895.7875434746607,2898.66796875,2626187,TCS
2025-09-09,2911.246178939102,2938.034042622692,2909.997947659983,2927.8564453125,2489301,TCS
2025-09-10,2934.5773210773896,2998.2347696750494,2931.696895660388,2986.041015625,2079428,TCS
2025-09-11,3013.885194748687,3013.885194748687,2986.137189714118,2999.675048828125,2263446,TCS
2025-09-12,3018.685897890405,3023.198517586115,2996.6026359147436,3008.50830078125,1447167,TCS
2025-09-15,3009.0844623500607,3009.0844623500607,2972.5990732086116,2987.865234375,1732539,TCS
2025-09-16,3003.323408916267,3024.4465275211764,2985.176823514983,3020.31787109375,2573429,TCS
2025-09-17,3026.367137231914,3055.55535595913,3017.149681628776,3046.338134765625,2418271,TCS
2025-09-18,3058.0517436415034,3075.334296666793,3035.392302577828,3050.08251953125,2633138,TCS
2025-09-19,3043.6495079786732,3053.730996885227,3018.685821162444,3042.88134765625,4901694,TCS
2025-09-22,2971.6388949892716,2983.0644887376598,2942.8346407567424,2951.283935546875,3634901,TCS
2025-09-23,2947.6353061603577,2957.9087764692863,2930.352753876681,2940.338134765625,3177741,TCS
2025-09-24,2928.432470591566,2935.153463147022,2912.1100600997443,2914.414306640625,1625714,TCS
2025-09-25,2901.5489447732325,2908.846117286358,2833.3788669840533,2839.523681640625,4974361,TCS
2025-09-26,2823.7769658283983,2837.0269692313786,2776.057966398974,2783.547119140625,3934636,TCS
2025-09-29,2799.773476015783,2812.5434087793974,2778.6503565122343,2780.666748046875,3110035,TCS
2025-09-30,2794.9724895498107,2799.101145742985,2770.1049132760872,2773.273193359375,2253458,TCS
2025-10-01,2775.7701654990638,2808.223007812976,2752.342797471782,2798.04541015625,1952902,TCS
2025-10-03,2807.454578770542,2807.454578770542,2775.8660078142957,2786.2353515625,2899519,TCS
2025-10-06,2786.331441741774,2874.2805224330996,2780.18662812204,2869.28759765625,2112774,TCS
2025-10-07,2875.624650921264,2884.745997894136,2837.699050349848,2855.173583984375,3062943,TCS
2025-10-08,2856.421663900003,2921.711301932003,2849.70067174965,2906.541015625,4121889,TCS
2025-10-09,2913.070135429991,2943.794672125363,2899.628150625765,2939.666015625,3211304,TCS
2025-10-10,2928.432687835625,2947.635525132908,2887.0504796961263,2907.59765625,8817365,TCS
2025-10-13,2906.349233459963,2914.5104387736105,2878.6971026918,2887.33837890625,2866865,TCS
2025-10-14,2900.5884226064827,2906.5412549765147,2837.699133735008,2842.307861328125,3611416,TCS
2025-10-15,2863.220385125294,2871.6047262713414,2843.9459294866183,2862.06396484375,4282226,TCS
2025-10-16,2862.160371154854,2867.0754517571395,2836.332787245134,2862.931396484375,3251495,TCS
2025-10-17,2862.256586509825,2880.3746213869317,2848.1861401528254,2854.739501953125,4374683,TCS
2025-10-20,2877.1943748710046,2913.333979311689,2870.4483153754104,2905.81689453125,3133039,TCS
2025-10-21,2921.1404673344027,2921.815026282457,2887.3137006926995,2897.62548828125,310644,TCS
2025-10-23,2944.172939856895,2985.6130172427693,2925.958674375256,2961.712646484375,5564758,TCS
2025-10-24,2968.2662739630537,2977.9035021252716,2947.3535359078196,2952.07568359375,2684318,TCS
2025-10-27,2955.2558763824863,2981.9509500743798,2949.184375870237,2972.98828125,1946312,TCS
2025-10-28,2964.4114953280427,2978.096312781555,2929.9101701396817,2946.968017578125,3470737,TCS
2025-10-29,2946.96788369373,2964.4113606511696,2935.596142774,2946.678955078125,2895420,TCS
2025-10-30,2938.4874105526364,2952.654089267939,2922.7786811771543,2925.18798828125,2241536,TCS
2025-10-31,2924.898585437403,2956.1231088421955,2915.357824198127,2947.064208984375,1868085,TCS
2025-11-03,2936.367047373489,2947.06446508497,2900.80576844531,2907.359130859375,2194877,TCS
2025-11-04,2910.0574685167057,2919.4055326440953,2868.039060214524,2881.723876953125,2670720,TCS
2025-11-06,2881.627605776501,2914.2977142131544,2881.531139384038,2901.6728515625,2542721,TCS
2025-11-07,2892.1323165785257,2895.0234851722394,2853.101540563387,2883.26611328125,1830520,TCS
2025-11-10,2884.422275161144,2937.3305615709287,2883.4585523829414,2915.4541015625,1556656,TCS
2025-11-11,2934.5359333014544,2944.847720230334,2908.5154176367123,2936.46337890625,2806868,TCS
2025-11-12,2948.991669923252,3022.619995280987,2946.1969680097523,3018.18701171875,4460315,TCS
2025-11-13,3018.186949242595,3018.2831803470704,2989.4679642954256,2993.03369140625,1740435,TCS
2025-11-14,2977.9034333434784,3000.1655239975616,2965.6642009169345,2993.322998046875,2210794,TCS
2025-11-17,2993.323082448971,3010.188231818854,2974.626953832486,2989.660888671875,2232853,TCS
2025-11-18,2989.4682629851,2992.3594315179676,2966.338914722159,2975.10888671875,2548350,TCS
2025-11-19,2984.6495543039355,3040.5454775036865,2971.639296317787,3033.51025390625,3151053,TCS
2025-11-20,3033.79944214396,3049.7008686990343,3024.2586803244717,3030.715576171875,2700767,TCS
2025-11-21,3030.715536432949,3055.0013041600305,3021.463703354114,3036.30517578125,4177037,TCS
2025-11-24,3043.4366842823783,3063.578397230728,3017.4161679823073,3027.24609375,6703764,TCS
2025-11-25,3031.1974493056246,3035.534202019235,3001.996600643867,3006.044189453125,2737920,TCS
2025-11-26,3005.658657913636,3062.71099952004,3003.923909850209,3048.15869140625,2508527,TCS
2025-11-27,3064.6384631299097,3064.6384631299097,3011.6337098367826,3022.81298828125,2836233,TCS
2025-11-28,3026.0897270293826,3033.124950840084,3011.6338843843378,3023.680419921875,1616690,TCS
2025-12-01,3024.0657566161144,3039.581788202742,3008.935355329588,3019.72900390625,1747647,TCS
2025-12-02,3017.416350282513,3029.9447477765,3007.2007935969305,3021.94580078125,2512003,TCS
2025-12-03,3026.089516693691,3095.3810901757683,3025.125793917674,3064.638427734375,3952112,TCS
2025-12-04,3078.13047294951,3132.0989471151875,3071.769808666434,3112.053466796875,5025905,TCS
2025-12-05,3112.824571063191,3152.915532717371,3105.5001838412545,3120.72705078125,5244013,TCS
2025-12-08,3125.353065437683,3141.6398867746047,3092.2010949656524,3119.0888671875,2544725,TCS
2025-12-09,3112.8243568679477,3116.3900838422614,3065.794641509269,3091.91162109375,2734893,TCS
2025-12-10,3108.0062080861744,3108.0062080861744,3062.807700289892,3073.5048828125,1386849,TCS
2025-12-11,3088.7315521574005,3092.0081155406747,3038.7144333046613,3076.106689453125,1914362,TCS
2025-12-12,3081.696263178982,3106.078496384854,3070.131589906683,3103.669189453125,1146554,TCS
2025-12-15,3094.6101270221197,3120.7268716204835,3081.310706400481,3113.01708984375,1562190,TCS
2025-12-16,3103.187500999765,3103.187500999765,3075.3360054304358,3088.828125,1734623,TCS
2025-12-17,3084.3949307247763,3119.4743477745933,3084.3949307247763,3101.0673828125,1376350,TCS
2025-12-18,3110.897128527372,3168.5277977297296,3104.1510690788923,3161.78173828125,2307422,TCS
2025-12-19,3179.3215200364916,3197.5357868591873,3159.854366515901,3162.938232421875,3902511,TCS
2025-12-22,3189.9223631467994,3207.8477007511456,3171.6116305486757,3204.28173828125,2632816,TCS
2025-12-23,3199.4631245744913,3199.4631245744913,3174.0209376032617,3189.92236328125,2365420,TCS
2025-12-24,3184.236571775606,3206.4021959958864,3176.5267894381177,3198.595947265625,1367708,TCS
2025-12-26,3192.9103071634727,3199.559900795541,3153.108505919085,3161.010986328125,1176664,TCS
2025-12-29,3161.0105311971397,3168.7203129805475,3125.2563240630398,3133.54443359375,2079473,TCS
2025-12-30,3132.0992469072426,3148.9643966982817,3121.9801570326194,3129.015380859375,2807593,TCS
2025-12-31,3122.462063286045,3128.2444004402787,3082.467564635931,3089.88818359375,3362634,TCS
2026-01-01,3098.368779137981,3116.775978595714,3082.1781891606697,3110.31884765625,1255735,TCS
2026-01-02,3116.6795578205924,3136.243177859361,3102.7055771191704,3132.773681640625,1184324,TCS
2026-01-05,3122.9439430034404,3129.2081416238766,3075.23966120166,3099.42919921875,2341703,TCS
2026-01-06,3093.550169667909,3144.8201752673103,3088.7315556964636,3137.688720703125,2912325,TCS
2026-01-07,3125.2565425983025,3180.8635358265738,3106.271250685878,3176.044921875,1989442,TCS
2026-01-08,3167.6606296336045,3167.6606296336045,3066.566193971062,3087.671630859375,4159336,TCS
2026-01-09,3075.239584998998,3112.5356118812538,3075.239584998998,3091.43017578125,1938673,TCS
2026-01-12,3086.804068110982,3134.026484388671,3059.145271347969,3122.076416015625,2228342,TCS
2026-01-13,3127.2804209827063,3161.0107182814413,3094.0319850739534,3149.446044921875,5645341,TCS
2026-01-14,3141.736098705462,3141.736098705462,3067.529448521315,3076.684814453125,3539511,TCS
2026-01-15,3076.684814453125,3076.684814453125,3076.684814453125,3076.684814453125,0,TCS
2026-01-16,3159.0110444402844,3161.464149941515,3111.519017760894,3146.54931640625,4293470,TCS
2026-01-19,3128.2002715520307,3159.600023336744,3092.973770842994,3104.258056640625,3387562,TCS
2026-01-20,3092.4832014713097,3100.7255406282875,3033.118044759914,3044.10791015625,4499273,TCS
2026-01-21,3041.8509292683366,3079.6287553253787,3024.188569033875,3064.027099609375,2015150,TCS
2026-01-22,3090.9130188550284,3100.7254411371077,3063.7326570458863,3091.305419921875,2269827,TCS
2026-01-23,3130.457047950816,3134.578217290946,3092.875423666008,3103.178466796875,2068857,TCS
2026-01-27,3115.4440572399217,3115.4440572399217,3071.2881572160486,3098.762939453125,4279874,TCS
2026-01-28,3116.425451779539,3145.0776781720924,3111.1268393421374,3140.073486328125,2751234,TCS
2026-01-29,3140.07335254898,3140.07335254898,3066.9708064954257,3085.41796875,2457641,TCS
2026-01-30,3082.081828102924,3082.081828102924,3034.000959087629,3065.302490234375,3022068,TCS
2026-02-02,3138.0126916764966,3138.0126916764966,3075.2131881532646,3110.1455078125,2636272,TCS
2026-02-03,3287.1613923698505,3287.1613923698505,3126.53209104895,3164.800537109375,4366060,TCS
2026-02-04,3061.475843095512,3061.475843095512,2929.9893806035893,2942.84375,10852595,TCS
2026-02-05,2933.9143670738968,2972.869637012123,2916.5464269268496,2935.38623046875,3521545,TCS
2026-02-06,2920.765595757455,2929.0079343210614,2861.302223276454,2886.422119140625,4687389,TCS
2026-02-09,2903.5941220720847,2921.15826303242,2882.3991930324937,2892.8984375,2380318,TCS
2026-02-10,2894.468444356794,2955.109263473934,2888.2865702537815,2928.61572265625,3547763,TCS
2026-02-11,2924.1019081110685,2941.76426862986,2849.723697569715,2855.21875,3363513,TCS
2026-02-12,2815.9687988010764,2825.977420921291,2688.603518515395,2698.51416015625,10612156,TCS
2026-02-13,2536.5110796879476,2662.110080925881,2536.5110796879476,2641.7001953125,11168735,TCS
2026-02-16,2649.3540277067937,2668.7826718221954,2620.898002964758,2655.830322265625,2918730,TCS
2026-02-17,2665.0538469624375,2708.228504276998,2644.6439610469733,2666.427490234375,4209118,TCS
2026-02-18,2678.7913077273606,2678.7913077273606,2607.4550449905755,2644.349609375,2950820,TCS
2026-02-19,2657.2039438116426,2697.140454434555,2616.5806115438327,2627.66845703125,3238849,TCS
2026-02-20,2616.972941852777,2651.905259923164,2597.838718993336,2635.812744140625,2293482,TCS
2026-02-23,2635.616634548502,2653.2789947204583,2610.3005370564806,2626.0986328125,4699596,TCS
2026-02-24,2591.460746119642,2597.8388206557183,2513.255787797201,2525.423095703125,7798833,TCS
2026-02-25,2547.3048106742554,2604.4130601353972,2546.3235684513456,2579.980224609375,3621285,TCS
2026-02-26,2600.2918170703697,2620.897903167908,2585.5731841435563,2598.034912109375,3464267,TCS
2026-02-27,2631.299321894741,2638.168017666852,2576.8403768444346,2587.92822265625,5083717,TCS
2026-03-02,2543.37985460111,2574.5834053591284,2531.8993684474203,2564.4765625,3374385,TCS
2026-03-04,2575.7609535201655,2585.5733762002424,2531.997452542583,2539.2587890625,3446434,TCS
2026-03-05,2551.229777430436,2560.551578540278,2498.6350985020495,2530.427490234375,2960636,TCS
2026-03-06,2523.7550365456814,2570.069622274581,2505.7002751879877,2509.625244140625,3998643,TCS
2026-03-09,2482.542780637602,2511.9800468111703,2458.0117254929614,2479.991455078125,3653428,TCS
2026-03-10,2493.3365235176843,2497.45769299971,2443.39138949283,2465.9599609375,4323710,TCS
2026-03-11,2461.0536733182116,2473.711601954393,2413.9540474182472,2418.663818359375,2720664,TCS
2026-03-12,2413.6596961153996,2426.513825649523,2390.3060830242093,2396.5859375,2752075,TCS
2026-03-13,2391.287343235487,2400.0203033629555,2352.0376535639975,2365.284423828125,2466488,TCS
2026-03-16,2364.793830777467,2379.5124645789865,2321.7173916761253,2364.0087890625,3807907,TCS
2026-03-17,2374.6061161428333,2374.6061161428333,2315.731584337639,2346.8369140625,2993367,TCS
2026-03-18,2364.793804301608,2436.326267951688,2364.793804301608,2395.01611328125,3082388,TCS
2026-03-19,2371.6624152761565,2378.5311107279285,2306.115387909886,2311.806640625,2757060,TCS
2026-03-20,2341.2440023374425,2362.6351312433567,2319.8528734315287,2345.7578125,4206320,TCS
2026-03-23,2320.6378037995523,2361.6537756859007,2303.956686393805,2339.085205078125,3860515,TCS
2026-03-24,2359.0045869106293,2389.7172776589064,2334.47353068287,2353.803955078125,3420182,TCS
2026-03-25,2355.864368126978,2376.1762738846405,2325.3478785890734,2332.80517578125,5843778,TCS
2026-03-27,2358.8080275261386,2376.6668272056972,2340.262645780238,2344.97265625,4979411,TCS
2026-03-30,2330.5484146912077,2353.0187649541185,2302.1903717438945,2314.652099609375,6804756,TCS
2026-04-01,2383.4374750291136,2425.630892660341,2352.9207445923203,2363.027587890625,4132661,TCS
2026-04-02,2341.24390183887,2423.570027038862,2331.1370592120925,2404.730224609375,5378361,TCS
2026-04-06,2427.593337237373,2435.4432752720936,2402.2772391631793,2427.4951171875,2572417,TCS
2026-04-07,2414.837240451596,2496.182129281132,2402.0810908677395,2492.1591796875,4516550,TCS
2026-04-08,2523.755016821873,2531.899375247164,2492.453485493659,2511.195068359375,4769337,TCS
2026-04-09,2506.092558435327,2556.135910228672,2483.6222080623565,2540.43603515625,5628261,TCS
2026-04-10,2517.671257898199,2517.671257898199,2454.1849361455575,2476.94970703125,10480239,TCS
2026-04-13,2443.195026142192,2457.9136601554055,2423.6684008424363,2426.2197265625,3739587,TCS
2026-04-15,2454.9697496490417,2510.9987747578325,2446.629190999006,2506.9755859375,5261384,TCS
2026-04-16,2523.754997213638,2545.3423261167095,2510.0176060935014,2528.56298828125,3905403,TCS
2026-04-17,2521.792618261851,2540.4362212762385,2507.957006516208,2533.076904296875,2718206,TCS
2026-04-20,2538.571963483115,2545.3424392975157,2513.15764504414,2531.212646484375,2288558,TCS
2026-04-21,2511.9802240950007,2564.9673069470045,2511.9802240950007,2561.532958984375,2719959,TCS
2026-04-22,2531.6048516902206,2531.6048516902206,2456.6380441545243,2490.88330078125,5232045,TCS
2026-04-23,2481.5614778281533,2511.489364373728,2469.0997500312283,2474.49658203125,2509050,TCS
2026-04-24,2441.3307179215667,2458.0118361710306,2343.991534636913,2351.939453125,5107719,TCS
2026-04-27,2351.9393059532576,2412.874541687738,2351.9393059532576,2401.6884765625,5853425,TCS
2026-04-28,2398.155951805419,2440.349366669426,2381.867235359066,2398.8427734375,4508363,TCS
2026-04-29,2405.024637022461,2441.2323784506298,2401.688509360205,2428.280029296875,2835961,TCS
2026-04-30,2432.4995485090735,2444.2744555611544,2392.26861608113,2427.4951171875,3970446,TCS
2026-05-01,2427.4951171875,2427.4951171875,2427.4951171875,2427.4951171875,0,TCS
2026-05-04,2447.2181772447047,2451.4375668418284,2379.512461835769,2385.6943359375,2632358,TCS
2026-05-05,2384.4185931895904,2414.24826083551,2366.952433771704,2381.769287109375,3385720,TCS
2026-05-06,2396.0951150032492,2424.6493574491965,2361.359238648924,2389.717041015625,3147628,TCS
2026-05-07,2392.4647422177254,2393.9366055534624,2353.018852732181,2356.35498046875,5829594,TCS
2026-05-08,2353.0188960201936,2361.8500761970836,2330.548544505656,2349.486328125,3792199,TCS
2026-05-11,2326.5252955775945,2369.699953108347,2326.5252955775945,2348.014404296875,1975188,TCS
2026-05-12,2330.450360002076,2330.450360002076,2240.176072372522,2257.151611328125,6347884,TCS
2026-05-13,2262.7446759395275,2265.8846032931383,2226.4387119283556,2230.16748046875,3171843,TCS
2026-05-14,2222.513720137884,2222.513720137884,2165.012827845418,2203.8701171875,5633313,TCS
2026-05-15,2209.7573207679993,2261.6649346543286,2209.7573207679993,2221.5322265625,3410637,TCS
2026-05-18,2221.5322685970373,2249.8900714309348,2209.953563101145,2240.3720703125,3773336,TCS
2026-05-19,2256.857213357978,2333.0017090765828,2254.0117066090534,2283.448974609375,10394707,TCS
2026-05-20,2280.3085723429836,2298.06915136111,2274.3231388707036,2283.742919921875,2537422,TCS
2026-05-21,2287.275643394801,2292.0836345084317,2270.594525446405,2283.546875,3299087,TCS
2026-05-22,2287.373954930871,2296.106915322829,2264.805382686245,2273.832763671875,2617262,TCS
2026-05-25,2312.3217190072714,2313.415817804508,2280.496215777924,2295.61328125,3298364,TCS
2026-05-26,2295.613098349941,2315.205623652634,2260.008270887014,2263.78759765625,3587597,TCS
2026-05-27,2262.5943570616037,2283.0821217701528,2248.571147658945,2271.744140625,2653950,TCS
2026-05-28,2271.744140625,2271.744140625,2271.744140625,2271.744140625,0,TCS
2026-05-29,2278.507085795833,2321.2726050840133,2222.81245602518,2246.58203125,16331582,TCS
2026-06-01,2271.5452382799426,2322.267132829976,2267.5670504720965,2284.8720703125,7505095,TCS
2026-06-02,2307.34897134468,2443.9996279549005,2303.569644295269,2433.556884765625,11306127,TCS
2026-06-03,2379.9508308808004,2379.9508308808004,2212.6680838914085,2229.475830078125,15660062,TCS
2026-06-04,2229.4759194813155,2240.8139007540485,2204.5129359355733,2228.77978515625,4867263,TCS
2026-06-05,2250.560184151513,2259.4117976453776,2180.0469028924485,2186.9091796875,5019717,TCS
2026-06-08,2158.1668832997775,2165.128711955583,2131.6125282744956,2139.668212890625,6536734,TCS
2026-06-09,2162.145087858845,2162.145087858845,2121.169801728995,2139.2705078125,4148655,TCS
2026-06-10,2139.568864676436,2168.907999188303,2133.1043096144995,2142.154541015625,2848650,TCS
2026-06-11,2115.4013888441136,2142.8509821277357,2098.494090484758,2123.95458984375,3079815,TCS
2026-06-12,2138.276030955957,2156.177876796519,2126.3414670622496,2149.61376953125,2124656,TCS
2026-06-15,2180.046856932239,2180.046856932239,2147.525221086398,2150.21044921875,3337083,TCS
2026-06-16,2155.183285992923,2196.954258771743,2148.818282502735,2187.0087890625,3079898,TCS
2026-06-17,2196.9542720106556,2218.8343055028395,2188.6994835403766,2210.8779296875,2865010,TCS
2026-06-18,2196.9542695909468,2201.927004470057,2170.101501243751,2191.285400390625,3735188,TCS
2026-06-19,2093.521413717831,2126.341464384191,2048.6672473500757,2113.412353515625,13286502,TCS
2026-06-22,2120.5729308842238,2145.237743488044,2109.434053749718,2116.197021484375,4566101,TCS
2026-06-23,2099.4885101234904,2102.4721508294924,2043.7938836114508,2048.368896484375,6392736,TCS
2026-06-24,2049.7612582514666,2109.1356624395376,2049.7612582514666,2097.49951171875,4747277,TCS
2026-06-25,2121.965363861958,2136.78401555451,2076.61392807904,2083.27734375,4738903,TCS
2026-06-26,2083.27734375,2083.27734375,2083.27734375,2083.27734375,0,TCS
2026-06-29,2078.6031371123327,2093.521341445675,2059.706744956766,2086.4599609375,3412470,TCS
2026-06-30,2078.60311543387,2092.8251853118586,2007.791421498655,2020.422119140625,6848411,TCS
2026-07-01,2028.776408877907,2040.8104030555382,1966.0205187179013,1971.788818359375,4658295,TCS
2026-07-02,1997.0503819057583,2065.5745732846704,1991.580373389582,2056.82275390625,6040621,TCS
2026-07-03,2088.5485393778363,2105.0581154318793,2073.6303355251375,2082.083984375,4028819,TCS
2026-07-06,2078.6031065753987,2081.5867473982344,2039.4180542258837,2046.3798828125,2567386,TCS
2026-07-07,2038.8212111731864,2111.124724588052,2037.8266642409067,2084.669921875,4769048,TCS
2026-07-08,2082.5813599967723,2098.1956989000228,2037.6278854106638,2046.2803955078125,3666985,TCS
2026-07-09,2046.280350211656,2053.7394523387943,2005.006651774823,2038.323974609375,3791498,TCS
2026-07-10,2093.7200783959847,2121.666943317309,2053.341620075063,2057.717529296875,6714551,TCS
2026-07-13,2063.684994131224,2192.8765503750355,2053.8390761022306,2169.604248046875,12382622,TCS
2026-07-14,2170.996422535663,2215.850586742918,2167.1177865856457,2188.60009765625,9546290,TCS
2026-07-15,2174.10009765625,2202.89990234375,2145.39990234375,2189.199951171875,5426489,TCS
2026-07-16,2206.0,2231.39990234375,2187.800048828125,2201.0,5197595,TCS
2026-07-17,2224.800048828125,2275.0,2215.10009765625,2269.0,5615138,TCS
2026-07-20,2280.10009765625,2283.39990234375,2245.10009765625,2251.10009765625,2202693,TCS
2026-07-21,2245.10009765625,2259.89990234375,2218.5,2221.10009765625,2382160,TCS
2026-07-22,2216.0,2226.800048828125,2201.0,2208.300048828125,1599665,TCS
2026-07-23,2204.0,2250.0,2193.60009765625,2242.89990234375,2503539,TCS
2026-07-24,2205.10009765625,2264.300048828125,2205.10009765625,2254.300048828125,3211699,TCS
2026-07-27,2286.0,2315.0,2272.39990234375,2295.60009765625,4007292,TCS
2026-07-28,2325.0,2417.39990234375,2323.0,2398.0,8248513,TCS
2026-07-29,2440.0,2475.5,2415.10009765625,2446.60009765625,7169419,TCS
2026-07-30,2440.0,2495.0,2423.0,2431.800048828125,4901582,TCS
2026-07-31,2385.0,2391.0,2326.10009765625,2365.60009765625,4343683,TCS
2026-08-03,2383.89990234375,2473.699951171875,2383.0,2473.699951171875,3036839,TCS
2026-08-04,2463.10009765625,2467.39990234375,2435.10009765625,2460.0,2792792,TCS
2026-08-05,2460.0,2460.89990234375,2408.0,2413.0,3014409,TCS
2026-08-06,2417.0,2434.5,2368.5,2373.0,2729141,TCS
2026-08-07,2375.0,2457.699951171875,2375.0,2452.699951171875,4547979,TCS
2026-08-10,2452.699951171875,2472.89990234375,2423.5,2425.699951171875,2322023,TCS
2026-08-11,2438.0,2456.60009765625,2428.0,2445.699951171875,1514105,TCS
2026-08-12,2445.699951171875,2445.800048828125,2300.10009765625,2349.699951171875,7022647,TCS
2026-08-13,2349.699951171875,2375.0,2332.300048828125,2375.0,2123494,TCS
2026-08-14,2375.10009765625,2390.0,2333.39990234375,2361.0,2232160,TCS
2026-08-17,2351.0,2361.10009765625,2310.60009765625,2313.199951171875,2237636,TCS
2026-08-18,2300.0,2307.0,2280.0,2280.0,1797822,TCS
2026-08-19,2293.60009765625,2308.199951171875,2258.300048828125,2289.0,3368922,TCS
2026-08-20,2319.39990234375,2329.0,2288.10009765625,2298.0,2047848,TCS
2026-08-21,2290.10009765625,2307.199951171875,2263.300048828125,2302.0,2066749,TCS
2026-08-24,2302.39990234375,2321.60009765625,2279.5,2284.10009765625,1542723,TCS
2026-08-25,2305.0,2313.5,2262.0,2296.199951171875,3041609,TCS
2026-08-26,2305.10009765625,2306.300048828125,2266.39990234375,2270.0,1660737,TCS
2026-08-27,2270.0,2283.60009765625,2243.89990234375,2248.39990234375,1709113,TCS
2026-08-28,2272.0,2348.5,2263.300048828125,2342.0,4054069,TCS
2026-08-31,2342.0,2399.300048828125,2306.199951171875,2399.300048828125,2905846,TCS
2026-09-01,2355.0,2372.0,2325.0,2369.0,2678034,TCS
2026-09-02,2347.89990234375,2363.0,2303.5,2348.0,2533005,TCS
2026-09-03,2353.60009765625,2353.60009765625,2316.10009765625,2320.10009765625,1892786,TCS
2026-09-04,2330.0,2363.89990234375,2302.39990234375,2304.0,2564322,TCS
2026-09-07,2290.10009765625,2299.89990234375,2260.10009765625,2270.0,2297551,TCS
2026-09-08,2270.0,2274.5,2244.0,2255.5,2148114,TCS
2026-09-09,2237.0,2237.0,2193.199951171875,2208.0,3370071,TCS
2026-09-10,2199.0,2232.0,2190.60009765625,2204.10009765625,2490912,TCS
2026-09-11,2185.5,2232.60009765625,2185.5,2200.800048828125,2634124,TCS
2026-09-14,2200.800048828125,2200.800048828125,2200.800048828125,2200.800048828125,0,TCS
2026-09-15,2275.5,2323.0,2251.0,2251.0,5406210,TCS
2026-09-16,2270.0,2273.89990234375,2172.0,2188.800048828125,2763709,TCS
2026-09-17,2171.0,2263.60009765625,2162.5,2190.0,3295917,TCS
2026-09-18,2177.199951171875,2177.300048828125,2101.199951171875,2105.0,6875428,TCS
2026-09-21,2090.0,2145.0,2075.300048828125,2128.699951171875,2330811,TCS
2026-09-22,2135.10009765625,2135.199951171875,2098.199951171875,2105.0,3641623,TCS
2026-09-23,2099.0,2104.199951171875,2077.60009765625,2089.60009765625,2228402,TCS
2026-09-24,2076.0,2096.89990234375,2067.10009765625,2087.0,1760662,TCS
2026-09-25,2054.0,2090.199951171875,2038.0999755859375,2082.0,3342195,TCS
2026-09-28,2100.0,2100.0,2051.0,2070.699951171875,2457049,TCS
2026-09-29,2065.0,2085.10009765625,2032.4000244140625,2032.4000244140625,4437783,TCS
2026-09-30,2069.0,2101.0,2050.60009765625,2050.60009765625,3656425,TCS
2026-10-01,2052.60009765625,2093.89990234375,2045.0999755859375,2075.0,3428501,TCS
