Date,Open,High,Low,Close,Volume,Symbol
2021-10-04,292.2637137458807,293.95360502407027,290.459611240922,292.7889404296875,10494244,WIPRO
2021-10-05,290.68797765308307,296.648342940501,289.5918063436937,295.43798828125,10912148,WIPRO
2021-10-06,297.0593797759868,297.08221086795834,289.7516462304697,290.36822509765625,9673198,WIPRO
2021-10-07,291.85263581781555,296.2144341110955,290.8935068508219,293.65673828125,7448686,WIPRO
2021-10-08,295.11826847405814,304.892345544655,294.5930139651091,301.9692687988281,22091966,WIPRO
2021-10-11,296.39710537690974,304.3214176433395,290.0256697341633,298.155517578125,20422932,WIPRO
2021-10-12,297.7901631438024,302.5402014366907,293.47402713637484,301.032958984375,18680432,WIPRO
2021-10-13,303.72769008876503,308.15800933910253,299.61708977177426,307.1988525390625,18925882,WIPRO
2021-10-14,318.343164295179,337.9141783812601,317.4296975396692,323.4814147949219,118377606,WIPRO
2021-10-18,328.39128750770516,329.2134019845218,320.80952484391867,324.16650390625,21198892,WIPRO
2021-10-19,327.52348151764454,333.3925219235251,323.3672190896665,324.9886169433594,21865148,WIPRO
2021-10-20,325.92493109434855,330.1040527012632,317.77225135510736,320.60400390625,16108782,WIPRO
2021-10-21,323.8011257366042,323.8239568295694,311.3551415002068,318.0234375,15916912,WIPRO
2021-10-22,320.5126139802881,322.2253639659327,309.7793807369154,311.6748352050781,10758302,WIPRO
2021-10-25,311.83473930758146,312.4970083351499,301.80943526601743,304.9609069824219,17621916,WIPRO
2021-10-26,306.49092240060196,310.03060601853457,303.7276910871227,305.1664123535156,12193966,WIPRO
2021-10-27,305.1663918604048,308.0894685063906,303.01973958994,306.51373291015625,12631178,WIPRO
2021-10-28,306.46809721583435,306.7421260924338,299.1603631540559,300.0281677246094,10357542,WIPRO
2021-10-29,300.64476821834535,301.17002279246043,294.25050045525103,295.392333984375,13522634,WIPRO
2021-11-01,297.3790684760198,300.0509752586393,295.7348395919393,299.3658752441406,8802466,WIPRO
2021-11-02,300.0738265412194,301.9007600361431,297.3790884854898,298.6122741699219,8079378,WIPRO
2021-11-03,301.1699955762289,302.2889700322144,296.9680429934171,298.0185241699219,6871182,WIPRO
2021-11-04,299.16036769922863,300.37072232231696,295.6892051178634,298.5666198730469,1565810,WIPRO
2021-11-08,298.22405572932075,301.90075373576707,295.7348533190759,300.6903991699219,9504460,WIPRO
2021-11-09,302.859877364765,304.29859858760324,299.93680061097416,300.736083984375,8284130,WIPRO
2021-11-10,299.5714208505745,300.9872831105447,297.5846140159548,298.0641784667969,8091390,WIPRO
2021-11-11,296.76247467844564,296.76247467844564,290.8477726089194,293.1314392089844,12067796,WIPRO
2021-11-12,295.9632263292381,302.5858602517288,294.9584073311568,301.46685791015625,12126506,WIPRO
2021-11-15,302.1519159018838,304.1843847084013,300.14230606231604,300.94158935546875,9435996,WIPRO
2021-11-16,300.71326152348405,305.44044074542524,299.000511388463,302.1062927246094,11327094,WIPRO
2021-11-17,302.10626776590414,305.097865512563,300.5305321965066,302.26611328125,8854994,WIPRO
2021-11-18,302.9969405048092,304.1616050679083,294.70721836859764,297.5389709472656,7842498,WIPRO
2021-11-22,300.53061703743754,301.64961959112804,291.39594782657315,294.1591796875,11582434,WIPRO
2021-11-23,293.54250310304457,296.39708628267437,285.9378823617954,293.5881652832031,9134924,WIPRO
2021-11-24,294.27326866878434,295.78048302980034,289.15784997603646,290.71075439453125,7985552,WIPRO
2021-11-25,290.9391384504893,293.1314529136905,289.1122050850231,290.8021240234375,6661362,WIPRO
2021-11-26,288.6555378955684,289.7517093167768,283.0148909877267,283.8370056152344,8277074,WIPRO
2021-11-29,281.5989838044652,289.04373295604006,275.8441538779216,288.0160827636719,10376060,WIPRO
2021-11-30,288.0160868154724,294.82142600249944,287.9704246236652,291.0533752441406,26850200,WIPRO
2021-12-01,293.4968407408589,295.0269141955936,289.22639505188323,289.934326171875,9453644,WIPRO
2021-12-02,290.89348709349434,296.00887840575075,287.2852824116927,295.4151306152344,10210456,WIPRO
2021-12-03,294.47888075240274,298.6808339088742,292.26373475438277,292.6519470214844,13405010,WIPRO
2021-12-06,291.0533307505379,294.227633146165,284.6134015896303,285.22998046875,9409906,WIPRO
2021-12-07,286.82855781189164,289.82015582517624,284.544890950332,288.83819580078125,8557090,WIPRO
2021-12-08,291.8526297287146,298.2468970467146,291.5100796938217,293.0858154296875,15360658,WIPRO
2021-12-09,293.1086051407884,295.7804838850063,291.32733406011704,293.7708740234375,6865604,WIPRO
2021-12-10,293.2913113745448,295.00406131745433,290.0713191804433,291.5100402832031,8525212,WIPRO
2021-12-13,293.9079217700308,299.86828663616245,292.4007072337481,294.7757263183594,13123680,WIPRO
2021-12-14,295.0497747388622,297.74451293440853,291.9668243062193,295.4608459472656,8609412,WIPRO
2021-12-15,295.36947879613683,295.36947879613683,290.1855382706861,290.6651306152344,7123544,WIPRO
2021-12-16,294.1362399823194,296.8309775552328,292.03527799030365,294.27325439453125,12437240,WIPRO
2021-12-17,301.44399464732226,309.11710893571427,296.9223235768965,306.376708984375,104600018,WIPRO
2021-12-20,304.89235281084615,309.43685537660645,302.8142215714983,304.1615905761719,26298202,WIPRO
2021-12-21,308.75179498407283,318.3888590909934,306.4681278614095,315.5114440917969,27362096,WIPRO
2021-12-22,317.8407576819101,317.8407576819101,311.12677168693887,313.15924072265625,12327754,WIPRO
2021-12-23,315.19171289321474,320.6268515850467,314.73497948639846,317.22418212890625,12944908,WIPRO
2021-12-24,318.6857436772534,320.8095652301203,315.2145808373631,319.0054626464844,13182426,WIPRO
2021-12-27,319.6448535141134,320.1701080660806,315.67129530174697,319.5306701660156,10188656,WIPRO
2021-12-28,321.0836037138652,323.13890416438073,320.4213346600065,322.2026062011719,10158044,WIPRO
2021-12-29,322.1112209689455,324.28070455576216,319.7362017827558,321.4032897949219,7898416,WIPRO
2021-12-30,322.0426894469163,328.8023656539596,321.54029388843276,326.1532897949219,18087350,WIPRO
2021-12-31,326.92974824310363,328.29994838484066,323.8696290178655,326.7242126464844,8549558,WIPRO
2022-01-03,327.9345535325529,331.95380153809487,327.021086809621,328.2542724609375,9280810,WIPRO
2022-01-04,330.10402825898126,330.2638737805451,324.9886091706509,329.5331115722656,10228800,WIPRO
2022-01-05,328.84800868846355,329.23622088133766,321.0835418166526,325.8792419433594,14711264,WIPRO
2022-01-06,322.3624307041974,325.308366732947,319.69055144370043,322.339599609375,12883220,WIPRO
2022-01-07,323.36722301448305,329.5331234533185,323.18451851743026,324.9657897949219,13120326,WIPRO
2022-01-10,323.8239657643379,323.8239657643379,315.14603156190856,316.7445983886719,27537820,WIPRO
2022-01-11,317.4296855944375,319.0054212637539,314.68928543103226,317.0414733886719,15487458,WIPRO
2022-01-12,319.7133585554898,320.5126419518785,312.04024352551653,315.7626037597656,23460682,WIPRO
2022-01-13,302.9055817134165,304.1844295958181,295.9632287959311,296.76251220703125,61505934,WIPRO
2022-01-14,296.5341227240721,296.5341227240721,290.7107726051165,292.2179870605469,26514548,WIPRO
2022-01-17,292.0809641959188,297.6302852996926,289.13502864548076,295.34661865234375,20457876,WIPRO
2022-01-18,296.37429434420983,296.87668989947656,288.2672770431088,289.2492370605469,14329980,WIPRO
2022-01-19,288.198763830557,288.49565167935657,282.7179632505781,283.699951171875,17382766,WIPRO
2022-01-20,283.4715939459671,284.27087739056816,278.83573881656287,280.9823913574219,16827124,WIPRO
2022-01-21,279.06096444325055,279.5184414341411,274.8521705426213,276.79644775390625,19646694,WIPRO
2022-01-24,277.00233063183725,277.00233063183725,260.0528129298827,262.01995849609375,26150716,WIPRO
2022-01-25,257.3308012656524,261.67683257591676,251.93257848575985,257.42230224609375,34712370,WIPRO
2022-01-27,253.8997411706022,254.7689586605991,245.75665595713437,249.21060180664062,31351744,WIPRO
2022-01-28,251.65805143231586,258.4516006881259,250.07977834018214,252.5959014892578,29899780,WIPRO
2022-01-31,260.30441839761284,262.7748054177103,257.3536861019911,261.9513244628906,26252174,WIPRO
2022-02-01,265.29093851793493,266.43463108281276,259.1378669344559,263.80413818359375,20920202,WIPRO
2022-02-02,266.2515981246014,269.91141390638285,263.04925931554266,268.9964599609375,16368826,WIPRO
2022-02-03,267.4868039730445,269.3624484795502,263.5753812588271,264.53607177734375,14082780,WIPRO
2022-02-04,263.9642236840532,264.3301996922468,259.86979903207435,261.5624694824219,13633558,WIPRO
2022-02-07,261.63106895469906,262.50025837343935,254.17417261466935,254.8146514892578,15091358,WIPRO
2022-02-08,256.8275928606563,258.8404748594752,253.64812220183867,256.3014831542969,13953814,WIPRO
2022-02-09,258.20004032671613,261.10500822437854,257.6967988532202,260.28155517578125,10207476,WIPRO
2022-02-10,261.859824938504,262.9348846332922,259.0234621818606,262.4316711425781,11603824,WIPRO
2022-02-11,258.9319786054633,258.9319786054633,254.86042218996838,256.8504638671875,15442458,WIPRO
2022-02-14,251.61234581074282,254.88331747515434,247.03757588691113,247.81529235839844,16241546,WIPRO
2022-02-15,249.59944850176845,258.5888830257144,248.5243886841563,257.71966552734375,13676992,WIPRO
2022-02-16,258.5430986048939,260.8990880451573,255.06625717758357,257.97125244140625,14607822,WIPRO
2022-02-17,261.6768475478217,261.8598495191749,256.71323319939694,258.42877197265625,14228840,WIPRO
2022-02-18,255.72965159338705,258.7947531808209,254.05984931840393,257.3079528808594,13411838,WIPRO
2022-02-21,254.24284531725718,261.9970861299929,254.08273953451257,261.12786865234375,17534002,WIPRO
2022-02-22,254.4715833431966,260.3044151411755,254.40295062376,258.0856628417969,21490124,WIPRO
2022-02-23,260.3959603234926,261.1736769463281,257.3994910246886,259.43524169921875,14408512,WIPRO
2022-02-24,250.69739415176076,254.76895059061573,242.98891792746275,245.73377990722656,26953888,WIPRO
2022-02-25,250.69740599761508,255.6152839437362,250.46866748849317,254.0141143798828,15922624,WIPRO
2022-02-28,252.06981736233897,256.23284673429725,248.91321501415672,254.2657012939453,18316874,WIPRO
2022-03-02,253.89972521537925,255.4093936727646,251.79534226534864,253.99122619628906,16354110,WIPRO
2022-03-03,257.55953122041274,263.4838634998827,256.3472060946426,260.5559997558594,25911326,WIPRO
2022-03-04,256.6446076504541,265.3366710111647,253.4651367840737,263.1865234375,26948372,WIPRO
2022-03-07,257.55955498821135,265.1765583250298,257.2164472328985,261.60821533203125,21112334,WIPRO
2022-03-08,261.67681799720947,270.2545108948453,261.67681799720947,268.7448425292969,22039998,WIPRO
2022-03-09,268.9964450539736,272.8392625807583,266.3202160807258,267.8527526855469,23527232,WIPRO
2022-03-10,272.19877866395626,272.8849940723528,267.4410073302031,269.1108093261719,16161966,WIPRO
2022-03-11,268.53898014025174,269.91141104386463,266.4345972569166,268.1730041503906,9927188,WIPRO
2022-03-14,268.26447771968753,274.85212863065885,268.08147578236526,273.63983154296875,15006442,WIPRO
2022-03-15,276.1788539745439,276.1788539745439,267.3037895362206,268.8592224121094,13853244,WIPRO
2022-03-16,272.3131769469628,274.2345858798695,271.0551152307022,273.68560791015625,11150296,WIPRO
2022-03-17,276.77359383865746,279.51845592631355,274.0287317510013,275.0351867675781,16881290,WIPRO
2022-03-21,276.81932763728,281.80583821614584,273.5712520345052,274.4862060546875,15592952,WIPRO
2022-03-22,276.0415963761215,279.5184099463545,272.7248885657924,279.08380126953125,15580500,WIPRO
2022-03-23,280.86798595991564,281.34833118482,278.0087549519398,279.60992431640625,11393836,WIPRO
2022-03-24,277.6885537011917,280.7993918814475,277.1395756876921,279.3125915527344,7751490,WIPRO
2022-03-25,279.5184480246702,280.8908790297013,273.2281392516109,276.01873779296875,11986194,WIPRO
2022-03-28,278.1460127274874,278.603489722105,273.15950231728385,274.57769775390625,11476810,WIPRO
2022-03-29,275.8586518473645,276.93371170973757,274.09737643313235,275.6299133300781,9402006,WIPRO
2022-03-30,276.81931834448136,278.7407273067988,274.2574583428447,274.8521728515625,15488764,WIPRO
2022-03-31,274.4861920725451,275.9958605445082,270.00292318646274,270.7806396484375,14476178,WIPRO
2022-04-01,270.68915518558293,276.04164184207156,269.59119918141766,275.3096618652344,8567994,WIPRO
2022-04-04,276.7735596619684,277.45977509914684,274.0286979132547,277.04803466796875,8855948,WIPRO
2022-04-05,279.28530436955697,281.1535049652248,275.8717804961494,276.37921142578125,12862488,WIPRO
2022-04-06,275.8487467457942,275.8487467457942,272.6197480380675,273.7960205078125,8235902,WIPRO
2022-04-07,273.0809968133731,273.0809968133731,266.3923575333158,267.9376525878906,15721530,WIPRO
2022-04-08,270.31328816812135,270.774573642811,267.7762180573284,269.2292785644531,8636632,WIPRO
2022-04-11,269.3907184236834,269.5060397928716,262.0562680814601,263.44012451171875,17164216,WIPRO
2022-04-12,262.01013334329645,262.01013334329645,256.56697071110455,257.7201843261719,16338532,WIPRO
2022-04-13,258.3198589206011,260.8569289635713,255.82890616201468,257.9508361816406,11204576,WIPRO
2022-04-18,253.6378262418382,253.6378262418382,247.24903319446872,248.4483642578125,18930062,WIPRO
2022-04-19,250.93928552566462,251.65427234430632,242.65920604329443,244.68887329101562,13286008,WIPRO
2022-04-20,247.24903253873487,249.3478759713367,245.10404366250643,247.47967529296875,8660976,WIPRO
2022-04-21,249.55543637928415,250.2473645762692,247.87173317143495,248.72512817382812,13388782,WIPRO
2022-04-22,246.78772672369257,249.486235464333,244.78114618881955,248.033203125,9782424,WIPRO
2022-04-25,244.4582609763313,245.0118092177202,241.3907010814996,244.1814727783203,9473768,WIPRO
2022-04-26,247.71030800467568,248.05627212200065,243.14357039413335,244.13534545898438,8718740,WIPRO
2022-04-27,243.0974520425048,243.0974520425048,237.3313834456712,239.3841094970703,16275078,WIPRO
2022-04-28,241.71359309201856,242.93601088382127,238.02330922801826,241.0447235107422,13241338,WIPRO
2022-04-29,243.78938687017157,243.78938687017157,233.87174861528285,234.70205688476562,24151260,WIPRO
2022-05-02,237.7926715735233,239.4071707985618,227.22923660230626,228.33631896972656,43822854,WIPRO
2022-05-04,230.64273277635678,232.41868463419777,225.6839140216651,226.83712768554688,17267854,WIPRO
2022-05-05,231.10402776621615,232.3495042054634,228.93598035784228,231.1732177734375,10869532,WIPRO
2022-05-06,226.02988835322532,226.44504247555378,221.87831897530893,223.76959228515625,18441782,WIPRO
2022-05-09,222.33962638247345,225.7300778575037,218.92611626177447,222.87010192871094,16675250,WIPRO
2022-05-10,222.80087252865277,223.14683661643016,219.64106437815613,220.33299255371094,14969534,WIPRO
2022-05-11,221.44009218602883,222.3165458723211,213.36759617145387,217.6806182861328,21029342,WIPRO
2022-05-12,215.9277338489295,219.5718862891049,213.1830796393895,218.5570526123047,14573000,WIPRO
2022-05-13,221.18636142294162,221.18636142294162,215.4202936069108,216.18141174316406,16775318,WIPRO
2022-05-16,218.64930451221954,218.81075723607762,214.49773543920273,215.881591796875,7314066,WIPRO
2022-05-17,217.2654585033362,225.56859704486496,216.01998209118065,224.4845733642578,11321450,WIPRO
2022-05-18,226.44505471294576,228.45164950284092,221.69381957682697,221.99365234375,15390968,WIPRO
2022-05-19,215.02823016228604,218.5570613750965,207.5784722513937,208.10894775390625,22945978,WIPRO
2022-05-20,213.11388773555257,213.20615046073655,209.88488943652905,212.00680541992188,12731912,WIPRO
2022-05-23,213.9441964810998,215.7893383708111,211.03810363573066,214.9590301513672,14111568,WIPRO
2022-05-24,216.08918518249726,216.6196606603084,211.2687463648619,212.1682586669922,13779460,WIPRO
2022-05-25,212.26049683140852,212.58340227707484,204.4417169065826,205.2028350830078,15481506,WIPRO
2022-05-26,205.7333131251568,209.74650221838965,204.81074221428167,209.12376403808594,11583082,WIPRO
2022-05-27,212.19132282571005,215.85854805764592,210.4615022591961,215.3972625732422,11414472,WIPRO
2022-05-30,218.257222278028,222.10895885557642,218.257222278028,219.6872100830078,12291148,WIPRO
2022-05-31,219.52574093761004,221.76297816619004,216.98867098459073,220.5175018310547,31587004,WIPRO
2022-06-01,220.93269316930437,220.93269316930437,216.11225412199616,217.150146484375,10514566,WIPRO
2022-06-02,217.63449735733744,219.77948623448407,215.92774942166594,218.71852111816406,10535040,WIPRO
2022-06-03,221.25557950100267,225.10731610640116,218.87996207476917,219.34124755859375,23269778,WIPRO
2022-06-06,217.72675572485116,219.34125497281087,214.1287344603246,218.28030395507812,13791156,WIPRO
2022-06-07,216.804177511615,217.15014162466545,214.5669400984256,215.72015380859375,4701342,WIPRO
2022-06-08,217.2884954327456,217.72672222068323,214.17481879081848,216.98866271972656,5627652,WIPRO
2022-06-09,215.44336806028068,219.64106855391512,214.15177440561547,219.13365173339844,7402238,WIPRO
2022-06-10,215.51258136212,215.51258136212,210.48455838051146,212.62954711914062,17453098,WIPRO
2022-06-13,207.60151860954636,208.96231636692374,205.27203263417454,205.77944946289062,14130822,WIPRO
2022-06-14,202.96561327979379,209.28523005147733,202.04304231034016,205.68719482421875,13056384,WIPRO
2022-06-15,206.86348596823828,207.87830561136155,202.64271242500192,203.01174926757812,11391596,WIPRO
2022-06-16,205.7333132147115,206.07927730644028,193.62457000420437,194.80084228515625,17944686,WIPRO
2022-06-17,191.89474960599037,193.16328460939533,185.45981186688275,186.91287231445312,41550546,WIPRO
2022-06-20,188.66574327654652,192.77118084045105,186.42850609704635,191.27200317382812,20750838,WIPRO
2022-06-21,193.7398917474768,196.85356857913268,192.19458265259942,196.11550903320312,12187804,WIPRO
2022-06-22,194.9853835851022,194.9853835851022,189.265432208199,189.7036590576172,16202862,WIPRO
2022-06-23,190.2802521296034,194.10891581425486,189.72670394702763,193.30166625976562,19655010,WIPRO
2022-06-24,194.20120725717118,196.50763489680506,191.77945823555564,193.16331481933594,15362102,WIPRO
2022-06-27,196.9689006913176,198.69872124774017,195.58504424617954,196.0001983642578,12447870,WIPRO
2022-06-28,194.66247965732884,197.93760950020211,191.75638665829996,197.084228515625,12091828,WIPRO
2022-06-29,193.7399275672627,195.9540925371044,192.54058234304946,194.0858917236328,16684176,WIPRO
2022-06-30,194.61633900518757,195.12375584293727,191.4334720444893,191.91781616210938,12123284,WIPRO
2022-07-01,191.43346217006302,195.216008499289,189.77283173095617,194.66246032714844,8907248,WIPRO
2022-07-04,194.1781274619955,194.54715021321644,191.8947587165336,193.87828063964844,6372716,WIPRO
2022-07-05,194.24731498866362,195.14681321227613,190.53395849431837,190.7876739501953,11513210,WIPRO
2022-07-06,193.09410256925398,193.09410256925398,190.557032457821,191.91781616210938,10522910,WIPRO
2022-07-07,193.73990972656452,195.56199307991943,192.44831595931393,194.1089324951172,10706024,WIPRO
2022-07-08,195.58504890640248,195.90795438222156,192.1484663548329,193.3247528076172,9535432,WIPRO
2022-07-11,191.31816091965968,191.4334822945359,187.07432869328804,189.68060302734375,16689574,WIPRO
2022-07-12,188.66574957296646,191.36427227840952,188.2044641216878,188.7349395751953,9777472,WIPRO
2022-07-13,190.049620064793,190.049620064793,186.98207440105503,187.6048126220703,11956780,WIPRO
2022-07-14,189.4038189759665,189.4038189759665,184.74483285991622,185.1830596923828,13161242,WIPRO
2022-07-15,184.95242164327504,186.40546811185948,180.36262541670615,181.6772918701172,22328354,WIPRO
2022-07-18,184.0529153693083,187.14353386483225,182.96889162372506,186.70530700683594,13632394,WIPRO
2022-07-19,185.8980491695254,188.11221385128823,185.06774093319325,187.12045288085938,12897178,WIPRO
2022-07-20,189.4960693316784,192.58668767499378,187.78932150406186,190.0957489013672,25237412,WIPRO
2022-07-21,188.59658095830207,192.5866977488937,185.71354656086353,190.97219848632812,45382342,WIPRO
2022-07-22,191.77943046556743,192.54054866097198,188.688812245058,189.51913452148438,15468542,WIPRO
2022-07-25,189.3576950502223,191.73331252588855,188.45818270712064,191.34121704101562,12535662,WIPRO
2022-07-26,191.34120142812404,191.6179755170572,186.49770414239592,186.91287231445312,15186298,WIPRO
2022-07-27,186.7975796429029,187.92772073677523,185.4137230629895,187.58175659179688,14084158,WIPRO
2022-07-28,189.95735548034784,192.3560456129221,189.54220136283345,191.89476013183594,15898464,WIPRO
2022-07-29,194.0166675302148,195.72341528792603,192.72505979423633,195.4466552734375,15919784,WIPRO
2022-08-01,196.59987056396665,198.76790380032108,194.93924007661496,197.89146423339844,10365748,WIPRO
2022-08-02,197.86842589981237,199.11388833517083,195.88488975286006,198.1682586669922,16912426,WIPRO
2022-08-03,197.89147364219366,199.73661558757541,197.1995454126755,199.43678283691406,12034938,WIPRO
2022-08-04,201.60481842384854,203.10399627118412,197.01503622993383,200.88983154296875,17789134,WIPRO
2022-08-05,201.18965481545735,203.88817762895064,201.18965481545735,202.96560668945312,12967586,WIPRO
2022-08-08,204.25721051761593,204.25721051761593,200.75145203527518,201.05128479003906,9557496,WIPRO
2022-08-10,200.65918874251471,201.12047423387682,196.64599933673802,198.4219512939453,11329742,WIPRO
2022-08-11,202.04302626899042,203.88816806140127,201.2588353762899,202.2506103515625,9154644,WIPRO
2022-08-12,201.62789622087436,202.27369310975237,200.65919384889915,201.16661071777344,7092398,WIPRO
2022-08-16,202.27366545292213,202.87333089403464,201.397225932329,201.62786865234375,4774208,WIPRO
2022-08-17,201.69707789962462,205.22590903712228,201.42030379373315,204.37252807617188,10401476,WIPRO
2022-08-18,203.7728384673434,203.7728384673434,200.2209350295167,200.68222045898438,16888260,WIPRO
2022-08-19,202.48125026856158,204.11880795569846,198.81402537605882,199.48289489746094,17253908,WIPRO
2022-08-22,198.7679231772299,198.7679231772299,193.30168707559017,193.7399139404297,12900580,WIPRO
2022-08-23,191.43347709885168,193.04797630329983,189.12704966392576,192.19459533691406,17028776,WIPRO
2022-08-24,192.72507700266826,193.50926798657974,191.13365046800038,191.96395874023438,7429170,WIPRO
2022-08-25,193.41700082921545,193.78603766856503,191.41042020434844,191.52574157714844,8753902,WIPRO
2022-08-26,193.047966081129,194.89310793136679,192.03313243257216,192.4713592529297,7904194,WIPRO
2022-08-29,186.8206152105162,187.4433534100143,184.0529023925826,186.52078247070312,23519514,WIPRO
2022-08-30,188.73494938547014,191.8716990635993,187.39722432269127,190.7646026611328,19750992,WIPRO
2022-09-01,189.08090979132615,189.88815935722485,186.75142381780168,189.33462524414062,11778706,WIPRO
2022-09-02,190.30330901248095,190.39557173449572,187.7893117267003,188.0660858154297,9815080,WIPRO
2022-09-05,187.74319777859125,188.20448327681873,186.35934128390875,187.05126953125,18018508,WIPRO
2022-09-06,187.7431820812437,187.90463480758737,185.090790688204,186.56690979003906,18226162,WIPRO
2022-09-07,185.482895003967,188.59657200539056,184.97547815864226,187.95077514648438,12248532,WIPRO
2022-09-08,189.1270464261978,191.13364107569498,188.9425350500256,190.41864013671875,14064948,WIPRO
2022-09-09,192.35604192821935,193.48619696615785,189.74978182547036,192.42523193359375,14671342,WIPRO
2022-09-12,193.67069942293517,195.76954259411477,192.84037716472434,194.66246032714844,11678424,WIPRO
2022-09-13,196.00021849023258,196.507635387683,194.43185050682717,194.9623260498047,9408334,WIPRO
2022-09-14,188.6657636747417,194.98538046054324,188.6657636747417,192.03314208984375,17583964,WIPRO
2022-09-15,193.60153182604586,194.15506598493153,190.62623469176327,191.45654296875,10640314,WIPRO
2022-09-16,190.39558608795036,190.39558608795036,184.60645881662654,185.2753143310547,20192486,WIPRO
2022-09-19,186.82061131122097,187.37415949418025,183.13032763099932,185.4136962890625,13584188,WIPRO
2022-09-20,187.281907206211,188.85027504222842,186.5669203342565,186.7744903564453,8989822,WIPRO
2022-09-21,187.23577056736036,187.23577056736036,184.28354635732438,184.8601531982422,19290112,WIPRO
2022-09-22,183.5916163817465,184.67564004770477,182.20775997685894,183.5685577392578,16500324,WIPRO
2022-09-23,183.63776438848174,184.2374299206923,181.58503823758542,181.90794372558594,13966710,WIPRO
2022-09-26,180.82390011877737,184.14516105800746,177.41039053403898,182.11549377441406,18994144,WIPRO
2022-09-27,183.03807869854973,185.1599947900099,180.82391395452285,183.77613830566406,12454694,WIPRO
2022-09-28,182.66905542783567,184.74484014860653,182.3692226725209,183.61468505859375,8921590,WIPRO
2022-09-29,184.97546314388558,185.39061722824684,180.61631006480582,181.1929168701172,11883068,WIPRO
2022-09-30,181.03147772226197,182.9919408548602,178.7481091486629,181.86178588867188,13570530,WIPRO
2022-10-03,181.70035296380024,183.59162630146446,180.17811646710146,181.9771270751953,8140834,WIPRO
2022-10-04,184.49114064701388,187.28191228036374,184.05291379277128,187.05126953125,12591696,WIPRO
2022-10-06,188.82723574944794,190.51092512943836,187.95079605220937,189.19625854492188,11203878,WIPRO
2022-10-07,189.03478723428682,189.93429956625556,187.39722938382835,188.2506103515625,7580186,WIPRO
2022-10-10,184.65257473314475,190.74154878976617,184.3988733463338,189.72671508789062,18714926,WIPRO
2022-10-11,191.38733586453398,192.7711922541218,185.57513621280205,186.54383850097656,22723292,WIPRO
2022-10-12,186.47464988570215,188.94252994764264,185.25224621459225,188.18141174316406,12610118,WIPRO
2022-10-13,178.5174738690726,180.98535390727343,174.41203607100914,174.87332153320312,84896212,WIPRO
2022-10-14,178.51748953319023,178.7481322845251,173.5586703794905,174.0430145263672,27864794,WIPRO
2022-10-17,174.0430025731848,174.80413486216878,171.78270658080226,173.02818298339844,16909538,WIPRO
2022-10-18,176.99524353689736,177.24894491886732,174.5504220571443,174.965576171875,22328480,WIPRO
2022-10-19,175.842022246761,175.842022246761,173.92767633392336,174.3889617919922,10198278,WIPRO
2022-10-20,173.90463816791498,176.48783985271606,173.44335265553326,175.9804229736328,11868814,WIPRO
2022-10-21,176.44169355452456,176.8107163022745,175.38074259675687,176.46475219726562,8931540,WIPRO
2022-10-24,178.24073522282816,178.24073522282816,177.13365270886135,177.45655822753906,3472470,WIPRO
2022-10-25,178.263794058461,178.263794058461,176.97218616169673,177.4334716796875,5783256,WIPRO
2022-10-27,178.05617323999545,178.4944000226775,175.79587748324067,176.5108642578125,11723118,WIPRO
2022-10-28,176.5800745962631,177.9870037445671,176.21105184635925,176.78765869140625,7609676,WIPRO
2022-10-31,178.3098907470703,179.1632716722198,177.47958254154472,178.3098907470703,6638382,WIPRO
2022-11-01,178.9787846055459,181.28521224221532,178.3329876827419,181.00843811035156,11540196,WIPRO
2022-11-02,181.21600234958493,182.1385733030487,180.20116866984856,181.72341918945312,6716614,WIPRO
2022-11-03,179.78601847959146,181.6311604267842,177.84861380411274,179.20941162109375,10312476,WIPRO
2022-11-04,179.20939974254432,181.0084102063501,177.89473337684643,180.155029296875,9023630,WIPRO
2022-11-07,181.28518992456895,182.1385708605421,178.79425119908376,180.59326171875,8252598,WIPRO
2022-11-09,181.76952747824492,181.93098020257278,179.50923156959945,180.3395538330078,6862546,WIPRO
2022-11-10,179.34778953483502,180.4087545884293,178.51748129925315,179.3939208984375,5494908,WIPRO
2022-11-11,183.8222605187148,187.2127115520262,183.2456536789447,184.3758087158203,28417046,WIPRO
2022-11-14,185.7366043846999,185.7366043846999,182.461474508213,182.92276000976562,17623428,WIPRO
2022-11-15,183.61467803859995,184.30660625240296,181.74647749225804,183.19952392578125,12462712,WIPRO
2022-11-16,184.0529190896819,185.29839560166656,182.76132528840026,183.7069549560547,11039528,WIPRO
2022-11-17,183.5454901363032,183.59162149988185,182.2077650564154,183.0150146484375,6057616,WIPRO
2022-11-18,183.5224338181142,184.00677794853704,181.19293366237844,181.6772918701172,9546202,WIPRO
2022-11-21,181.67728504389882,181.95405914116225,178.79425085847868,179.27859497070312,7904612,WIPRO
2022-11-22,179.44005630838706,179.62456768964196,177.36427159530803,179.34779357910156,8410828,WIPRO
2022-11-23,180.24732388315476,180.8008721594043,178.97878865429058,179.3247528076172,6717760,WIPRO
2022-11-24,179.8552181195416,184.39888322330913,179.5092539859144,183.7069549560547,13370266,WIPRO
2022-11-25,184.052906935779,186.54384571794293,182.6229191290855,185.8057861328125,13648550,WIPRO
2022-11-28,185.80578644223706,188.8733461581277,185.43676368771514,187.12045288085938,13679200,WIPRO
2022-11-29,185.8980401033297,188.61962149781615,185.85190874193532,186.88980102539062,9102602,WIPRO
2022-11-30,187.69705200195312,188.20446882650722,185.73658878501033,187.69705200195312,13892346,WIPRO
2022-12-01,190.44170581134932,192.05620492842718,189.88815762599657,190.83380126953125,15852984,WIPRO
2022-12-02,190.87994303234925,190.9260743999304,188.68883680675583,190.23414611816406,11726622,WIPRO
2022-12-05,190.62622895510137,191.41041991990235,189.42688386430058,190.21107482910156,9947062,WIPRO
2022-12-06,189.35770612793107,190.32640853625355,188.11222959189976,189.7498016357422,8832518,WIPRO
2022-12-07,188.6657491738922,188.89639189904366,186.95898737684553,187.42027282714844,6568616,WIPRO
2022-12-08,187.85850503029758,188.20446912795927,186.0364218183533,186.220947265625,8940712,WIPRO
2022-12-09,187.28189816940994,187.28189816940994,180.477937583206,181.76953125,15423336,WIPRO
2022-12-12,181.23906481190468,183.3609808650515,178.97876874374836,182.83050537109375,10365880,WIPRO
2022-12-13,183.7530772092241,184.21436269784908,182.66905349549222,183.47630310058594,6813842,WIPRO
2022-12-14,184.88322609411264,186.58998810573448,184.16823918718043,184.53726196289062,9995152,WIPRO
2022-12-15,184.39886150981388,184.39886150981388,181.76952877293184,182.30001831054688,7766926,WIPRO
2022-12-16,180.54712894718529,182.1154967193385,179.00181981745325,179.7860107421875,18012634,WIPRO
2022-12-19,179.18632899607212,180.13195848652262,177.91779407715293,179.4630889892578,8838046,WIPRO
2022-12-20,179.34777285108703,179.85518964888072,176.67232293881406,179.41697692871094,8778558,WIPRO
2022-12-21,180.31649694995494,181.40052067728496,178.9095818229266,179.6707000732422,10215214,WIPRO
2022-12-22,179.94749109906854,180.8008721594043,178.056217578753,179.3247528076172,9093800,WIPRO
2022-12-23,177.13361802399788,177.98699894712863,173.90461977876876,174.20445251464844,12120710,WIPRO
2022-12-26,174.36590560131097,176.02653608916745,173.58171468064356,175.5191192626953,7261148,WIPRO
2022-12-27,176.44171902452055,178.678956708661,175.40382655967042,178.33299255371094,7685840,WIPRO
2022-12-28,177.59492655084466,179.6937700518824,176.78767688470447,178.8865203857422,7676002,WIPRO
2022-12-29,178.17151455870058,180.87003740048962,177.5026449896252,180.24729919433594,9485398,WIPRO
2022-12-30,181.28518220256802,182.8074185596026,180.61631266784127,181.16986083984375,8256556,WIPRO
2023-01-02,181.2851994128326,181.70035354258962,180.13198567610976,181.30825805664062,5559512,WIPRO
2023-01-03,181.30825466223303,183.4763020776088,180.68553051791406,183.1533966064453,5994422,WIPRO
2023-01-04,183.36097577544953,183.36097577544953,179.25553787543714,179.76295471191406,8926522,WIPRO
2023-01-05,179.90133175431748,180.91616541052434,177.01829759158804,178.47134399414062,9568980,WIPRO
2023-01-06,178.5174715930879,179.3477797835251,175.93427022227272,176.21104431152344,8484754,WIPRO
2023-01-09,178.0561935496836,181.2851918783048,177.64103943718112,180.7316436767578,7347432,WIPRO
2023-01-10,180.8239139181435,181.70035354258962,178.6789391833022,181.30825805664062,7879496,WIPRO
2023-01-11,181.28519639070464,182.6690528517024,180.59326816020578,181.6772918701172,7656600,WIPRO
2023-01-12,182.55373394172003,183.5454949366793,180.13198510231626,181.9771270751953,9510500,WIPRO
2023-01-13,182.6690348844822,182.94580896492158,178.2868231890211,181.70033264160156,13621860,WIPRO
2023-01-16,179.90133504832014,184.97547526763174,179.44004957383726,183.86839294433594,23867444,WIPRO
2023-01-17,184.53725322458018,185.45982419748609,181.63116029085288,182.83050537109375,14310032,WIPRO
2023-01-18,183.8222482069031,186.29012813129182,183.59160548644275,185.99029541015625,16080426,WIPRO
2023-01-19,185.48289979684802,186.3593394192476,183.9375905777846,186.0825653076172,9447456,WIPRO
2023-01-20,186.1517354834173,187.00511637114275,185.11384323336833,185.96722412109375,9265614,WIPRO
2023-01-23,186.9128863283408,188.08915869785469,185.6674098734188,187.74319458007812,8815290,WIPRO
2023-01-24,188.85299846427915,189.68536589894555,187.3501281063416,188.02064514160156,9552640,WIPRO
2023-01-25,187.28076989722595,187.69694656348867,184.96866162688983,185.68540954589844,6355554,WIPRO
2023-01-27,185.6854007614966,186.6333735746811,182.28661305448344,184.06692504882812,7410134,WIPRO
2023-01-30,184.06691781461535,187.18826370922915,182.67965297256478,186.00909423828125,7261256,WIPRO
2023-01-31,186.03223597515074,186.14784139499906,183.90510753953308,184.4368896484375,9566846,WIPRO
2023-02-01,185.662299274305,186.77210845255058,184.2056738458584,186.07847595214844,7029896,WIPRO
2023-02-02,186.07846571323114,189.59287301095384,186.07846571323114,189.3385467529297,10835460,WIPRO
2023-02-03,190.77205358923322,190.98014898473872,187.81255773487,188.62179565429688,8850236,WIPRO
2023-02-06,187.46574325641566,187.83568906170274,185.70854654526798,187.11892700195312,5958022,WIPRO
2023-02-07,187.51196772924226,187.51196772924226,184.52934262241595,185.19985961914062,6683580,WIPRO
2023-02-08,185.4310870320063,188.48307283298578,185.4310870320063,188.0900115966797,8300976,WIPRO
2023-02-09,188.09001474978947,189.1073480711668,186.61025975723874,188.8067626953125,5277374,WIPRO
2023-02-10,188.20560741338022,188.20560741338022,186.2634308812723,187.65069580078125,5160140,WIPRO
2023-02-13,187.5813480618691,187.5813480618691,184.5987367504272,185.24612426757812,4825356,WIPRO
2023-02-14,186.35592283203724,187.95128315120127,185.66229036492047,187.32701110839844,4638822,WIPRO
2023-02-15,186.2172059146447,188.59867461295642,185.13051220415616,188.3905792236328,5227672,WIPRO
2023-02-16,189.03796422373023,191.0957462039341,188.92235881162864,189.546630859375,11189362,WIPRO
2023-02-17,188.1362526081438,188.66803468743854,186.81834807285583,187.8819122314453,5616244,WIPRO
2023-02-20,187.41949135082913,188.5755454897116,185.9859955082061,188.22872924804688,6497188,WIPRO
2023-02-21,188.39058385161576,188.6680396735335,185.93975466731902,186.24032592773438,5761172,WIPRO
2023-02-22,184.73744330808543,185.13050452050032,182.40221969454328,182.7259063720703,6883372,WIPRO
2023-02-23,183.02650462861558,184.36753885856393,181.91669536244322,182.17103576660156,6078322,WIPRO
2023-02-24,183.09586634023344,183.35019261457515,181.523621368701,181.8704376220703,5106634,WIPRO
2023-02-27,181.61611106654848,181.87043734049644,178.24043851710925,180.5063018798828,5554710,WIPRO
2023-02-28,181.19993337627795,181.82420545029694,178.3560429412907,178.9803009033203,10061602,WIPRO
2023-03-01,179.46583274906016,181.1536688321826,179.0958869875069,180.7837371826172,4542612,WIPRO
2023-03-02,179.7433038727549,180.50629678505257,179.09590226281597,179.44271850585938,4438972,WIPRO
2023-03-03,180.62189643473937,181.0149576533749,179.92826397079028,180.5525360107422,4393936,WIPRO
2023-03-06,181.47739444649173,183.41955704049576,181.3155440356606,182.0785369873047,6727722,WIPRO
2023-03-08,181.10743147056033,181.7317035034661,179.8126565305982,181.54673767089844,4908842,WIPRO
2023-03-09,181.63921600599036,182.12476719908304,180.15947521329934,180.39068603515625,4157054,WIPRO
2023-03-10,179.37334159117202,180.29818482094035,178.7721991366177,179.92825317382812,4567396,WIPRO
2023-03-13,179.88200857199908,181.54672921151538,177.4542950887009,178.24041748046875,5982520,WIPRO
2023-03-14,178.74907895456099,179.02653476042684,174.4948083419091,175.4658966064453,8094852,WIPRO
2023-03-15,177.43120179741246,177.43120179741246,173.3618826027154,173.75494384765625,7687926,WIPRO
2023-03-16,173.56996400282756,174.19423603421308,171.09600542629295,172.41390991210938,7686620,WIPRO
2023-03-17,174.4254463948161,174.95722845275387,172.87633109491958,174.10174560546875,9044282,WIPRO
2023-03-20,173.40811947962436,173.84742569376832,168.8532633855618,169.77810668945312,8184754,WIPRO
2023-03-21,170.63358878478985,171.21161584706894,168.99199757271273,169.43128967285156,7211152,WIPRO
2023-03-22,170.10180670989084,171.09601043461313,169.17696341024427,169.43128967285156,5374846,WIPRO
2023-03-23,168.7376512639356,168.7376512639356,166.63363847602932,167.16542053222656,9485192,WIPRO
2023-03-24,168.02091385920755,169.6393896776439,166.93422013014535,167.28103637695312,7906696,WIPRO
2023-03-27,167.28103076974415,168.32147947529197,166.10186121491878,167.04981994628906,6227714,WIPRO
2023-03-28,167.8590612272384,168.34459832152984,164.34465381716288,164.714599609375,7813096,WIPRO
2023-03-29,165.54694887954884,166.81860840306493,164.15968394480402,166.03248596191406,8823840,WIPRO
2023-03-31,168.0209073132818,169.13071643743183,167.07293447507908,168.89950561523438,7914212,WIPRO
2023-04-03,170.14805603027344,170.35613731079962,168.85326691060177,170.14805603027344,4053500,WIPRO
2023-04-05,170.9572922767841,171.97461145522325,169.80123813401977,170.98040771484375,6443110,WIPRO
2023-04-06,170.63358392733645,171.304100945288,169.17695859425686,169.54689025878906,6429614,WIPRO
2023-04-10,170.17117999289422,173.13067595298136,169.98621414138688,172.62200927734375,5624940,WIPRO
2023-04-11,172.71449458027593,173.3387666601929,170.44863120871574,171.2116241455078,6784354,WIPRO
2023-04-12,171.3734620659931,172.69136655823493,170.7954350178158,172.0902099609375,5578210,WIPRO
2023-04-13,171.04976822118408,171.04976822118408,169.24632658002426,170.3098907470703,6724634,WIPRO
2023-04-17,166.44866663593274,167.37350986966598,162.77240913704804,167.09605407714844,13603290,WIPRO
2023-04-18,168.06717088690814,170.58736066037852,166.12499412086603,170.12493896484375,8024898,WIPRO
2023-04-19,170.12493257726646,170.12493257726646,166.6567699909727,166.84173583984375,7475944,WIPRO
2023-04-20,166.70300963786903,168.18276460538644,166.00937714284322,167.78970336914062,4423266,WIPRO
2023-04-21,168.3677179350544,170.49486025077314,168.15962255721684,170.19427490234375,5299988,WIPRO
2023-04-24,173.4081282450411,175.0728490985914,171.35034614507077,174.77227783203125,17779044,WIPRO
2023-04-25,174.88787816296264,175.21156485907616,172.99194652690937,173.7086944580078,7528552,WIPRO
2023-04-26,174.633537437178,174.633537437178,172.66824537812013,173.2000274658203,7008146,WIPRO
2023-04-27,174.05550430044914,174.1479942742153,172.0439673229388,173.1306610107422,8491700,WIPRO
2023-04-28,175.72024020900975,179.41961368709417,175.72024020900975,178.0323486328125,27709406,WIPRO
2023-05-02,179.88202266748382,181.33864804920577,179.16527475152205,179.58145141601562,9746608,WIPRO
2023-05-03,179.58143775992846,179.58143775992846,176.6681731060319,178.0785675048828,4828488,WIPRO
2023-05-04,177.916719921973,178.5641073734955,177.13059751598905,177.43118286132812,6253358,WIPRO
2023-05-05,176.9918795711516,177.75487244122266,175.25779845190453,175.44276428222656,7902194,WIPRO
2023-05-08,176.18265133280414,177.10749464688712,175.53526383534387,175.882080078125,9613544,WIPRO
2023-05-09,176.8762729294944,177.31557912143484,175.74333429469323,176.78378295898438,5716698,WIPRO
2023-05-10,177.56990533387622,177.82423158474145,176.64506207692895,177.4542999267578,3670402,WIPRO
2023-05-11,178.35603459416805,178.8878166649302,177.15373549158267,177.8704833984375,4049964,WIPRO
2023-05-12,177.8473708096853,178.14794206214899,176.43697629891096,177.2230987548828,4580358,WIPRO
2023-05-15,177.22311143263238,178.9571927578049,176.87629516759787,178.37916564941406,5089694,WIPRO
2023-05-16,179.18839304036774,179.7895355528688,178.72597138090873,178.93406677246094,4059352,WIPRO
2023-05-17,178.5872386000129,179.1190206504752,176.34449087903212,176.78378295898438,5376102,WIPRO
2023-05-18,178.12481491192906,178.19417533301555,176.7606654786135,176.92251586914062,4237016,WIPRO
2023-05-19,177.93983294235008,179.51207773297023,177.33869048381027,178.5872344970703,7281582,WIPRO
2023-05-22,178.72598673374083,183.39644871787442,178.21732004224285,183.00338745117188,12197390,WIPRO
2023-05-23,183.58138677126476,185.9397399023109,183.14208057878005,183.8819580078125,12725634,WIPRO
2023-05-24,182.4253576099629,185.17677232390795,181.8935754862229,184.8299560546875,8256974,WIPRO
2023-05-25,184.50621947613067,184.50621947613067,181.5698394766068,182.2403564453125,13605054,WIPRO
2023-05-26,182.7259208414192,186.147838391316,182.65656041302734,185.75479125976562,7926180,WIPRO
2023-05-29,186.81835155304555,187.74319487756557,184.66809364593433,184.8761749267578,7959308,WIPRO
2023-05-30,184.96867114712734,186.74899742931638,184.71434486909592,186.12472534179688,7378972,WIPRO
2023-05-31,185.77791102468223,187.18829151212097,185.19988392130736,186.65650939941406,11783582,WIPRO
2023-06-01,187.28077487741064,188.66803987650255,186.84146864956912,188.2749786376953,7065484,WIPRO
2023-06-02,188.9917411653565,189.50039371005084,186.81835368315768,187.25765991210938,6320754,WIPRO
2023-06-05,189.08423169302702,189.47729296330508,186.6796473026028,186.91085815429688,7252860,WIPRO
2023-06-06,186.51777214240093,186.51777214240093,182.9108748672345,184.94554138183594,13707400,WIPRO
2023-06-07,186.07846190396316,186.63337350718697,185.43107444152756,186.263427734375,8215860,WIPRO
2023-06-08,186.86460142629602,187.16517269222408,184.390642646138,184.7605743408203,10615052,WIPRO
2023-06-09,184.71432582673935,185.13050247151847,183.1420809944811,183.72010803222656,12018232,WIPRO
2023-06-12,184.87618360152248,184.87618360152248,182.47159931213596,182.93402099609375,11973622,WIPRO
2023-06-13,184.02069663476854,184.2750228910775,182.42533633759118,182.91087341308594,13016186,WIPRO
2023-06-14,183.25769760519356,183.65075883728727,181.592990924308,183.3270721435547,18512564,WIPRO
2023-06-15,183.62765108823533,183.78950149787337,179.53521641705206,179.85891723632812,28702320,WIPRO
2023-06-16,178.28665732275863,179.72016722646725,175.32716165470802,176.3213653564453,41110648,WIPRO
2023-06-19,176.64507947695847,176.64507947695847,174.37921609664147,175.7895965576172,10629440,WIPRO
2023-06-20,176.55259616822732,178.0092357860306,175.99769860562665,176.8762969970703,11802658,WIPRO
2023-06-21,177.68552273009382,179.07278770911864,177.1537406438655,178.2635498046875,8829264,WIPRO
2023-06-22,178.49474862950285,178.49474862950285,176.4600962861756,176.78378295898438,9356174,WIPRO
2023-06-23,176.78379263413999,177.10749343665267,174.84163015503063,175.69711303710938,6470406,WIPRO
2023-06-26,175.72023688819726,176.5988352502403,175.2809306511809,176.13641357421875,4100400,WIPRO
2023-06-27,177.68550872506796,177.68550872506796,176.41384926119306,176.92251586914062,5880750,WIPRO
2023-06-28,177.45432172506102,177.45432172506102,176.09017210869783,176.50636291503906,7140112,WIPRO
2023-06-30,178.03233843857433,180.2288413154139,177.1074951220103,179.95138549804688,9070810,WIPRO
2023-07-03,182.14786886490424,182.14786886490424,180.11321660879418,181.0843048095703,9036924,WIPRO
2023-07-04,182.0785072765866,183.7432278797986,181.73169107225024,183.09584045410156,12617234,WIPRO
2023-07-05,182.24037815994865,182.8415206702883,181.1999294299068,182.14788818359375,12366958,WIPRO
2023-07-06,182.42533387939412,183.55827252293344,181.80106185360688,183.21145629882812,9037242,WIPRO
2023-07-07,182.65654511262747,183.78948375875427,181.82419181766906,183.0496063232422,9065220,WIPRO
2023-07-10,183.04961985399981,183.04961985399981,180.18259987146016,180.3213348388672,5630400,WIPRO
2023-07-11,180.34444542697133,181.6392204160104,179.35024169124608,181.2924041748047,9634838,WIPRO
2023-07-12,182.14789470069002,182.17102425160084,180.5063034015738,181.19993591308594,6848220,WIPRO
2023-07-13,181.1999457867223,184.32129225861,180.92248994460087,182.33287048339844,13595726,WIPRO
2023-07-14,182.54094155866662,187.5119741660274,181.43113245011864,187.3038787841797,31366784,WIPRO
2023-07-17,188.2056205698986,196.50609523000074,187.65070891850849,192.02059936523438,45759860,WIPRO
2023-07-18,193.29224917909033,194.35581332642857,190.63332469875596,192.9223175048828,17769026,WIPRO
2023-07-19,194.21707792682878,194.6794995409403,191.51190866187898,193.2691192626953,10830990,WIPRO
2023-07-20,193.5234475510858,194.21707997958433,191.74312149554206,193.13038635253906,8255710,WIPRO
2023-07-21,187.28079545531668,191.6044413332882,185.43110858662217,187.14207458496094,23514212,WIPRO
2023-07-24,187.88190988937353,188.66803233556723,186.58713492010142,186.84146118164062,6808460,WIPRO
2023-07-25,187.51199417437414,187.51199417437414,184.96867489457372,185.1536407470703,6458200,WIPRO
2023-07-26,186.58714217713427,186.63338716611878,185.61605385641673,186.24032592773438,5329662,WIPRO
2023-07-27,186.81834338733432,188.02064247905648,184.50623517709505,184.94554138183594,8948358,WIPRO
2023-07-28,185.45418910442103,186.28655650578324,183.37329176899783,184.390625,6760060,WIPRO
2023-07-31,184.85304974813675,187.7431849849744,184.4831180826169,187.3038787841797,6762180,WIPRO
2023-08-01,187.51197808343764,188.66803220232444,186.8414610496878,188.1824951171875,7181804,WIPRO
2023-08-02,187.6969376160463,187.6969376160463,184.50623117748003,186.263427734375,5399618,WIPRO
2023-08-03,185.89351751345535,185.89351751345535,183.60452452614294,184.80682373046875,6821698,WIPRO
2023-08-04,185.36172295684082,189.59287827147722,185.1073825797711,189.06109619140625,12481540,WIPRO
2023-08-07,189.56978199136066,190.9801625347753,188.69116946976817,190.1246795654297,8822866,WIPRO
2023-08-08,190.70267999042656,193.06103315798768,189.56975544866853,192.5292510986328,15724284,WIPRO
2023-08-09,192.1362038702835,193.52346888017723,190.77205429909222,193.19976806640625,9309388,WIPRO
2023-08-10,192.8760865098866,194.5870382672041,192.1593244351271,193.59283447265625,9901644,WIPRO
2023-08-11,193.59281409274166,195.21128981041272,190.6795634457291,191.0032501220703,7571468,WIPRO
2023-08-14,191.0957516410136,192.45990118742088,189.36167041015142,191.97434997558594,5792180,WIPRO
2023-08-16,191.51193690230454,194.3095965474157,191.44257647235744,193.59283447265625,8131780,WIPRO
2023-08-17,193.59283415255607,194.40207209524368,191.67378699658053,193.08416748046875,6340960,WIPRO
2023-08-18,191.92811441425857,192.52927107101223,188.6680471849036,190.37901306152344,10602392,WIPRO
2023-08-21,190.42522740872963,192.991676000855,190.35586698450757,191.7200164794922,7334260,WIPRO
2023-08-22,191.90499503458304,193.33850504880556,190.86454626632326,192.87608337402344,6350240,WIPRO
2023-08-23,192.9454427095582,193.26914352486733,191.72002810072703,192.02059936523438,6134234,WIPRO
2023-08-24,193.63906066682864,194.2170877135953,190.51771461428874,190.84141540527344,5776956,WIPRO
2023-08-25,189.59289872290978,190.19404129357648,188.25187860312147,189.4541778564453,6598510,WIPRO
2023-08-28,190.26339173528606,190.7258133809064,188.50618101473555,188.69114685058594,3401974,WIPRO
2023-08-29,189.43102709125938,190.4714758092033,188.25185752238517,188.7142791748047,3998562,WIPRO
2023-08-30,189.59288600201003,189.68537598144096,188.04377057447374,188.29811096191406,4018182,WIPRO
2023-08-31,188.66804623457992,189.5928895984749,187.9512982723572,188.85301208496094,22061952,WIPRO
2023-09-01,188.6449121760554,193.17663856706432,188.4368167949221,192.5292510986328,8476130,WIPRO
2023-09-04,193.29225216981663,201.84705280412672,192.36740885799935,200.73724365234375,27634648,WIPRO
2023-09-05,201.52334965492793,202.3094721056196,198.9800305770287,199.69679260253906,17973426,WIPRO
2023-09-06,200.575406046234,201.40775943517457,196.94539299337393,198.5176239013672,13531912,WIPRO
2023-09-07,198.81822058118527,200.55230199998155,197.33846545901616,200.15924072265625,9322650,WIPRO
2023-09-08,200.43666892377442,200.43666892377442,198.51760779542977,198.84130859375,5748410,WIPRO
2023-09-11,200.2285777798208,202.30947523942632,198.88755779491726,201.0840606689453,8253314,WIPRO
2023-09-12,202.12450012422286,204.1591525023011,197.4077937874151,201.15341186523438,14545328,WIPRO
2023-09-13,201.13031082301998,202.51757583172136,199.5349504182176,201.4771270751953,7445670,WIPRO
2023-09-14,202.72565788367444,204.96840581196753,201.2921478801889,201.82394409179688,14895010,WIPRO
2023-09-15,203.37303799537693,205.19960917536736,202.656290075729,203.95106506347656,19835876,WIPRO
2023-09-18,203.9510729269452,203.9510729269452,201.24591743353105,201.66209411621094,6025196,WIPRO
2023-09-20,200.80660504223326,202.00890417576474,198.40200677517024,198.88755798339844,9102700,WIPRO
2023-09-21,198.79506602943982,199.41933808410087,195.62747488037283,198.35577392578125,8893070,WIPRO
2023-09-22,196.2517530358104,197.3384467777813,192.6448696709595,193.52346801757812,19818260,WIPRO
2023-09-25,193.52343698009668,194.10146397227138,190.51769662078812,191.48878479003906,9301132,WIPRO
2023-09-26,192.7373559645631,192.7373559645631,190.3790166202595,190.9339141845703,6480566,WIPRO
2023-09-27,190.63333553352606,192.62174309138433,189.73160762241034,192.20556640625,7773994,WIPRO
2023-09-28,192.59862575662476,192.59862575662476,186.8183548755736,187.442626953125,16876116,WIPRO
2023-09-29,187.28078976082423,189.24608199905512,185.66231379992823,187.76632690429688,12780272,WIPRO
2023-10-03,187.9512827276869,188.71427561739833,186.63337822073697,187.48886108398438,5728104,WIPRO
2023-10-04,186.2171932257009,187.48885268894276,185.26922043136418,187.23451232910156,6905870,WIPRO
2023-10-05,188.64492486923513,189.77784948722322,187.28077530554714,188.11312866210938,8125304,WIPRO
2023-10-06,188.66805428050836,189.50040769871444,188.1825171385532,188.59869384765625,6365004,WIPRO
2023-10-09,186.91084003946,190.05530167295166,186.54089424540922,187.5582275390625,6030450,WIPRO
2023-10-10,187.9281723529162,189.01486614889194,187.8356964819334,188.5524444580078,5128014,WIPRO
2023-10-11,189.1304655649904,196.04367526894666,189.1304655649904,194.74888610839844,19092228,WIPRO
2023-10-12,195.0263413393624,195.0957017681818,191.76627417694425,192.87608337402344,10234398,WIPRO
2023-10-13,190.47149143498135,191.62754566086977,189.1535867950705,190.07843017578125,10914054,WIPRO
2023-10-16,190.0552954394598,190.47147209612658,188.7373909333578,189.68536376953125,5277652,WIPRO
2023-10-17,190.37899985543137,191.37320358526307,190.07841449191042,190.24026489257812,5979388,WIPRO
2023-10-18,189.13045947809513,191.280717380815,188.20561615546384,188.41371154785156,4881066,WIPRO
2023-10-19,181.24617158731627,183.46578986527643,180.3906887113564,182.79527282714844,25629102,WIPRO
2023-10-20,182.67967680378476,183.14209847812617,180.8068746674978,181.19993591308594,8429336,WIPRO
2023-10-23,180.7375016545418,181.73170536275458,176.73755727239035,177.17684936523438,8837826,WIPRO
2023-10-25,177.7548837023234,179.2808836511287,176.22889786550726,176.57571411132812,6678294,WIPRO
2023-10-26,175.1653217553664,175.9745596723418,173.43124050470482,174.91099548339844,10995582,WIPRO
2023-10-27,175.2809154177607,177.73175855486943,175.2809154177607,176.80691528320312,6202812,WIPRO
2023-10-30,177.56990858147904,177.73175897680255,175.90518786613,176.6450653076172,4688744,WIPRO
2023-10-31,177.1999833920611,177.61616005810941,175.32716722686038,176.55258178710938,6153536,WIPRO
2023-11-01,177.5005505826663,178.28665890899262,175.78958485785785,176.15953063964844,4241952,WIPRO
2023-11-02,177.47742622201554,178.1016982810475,176.69131787270666,177.40806579589844,4742730,WIPRO
2023-11-03,178.49477043826442,178.81847126261164,176.94565497087115,177.36183166503906,5291528,WIPRO
2023-11-06,178.49475544324036,178.70285082883754,177.10749050456232,177.8704833984375,4939936,WIPRO
2023-11-07,177.9860932953171,178.95718159926128,177.0381345414603,177.2462158203125,5692178,WIPRO
2023-11-08,177.84738860305958,178.42541572793172,176.41387851097858,176.73757934570312,7102052,WIPRO
2023-11-09,177.1074849357272,177.56990656741317,175.5814991959588,176.11328125,9231126,WIPRO
2023-11-10,175.85895181178415,176.55258430240966,174.33296597720377,175.3965301513672,10710700,WIPRO
2023-11-13,176.92253682972742,177.0612576883351,175.7202376444987,176.4832305908203,3585902,WIPRO
2023-11-15,178.286662234964,181.38489294731085,177.68551973232425,181.10743713378906,10792518,WIPRO
2023-11-16,181.10745118624453,184.73746425750718,180.02075739762589,183.62765502929688,13843576,WIPRO
2023-11-17,184.04382135963453,184.50624302134216,182.42534554365784,182.84152221679688,7886928,WIPRO
2023-11-20,181.82420554972,185.47733390547293,181.82420554972,185.0611572265625,8610496,WIPRO
2023-11-21,186.17096924437809,186.17096924437809,184.99178550551008,185.2692413330078,5440248,WIPRO
2023-11-22,186.12472305440812,186.1709680440245,184.5524921913775,185.0842742919922,5318582,WIPRO
2023-11-23,185.19988198606126,187.28077953646644,185.19988198606126,186.12472534179688,9677360,WIPRO
2023-11-24,186.124713493116,186.58713514154607,182.91087739173125,183.1189727783203,6250566,WIPRO
2023-11-28,183.58141487595222,184.3906528508462,181.77797306858653,183.51205444335938,8145314,WIPRO
2023-11-29,184.04381655649038,188.92235931539076,184.04381655649038,187.85879516601562,15544086,WIPRO
2023-11-30,188.18248944657714,191.67376713561507,186.8414554194876,191.0032501220703,19825958,WIPRO
2023-12-01,191.32693916509925,191.32693916509925,187.97438252716094,188.50616455078125,9830426,WIPRO
2023-12-04,190.84142526975864,190.98014612335766,188.09001074013494,188.41371154785156,10662472,WIPRO
2023-12-05,188.3905744575657,189.13045190845617,185.93974539547895,186.98019409179688,11165368,WIPRO
2023-12-06,188.09002354863864,194.40207683303572,187.72009183919027,193.6390838623047,22082070,WIPRO
2023-12-07,194.21710537068515,194.91073788986617,192.66798992211625,193.40786743164062,11250552,WIPRO
2023-12-08,193.66219224039233,196.29800143806682,191.90499551660244,195.41940307617188,15479122,WIPRO
2023-12-11,194.21711203150784,195.23444540599277,192.94545236939678,194.49456787109375,10084242,WIPRO
2023-12-12,194.54080352547945,197.87023110473433,194.28646313807093,195.23443603515625,11903364,WIPRO
2023-12-13,195.8586937758538,196.2055100302877,191.9049941201029,194.0552520751953,9696816,WIPRO
2023-12-14,195.83556815701436,201.61583876377392,195.71996274487915,200.87596130371094,24681376,WIPRO
2023-12-15,201.63895737942096,207.85853429511602,200.4597878018527,206.494384765625,41567234,WIPRO
2023-12-18,206.24005048131755,209.7082127651962,204.3903639299156,205.8932342529297,20182072,WIPRO
2023-12-19,206.0551018873093,206.86433982124913,201.1534292936186,202.86439514160156,16064694,WIPRO
2023-12-20,204.3903740376136,207.858536493003,198.54074285192135,199.7430419921875,26449942,WIPRO
2023-12-21,198.33264104688803,201.84704837711178,197.54653271627805,200.6909942626953,10663008,WIPRO
2023-12-22,201.29212733044938,215.62719767787087,200.6909848639011,213.93936157226562,46080814,WIPRO
2023-12-26,209.939438220796,220.02022498395914,207.32675860718618,217.38442993164062,54628644,WIPRO
2023-12-27,216.6445575745087,219.8352643513938,214.6099050002624,217.77749633789062,25262992,WIPRO
2023-12-28,218.51734285683665,220.76009065909454,216.25147961710763,217.08384704589844,16839956,WIPRO
2023-12-29,217.77747950962635,219.81213192664947,215.53473170741245,217.93931579589844,15961140,WIPRO
2024-01-01,218.72545359201462,223.58088120875067,216.55206606163213,220.64450073242188,20347278,WIPRO
2024-01-02,221.0375513845887,221.0375513845887,214.7023690578499,216.96824645996094,14282514,WIPRO
2024-01-03,214.51741234271665,214.51741234271665,210.40186225507034,210.8180389404297,19534364,WIPRO
2024-01-04,211.3266968842861,212.64460142685942,208.73713278715744,209.19955444335938,15170336,WIPRO
2024-01-05,210.4249616236655,214.10121930622438,209.70821372650704,211.1417236328125,16889130,WIPRO
2024-01-08,211.5579142951761,212.71396847165246,207.65044553389018,208.25160217285156,10082886,WIPRO
2024-01-09,211.78914184908834,213.87003953101168,208.0666527517772,208.43658447265625,14465048,WIPRO
2024-01-10,208.7602670642466,210.86428000281225,207.6273283361024,209.7544708251953,8874676,WIPRO
2024-01-11,210.37874682094682,211.28046062058127,206.56376799975052,207.2574005126953,8638818,WIPRO
2024-01-12,210.40183460174643,216.8757372048771,210.40183460174643,215.23414611816406,36086734,WIPRO
2024-01-15,236.73677915784592,244.6210629717815,226.19355663440157,228.71376037597656,127844264,WIPRO
2024-01-16,228.89872222585777,228.89872222585777,222.19360814045385,224.27450561523438,25912492,WIPRO
2024-01-17,219.71964757545996,227.28024449236472,218.26302217781515,223.07220458984375,28668932,WIPRO
2024-01-18,223.0721845131077,226.1241699980557,216.59828189557643,223.1877899169922,26144924,WIPRO
2024-01-19,225.66178758708097,228.13574648241115,223.6271349476283,224.29763793945312,15498620,WIPRO
2024-01-23,221.06064926510265,224.73690678006557,215.9740114573234,217.2919158935547,19972336,WIPRO
2024-01-24,218.26510002526695,221.97236287070672,216.89804119417684,221.53211975097656,11708750,WIPRO
2024-01-25,221.53212443765332,222.13456314803358,217.12974971555806,217.80169677734375,12852980,WIPRO
2024-01-29,217.80167109870507,221.04552577464324,217.80167109870507,219.19189453125,10051300,WIPRO
2024-01-30,219.84067714843485,223.77964380063395,218.49679723668982,218.960205078125,11828014,WIPRO
2024-01-31,218.96020916875324,222.3894244310214,217.33828169342914,221.57846069335938,10584480,WIPRO
2024-02-01,221.3004120409784,221.36993453181054,218.07973598429714,218.4272918701172,7828120,WIPRO
2024-02-02,220.11872152853306,225.44791162869754,220.11872152853306,223.89549255371094,16296222,WIPRO
2024-02-05,223.82599254886466,226.83814358730694,222.04186948998563,223.5247802734375,11566604,WIPRO
2024-02-06,224.61380861741532,232.53807217609184,223.87235316936335,231.541748046875,29024038,WIPRO
2024-02-07,232.14416356674724,232.49171944743878,228.25152638933383,229.4795684814453,9103534,WIPRO
2024-02-08,229.8039458970582,231.75026448925618,224.7991468629563,226.53692626953125,11303840,WIPRO
2024-02-09,227.48689111813286,229.27101401518732,223.7101202947583,227.2783660888672,7893788,WIPRO
2024-02-12,227.53326705013305,236.7087373354425,227.53326705013305,232.37588500976562,48873500,WIPRO
2024-02-13,233.14048589554568,237.72822065878955,227.85763937598955,237.07945251464844,22373576,WIPRO
2024-02-14,233.5343926621943,239.58185947370018,230.3368671698635,238.42333984375,22594656,WIPRO
2024-02-15,239.55868579335726,242.29277504745264,237.75138392444725,240.27696228027344,14570776,WIPRO
2024-02-16,242.13060171784176,252.55727834683975,241.41232520690048,251.63046264648438,34942644,WIPRO
2024-02-19,252.9743785187898,252.9743785187898,246.23177109050891,248.36346435546875,18602758,WIPRO
2024-02-20,248.29393567896744,249.38296116410152,243.86839609549412,246.50982666015625,10374126,WIPRO
2024-02-21,248.34029439199458,248.52564057363023,240.74039384062357,241.62088012695312,13115574,WIPRO
2024-02-22,242.26959796116455,246.99636329072882,241.64400872991158,246.09271240234375,14596482,WIPRO
2024-02-23,247.9232006383675,250.8194997112456,247.1354016337105,248.4561309814453,19860994,WIPRO
2024-02-26,248.50244763392286,248.61829959086174,243.77568213398223,246.95004272460938,8820636,WIPRO
2024-02-27,247.45979104604115,249.03538904427214,244.47080476702172,246.27810668945312,10399260,WIPRO
2024-02-28,245.60616090762588,246.04640402269067,238.6550431460893,239.90625,12789056,WIPRO
2024-02-29,239.72087866565084,242.94156892724294,237.82091776644046,240.32330322265625,14462764,WIPRO
2024-03-01,242.08426113853406,243.38179740266045,239.8367161977978,240.55499267578125,9420630,WIPRO
2024-03-04,242.33913599468383,243.93789870222167,240.30013018156743,241.2037811279297,5662370,WIPRO
2024-03-05,239.92941916599077,241.20379077913702,236.6392205363597,237.86724853515625,10521548,WIPRO
2024-03-06,238.05261340650839,238.5855154527713,231.70392033256218,237.79774475097656,11091922,WIPRO
2024-03-07,238.07577031428784,241.1574436670601,236.5696948816427,238.88673400878906,9707982,WIPRO
2024-03-11,239.767232023702,240.48550853173177,237.40383502687354,238.44650268554688,11131512,WIPRO
2024-03-12,237.61235984749393,242.13058609520348,235.29532074610444,236.7318878173828,11652760,WIPRO
2024-03-13,238.0989354001332,240.36964506175556,230.22100235620866,233.74290466308594,13580480,WIPRO
2024-03-14,232.23683458309856,240.46233782835492,229.45638756230818,240.0220947265625,12825472,WIPRO
2024-03-15,238.53918052688098,240.16110793211473,234.66972231740633,239.58184814453125,13649086,WIPRO
2024-03-18,240.04525472008586,240.30012336845675,235.8745842712813,236.43067932128906,6393960,WIPRO
2024-03-19,235.87458552121782,235.87458552121782,228.529568585706,229.31736755371094,9617386,WIPRO
2024-03-20,229.87345681378002,232.28318327466044,226.699124375964,228.6917724609375,8385344,WIPRO
2024-03-21,231.54172556807137,234.1599770485509,230.98564464258328,231.91246032714844,11644580,WIPRO
2024-03-22,226.72227613389467,227.41738786450446,222.22721461911758,225.7259521484375,28646502,WIPRO
2024-03-26,225.21621212530746,227.5100866093437,221.99552195351276,222.3662567138672,18273346,WIPRO
2024-03-27,222.29673711945608,222.87599689499973,218.38093537994743,218.8675079345703,14320668,WIPRO
2024-03-28,220.90651765089027,223.84914605017045,220.2577353768876,222.4821014404297,15455150,WIPRO
2024-04-01,224.15038495706256,225.40157767939994,223.15404675586996,224.72964477539062,6041008,WIPRO
2024-04-02,223.33940767657487,223.6869635465091,222.25039645569734,222.99185180664062,6932654,WIPRO
2024-04-03,222.4357599312546,226.00400590365237,220.55896386366854,223.91867065429688,13794516,WIPRO
2024-04-04,225.1235348230681,227.97350450221916,222.2504145496217,225.864990234375,16004046,WIPRO
2024-04-05,225.4479174937546,225.7491297657917,223.61745084185304,224.77597045898438,6414344,WIPRO
2024-04-08,227.06984156740927,227.81129693971985,221.6016347130281,222.38941955566406,26640770,WIPRO
2024-04-09,224.2662415844654,224.86866615122017,220.2114227718468,220.4894561767578,15801250,WIPRO
2024-04-10,221.27725754317441,222.18090854494946,219.23826574710998,221.1845703125,10771534,WIPRO
2024-04-12,220.11872958579852,222.4357688445964,217.80169032700064,218.1492462158203,13170046,WIPRO
2024-04-15,216.15659253400318,217.0370646012162,212.3334778556097,212.86639404296875,12176472,WIPRO
2024-04-16,209.94691397878205,212.47249233623202,206.1237993402348,207.76890563964844,21439424,WIPRO
2024-04-18,209.6920699317144,211.05912886213696,205.22018662788628,205.91529846191406,21986258,WIPRO
2024-04-19,203.89945693202995,210.34082331123835,202.50923336203883,209.8079071044922,20470106,WIPRO
2024-04-22,209.80789888059937,216.01756108807422,208.53352732472604,214.09442138671875,18881740,WIPRO
2024-04-23,216.31878607162753,216.31878607162753,213.26030547139757,214.14077758789062,10322712,WIPRO
2024-04-24,214.9749083378248,215.32246424076655,212.5188522805374,213.12127685546875,5915168,WIPRO
2024-04-25,212.6578678701269,214.3493037604931,211.22130065041426,213.6310272216797,11805090,WIPRO
2024-04-26,214.04807906037277,220.48944522579464,213.90906236482175,215.29928588867188,21478294,WIPRO
2024-04-29,216.712676359762,216.87487193428376,213.90906454821484,214.53466796875,7249940,WIPRO
2024-04-30,214.55783269225958,216.2956121147131,213.86272092327818,214.27978515625,8902956,WIPRO
2024-05-02,214.279792606396,214.55784015207283,211.0591164500558,211.96275329589844,14937276,WIPRO
2024-05-03,213.35296342875745,214.0944187897797,210.01643551728446,211.9395751953125,9730626,WIPRO
2024-05-06,212.61150053155103,214.3724587193209,211.31396430231786,212.5419921875,6918126,WIPRO
2024-05-07,214.0017399762872,215.64684633290605,210.3871643946234,214.9748992919922,9278528,WIPRO
2024-05-08,215.48464113318775,216.13340926732235,213.77002650389628,214.6505126953125,8205680,WIPRO
2024-05-09,213.9785779517959,215.20660594432576,210.4103317963611,211.26763916015625,9233484,WIPRO
2024-05-10,211.33714309638256,212.00909013177636,208.67254797450778,209.39083862304688,6654714,WIPRO
2024-05-13,209.3908359528754,210.0396041023808,206.2164894110523,209.4371795654297,7111608,WIPRO
2024-05-14,209.78473002262027,213.12125790899233,209.55302610792424,211.47616577148438,4909420,WIPRO
2024-05-15,211.4761697196206,213.0517535405519,210.6883707381125,212.3798065185547,4793424,WIPRO
2024-05-16,214.0944272124406,216.64317039354108,211.3603237193135,215.2297821044922,14621472,WIPRO
2024-05-17,215.20661114500592,215.20661114500592,213.1907840900935,213.6310272216797,6876820,WIPRO
2024-05-21,214.55781498640215,215.39194338351138,213.02857487767392,213.58465576171875,8467448,WIPRO
2024-05-22,214.5114748641128,214.76635764776665,212.63467886906759,213.77001953125,7765884,WIPRO
2024-05-23,214.32612175360902,216.87486482311138,213.97856588049504,215.85536193847656,13171332,WIPRO
2024-05-24,216.4114737472802,218.03340128071807,214.09443441379756,214.8590545654297,8205526,WIPRO
2024-05-27,214.094423522324,214.16393187037528,209.2749847822731,209.66888427734375,40983758,WIPRO
2024-05-28,210.38717770512358,211.89325331644878,209.97011344117382,211.337158203125,15778126,WIPRO
2024-05-29,210.38716186109573,211.08227362935926,208.30182655630512,208.9042510986328,9756036,WIPRO
2024-05-30,208.07011206470636,208.30181597569154,201.62874616773476,202.48605346679688,20724568,WIPRO
2024-05-31,202.76409646374063,204.89577537433027,201.81411604047597,203.06532287597656,21438004,WIPRO
2024-06-03,208.62621385158351,208.78839528084802,204.61772474830082,205.79942321777344,8964424,WIPRO
2024-06-04,206.63355557974873,206.63355557974873,193.2410716667529,203.04214477539062,17730732,WIPRO
2024-06-05,203.76046061410608,210.85059587345566,203.4592341634745,209.22866821289062,12267428,WIPRO
2024-06-06,210.82741527614706,214.0944350898395,209.7384039575543,213.6310272216797,15425568,WIPRO
2024-06-07,217.8016872558767,225.40157308915408,217.0138882621597,224.5442657470703,72672440,WIPRO
2024-06-10,226.32838356001758,226.32838356001758,219.35410130705228,220.2345733642578,18311752,WIPRO
2024-06-11,222.06504694162768,222.06504694162768,219.81751604511538,220.6053009033203,9371714,WIPRO
2024-06-12,221.5089427255634,224.47475000895318,220.37358788530352,220.9991912841797,13875116,WIPRO
2024-06-13,222.4357617951924,224.91499655195162,221.5784544681898,223.640625,12995932,WIPRO
2024-06-14,224.75281113230122,225.03085867552116,220.67482763869367,221.27725219726562,11322596,WIPRO
2024-06-18,222.89919144706184,228.46008603617773,222.4589483019223,227.9271697998047,31870984,WIPRO
2024-06-19,228.11252375077072,230.38321948279798,225.5637804686392,229.7344512939453,20880284,WIPRO
2024-06-20,230.5454017588804,230.5454017588804,226.2588792136148,227.2552032470703,12571126,WIPRO
2024-06-21,230.753951801255,232.14417539485527,226.652789371717,227.32472229003906,95171176,WIPRO
2024-06-24,227.11619723625043,229.3405493291766,226.81498495272086,227.32472229003906,9934518,WIPRO
2024-06-25,227.32470854606578,230.77710258494355,226.74544875042085,230.2441864013672,9258210,WIPRO
2024-06-26,230.24418859054973,231.65757684852807,228.8307861904864,229.4795684814453,12812090,WIPRO
2024-06-27,228.06615666870982,237.24164002553033,226.69911207966092,236.70870971679688,42137138,WIPRO
2024-06-28,237.26480925045718,239.2574572650627,234.4148539208852,238.58551025390625,16405832,WIPRO
2024-07-01,239.99894632334795,248.2939301960063,238.23797379634507,244.3781280517578,30757528,WIPRO
2024-07-02,245.28174144385494,252.55724951799579,244.81833364657422,249.4060821533203,36276968,WIPRO
2024-07-03,251.1207036556009,252.7657957249416,248.15488235671796,249.7768096923828,16049384,WIPRO
2024-07-04,250.88902701570098,254.31822821327188,245.1890877035931,245.93055725097656,19524632,WIPRO
2024-07-05,246.23174876791202,248.6183104992336,245.351290827047,247.9695281982422,10376090,WIPRO
2024-07-08,248.3634496632824,251.63046943838296,247.92320653689666,250.7963409423828,12176360,WIPRO
2024-07-09,252.0938673319085,252.53411044088466,249.12804581433562,250.70364379882812,8681444,WIPRO
2024-07-10,250.70363311049317,251.7926301846438,246.4171107329108,248.1780548095703,9233748,WIPRO
2024-07-11,248.71098080920447,250.0316817727576,245.60614278136111,247.506103515625,8807618,WIPRO
2024-07-12,252.55730102038703,261.73277162080683,250.9585381369096,259.57794189453125,54186042,WIPRO
2024-07-15,262.7058961025877,262.7058961025877,257.7242621962887,259.3693542480469,16099478,WIPRO
2024-07-16,260.36566405880603,260.71321991273385,257.84011414759794,259.3693542480469,11239032,WIPRO
2024-07-18,257.90964437970473,266.1814918293242,257.8169571488747,265.6253967285156,25019786,WIPRO
2024-07-19,268.73024100061184,268.73024100061184,257.05235676452065,258.21087646484375,26523490,WIPRO
2024-07-22,241.43548262241694,244.10007768014995,232.4221945529035,234.3916778564453,76014568,WIPRO
2024-07-23,235.4111800362175,235.4111800362175,225.3784032430122,231.9587860107422,25847632,WIPRO
2024-07-24,232.86243536677875,234.64655834676205,231.63440744152015,231.75025939941406,12240276,WIPRO
2024-07-25,229.85030244524162,235.17949292532282,228.5990955452578,234.87828063964844,21887890,WIPRO
2024-07-26,236.33799608365493,244.93420577456962,235.6428843304677,243.19642639160156,26153996,WIPRO
2024-07-29,244.67935012226818,245.86103450863808,242.29278832918743,243.01109313964844,12011554,WIPRO
2024-07-30,243.0110846125018,244.19276895740694,240.85622682507406,241.6671905517578,10816526,WIPRO
2024-07-31,241.80620803777128,243.2427893288048,240.71721091490753,241.89889526367188,7758508,WIPRO
2024-08-01,242.36230041866222,244.12324455454507,239.81355729762464,241.6903533935547,10759752,WIPRO
2024-08-02,238.6550502353436,240.62453365961585,232.16734013185854,232.70025634765625,15652228,WIPRO
2024-08-05,227.06984687097292,229.78078562631896,222.55162032609132,224.7528076171875,21938080,WIPRO
2024-08-06,226.95400199071867,231.4027203252326,225.49427004369778,226.83815002441406,11271584,WIPRO
2024-08-07,231.10150792359585,231.75027610615416,228.29788185520042,230.4990692138672,7079826,WIPRO
2024-08-08,228.92348767642173,228.92348767642173,225.3784203009429,225.8186492919922,13160570,WIPRO
2024-08-09,229.54909739644972,230.05884889555404,226.90766680969134,227.6722869873047,6065948,WIPRO
2024-08-12,227.7881124668826,228.92346730366378,225.86497280681735,226.6295928955078,7338468,WIPRO
2024-08-13,226.62958195487136,228.32103176109084,225.74910995154858,227.30152893066406,6289418,WIPRO
2024-08-14,228.46006634792133,230.2441893699276,227.27838200640403,229.45639038085938,11121756,WIPRO
2024-08-16,232.1673291074739,239.7903937739246,230.75394084459177,239.2342987060547,25931140,WIPRO
2024-08-19,239.11845224003426,242.4549944397526,238.0526198345582,240.85623168945312,11466562,WIPRO
2024-08-20,240.92575059636516,244.49396838541048,240.80989863479434,243.12693786621094,9543812,WIPRO
2024-08-21,242.54767287913188,244.72566708281957,241.45864749311832,243.91470336914062,6454402,WIPRO
2024-08-22,244.58665029398796,245.86102184356122,240.06842389095553,240.5086669921875,11496506,WIPRO
2024-08-23,240.92575421178032,241.64403072746413,236.96360858134955,237.4501953125,11277706,WIPRO
2024-08-26,239.11844505896937,243.19642838763718,239.09528032384026,240.97207641601562,17351380,WIPRO
2024-08-27,240.97208351341547,242.47815903537432,239.1184521017738,239.65138244628906,7965796,WIPRO
2024-08-28,240.97208023942773,249.35975094947813,239.9757420555389,247.73782348632812,34375566,WIPRO
2024-08-29,247.92320266084724,251.14389291299523,247.48295954134426,249.6378173828125,25685318,WIPRO
2024-08-30,251.02805013654256,251.16706684142852,248.2476029021356,249.49880981445312,19434804,WIPRO
2024-09-02,249.4987830564026,251.16703990446211,246.46343919036968,246.7415008544922,15735982,WIPRO
2024-09-03,246.99638648069836,250.63412682532925,245.37445898973692,248.40977478027344,15056686,WIPRO
2024-09-04,244.67933401318686,244.79518597057947,239.4659959305195,240.57818603515625,20402128,WIPRO
2024-09-05,241.52816761764348,243.752519553695,240.74036864666266,243.21958923339844,12069118,WIPRO
2024-09-06,243.21959010394002,245.55982229050002,240.25379693997914,241.25010681152344,14579954,WIPRO
2024-09-09,239.62817787268267,241.78303559848834,237.93675626161362,238.58551025390625,11919540,WIPRO
2024-09-10,239.48918212921532,244.6793559424037,238.1916457469612,243.63668823242188,10287272,WIPRO
2024-09-11,243.2891258094412,243.86838563279701,237.84408346989656,238.35382080078125,8261524,WIPRO
2024-09-12,241.1806293001536,246.5329844908173,239.92942240624186,245.62933349609375,15779474,WIPRO
2024-09-13,247.36709774488403,256.03282995400747,246.00003896883865,255.15234375,35919706,WIPRO
2024-09-16,256.2645132670451,258.0486219824525,254.4108820680068,255.75477600097656,11088578,WIPRO
2024-09-17,254.4108820680068,257.1449994002553,253.50723120164216,255.75477600097656,8728238,WIPRO
2024-09-18,254.43404736968898,254.43404736968898,246.83417640715066,249.38291931152344,16665520,WIPRO
2024-09-19,252.18656155730392,255.54626852216686,245.2122789629399,247.1585693359375,20969182,WIPRO
2024-09-20,249.26709908915598,250.5878001758596,246.06957354300775,249.8231658935547,16664232,WIPRO
2024-09-23,249.8231518465679,250.42560465774383,246.53296754080023,247.87686157226562,8544290,WIPRO
2024-09-24,246.625641169646,251.12070256581495,245.30491194583533,250.03167724609375,12355694,WIPRO
2024-09-25,249.68414291470768,249.96220459408693,245.95371539410874,248.4792938232422,8065196,WIPRO
2024-09-26,249.6378015799018,251.67677904426486,248.2475781015851,251.12071228027344,11403400,WIPRO
2024-09-27,254.36456863528997,258.99864692498977,250.5646187809023,251.07435607910156,26462384,WIPRO
2024-09-30,249.31343809353433,252.32558929726662,247.45980658354523,250.91220092773438,8199446,WIPRO
2024-10-01,250.3329095393283,254.68892606844847,250.3329095393283,253.36822509765625,9411274,WIPRO
2024-10-03,250.28657530329045,251.3524360147212,243.86838771926432,245.67568969726562,14035368,WIPRO
2024-10-04,244.70252316255883,251.143903949932,244.70252316255883,247.2512664794922,11922754,WIPRO
2024-10-07,249.31342243964446,251.0280371355616,243.72936352324857,246.27810668945312,9878074,WIPRO
2024-10-08,246.32444440130521,247.36711209508908,241.1111059323859,244.19277954101562,11502804,WIPRO
2024-10-09,245.51346631204072,249.6378073737701,244.91104178095557,246.1390838623047,8841688,WIPRO
2024-10-10,247.9231865292504,249.1280355613324,242.57083180400411,243.2891082763672,12620244,WIPRO
2024-10-11,241.1342613426159,247.6451642059871,241.1342613426159,244.818359375,8436982,WIPRO
2024-10-14,249.6377928027883,255.73158853132088,248.52560274557126,254.66575622558594,33136266,WIPRO
2024-10-15,256.19500429756636,256.19500429756636,246.00003216507628,246.97320556640625,21601252,WIPRO
2024-10-16,246.99639391949256,249.6841539000561,245.14276244542506,246.60250854492188,12553622,WIPRO
2024-10-17,247.9000355784898,249.3134238673722,243.31228653938106,245.0269012451172,23755278,WIPRO
2024-10-18,246.5330109348207,258.76699121217337,243.1964682878905,254.24876403808594,74653054,WIPRO
2024-10-21,255.6157475946704,260.3888708687714,253.48408289133604,253.9938201904297,23966964,WIPRO
2024-10-22,254.7816208648628,257.42305116915696,252.02433860234663,252.76580810546875,18478300,WIPRO
2024-10-23,253.7157836581496,256.9596384263817,251.2597278476077,253.57676696777344,12698576,WIPRO
2024-10-24,253.57676082763498,255.10600095308138,252.62678046820375,253.437744140625,9576604,WIPRO
2024-10-25,254.75846834696316,255.80113602096165,250.4719456871916,251.83900451660156,10124540,WIPRO
2024-10-28,251.83900703597095,259.4157142291548,251.4914511411612,258.859619140625,11185858,WIPRO
2024-10-29,259.4157029377561,261.0839881307313,256.38038724536796,260.52789306640625,12055630,WIPRO
2024-10-30,260.6668822378355,268.1972588358174,260.0181000172657,261.9412536621094,20755492,WIPRO
2024-10-31,261.73272123317963,262.4278329370306,254.08649249081913,255.7084197998047,15680094,WIPRO
2024-11-01,255.662118166324,257.1450289528126,254.87431915936094,255.49990844726562,1962810,WIPRO
2024-11-04,255.3377121375205,256.0096591420846,247.55246631720306,250.61094665527344,9855560,WIPRO
2024-11-05,251.6304733362139,252.71947051672586,250.4256241882359,251.95486450195312,6862260,WIPRO
2024-11-06,253.69260974184857,262.21929642494956,250.70362372818175,261.315673828125,19554884,WIPRO
2024-11-07,262.28883342689744,264.0034480654973,256.93647861362416,261.083984375,11997142,WIPRO
2024-11-08,261.8254153715915,268.2204375592321,261.8254153715915,263.6790466308594,20852658,WIPRO
2024-11-11,263.67906895365627,270.2594661379806,262.31201012737876,265.764404296875,16139444,WIPRO
2024-11-12,266.45950785761426,268.63753036128435,263.70222555425363,264.4436950683594,11260890,WIPRO
2024-11-13,264.1424544456764,265.8107112653501,262.08028401290716,263.6790466308594,11391200,WIPRO
2024-11-14,263.65588782161194,266.250960329234,261.454700651768,262.61322021484375,9783520,WIPRO
2024-11-18,262.6132540178774,262.6132540178774,250.37927454339743,256.1950378417969,15289764,WIPRO
2024-11-19,257.6547640871747,264.04978674761225,257.05233954020787,260.4352111816406,12919778,WIPRO
2024-11-21,260.4352305445039,263.0303033786093,257.33039206801067,258.1877136230469,11672608,WIPRO
2024-11-22,260.4120427628762,265.81072715777213,258.53524665749035,264.9071044921875,14733232,WIPRO
2024-11-25,266.6912056824468,272.27526436700913,265.9497644694561,269.9118957519531,23297474,WIPRO
2024-11-26,271.0936036296126,273.5728244175138,268.4521731168999,272.9472351074219,15771340,WIPRO
2024-11-27,274.1057491627954,276.19108453258843,269.65704502090534,270.1204528808594,13659676,WIPRO
2024-11-28,271.441158249266,271.5570102160817,264.39735301003503,265.1619873046875,11896556,WIPRO
2024-11-29,266.4595113553808,269.12410646893466,264.8839133658722,267.78021240234375,8540112,WIPRO
2024-12-02,269.9119255657187,271.34847868112956,267.94244207423833,270.88507080078125,11194000,WIPRO
2024-12-03,273.73501544621195,274.5228144273085,268.12776363831125,270.3057861328125,15445286,WIPRO
2024-12-04,273.0862502536109,275.2642728844467,270.44481975596625,272.48382568359375,14036431,WIPRO
2024-12-05,273.410608677352,278.8788151940654,272.3911058356198,277.3959045410156,13487264,WIPRO
2024-12-06,277.25687980552044,277.25687980552044,274.52279076862004,275.588623046875,7894350,WIPRO
2024-12-09,273.41059680828835,283.32753485364555,272.25207733028714,281.5202331542969,9285213,WIPRO
2024-12-10,283.605591858255,288.2396701565925,281.2422232397706,285.5519104003906,17028502,WIPRO
2024-12-11,285.59827880590586,287.2202064314447,283.1885521054135,286.3860778808594,8608406,WIPRO
2024-12-12,285.4592263542335,290.8347459264571,284.9494890494117,286.4787292480469,12958440,WIPRO
2024-12-13,286.4787415172861,288.28601518064926,281.9373501967142,287.26654052734375,7382211,WIPRO
2024-12-16,287.312852341316,288.6103885982817,284.62509260527946,286.5714111328125,7221189,WIPRO
2024-12-17,288.2396571992186,289.3981767217235,284.8104280989368,286.24700927734375,10568517,WIPRO
2024-12-18,286.38605301799413,290.32501976662354,285.96897463682393,289.72259521484375,10965226,WIPRO
2024-12-19,283.9299881113001,290.4640273160065,279.1105352805333,289.8616027832031,12405595,WIPRO
2024-12-20,292.4103567676726,296.5810274664192,282.12269672059705,282.8641662597656,22214824,WIPRO
2024-12-23,284.16169754188377,287.915289790298,282.67878677410357,285.3665466308594,6693583,WIPRO
2024-12-24,284.9958234498559,286.5714214297508,280.63977841191365,282.9568176269531,8837902,WIPRO
2024-12-26,283.0494887847751,284.48606998705253,281.7519525548431,282.72509765625,6516148,WIPRO
2024-12-27,282.8641537919538,288.14698614034535,282.4007459569632,286.4787292480469,8063921,WIPRO
2024-12-30,286.47870602607907,286.75673939086823,280.50073412560647,281.4739074707031,13709891,WIPRO
2024-12-31,278.92517943837373,280.8251401953347,273.6423189527148,279.7593078613281,9337030,WIPRO
2025-01-01,278.0447204994192,281.149558868497,277.07157529133985,278.32275390625,7878201,WIPRO
2025-01-02,276.19106978078577,282.1690421685679,275.4032708041073,281.56658935546875,8800435,WIPRO
2025-01-03,281.1031747648865,281.56658258895266,272.4838005509228,272.90087890625,12535720,WIPRO
2025-01-06,273.410653694224,276.0057265512119,269.28631218076066,272.7618713378906,9173687,WIPRO
2025-01-07,272.76182475384616,275.72764604174387,269.981377903005,272.5301208496094,7381943,WIPRO
2025-01-08,271.55701695097434,276.60817414308286,268.12778733451154,275.7740173339844,7937785,WIPRO
2025-01-09,275.2642790010447,276.191094755257,270.0277756465798,270.9082336425781,7964702,WIPRO
2025-01-10,272.7618453167647,281.0568570274507,272.7618453167647,278.554443359375,19505556,WIPRO
2025-01-13,277.07157785615635,277.34961126556084,269.0082695733635,270.4911804199219,9541248,WIPRO
2025-01-14,270.4447953470321,272.99353838444443,265.5790131846994,271.41796875,7670070,WIPRO
2025-01-15,271.55699612755757,273.1325941081773,268.4985156759664,271.23260498046875,4662694,WIPRO
2025-01-16,274.24477818377613,274.8008732975365,265.7180901480828,266.9692687988281,10345666,WIPRO
2025-01-17,266.73752254574396,266.73752254574396,259.97177987340103,261.315673828125,9358955,WIPRO
2025-01-20,279.8983557809898,283.04952366606057,275.2179475691818,278.27642822265625,39380165,WIPRO
2025-01-21,280.2690647195534,283.46659022898405,276.00570680170273,276.5154724121094,15619474,WIPRO
2025-01-22,277.44227646572944,287.3128576941961,277.44227646572944,286.4787292480469,30859317,WIPRO
2025-01-23,288.33235192538035,300.84436309421795,287.91527357275163,294.4493408203125,39904371,WIPRO
2025-01-24,295.6542335583333,298.8980887854624,293.4298813451366,296.6737365722656,17479586,WIPRO
2025-01-27,294.5420147442498,295.79322158163194,284.3007126912093,285.41290283203125,12372895,WIPRO
2025-01-28,287.35062133325425,290.75346340775667,285.03479064258164,286.9725341796875,12077491,WIPRO
2025-01-29,288.34308782643825,297.46460216342535,288.34308782643825,295.33782958984375,16338112,WIPRO
2025-01-30,293.96724683644317,296.5193855982624,289.19383523497476,292.0767822265625,9984186,WIPRO
2025-01-31,294.62890298718787,298.40983197594255,292.5966305787731,294.81793212890625,15597644,WIPRO
2025-02-01,295.432362306672,296.09403649654183,286.7362419104247,288.1068115234375,6046117,WIPRO
2025-02-03,286.4053677265913,296.80292233052694,283.853229148964,296.4248352050781,14877076,WIPRO
2025-02-04,300.58387455996785,301.3873277926545,296.18855008800097,298.9297180175781,15366864,WIPRO
2025-02-05,300.39479956868666,303.8449203817731,297.6536317941544,299.733154296875,9628027,WIPRO
2025-02-06,302.4743050544479,305.87714675555,297.3227780080103,300.5365905761719,15062390,WIPRO
2025-02-07,301.52912518963126,301.52912518963126,296.8029633528032,300.5838928222656,8589587,WIPRO
2025-02-10,301.3400164108601,303.4195388072079,298.5515987046184,301.5763244628906,12304840,WIPRO
2025-02-11,302.0017373569476,302.85244070702254,294.5344075233089,295.85772705078125,10627890,WIPRO
2025-02-12,296.2830952628925,298.4571181559513,292.40763681134194,293.2110900878906,9668342,WIPRO
2025-02-13,293.30555413410497,296.47208792462465,290.13904918978415,291.6513977050781,8832731,WIPRO
2025-02-14,293.0692598759002,295.29056152588134,287.87048228267616,291.22607421875,7371341,WIPRO
2025-02-17,291.22609799318985,293.3055918925202,285.46017478621457,288.626708984375,7507772,WIPRO
2025-02-18,288.626685037522,295.6213982025714,288.626685037522,295.1015319824219,10368789,WIPRO
2025-02-19,294.2035734470454,299.16604336061,291.4151264333233,296.8974914550781,7835672,WIPRO
2025-02-20,294.15630113072905,297.08649816217485,293.2583189138664,296.1412658691406,7697134,WIPRO
2025-02-21,295.66866114961744,295.66866114961744,288.3431105954846,289.5719299316406,8722925,WIPRO
2025-02-24,286.35816714307293,286.6889754061384,277.2839303330529,278.89080810546875,12600963,WIPRO
2025-02-25,278.22910591027204,280.0722914062735,274.21186903036926,275.34613037109375,10810040,WIPRO
2025-02-27,277.8982944974268,279.5997010885227,275.39343468701315,278.37091064453125,15555649,WIPRO
2025-02-28,277.8982784744178,277.8982784744178,261.8293303993664,262.4437255859375,17458839,WIPRO
2025-03-03,264.14520020072956,270.6672978552482,264.0033922667289,268.0206298828125,11471554,WIPRO
2025-03-04,263.7198067801339,267.5952649070748,261.1676680792655,264.6650390625,9331785,WIPRO
2025-03-05,265.98837706354647,271.2344339047502,263.3889881055146,269.4857482910156,10285712,WIPRO
2025-03-06,272.6522417607878,276.00780455855136,267.9733307957168,270.24188232421875,9782051,WIPRO
2025-03-07,271.6597273991046,271.9433143656627,267.4061825165105,269.2021179199219,8097300,WIPRO
2025-03-10,268.8713081368607,270.0055694577873,262.72729889836717,265.5157165527344,8165123,WIPRO
2025-03-11,261.8293448241309,264.00336755675363,258.2374736538323,262.53826904296875,8602609,WIPRO
2025-03-12,262.49101575037184,262.49101575037184,247.83991540725222,253.8421173095703,18584311,WIPRO
2025-03-13,253.84211611701176,256.252475727921,248.92692559077688,249.54132080078125,8683943,WIPRO
2025-03-17,249.54133014827772,250.67562046015934,244.7206395920822,245.61862182617188,12697926,WIPRO
2025-03-18,245.61862182617188,245.61862182617188,245.61862182617188,245.61862182617188,0,WIPRO
2025-03-19,247.65085296454654,251.90439814905213,242.21576745101166,251.14822387695312,14044300,WIPRO
2025-03-20,254.45654063767392,258.94639395573176,252.84963422746802,253.32225036621094,17038774,WIPRO
2025-03-21,249.54131673829772,254.78734424488448,245.94944568736258,249.8248748779297,22659168,WIPRO
2025-03-24,252.42425210882004,256.77232607793826,250.86462471940754,254.6455535888672,9269617,WIPRO
2025-03-25,257.10319130535055,259.65533011046506,254.59833142400558,256.157958984375,12563930,WIPRO
2025-03-26,257.1031705299251,257.33947859107394,252.1407012457997,252.75509643554688,7308412,WIPRO
2025-03-27,255.21271378840623,258.56827682010726,254.83462664833004,257.292236328125,14783522,WIPRO
2025-03-28,256.15795933347977,256.96141257664425,247.27278127344067,247.88717651367188,14283389,WIPRO
2025-04-01,246.09122969086025,248.59608946182496,244.3425442048736,248.21800231933594,8388635,WIPRO
2025-04-02,248.40702016981604,251.0064088197316,246.80014267576922,249.16322326660156,7136992,WIPRO
2025-04-03,245.66586581741328,246.23301095930432,241.31780594761577,242.310302734375,12262561,WIPRO
2025-04-04,239.14376814769022,240.0417359339805,231.44013079280504,232.8107147216797,14639785,WIPRO
2025-04-07,218.3959295353868,230.49490606696565,215.51296808645233,229.596923828125,13011904,WIPRO
2025-04-08,231.34559851975243,235.83545181073845,230.4948952443845,233.70867919921875,13806651,WIPRO
2025-04-09,227.51740252926174,229.02977991737248,221.18434925986006,223.689208984375,19063559,WIPRO
2025-04-11,231.58191541685676,231.58191541685676,225.29612633906794,226.61944580078125,11205821,WIPRO
2025-04-15,231.6291697378524,231.6291697378524,228.13181323721645,230.6366729736328,10694621,WIPRO
2025-04-16,230.636684557415,234.84296546902647,227.9900311942672,234.08677673339844,16203319,WIPRO
2025-04-17,222.12958628391345,224.77623955829924,219.4356685108047,223.92552185058594,54875421,WIPRO
2025-04-21,224.39814345384784,227.61194194493845,224.39814345384784,225.39064025878906,16298364,WIPRO
2025-04-22,225.39062766799265,225.91050829135835,220.71173090390033,221.3261260986328,18367713,WIPRO
2025-04-23,224.2090954124215,231.91274719916893,223.16934855141332,230.2585906982422,31898042,WIPRO
2025-04-24,231.39286824571684,231.72369089445633,228.27359879372906,229.45513916015625,23000820,WIPRO
2025-04-25,230.58941276645146,232.66892090635434,225.01254806083466,227.70645141601562,16620430,WIPRO
2025-04-28,227.328369140625,228.6989530969775,225.6742126084167,227.328369140625,14218414,WIPRO
2025-04-29,228.36811988020682,230.25858440099296,226.71396342451894,228.17906188964844,16647246,WIPRO
2025-04-30,228.3208545853652,230.06952560712693,226.09955301195748,228.27359008789062,14206640,WIPRO
2025-05-02,228.7840250578489,232.33810782226035,227.56468170763583,228.44374084472656,10822257,WIPRO
2025-05-05,230.63666755123413,233.3494794763015,229.40786274933305,230.230224609375,12170446,WIPRO
2025-05-06,231.10930756389027,232.43262707313434,227.4323543313111,227.9805908203125,8869045,WIPRO
2025-05-07,223.08427003425385,231.06203295765368,223.08427003425385,230.6744842529297,9130056,WIPRO
2025-05-08,229.795418812506,232.36645175279133,226.20353328506914,228.3397674560547,11434833,WIPRO
2025-05-09,223.64196529010107,229.64418166987357,223.54743629198492,228.7556610107422,10582438,WIPRO
2025-05-12,231.66699222533316,243.81323364097437,231.46850150960478,243.1893768310547,19791711,WIPRO
2025-05-13,242.87743785388216,242.87743785388216,236.89410156544565,237.79208374023438,11714159,WIPRO
2025-05-14,237.79208780407996,239.79597559027687,237.01699042377373,239.08705139160156,8839105,WIPRO
2025-05-15,239.33280696626414,243.01922145905942,236.89410598819643,242.51824951171875,12083645,WIPRO
2025-05-16,242.92471160642393,242.92471160642393,239.64475422971867,240.3820343017578,6640387,WIPRO
2025-05-19,240.38202690759667,240.78848430168534,237.5179741566736,237.9622344970703,6788784,WIPRO
2025-05-20,239.1437740127632,240.6561514753647,235.65586448725253,236.03396606445312,9366429,WIPRO
2025-05-21,236.03395039958096,238.30250201982577,234.51212590721104,237.17767333984375,5313593,WIPRO
2025-05-22,235.3628369261451,236.20409307558361,231.58190781889778,232.47042846679688,11469037,WIPRO
2025-05-23,232.62168031276735,236.77124963119516,232.14906415156557,233.8126678466797,7437642,WIPRO
2025-05-26,234.88078605521952,237.11153492316714,234.6066606035387,236.53494262695312,3690751,WIPRO
2025-05-27,237.24385706570808,237.24385706570808,234.40816020280448,234.65391540527344,6861143,WIPRO
2025-05-28,235.92053526320754,236.44041593258916,233.43458402742039,233.8788299560547,6205160,WIPRO
2025-05-29,235.97724539473498,237.9527919258197,234.51214682184298,236.44041442871094,11785042,WIPRO
2025-05-30,236.30808318573352,237.3572916520022,234.9091433717422,235.99615478515625,13858429,WIPRO
2025-06-02,234.0395216723142,234.81460465307967,232.7161878073705,234.11512756347656,5846259,WIPRO
2025-06-03,234.41760446060843,235.8354528746847,232.27192315550505,232.73509216308594,8573438,WIPRO
2025-06-04,233.00920504574668,236.12847446635146,233.00920504574668,233.3400421142578,6698150,WIPRO
2025-06-05,233.3778512011228,235.8260138417121,233.35895693958497,234.36090087890625,6468060,WIPRO
2025-06-06,233.5669091121543,236.28916835190694,233.5669091121543,234.9752960205078,4445411,WIPRO
2025-06-09,235.92998956076121,239.5218607883377,235.5707966687634,237.5274200439453,9193904,WIPRO
2025-06-10,239.04923769127885,241.7904199554018,238.03784665233175,240.91134643554688,10739851,WIPRO
2025-06-11,241.99836620570386,247.27277866210773,240.1835363199957,244.73956298828125,17268454,WIPRO
2025-06-12,245.76040860948171,248.59610563189884,242.28196051840519,245.39175415039062,14528657,WIPRO
2025-06-13,241.03424053378612,247.8871748234722,240.08900821796735,245.95889282226562,8692116,WIPRO
2025-06-16,245.7603913456337,250.77957241503506,243.86992679682112,248.49212646484375,10935361,WIPRO
2025-06-17,248.49213784277083,250.9119302683521,247.3294917073841,248.5110321044922,7528454,WIPRO
2025-06-18,248.50155762814506,251.0536962916646,246.73397790137986,247.2633056640625,5016660,WIPRO
2025-06-19,248.4543242342835,251.84770484460353,247.47127453207165,251.0347900390625,14184486,WIPRO
2025-06-20,251.43179669573433,252.5660870163008,248.47321492373445,251.94223022460938,12904674,WIPRO
2025-06-23,249.5413380806154,250.67562842855347,247.47127694565958,248.8229522705078,6214062,WIPRO
2025-06-24,250.95919343620417,253.93666962298641,250.21245178934427,250.45822143554688,6319428,WIPRO
2025-06-25,251.33726985871147,255.1749107967825,251.29001978086484,254.65504455566406,5331739,WIPRO
2025-06-26,254.36201736664765,256.44151111620823,252.55662021446423,253.8137664794922,8564099,WIPRO
2025-06-27,254.26749265816466,255.21272497287902,250.01394724195,250.5338134765625,8906108,WIPRO
2025-06-30,251.52632609502723,252.1312597797396,248.50157113286198,251.41290283203125,7119563,WIPRO
2025-07-01,250.95918526079927,253.6531031882064,249.257778594122,250.0612030029297,3886095,WIPRO
2025-07-02,250.486549634612,253.98392054534864,249.9666834285671,252.37701416015625,8750887,WIPRO
2025-07-03,253.70033998619377,256.01617062713586,251.8571543348114,252.4242706298828,9357962,WIPRO
2025-07-04,253.60580751018526,256.536033328068,252.84963322966058,255.2599639892578,7141779,WIPRO
2025-07-07,255.25999093825826,255.73260712503244,252.6606019110002,253.08596801757812,4849218,WIPRO
2025-07-08,253.13319620480237,255.4962769342953,252.70785898121383,254.8818817138672,5519016,WIPRO
2025-07-09,253.3222519648968,254.64557139248834,250.34477604126582,253.13319396972656,11564433,WIPRO
2025-07-10,252.89689426334843,252.89689426334843,248.7378778478454,250.5338134765625,6911031,WIPRO
2025-07-11,246.70562687219976,247.6981092349297,243.63362193988308,244.1534881591797,13109857,WIPRO
2025-07-14,244.15349674069543,245.33503714080757,237.86770758133898,240.3253173828125,10388421,WIPRO
2025-07-15,240.08901126482797,245.6186261517818,238.95473535607098,243.30279541015625,8750149,WIPRO
2025-07-16,243.30277972631657,249.541318456981,242.0267103967853,248.4070281982422,12179338,WIPRO
2025-07-17,249.3995347170825,249.8721508416757,243.86992029010202,246.32752990722656,7484171,WIPRO
2025-07-18,253.88940046833872,257.0086555065787,251.05370358041134,252.32977294921875,30319126,WIPRO
2025-07-21,252.32977117871144,252.51880032885998,245.0042209362998,246.0912322998047,12190000,WIPRO
2025-07-22,247.36728636118482,247.79262355736418,244.57883974159355,245.47682189941406,6724044,WIPRO
2025-07-23,245.9966983750615,247.41454678068146,244.01170483795366,247.08370971679688,6510321,WIPRO
2025-07-24,247.6508733201784,248.97419282822142,245.99671672357414,247.50909423828125,8139900,WIPRO
2025-07-25,247.4617922057162,247.6981002688791,242.02670675296935,245.00421142578125,8427780,WIPRO
2025-07-28,244.81145305592867,244.81145305592867,239.99232996427654,241.0043487548828,8998911,WIPRO
2025-07-29,240.18509016724929,243.55847630641514,238.3056351167876,242.6910400390625,12923128,WIPRO
2025-07-30,242.35369126518586,243.36571003043403,240.18508592828098,241.14891052246094,6057152,WIPRO
2025-07-31,239.1248954869482,241.10072420393195,237.14905206316777,239.31765747070312,7338764,WIPRO
2025-08-01,237.58277193770718,237.9682959080314,233.4383230761363,233.9684295654297,7436999,WIPRO
2025-08-04,233.96842370230374,237.50565825051578,232.37811898107256,237.1490478515625,5234393,WIPRO
2025-08-05,237.1490492375832,238.01648550754334,235.68403170626723,237.0141143798828,7383968,WIPRO
2025-08-06,237.10085203381732,237.10085203381732,230.6528630949322,231.27935791015625,7700190,WIPRO
2025-08-07,230.46010213931336,234.38286063837594,229.97818983629165,233.55398559570312,6190830,WIPRO
2025-08-08,233.63107095627848,234.4503277272524,229.77577265860526,230.4022674560547,8922847,WIPRO
2025-08-11,230.40226622424834,235.89606332770185,229.98781401193042,232.87928771972656,3047287,WIPRO
2025-08-12,233.9202214560127,237.38034815129546,232.37811095979444,232.97567749023438,8101435,WIPRO
2025-08-13,234.10335089480168,234.10335089480168,231.43355269888772,232.908203125,5820844,WIPRO
2025-08-14,234.30578003705884,239.44295251771263,233.64073867053446,237.88156127929688,12857225,WIPRO
2025-08-18,239.64535848548027,240.00196889697452,235.9057141669896,236.33944702148438,5789317,WIPRO
2025-08-19,236.58040135331547,238.54659713751897,235.92499295404977,238.02613830566406,4090961,WIPRO
2025-08-20,236.42619536732082,243.74162111006225,236.42619536732082,241.76577758789062,10099384,WIPRO
2025-08-21,243.59704073359595,243.59704073359595,240.58026495468013,240.86941528320312,7607486,WIPRO
2025-08-22,242.8838065671094,243.84763119634394,238.65261703304154,239.64535522460938,13572686,WIPRO
2025-08-25,241.53444435217955,247.9824331113351,241.53444435217955,244.6572265625,16391069,WIPRO
2025-08-26,243.8476307919132,245.60179867347316,242.21876481812083,242.9127197265625,15797327,WIPRO
2025-08-28,242.90309136700975,243.2211552649585,240.06944455510003,241.5826416015625,5851451,WIPRO
2025-08-29,241.4380775577911,243.94402755887427,239.66464371134924,240.38751220703125,10117017,WIPRO
2025-09-01,240.39713361268923,243.8379945461304,240.37785300249388,241.30313110351562,3198345,WIPRO
2025-09-02,241.30313615063423,243.99220041066695,240.57063472265182,241.85250854492188,5046939,WIPRO
2025-09-03,242.78742009478904,243.26933241312472,240.1079887813865,240.53207397460938,3862765,WIPRO
2025-09-04,240.47423269101952,241.28384180852458,235.5972826696918,236.1081085205078,5021036,WIPRO
2025-09-05,237.19723442771922,238.3731015889232,232.541959953142,234.85513305664062,6233782,WIPRO
2025-09-08,235.52018364088656,238.05504708592366,233.4383189416955,233.7467498779297,6596932,WIPRO
2025-09-09,236.1370355041378,240.81159086520373,236.1370355041378,240.13690185546875,12836972,WIPRO
2025-09-10,240.28148764927843,247.8667976284456,240.23329347552675,246.49815368652344,15261331,WIPRO
2025-09-11,246.44995580925047,246.44995580925047,243.0476560300271,244.72471618652344,5865301,WIPRO
2025-09-12,245.65962020455956,246.64271071347045,241.7464946585437,242.8259735107422,5345794,WIPRO
2025-09-15,242.40189244691152,242.68139511631705,240.57063154772504,242.18984985351562,3700703,WIPRO
2025-09-16,242.88380847272802,245.29337006471937,241.14892118513487,244.8210906982422,7316998,WIPRO
2025-09-17,244.136782057369,246.25719330493672,243.70306391462964,244.95602416992188,7339871,WIPRO
2025-09-18,247.702927053092,250.4016242205289,246.73910243420838,247.6354522705078,10498239,WIPRO
2025-09-19,247.70293777600946,248.33906558164145,245.48613811525385,246.6234588623047,10741757,WIPRO
2025-09-22,239.5586090738771,242.67175843739852,238.26708762979038,241.2742156982422,15784007,WIPRO
2025-09-23,241.16820134485926,242.88380801860566,239.75137795487365,240.59954833984375,8674114,WIPRO
2025-09-24,239.34657654249048,240.1079915432284,235.41417021482334,235.7418670654297,7888797,WIPRO
2025-09-25,236.57075171358017,236.75388074576497,232.5516047845229,233.2455596923828,7957740,WIPRO
2025-09-26,232.71544644179085,232.81183478439056,226.50841367235438,227.22164916992188,16999628,WIPRO
2025-09-29,228.3107813425008,232.07932444027642,227.74211363791463,230.97093200683594,8894412,WIPRO
2025-09-30,231.25044808511086,232.76365988982718,230.3540981932451,230.71070861816406,5590909,WIPRO
2025-10-01,231.317898033036,234.75875882553942,229.23603342110766,232.3491973876953,9479378,WIPRO
2025-10-03,232.262451171875,232.6672557446049,229.44808506613637,232.262451171875,10968346,WIPRO
2025-10-06,231.31791367809595,234.17084108444976,230.66251998193718,233.37086486816406,6064946,WIPRO
2025-10-07,234.11300061064694,236.1370382497925,233.38049917419653,234.72021484375,6587728,WIPRO
2025-10-08,234.45033594384577,237.43819811197406,233.7949422695343,235.43344116210938,7360563,WIPRO
2025-10-09,235.16356780872852,237.8719125627567,234.36359163149092,237.4863739013672,4629760,WIPRO
2025-10-10,239.02851172567705,242.16094181885626,237.34181859858052,239.70318603515625,7070200,WIPRO
2025-10-13,237.15867892104916,238.7393506780979,235.66474784844178,236.2623291015625,6717589,WIPRO
2025-10-14,236.908088103363,241.10071626242086,236.2430467805369,239.4333038330078,7888607,WIPRO
2025-10-15,240.9561596908066,243.00911087754727,239.5489692472217,241.1585693359375,13278925,WIPRO
2025-10-16,241.34168090575858,244.87893023158037,239.79957032543737,244.62832641601562,10661302,WIPRO
2025-10-17,240.95615856523548,240.95615856523548,230.4601088864057,232.1853485107422,43802251,WIPRO
2025-10-20,232.18534996856562,233.18773583029687,230.6143258054781,232.5130615234375,9871824,WIPRO
2025-10-21,232.28173043872368,233.3997705132051,231.66488327811263,232.6287078857422,2082336,WIPRO
2025-10-23,235.94426887525432,238.83574272248345,234.5659920272076,235.4623565673828,18964626,WIPRO
2025-10-24,236.1370391631165,236.98520956097948,233.39978068775494,234.1901092529297,6803979,WIPRO
2025-10-27,234.48889027997774,236.84062475552142,234.26721473060016,235.0864715576172,9550336,WIPRO
2025-10-28,234.8455107449142,235.84788188003014,232.6672576885254,233.61181640625,8780789,WIPRO
2025-10-29,234.78768218729533,234.78768218729533,232.8985794701761,233.5154266357422,8776917,WIPRO
2025-10-30,234.10335279619028,235.9153477216527,231.7998126269634,233.16844177246094,8344622,WIPRO
2025-10-31,233.35159397498447,234.3925263946994,231.79983565116837,231.96368408203125,5659566,WIPRO
2025-11-03,231.96366836605088,232.561234921276,230.83599533112778,231.79981994628906,4902693,WIPRO
2025-11-04,231.79982545899986,232.1275223063169,228.92763215541518,229.3131561279297,6848284,WIPRO
2025-11-06,231.31790995337695,231.91547651458157,229.74687110876866,231.36610412597656,7141517,WIPRO
2025-11-07,230.06493493145234,230.59504141629742,227.46261138660896,227.9348907470703,5520619,WIPRO
2025-11-10,228.85052305418253,232.81184288134213,228.44571847341837,231.1636962890625,8566758,WIPRO
2025-11-11,232.37812434127608,233.29375479906906,230.1709577011974,232.94677734375,8831094,WIPRO
2025-11-12,233.96842732113487,237.39000767542942,233.34194719866818,236.3490753173828,13152546,WIPRO
2025-11-13,237.10085410780368,237.10085410780368,235.17320488741504,236.45509338378906,6211124,WIPRO
2025-11-14,235.09609753988767,237.00446615330358,233.39012385913895,235.52981567382812,6841554,WIPRO
2025-11-17,235.14429729370875,235.92499289469308,233.91060293789207,235.22140502929688,6559062,WIPRO
2025-11-18,234.14191134174817,235.17321075966981,231.6070625542637,232.1853485107422,4730012,WIPRO
2025-11-19,232.47448403171438,237.92010169243312,231.83835628399785,237.16831970214844,13298452,WIPRO
2025-11-20,238.54660356238765,238.8357539020045,236.82136389044234,237.35145568847656,6705862,WIPRO
2025-11-21,236.13703782780354,238.30564327724255,234.7973221606442,235.64549255371094,5516450,WIPRO
2025-11-24,236.15631523428277,240.3585912142264,236.15631523428277,238.32492065429688,19711070,WIPRO
2025-11-25,239.02851779723068,239.02851779723068,235.1732191230818,236.75389099121094,8188793,WIPRO
2025-11-26,237.1008697491384,241.48627495618317,236.734611666928,241.13929748535156,8202096,WIPRO
2025-11-27,241.34168313978205,242.80670070542558,238.72972661020898,240.53207397460938,5268129,WIPRO
2025-11-28,241.91998195093092,242.87417362837147,239.60680872336184,240.50315856933594,7049965,WIPRO
2025-12-01,241.05254706736605,241.67902719732234,239.85739922566225,241.2260284423828,3865446,WIPRO
2025-12-02,240.9561467022455,242.35368941175932,239.8670202129766,241.1199951171875,8535708,WIPRO
2025-12-03,241.5344471782291,247.82822054940962,241.48625300756112,245.4764862060547,17215454,WIPRO
2025-12-04,246.73910243420838,249.43779960164528,246.25719012476657,247.6354522705078,10687381,WIPRO
2025-12-05,248.8595432100732,251.6546288888935,248.3776308718768,250.50767517089844,7886562,WIPRO
2025-12-08,250.60404922775925,253.55335021621693,250.31488419317733,251.9244842529297,9684253,WIPRO
2025-12-09,251.92449916372735,252.34858437534015,247.7511218343546,248.09811401367188,8560580,WIPRO
2025-12-10,248.67640501776216,250.95101705182338,247.94388887830812,248.64749145507812,7944200,WIPRO
2025-12-11,248.96553874623277,250.57513882628783,248.39688574205348,249.8715362548828,6473376,WIPRO
2025-12-12,250.1124708276669,251.38472629345097,248.04987217129656,251.1726837158203,4008271,WIPRO
2025-12-15,250.5847607240754,253.0039700019681,249.1872326331733,252.27145385742188,4023911,WIPRO
2025-12-16,252.27144831941544,252.28109597802998,249.43780156451172,249.84262084960938,2982041,WIPRO
2025-12-17,249.63059259070548,252.64736855096913,248.96555120716388,251.6931915283203,4923276,WIPRO
2025-12-18,251.7317053463729,255.40387476855722,251.5582239753074,254.3051300048828,9008412,WIPRO
2025-12-19,257.3411791797771,257.3411791797771,253.77501624218536,254.88343811035156,12750745,WIPRO
2025-12-22,257.8327224357675,263.220498300555,257.1483858071697,262.8060607910156,14651313,WIPRO
2025-12-23,262.1603013976354,262.62294781252496,260.43504706071974,261.5820007324219,7572420,WIPRO
2025-12-24,261.1386430787878,261.1772042991256,257.53394843742046,258.3628234863281,4694861,WIPRO
2025-12-26,257.5339390398559,259.1531572718402,256.1267339780104,256.6664733886719,2899112,WIPRO
2025-12-29,256.3677081449363,257.71708618004163,254.0641825363549,254.68101501464844,3755074,WIPRO
2025-12-30,254.44971023637032,255.1436651681042,253.50515148068982,254.11236572265625,5117699,WIPRO
2025-12-31,254.4497074877141,255.0280081601777,251.80883736022957,253.75575256347656,5705044,WIPRO
2026-01-01,254.93162167792454,258.35318744351383,254.20875318545407,257.67852783203125,3639755,WIPRO
2026-01-02,257.6784942347598,262.5457963506695,256.52189303217216,259.268798828125,8286204,WIPRO
2026-01-05,259.7025384483251,259.89528571142137,252.23289813734945,253.77499389648438,7006599,WIPRO
2026-01-06,253.7750070466501,256.4737335921618,253.4376919653548,255.9918212890625,4083654,WIPRO
2026-01-07,255.41352165429623,262.6422062294178,254.93160934928812,261.0036926269531,10242615,WIPRO
2026-01-08,261.1000693171532,261.1000693171532,251.89555646775491,252.71481323242188,9269522,WIPRO
2026-01-09,251.89557628471195,254.40152623877253,251.02813998888934,252.473876953125,4735387,WIPRO
2026-01-12,251.2690718368111,254.9315933597185,249.67873779915746,253.58224487304688,3802164,WIPRO
2026-01-13,253.9196028628292,255.2689514213191,251.84735644009945,254.64247131347656,6931244,WIPRO
2026-01-14,254.44969209149082,254.44969209149082,250.2088697726844,250.78717041015625,5625861,WIPRO
2026-01-15,250.78717041015625,250.78717041015625,250.78717041015625,250.78717041015625,0,WIPRO
2026-01-16,253.72682723776734,260.0398666343716,253.4858710865444,257.77490234375,12028289,WIPRO
2026-01-19,242.88379986846235,242.88379986846235,232.81183571210164,237.0526580810547,65833247,WIPRO
2026-01-20,237.05265351593278,237.10084768649656,230.73959954877458,231.2215118408203,16796201,WIPRO
2026-01-21,231.22151557682048,233.82385376135193,229.00473076302887,230.88418579101562,14397792,WIPRO
2026-01-22,233.24555079315903,234.11298704148953,230.54683899964755,231.9443817138672,8537915,WIPRO
2026-01-23,233.53469674981093,234.73947746487724,229.24568034553408,229.77577209472656,13546802,WIPRO
2026-01-27,232.54415887455278,233.73060566282555,229.133118700835,232.148681640625,15677537,WIPRO
2026-01-28,232.8407751991807,235.41142248862946,232.29698268566392,234.66989135742188,10155128,WIPRO
2026-01-29,233.53286864540675,238.179794065089,232.79133751184608,237.09222412109375,12201949,WIPRO
2026-01-30,235.31254535287096,235.31254535287096,232.64303630103964,234.22496032714844,11362317,WIPRO
2026-02-02,241.24479625234574,241.32389471723346,236.58797408007496,239.56399536132812,12335721,WIPRO
2026-02-03,256.28304914464417,256.9553936654125,239.54422622894785,239.94960021972656,25915412,WIPRO
2026-02-04,233.2461570142917,233.25603866523716,223.70511375338745,230.70516967773438,25995324,WIPRO
2026-02-05,230.70516972657904,232.90999989357695,229.0836888682677,230.75460815429688,10102736,WIPRO
2026-02-06,230.29979806673384,230.29979806673384,226.01870475724127,228.11476135253906,12279085,WIPRO
2026-02-09,229.23199706912882,230.29978862509608,227.0172853196085,227.4819793701172,9112474,WIPRO
2026-02-10,227.38311204673963,230.23059654595468,224.63450440404904,228.85629272460938,12435622,WIPRO
2026-02-11,228.85628607253213,230.36900839714787,226.90852973023792,227.21502685546875,7874912,WIPRO
2026-02-12,223.64579895262358,223.70511903267632,216.03274858721431,216.606201171875,40899346,WIPRO
2026-02-13,208.27137256697807,214.035543080168,206.64989175146505,211.6725311279297,23721186,WIPRO
2026-02-16,212.19654190349303,214.4606920536062,207.73747350293795,210.85189819335938,20754327,WIPRO
2026-02-17,210.85190209079795,216.91268809220367,209.8631939058503,213.2544708251953,26941553,WIPRO
2026-02-18,213.75871154399292,213.95645016828723,207.8857823748628,209.55670166015625,22679760,WIPRO
2026-02-19,211.5835471232585,213.00728929344024,208.02419169780424,208.82505798339844,14151588,WIPRO
2026-02-20,207.33211373068798,209.56660399572445,205.89848980814543,207.4903106689453,17690420,WIPRO
2026-02-23,207.98465123840498,209.34907334064056,201.97330375460703,203.56512451171875,20946229,WIPRO
2026-02-24,200.70775660195747,200.9944753304764,197.10885950083022,197.8800506591797,25036686,WIPRO
2026-02-25,199.0368410208734,203.1597523152721,199.0368410208734,199.63995361328125,13979068,WIPRO
2026-02-26,201.40975565647489,202.31936539730586,196.87157351677192,198.8094482421875,14378069,WIPRO
2026-02-27,201.69647751747044,201.69647751747044,197.7910830534253,198.69081115722656,13288519,WIPRO
2026-03-02,192.79809388477366,198.0975702996301,192.50147841534536,196.32778930664062,10486866,WIPRO
2026-03-04,193.79668574400895,194.8941524318745,192.31362346778468,193.34188842773438,19562075,WIPRO
2026-03-05,194.18228431846163,194.74585523360835,191.03819948603214,193.4704132080078,13149281,WIPRO
2026-03-06,193.39132670391479,196.68371167846257,192.79809575929033,193.19357299804688,9022914,WIPRO
2026-03-09,191.8093886657331,197.24728370522553,190.85034051548527,196.50575256347656,25862728,WIPRO
2026-03-10,198.23599552495915,199.03684675887746,195.1907724366907,198.6611328125,12982340,WIPRO
2026-03-11,200.40126932343745,203.62445265408158,199.30380260783787,199.9464569091797,29199002,WIPRO
2026-03-12,198.78967321086512,201.49873917722337,197.44502942203997,200.22329711914062,19042475,WIPRO
2026-03-13,198.33487150232247,199.78827376725542,193.82634942522014,195.34896850585938,12629652,WIPRO
2026-03-16,194.02410546172283,196.05094523243446,190.59328675018614,192.9068603515625,12631649,WIPRO
2026-03-17,192.79809150296356,192.90685000419404,186.12431141247635,189.15965270996094,21778468,WIPRO
2026-03-18,190.8206791535338,195.76422006424713,190.5141820309079,192.1060028076172,24529164,WIPRO
2026-03-19,189.81219692550877,190.61304815752558,185.560748627745,186.2825164794922,13685195,WIPRO
2026-03-20,189.0311185851019,190.12858526393205,186.28251106271452,188.744384765625,24395304,WIPRO
2026-03-23,187.27122739211956,188.4675558887426,184.88843696343739,185.42233276367188,12014988,WIPRO
2026-03-24,189.33762442635032,189.33762442635032,185.67940702392252,186.60879516601562,11843191,WIPRO
2026-03-25,186.8658447771559,188.46754719042633,185.7782597517936,186.915283203125,13862888,WIPRO
2026-03-27,186.91528404898315,190.11868889002054,185.7782605925063,189.43649291992188,26269256,WIPRO
2026-03-30,187.84468006738422,189.46616094402066,184.3940829499458,185.52120971679688,27946986,WIPRO
2026-04-01,189.34750048944647,192.29386176497866,188.25993052973445,189.02122497558594,11769673,WIPRO
2026-04-02,188.3489148575087,193.1342589948106,186.4505968960953,192.70912170410156,16623045,WIPRO
2026-04-06,194.7755218511451,198.90831502251189,193.89557212745996,195.06224060058594,23282287,WIPRO
2026-04-07,194.785393724234,202.95213297211242,194.785393724234,202.40834045410156,24771466,WIPRO
2026-04-08,205.35468616494666,206.64000981747287,200.51002211291274,201.12301635742188,22084158,WIPRO
2026-04-09,201.40974996967785,201.8546656333442,199.35323514506428,200.5792236328125,14540807,WIPRO
2026-04-10,206.34340110912888,206.34340110912888,198.35463693487117,202.56654357910156,51219565,WIPRO
2026-04-13,200.71764227509874,201.10323786200135,198.04813320527367,200.6781005859375,21930624,WIPRO
2026-04-15,204.1682443539207,208.11319552342096,202.78405890137145,207.3815460205078,27890080,WIPRO
2026-04-16,210.57506011256086,210.57506011256086,205.85893304222714,207.88577270507812,36305074,WIPRO
2026-04-17,202.6851774819952,204.11880132981383,200.2134070248977,202.0128631591797,80542603,WIPRO
2026-04-20,202.19082884058898,202.8829215699336,199.71905831686541,200.19363403320312,27927164,WIPRO
2026-04-21,200.70777025254299,203.37727945042653,200.1936377498463,202.695068359375,21530723,WIPRO
2026-04-22,201.20211806951784,203.06089430736998,199.91679439624752,201.69647216796875,21790433,WIPRO
2026-04-23,201.69647787313727,202.58630924092267,200.01567690815918,200.47047424316406,20307250,WIPRO
2026-04-24,200.46059172429597,200.46059172429597,195.64558751770736,197.10887145996094,39363394,WIPRO
2026-04-27,197.1088670767416,202.9323577630474,197.1088670767416,202.734619140625,42632215,WIPRO
2026-04-28,202.25014872750128,203.35749709340243,198.7501283072838,199.30380249023438,23455983,WIPRO
2026-04-29,199.30380212644286,201.30099692828904,198.03825682872588,198.41395568847656,15667662,WIPRO
2026-04-30,198.6215879996505,199.8673548898837,197.74163831261896,198.38429260253906,15300274,WIPRO
2026-05-01,198.38429260253906,198.38429260253906,198.38429260253906,198.38429260253906,0,WIPRO
2026-05-04,200.11453203796404,201.0735801911796,197.80095848930563,198.48316955566406,8446995,WIPRO
2026-05-05,197.74164115770049,200.015673048312,197.34616390998104,197.5241241455078,8899200,WIPRO
2026-05-06,198.2458705308143,198.85887985748613,196.01139548878703,196.87156677246094,13166683,WIPRO
2026-05-07,197.2472894503983,198.01848065336037,194.96337588112686,195.13145446777344,19303572,WIPRO
2026-05-08,195.76422731131214,196.69361545076993,194.47890360964692,195.6752471923828,15970687,WIPRO
2026-05-11,195.64558361432836,196.00151917009842,193.93510756456368,194.45912170410156,9199527,WIPRO
2026-05-12,193.88567590965667,193.92521759794002,186.964718800399,187.42941284179688,27435195,WIPRO
2026-05-13,188.51698520689447,189.13987618247523,185.19492514794618,185.6793975830078,17242394,WIPRO
2026-05-14,186.12431340514985,188.03251293586302,184.88842818997622,186.1737518310547,18280387,WIPRO
2026-05-15,187.75567637057486,189.73309272028703,186.66810643012684,187.85455322265625,17902610,WIPRO
2026-05-18,188.83337738613744,190.57349832099325,187.0635813268366,190.0000457763672,16327369,WIPRO
2026-05-19,190.22744541611505,195.76421718940094,190.22744541611505,192.96617126464844,20534622,WIPRO
2026-05-20,192.41249770295815,195.70489772176057,191.81926676594372,194.89414978027344,16201692,WIPRO
2026-05-21,196.25856981438196,197.7811737431486,195.269861654108,197.4845733642578,18980608,WIPRO
2026-05-22,197.74164513500358,203.08066351905256,196.58485832134264,200.8165283203125,40014399,WIPRO
2026-05-25,204.6625914594157,207.18380031353246,201.7557870219509,204.50439453125,72041558,WIPRO
2026-05-26,204.65271807734212,206.33351901916558,200.64844680449008,201.4295196533203,46458415,WIPRO
2026-05-27,201.54817434786398,203.66400931070504,197.9393803347562,199.30380249023438,39465643,WIPRO
2026-05-28,199.30380249023438,199.30380249023438,199.30380249023438,199.30380249023438,0,WIPRO
2026-05-29,208.6174296235513,208.6174296235513,201.35041833903546,201.9436492919922,82734524,WIPRO
2026-06-01,202.78406404150158,205.40413481684354,202.78406404150158,204.0792694091797,26491139,WIPRO
2026-06-02,205.65130059655002,207.80667717859504,204.1781199832558,207.47052001953125,42476874,WIPRO
2026-06-03,205.6513050563035,206.046782300662,199.71905587198705,201.79534912109375,62282204,WIPRO
2026-06-04,200.7077611163172,202.7741575976932,199.81792978635795,202.0128631591797,40659957,WIPRO
2026-06-05,189.3573934689589,196.7529263768986,186.0254366679845,196.13003540039062,43539069,WIPRO
2026-06-08,191.20627694364634,191.70063104041222,178.95618302924748,179.7075958251953,75164049,WIPRO
2026-06-09,181.8926537660442,182.26836772005944,178.5607118680362,179.61862182617188,28381665,WIPRO
2026-06-10,180.04376407844163,180.2316059583898,176.4844086261751,176.9095458984375,16935979,WIPRO
2026-06-11,174.9716949876097,176.18780187459916,173.844568219707,175.36717224121094,14468882,WIPRO
2026-06-12,176.63271533495106,178.4123931267533,175.5649237463597,178.10589599609375,13850153,WIPRO
2026-06-15,180.93359633950593,180.93359633950593,178.86719987092152,179.33189392089844,13870660,WIPRO
2026-06-16,180.33049322515495,181.30931980268286,179.57908040249603,180.60733032226562,11706020,WIPRO
2026-06-17,181.92231459128,183.15819988062296,181.50705894443965,182.3870086669922,16131548,WIPRO
2026-06-18,182.38700509722617,182.6737238406862,179.65817586290345,180.77540588378906,18165845,WIPRO
2026-06-19,174.7640487007675,179.43075241675308,172.91516927167407,178.75843811035156,37469436,WIPRO
2026-06-22,178.7979825340377,180.34036487136882,177.96747128878084,178.1454315185547,10368112,WIPRO
2026-06-23,177.47312174316596,177.47312174316596,172.03522664797148,172.5196990966797,23954730,WIPRO
2026-06-24,169.56345003957682,173.50840104306232,169.553568389078,172.50979614257812,56627728,WIPRO
2026-06-25,174.01264927455358,174.39824488255462,170.74002743214902,173.02394104003906,21544904,WIPRO
2026-06-26,173.02394104003906,173.02394104003906,173.02394104003906,173.02394104003906,0,WIPRO
2026-06-29,174.2894741882829,174.6948481568508,172.62845171194016,173.49850463867188,24484011,WIPRO
2026-06-30,173.02393352580475,173.41941076783928,168.12983099480138,168.4659881591797,26845383,WIPRO
2026-07-01,169.0690946075389,170.2061029518828,167.33885533523951,168.20892333984375,34638511,WIPRO
2026-07-02,167.57616384420143,172.99428073688537,167.0916913788894,172.0352325439453,43447174,WIPRO
2026-07-03,174.21037599219633,176.1284722498395,172.61855524001209,174.09173583984375,29538753,WIPRO
2026-07-06,174.09174456499278,174.30926157953363,171.61009237280982,172.35162353515625,8304046,WIPRO
2026-07-07,171.93635542159686,174.210387371323,170.81912537882604,171.04652404785156,18837725,WIPRO
2026-07-08,171.04652093074372,173.4194146084817,170.29510811964104,170.76968383789062,16482564,WIPRO
2026-07-09,171.0465147541525,172.32194166541998,169.71175267956764,170.80921936035156,10270117,WIPRO
2026-07-10,173.25133076236907,175.21886547857812,173.0239321043918,173.47874450683594,16249590,WIPRO
2026-07-13,172.62845263285115,177.91803229401972,172.39115724075515,176.41519165039062,22417855,WIPRO
2026-07-14,176.48441426759663,178.46183067395626,174.71463322196033,175.1397705078125,14461463,WIPRO
2026-07-15,173.14258103959983,174.60588008759453,172.51970511124802,172.67788696289062,10398720,WIPRO
2026-07-16,173.61716675469336,175.98017876012347,173.42930978198925,175.73300170898438,11184572,WIPRO
2026-07-17,171.59031737522906,174.26970824635646,171.59031737522906,174.0126495361328,22960032,WIPRO
2026-07-20,175.0013456767054,175.79231522813527,173.8643373184864,174.3883514404297,10183661,WIPRO
2026-07-21,174.12140471814374,175.49570853646264,172.52958388514213,172.99427795410156,11350578,WIPRO
2026-07-22,172.79653613611436,172.984393107733,171.46177403307956,172.4702606201172,5057035,WIPRO
2026-07-23,171.84737282841516,173.5776122086231,171.3530187197843,172.84597778320312,9055905,WIPRO
2026-07-24,172.0352302981391,175.89118632194962,170.84878345131204,175.1199951171875,13282944,WIPRO
2026-07-27,177.5,178.77999877929688,175.61000061035156,178.52999877929688,12504426,WIPRO
2026-07-28,178.5500030517578,181.6999969482422,178.5500030517578,181.1199951171875,26873060,WIPRO
2026-07-29,183.0,185.75999450683594,181.4499969482422,183.61000061035156,26147867,WIPRO
2026-07-30,183.39999389648438,191.33999633789062,183.39999389648438,186.3300018310547,54015268,WIPRO
2026-07-31,184.85000610351562,185.24000549316406,180.8300018310547,183.64999389648438,18762810,WIPRO
2026-08-03,184.02000427246094,189.80999755859375,184.02000427246094,188.66000366210938,15840516,WIPRO
2026-08-04,189.0,189.39999389648438,186.3000030517578,186.3000030517578,11903457,WIPRO
2026-08-05,187.0,188.5399932861328,186.07000732421875,186.99000549316406,8829250,WIPRO
2026-08-06,186.0,188.24000549316406,185.41000366210938,186.1199951171875,6629768,WIPRO
2026-08-07,185.8699951171875,188.3699951171875,185.64999389648438,187.52999877929688,7823102,WIPRO
2026-08-10,187.52999877929688,187.88999938964844,185.0,185.5,5337618,WIPRO
2026-08-11,185.5,187.47999572753906,183.30999755859375,184.60000610351562,9182421,WIPRO
2026-08-12,184.50999450683594,185.0,181.91000366210938,183.94000244140625,8624548,WIPRO
2026-08-13,183.49000549316406,183.75,181.72000122070312,183.10000610351562,5434084,WIPRO
2026-08-14,183.5500030517578,185.83999633789062,183.10000610351562,184.0,7366162,WIPRO
2026-08-17,183.5,183.7100067138672,181.0,181.89999389648438,4436515,WIPRO
2026-08-18,181.89999389648438,181.99000549316406,178.05999755859375,178.05999755859375,7074731,WIPRO
2026-08-19,179.05999755859375,179.9499969482422,178.22000122070312,179.5500030517578,5964187,WIPRO
2026-08-20,181.55999755859375,182.4600067138672,180.50999450683594,181.0,5364164,WIPRO
2026-08-21,180.60000610351562,181.75999450683594,180.0,180.7899932861328,4637869,WIPRO
2026-08-24,181.0,183.9199981689453,180.55999755859375,181.30999755859375,9441129,WIPRO
2026-08-25,181.2899932861328,181.2899932861328,178.38999938964844,180.08999633789062,8352475,WIPRO
2026-08-26,180.08999633789062,180.9499969482422,176.66000366210938,177.35000610351562,9355776,WIPRO
2026-08-27,177.35000610351562,178.6999969482422,176.39999389648438,176.39999389648438,4695019,WIPRO
2026-08-28,178.25,181.85000610351562,178.25,180.9499969482422,14686269,WIPRO
2026-08-31,180.1699981689453,184.5,176.1699981689453,184.5,16666567,WIPRO
2026-09-01,181.0,182.10000610351562,178.5,181.6999969482422,6813425,WIPRO
2026-09-02,180.0,180.38999938964844,176.8000030517578,177.08999633789062,12056634,WIPRO
2026-09-03,177.5,178.0399932861328,175.72000122070312,175.72000122070312,6496396,WIPRO
2026-09-04,176.74000549316406,178.75,176.39999389648438,176.39999389648438,6882678,WIPRO
2026-09-07,175.88999938964844,176.47000122070312,172.64999389648438,172.8000030517578,10720636,WIPRO
2026-09-08,172.8000030517578,172.89999389648438,171.1300048828125,171.5,6948945,WIPRO
2026-09-09,168.6999969482422,169.14999389648438,166.3699951171875,167.0,12001620,WIPRO
2026-09-10,167.89999389648438,169.19000244140625,166.0,166.3000030517578,9586645,WIPRO
2026-09-11,165.1999969482422,167.75,165.16000366210938,167.39999389648438,8484897,WIPRO
2026-09-14,167.39999389648438,167.39999389648438,167.39999389648438,167.39999389648438,0,WIPRO
2026-09-15,172.1999969482422,173.35000610351562,169.00999450683594,170.0,11722173,WIPRO
2026-09-16,170.02000427246094,170.88999938964844,166.11000061035156,166.88999938964844,11030339,WIPRO
2026-09-17,165.75,167.60000610351562,165.02000427246094,166.39999389648438,9129514,WIPRO
2026-09-18,166.89999389648438,166.89999389648438,163.3000030517578,166.8300018310547,23606474,WIPRO
2026-09-21,165.24000549316406,165.5,163.33999633789062,164.5500030517578,9282035,WIPRO
2026-09-22,164.80999755859375,166.0,163.2100067138672,166.0,14726893,WIPRO
2026-09-23,164.6999969482422,165.6999969482422,164.10000610351562,164.89999389648438,10856986,WIPRO
2026-09-24,164.16000366210938,165.6699981689453,163.36000061035156,163.63999938964844,7033397,WIPRO
2026-09-25,163.0500030517578,164.5,161.66000366210938,164.02000427246094,9700283,WIPRO
2026-09-28,164.02000427246094,164.4499969482422,160.97000122070312,161.55999755859375,10309220,WIPRO
2026-09-29,161.0,162.42999267578125,156.7899932861328,156.7899932861328,164453787,WIPRO
2026-09-30,157.00999450683594,161.72999572753906,157.00999450683594,158.5,15966068,WIPRO
2026-10-01,158.61000061035156,160.9499969482422,157.25,159.35000610351562,18521731,WIPRO
